  99.9999999999964615   5.0000000000000003E-02 390 2001
  80.1428711590989735   2.8811784044161612E+02
   6.5767700000000000E+08  -1.4692418220873149E+03   1.6988434151887224E-08   2.9813633812456423E-18   1.0961891768208259E+03
   6.5967700000000000E+08  -1.4100674946953202E+03   2.4096847631095759E-08   4.1115171439664521E-18   1.1274705261404281E+03
   6.6167700000000000E+08  -1.3021565912174462E+03   2.7508849363280483E-08   4.6064944868652569E-18   1.1488119406428909E+03
   6.6367700000000000E+08  -1.1206579453712884E+03   2.8277764377580826E-08   4.6781418615613546E-18   1.1628367685480534E+03
   6.6567700000000000E+08  -8.1179334147461736E+02   2.7153133822717706E-08   4.4545201292688484E-18   1.1726437839158550E+03
   6.6767700000000000E+08  -4.1138554615469451E+02   2.5060880016856753E-08   4.0866588525298085E-18   1.1797093016561491E+03
   6.6967700000000000E+08   5.6562930731609057E+01   2.2643801118598639E-08   3.6756884982308822E-18   1.1851073837545664E+03
   6.7167700000000000E+08   5.6582639133702935E+02   2.0267914909479848E-08   3.2776062434775473E-18   1.1895956450194876E+03
   6.7367700000000000E+08   1.0922524660170229E+03   1.8103426939784233E-08   2.9173907290634932E-18   1.1937496758437296E+03
   6.7567700000000000E+08   1.6090102668188454E+03   1.6208287666840929E-08   2.6026628143193126E-18   1.1980261572988095E+03
   6.7767700000000000E+08   2.0841535087632037E+03   1.4584440425072468E-08   2.3326178850050367E-18   1.2027995061447027E+03
   6.7967700000000000E+08   2.4876702005206671E+03   1.3210516362161721E-08   2.1028070796159079E-18   1.2085578241358201E+03
   6.8167700000000000E+08   2.8080329086082711E+03   1.2060322330862979E-08   1.9073371406916379E-18   1.2164059084934433E+03
   6.8367700000000000E+08   3.0545809467608888E+03   1.1115534076146373E-08   1.7396428167899762E-18   1.2291851865837234E+03
   6.8567700000000000E+08   3.2273459888442098E+03   1.0371165041623805E-08   1.5930941808815940E-18   1.2523714706142794E+03
   6.8767700000000000E+08   3.2803059737724857E+03   9.8265725803699787E-09   1.4619086560868722E-18   1.2930904377477766E+03
   6.8967700000000000E+08   3.1380984893683590E+03   9.4676011137916082E-09   1.3424737182873302E-18   1.3566918976659581E+03
   6.9167700000000000E+08   2.7785210483388073E+03   9.2569538530937969E-09   1.2336980582495580E-18   1.4434651034990452E+03
   6.9367700000000000E+08   2.2918546549145390E+03   9.1439417654430099E-09   1.1359930316758136E-18   1.5484773445666835E+03
   6.9567700000000000E+08   1.8594871318569622E+03   9.0828228852948752E-09   1.0498617750387374E-18   1.6643160198615151E+03
   6.9767700000000000E+08   1.6820884338076457E+03   9.0434143091812780E-09   9.7515238924950823E-19   1.7840499520299877E+03
   6.9967700000000000E+08   1.9147867298087226E+03   9.0103575556226129E-09   9.1101788155868311E-19   1.9026644133408383E+03
   7.0167700000000000E+08   2.6349084621363190E+03   8.9772291754607758E-09   8.5616668831789517E-19   2.0171168506099802E+03
   7.0367700000000000E+08   3.8401162001665321E+03   8.9412162876347317E-09   8.0913086500749452E-19   2.1258122436500776E+03
   7.0567700000000000E+08   5.4655862251355611E+03   8.9002030303854463E-09   7.6846350203733324E-19   2.2280438797814927E+03
   7.0767700000000000E+08   7.4083848279043450E+03   8.8518099199910391E-09   7.3285759094472609E-19   2.3235903297547161E+03
   7.0967700000000000E+08   9.5504247469371494E+03   8.7934332457509416E-09   7.0120164304915037E-19   2.4124738666001131E+03
   7.1167700000000000E+08   1.1775676394201922E+04   8.7225943623860969E-09   6.7259170490848019E-19   2.4948316276167020E+03
   7.1367700000000000E+08   1.3980374130967342E+04   8.6372640463644772E-09   6.4631796313566473E-19   2.5708517975999926E+03
   7.1567700000000000E+08   1.6079265997123084E+04   8.5360997895128601E-09   6.2184197671334333E-19   2.6407453258166015E+03
   7.1767700000000000E+08   1.8008963802794508E+04   8.4185951743029452E-09   5.9877199223284504E-19   2.7047381062009467E+03
   7.1967700000000000E+08   1.9727536130310535E+04   8.2850981306285717E-09   5.7683618994178570E-19   2.7630721696382902E+03
   7.2167700000000000E+08   2.1212585388612497E+04   8.1367156201471260E-09   5.5585596341196376E-19   2.8160083602024588E+03
   7.2367700000000000E+08   2.2458539226468234E+04   7.9751649797793465E-09   5.3572233616277885E-19   2.8638284121472830E+03
   7.2567700000000000E+08   2.3473419983210410E+04   7.8025941551888801E-09   5.1637553175354628E-19   2.9068353591383102E+03
   7.2767700000000000E+08   2.4275363825458095E+04   7.6213913875180397E-09   4.9778772777015658E-19   2.9453516336224361E+03
   7.2967700000000000E+08   2.4889138161349307E+04   7.4340040263915525E-09   4.7994909170970208E-19   2.9797147403526596E+03
   7.3167700000000000E+08   2.5342909365141590E+04   7.2427832661983705E-09   4.6285715759185570E-19   3.0102708769643218E+03
   7.3367700000000000E+08   2.5665487449922628E+04   7.0498664636528756E-09   4.4650945028390062E-19   3.0373672592223570E+03
   7.3567700000000000E+08   2.5884208178408204E+04   6.8571020908586890E-09   4.3089905180181756E-19   3.0613441055628673E+03
   7.3767700000000000E+08   2.6023516215907453E+04   6.6660155743283975E-09   4.1601259038612738E-19   3.0825272251367655E+03
   7.3967700000000000E+08   2.6104212683569916E+04   6.4778092452245115E-09   4.0183001919551832E-19   3.1012219444499733E+03
   7.4167700000000000E+08   2.6143254750999356E+04   6.2933867375391392E-09   3.8832552913456861E-19   3.1177088042538053E+03
   7.4367700000000000E+08   2.6153953298429267E+04   6.1133918563495169E-09   3.7546902674500319E-19   3.1322411345383598E+03
   7.4567700000000000E+08   2.6146411421543875E+04   5.9382533156766695E-09   3.6322774730257151E-19   3.1450443507248074E+03
   7.4767700000000000E+08   2.6128069561594806E+04   5.7682290428759394E-09   3.5156772825289420E-19   3.1563166457410211E+03
   7.4967700000000000E+08   2.6104259368429335E+04   5.6034461573353414E-09   3.4045500373088409E-19   3.1662306834555002E+03
   7.5167700000000000E+08   2.6078705968470742E+04   5.4439347664555701E-09   3.2985648082767731E-19   3.1749359085477508E+03
   7.5367700000000000E+08   2.6053949677416818E+04   5.2896551748506246E-09   3.1974051999636486E-19   3.1825611465322454E+03
   7.5567700000000000E+08   2.6031680391101665E+04   5.1405189817996153E-09   3.1007727202048164E-19   3.1892172472808802E+03
   7.5767700000000000E+08   2.6012991174618259E+04   4.9964049654013318E-09   3.0083883204576370E-19   3.1949996054252592E+03
   7.5967700000000000E+08   2.5998563857428791E+04   4.8571707676681444E-09   2.9199926655924427E-19   3.1999904595627081E+03
   7.6167700000000000E+08   2.5988801052035134E+04   4.7226613337316171E-09   2.8353455890898532E-19   3.2042609245186150E+03
   7.6367700000000000E+08   2.5983917973854041E+04   4.5927149159849562E-09   2.7542250746354460E-19   3.2078727470635044E+03
   7.6567700000000000E+08   2.5984005220033447E+04   4.4671672904402447E-09   2.6764260017836250E-19   3.2108797979568294E+03
   7.6767700000000000E+08   2.5989071180249473E+04   4.3458546800758219E-09   2.6017588109468731E-19   3.2133293253365550E+03
   7.6967700000000000E+08   2.5999070485541550E+04   4.2286157521171366E-09   2.5300481823986657E-19   3.2152629995074712E+03
   7.7167700000000000E+08   2.6013923046583361E+04   4.1152929558338268E-09   2.4611317822491172E-19   3.2167177797356107E+03
   7.7367700000000000E+08   2.6033526819211915E+04   4.0057333919967478E-09   2.3948591011927834E-19   3.2177266316763244E+03
   7.7567700000000000E+08   2.6057766411029032E+04   3.8997893500773116E-09   2.3310903951201308E-19   3.2183191208700832E+03
   7.7767700000000000E+08   2.6086518929095648E+04   3.7973186098537086E-09   2.2696957270464488E-19   3.2185219041606515E+03
   7.7967700000000000E+08   2.6119657985842299E+04   3.6981845761908811E-09   2.2105541047180121E-19   3.2183591373996096E+03
   7.8167700000000000E+08   2.6157056461095519E+04   3.6022562961159288E-09   2.1535527059412549E-19   3.2178528146385634E+03
   7.8367700000000000E+08   2.6198588410677687E+04   3.5094083934747383E-09   2.0985861829788073E-19   3.2170230512701519E+03
   7.8567700000000000E+08   2.6244130378745740E+04   3.4195209466690960E-09   2.0455560375284142E-19   3.2158883212710721E+03
   7.8767700000000000E+08   2.6293562285821601E+04   3.3324793280010587E-09   1.9943700584002098E-19   3.2144656567932848E+03
   7.8967700000000000E+08   2.6346768009862681E+04   3.2481740181387440E-09   1.9449418147773830E-19   3.2127708167923865E+03
   7.9167700000000000E+08   2.6403635742392453E+04   3.1665004055792351E-09   1.8971901987446666E-19   3.2108184301203382E+03
   7.9367700000000000E+08   2.6464058178431751E+04   3.0873585783177093E-09   1.8510390115275018E-19   3.2086221174917127E+03
   7.9567700000000000E+08   2.6527932583227823E+04   3.0106531129621174E-09   1.8064165885724495E-19   3.2061945959125578E+03
   7.9767700000000000E+08   2.6595160767818910E+04   2.9362928650675408E-09   1.7632554592070590E-19   3.2035477685006890E+03
   7.9967700000000000E+08   2.6665648997577922E+04   2.8641907633693716E-09   1.7214920371471574E-19   3.2006928020939604E+03
   8.0167700000000000E+08   2.6739307852038848E+04   2.7942636097750040E-09   1.6810663385790206E-19   3.1976401946129909E+03
   8.0367700000000000E+08   2.6816052049907394E+04   2.7264318863593006E-09   1.6419217249404940E-19   3.1943998337969256E+03
   8.0567700000000000E+08   2.6895800249782125E+04   2.6606195701509938E-09   1.6040046678688646E-19   3.1909810486481392E+03
   8.0767700000000000E+08   2.6978474834552206E+04   2.5967539561565491E-09   1.5672645340808187E-19   3.1873926546919238E+03
   8.0967700000000000E+08   2.7064001685518782E+04   2.5347654888176916E-09   1.5316533882086906E-19   3.1836429939695222E+03
   8.1167700000000000E+08   2.7152309950907242E+04   2.4745876019167829E-09   1.4971258118427610E-19   3.1797399705293583E+03
   8.1367700000000000E+08   2.7243331812505101E+04   2.4161565668149893E-09   1.4636387372268148E-19   3.1756910820555540E+03
   8.1567700000000000E+08   2.7337002253616316E+04   2.3594113488181912E-09   1.4311512942271204E-19   3.1715034481693929E+03
   8.1767700000000000E+08   2.7433258831289746E+04   2.3042934714058651E-09   1.3996246693470067E-19   3.1671838358545951E+03
   8.1967700000000000E+08   2.7532041455781819E+04   2.2507468880202568E-09   1.3690219756928022E-19   3.1627386823871461E+03
   8.2167700000000000E+08   2.7633292180386859E+04   2.1987178610915984E-09   1.3393081329143539E-19   3.1581741160928818E+03
   8.2367700000000000E+08   2.7736955005015145E+04   2.1481548479648290E-09   1.3104497562464802E-19   3.1534959752085188E+03
   8.2567700000000000E+08   2.7842975697135280E+04   2.0990083933901719E-09   1.2824150538678988E-19   3.1487098250823519E+03
   8.2767700000000000E+08   2.7951301633848740E+04   2.0512310282420882E-09   1.2551737318731136E-19   3.1438209739184267E+03
   8.2967700000000000E+08   2.8061881668832477E+04   2.0047771741350777E-09   1.2286969062211054E-19   3.1388344872406960E+03
   8.3167700000000000E+08   2.8174666027612249E+04   1.9596030536103368E-09   1.2029570210841216E-19   3.1337552012308565E+03
   8.3367700000000000E+08   2.8289606234076451E+04   1.9156666055726910E-09   1.1779277730711132E-19   3.1285877350742285E+03
   8.3567700000000000E+08   2.8406655070284127E+04   1.8729274056622846E-09   1.1535840408446599E-19   3.1233365024311724E+03
   8.3767700000000000E+08   2.8525766570471162E+04   1.8313465912504768E-09   1.1299018196886777E-19   3.1180057221369561E+03
   8.3967700000000000E+08   2.8646896048765218E+04   1.7908867907542177E-09   1.1068581606178425E-19   3.1125994282196843E+03
   8.4167700000000000E+08   2.8770000158568469E+04   1.7515120569688690E-09   1.0844311136496455E-19   3.1071214793140448E+03
   8.4367700000000000E+08   2.8895036979943314E+04   1.7131878041261774E-09   1.0625996748872036E-19   3.1015755675374617E+03
   8.4567700000000000E+08   2.9021966129763667E+04   1.6758807483928096E-09   1.0413437370862962E-19   3.0959652268849718E+03
   8.4767700000000000E+08   2.9150748888002694E+04   1.6395588515363762E-09   1.0206440434045871E-19   3.0902938411894934E+03
   8.4967700000000000E+08   2.9281348332431793E+04   1.6041912674997338E-09   1.0004821440546198E-19   3.0845646516853567E+03
   8.5167700000000000E+08   2.9413729473295996E+04   1.5697482916415878E-09   9.8084035560594280E-20   3.0787807642047542E+03
   8.5367700000000000E+08   2.9547859379295980E+04   1.5362013124212031E-09   9.6170172270529822E-20   3.0729451560295688E+03
   8.5567700000000000E+08   2.9683707286468129E+04   1.5035227653272788E-09   9.4304998200739507E-20   3.0670606824148472E+03
   8.5767700000000000E+08   2.9821244682319688E+04   1.4716860888748744E-09   9.2486952813207906E-20   3.0611300827949653E+03
   8.5967700000000000E+08   2.9960445358797868E+04   1.4406656825189076E-09   9.0714538148634030E-20   3.0551559866795910E+03
   8.6167700000000000E+08   3.0101285429269381E+04   1.4104368663572186E-09   8.8986315781119609E-20   3.0491409192437136E+03
   8.6367700000000000E+08   3.0243743306559081E+04   1.3809758425195425E-09   8.7300903933356154E-20   3.0430873066143945E+03
   8.6567700000000000E+08   3.0387799641112357E+04   1.3522596581599144E-09   8.5656974742126981E-20   3.0369974808563816E+03
   8.6767700000000000E+08   3.0533437220362877E+04   1.3242661699885333E-09   8.4053251665525655E-20   3.0308736846591187E+03
   8.6967700000000000E+08   3.0680640832289635E+04   1.2969740102941018E-09   8.2488507024610240E-20   3.0247180757289943E+03
   8.7167700000000000E+08   3.0829397097803812E+04   1.2703625544190484E-09   8.0961559673271951E-20   3.0185327308924857E+03
   8.7367700000000000E+08   3.0979694277926330E+04   1.2444118896575989E-09   7.9471272790885155E-20   3.0123196499181608E+03
   8.7567700000000000E+08   3.1131522062641565E+04   1.2191027855506642E-09   7.8016551792849318E-20   3.0060807590679069E+03
   8.7767700000000000E+08   3.1284871348801324E+04   1.1944166655522514E-09   7.6596342354451091E-20   2.9998179143901930E+03
   8.7967700000000000E+08   3.1439734014511097E+04   1.1703355800403235E-09   7.5209628543617763E-20   2.9935329047703781E+03
   8.8167700000000000E+08   3.1596102697107293E+04   1.1468421806409737E-09   7.3855431058118047E-20   2.9872274547549082E+03
   8.8367700000000000E+08   3.1753970581156838E+04   1.1239196958296255E-09   7.2532805562666310E-20   2.9809032271677042E+03
   8.8567700000000000E+08   3.1913331202032055E+04   1.1015519077668014E-09   7.1240841121210250E-20   2.9745618255378236E+03
   8.8767700000000000E+08   3.2074178269653912E+04   1.0797231303194993E-09   6.9978658719465468E-20   2.9682047963579530E+03
   8.8967700000000000E+08   3.2236505516272606E+04   1.0584181882119916E-09   6.8745409872481571E-20   2.9618336311931889E+03
   8.9167700000000000E+08   3.2400306572254773E+04   1.0376223972403620E-09   6.7540275311568067E-20   2.9554497686594887E+03
   8.9367700000000000E+08   3.2565574876015471E+04   1.0173215454694785E-09   6.6362463744014739E-20   2.9490545962914175E+03
   8.9567700000000000E+08   3.2732303631076760E+04   9.9750187530058595E-10   6.5211210677094520E-20   2.9426494523210076E+03
   8.9767700000000000E+08   3.2900485839602676E+04   9.7815006623575320E-10   6.4085777293686608E-20   2.9362356273960822E+03
   8.9967700000000000E+08   3.3070114475426766E+04   9.5925321804750349E-10   6.2985449358760995E-20   2.9298143662819884E+03
   9.0167700000000000E+08   3.3241182919601531E+04   9.4079883386233898E-10   6.1909536122012560E-20   2.9233868696229488E+03
   9.0367700000000000E+08   3.3413685869453868E+04   9.2277480239285338E-10   6.0857369162356498E-20   2.9169542958965590E+03
   9.0567700000000000E+08   3.3587621019384067E+04   9.0516937832385065E-10   5.9828301102573327E-20   2.9105177637799475E+03
   9.0767700000000000E+08   3.3762991798339397E+04   8.8797116003545408E-10   5.8821704131644196E-20   2.9040783552384892E+03
   9.0967700000000000E+08   3.3939811122817322E+04   8.7116906514298652E-10   5.7836968357618160E-20   2.8976371196735108E+03
   9.1167700000000000E+08   3.4118105189662128E+04   8.5475230765040911E-10   5.6873500239629496E-20   2.8911950792701386E+03
   9.1367700000000000E+08   3.4297914645774712E+04   8.3871038608115810E-10   5.5930721735831079E-20   2.8847532350561974E+03
   9.1567700000000000E+08   3.4479288590338139E+04   8.2303309751236407E-10   5.5008071208448477E-20   2.8783125719960030E+03
   9.1767700000000000E+08   3.4662266698532789E+04   8.0771059142428025E-10   5.4105007100818909E-20   2.8718740599998218E+03
   9.1967700000000000E+08   3.4846849324474366E+04   7.9273346009955638E-10   5.3221014270306997E-20   2.8654386471114190E+03
   9.2167700000000000E+08   3.5032966344986766E+04   7.7809282578406395E-10   5.2355610357853784E-20   2.8590072430554333E+03
   9.2367700000000000E+08   3.5220467590410139E+04   7.6378034681203747E-10   5.1508346862825399E-20   2.8525806967815383E+03
   9.2567700000000000E+08   3.5409157485105956E+04   7.4978807417045671E-10   5.0678800009878719E-20   2.8461597785188710E+03
   9.2767700000000000E+08   3.5598869342202139E+04   7.3610818128610022E-10   4.9866552577785399E-20   2.8397451790611667E+03
   9.2967700000000000E+08   3.5789532238524866E+04   7.2273272802374868E-10   4.9071177443325561E-20   2.8333375303440230E+03
   9.3167700000000000E+08   3.5981175559437943E+04   7.0965366969702984E-10   4.8292237458123160E-20   2.8269374353727540E+03
   9.3367700000000000E+08   3.6173860105924425E+04   6.9686309159316415E-10   4.7529300935269496E-20   2.8205454878064493E+03
   9.3567700000000000E+08   3.6367605743338128E+04   6.8435341972335870E-10   4.6781956094705174E-20   2.8141622712578605E+03
   9.3767700000000000E+08   3.6562439285587519E+04   6.7211758851723229E-10   4.6049822870111365E-20   2.8077883516759330E+03
   9.3967700000000000E+08   3.6758543064253958E+04   6.6014926455684923E-10   4.5332568320209190E-20   2.8014242941159905E+03
   9.4167700000000000E+08   3.6956252860672932E+04   6.4844271498354995E-10   4.4629897323349652E-20   2.7950707106776649E+03
   9.4367700000000000E+08   3.7155764015431356E+04   6.3699186818816245E-10   4.3941487833607697E-20   2.7887282870407985E+03
   9.4567700000000000E+08   3.7356813295451000E+04   6.2578927286208485E-10   4.3266919578850281E-20   2.7823977241726088E+03
   9.4767700000000000E+08   3.7558721658326838E+04   6.1482626193590530E-10   4.2605686226395947E-20   2.7760796128198308E+03
   9.4967700000000000E+08   3.7760820093872178E+04   6.0409439861643133E-10   4.1957296054139964E-20   2.7697743436436508E+03
   9.5167700000000000E+08   3.7962880488549337E+04   5.9358687294004477E-10   4.1321368662610584E-20   2.7634821364908044E+03
   9.5367700000000000E+08   3.8165224691232565E+04   5.8329877595339789E-10   4.0697653327080694E-20   2.7572031662399686E+03
   9.5567700000000000E+08   3.8368659521518210E+04   5.7322637481416661E-10   4.0085977744438168E-20   2.7509376997601685E+03
   9.5767700000000000E+08   3.8573835958312549E+04   5.6336591213584865E-10   3.9486163935014501E-20   2.7446861614383715E+03
   9.5967700000000000E+08   3.8780739206563296E+04   5.5371274860827492E-10   3.8897968865205635E-20   2.7384490802695450E+03
   9.6167700000000000E+08   3.8989135269808954E+04   5.4426166163560397E-10   3.8321106412807843E-20   2.7322269773591074E+03
   9.6367700000000000E+08   3.9198877184896708E+04   5.3500749221062145E-10   3.7755293196059404E-20   2.7260203163025431E+03
   9.6567700000000000E+08   3.9409876867977531E+04   5.2594529849779098E-10   3.7200259201695046E-20   2.7198295179554893E+03
   9.6767700000000000E+08   3.9622079584116887E+04   5.1707033310687474E-10   3.6655746118198923E-20   2.7136549724701576E+03
   9.6967700000000000E+08   3.9835448986467163E+04   5.0837801611848550E-10   3.6121505418057591E-20   2.7074970470463195E+03
   9.7167700000000000E+08   4.0049959681389199E+04   4.9986391830639222E-10   3.5597297191513686E-20   2.7013560905677468E+03
   9.7367700000000000E+08   4.0265593402477534E+04   4.9152374922711245E-10   3.5082889339613841E-20   2.6952324365926543E+03
   9.7567700000000000E+08   4.0482336744087253E+04   4.8335334731812828E-10   3.4578056915696885E-20   2.6891264054445187E+03
   9.7767700000000000E+08   4.0700179450816206E+04   4.7534867188999726E-10   3.4082581604102577E-20   2.6830383057174167E+03
   9.7967700000000000E+08   4.0919113108739541E+04   4.6750579665589043E-10   3.3596251309942458E-20   2.6769684353426064E+03
   9.8167700000000000E+08   4.1139130360176845E+04   4.5982090407522517E-10   3.3118859807300108E-20   2.6709170823494546E+03
   9.8367700000000000E+08   4.1360224520456919E+04   4.5229028039670802E-10   3.2650206436538002E-20   2.6648845254449520E+03
   9.8567700000000000E+08   4.1582389363312039E+04   4.4491031159717989E-10   3.2190095864500701E-20   2.6588710344883416E+03
   9.8767700000000000E+08   4.1805618965437410E+04   4.3767748004280761E-10   3.1738337895427707E-20   2.6528768708975222E+03
   9.8967700000000000E+08   4.2029907524725531E+04   4.3058836149873448E-10   3.1294747305895850E-20   2.6469022880033012E+03
   9.9167700000000000E+08   4.2255249068243873E+04   4.2363962226141001E-10   3.0859143687696870E-20   2.6409475313455309E+03
   9.9367700000000000E+08   4.2481637201561389E+04   4.1682801638631577E-10   3.0431351296809030E-20   2.6350128389002725E+03
   9.9567700000000000E+08   4.2709065375769547E+04   4.1015038338957890E-10   3.0011198935735961E-20   2.6290984412740945E+03
   9.9767700000000000E+08   4.2937528233893107E+04   4.0360364732175674E-10   2.9598519934120668E-20   2.6232045619926307E+03
   9.9967700000000000E+08   4.3167024255657023E+04   3.9718481808148318E-10   2.9193152290702068E-20   2.6173314180923389E+03
   1.0016770000000000E+09   4.3397559041546272E+04   3.9089099459068774E-10   2.8794938949331144E-20   2.6114792212174698E+03
   1.0036770000000000E+09   4.3629148120771264E+04   3.8471936857666900E-10   2.8403728118415663E-20   2.6056481792718168E+03
   1.0056770000000000E+09   4.3861817289219303E+04   3.7866722496110663E-10   2.8019373340789938E-20   2.5998384984535082E+03
   1.0076770000000000E+09   4.4095598842699379E+04   3.7273193142205322E-10   2.7641732764265969E-20   2.5940503851814929E+03
   1.0096770000000000E+09   4.4330523790573156E+04   3.6691092019538093E-10   2.7270667836969880E-20   2.5882840470685537E+03
   1.0116770000000000E+09   4.4566612392936251E+04   3.6120167055040251E-10   2.6906042052697213E-20   2.5825396922866671E+03
   1.0136770000000000E+09   4.4803865976849425E+04   3.5560169610313235E-10   2.6547720057088780E-20   2.5768175272675571E+03
   1.0156770000000000E+09   4.5042262935256440E+04   3.5010853747866178E-10   2.6195567152236392E-20   2.5711177532210686E+03
   1.0176770000000000E+09   4.5281757549352755E+04   3.4471976014478498E-10   2.5849449184188770E-20   2.5654405622178847E+03
   1.0196770000000000E+09   4.5522283760431026E+04   3.3943296015260395E-10   2.5509233018844827E-20   2.5597861334265958E+03
   1.0216770000000000E+09   4.5763766214823983E+04   3.3424577870496317E-10   2.5174787676127704E-20   2.5541546304062235E+03
   1.0236770000000000E+09   4.6006132222730288E+04   3.2915592015137659E-10   2.4845985716770604E-20   2.5485462003891203E+03
   1.0256770000000000E+09   4.6249321413501937E+04   3.2416116564391132E-10   2.4522704299209916E-20   2.5429609756142763E+03
   1.0276770000000000E+09   4.6493291757684485E+04   3.1925938013223001E-10   2.4204825732411641E-20   2.5373990761464283E+03
   1.0296770000000000E+09   4.6738021245978904E+04   3.1444851237661658E-10   2.3892237500330982E-20   2.5318606134565821E+03
   1.0316770000000000E+09   4.6983505779316067E+04   3.0972658928456201E-10   2.3584831856786461E-20   2.5263456940085316E+03
   1.0336770000000000E+09   4.7229754612126300E+04   3.0509170688246028E-10   2.3282505165858587E-20   2.5208544222627106E+03
   1.0356770000000000E+09   4.7476784893160657E+04   3.0054202035971276E-10   2.2985157172733703E-20   2.5153869027732617E+03
   1.0376770000000000E+09   4.7724616586007236E+04   2.9607573508852926E-10   2.2692690349611428E-20   2.5099432413183972E+03
   1.0396770000000000E+09   4.7973268558738971E+04   2.9169109968661372E-10   2.2405009397841571E-20   2.5045235452003171E+03
   1.0416770000000000E+09   4.8222756123752159E+04   2.8738640138752394E-10   2.2122020926342021E-20   2.4991279229538168E+03
   1.0436770000000000E+09   4.8473089918907332E+04   2.8315996342542431E-10   2.1843633283702964E-20   2.4937564837208438E+03
   1.0456770000000000E+09   4.8724275802922581E+04   2.7901014387666073E-10   2.1569756501116153E-20   2.4884093365086355E+03
   1.0476770000000000E+09   4.8976315380070839E+04   2.7493533536753412E-10   2.1300302300701952E-20   2.4830865894830526E+03
   1.0496770000000000E+09   4.9229206817752616E+04   2.7093396516162406E-10   2.1035184131774244E-20   2.4777883493818322E+03
   1.0516770000000000E+09   4.9482945715135240E+04   2.6700449529715024E-10   2.0774317209670551E-20   2.4725147210788818E+03
   1.0536770000000000E+09   4.9737525880274210E+04   2.6314542259359377E-10   2.0517618543244858E-20   2.4672658072954077E+03
   1.0556770000000000E+09   4.9992939954112058E+04   2.5935527845722827E-10   2.0265006945654522E-20   2.4620417084349683E+03
   1.0576770000000000E+09   5.0249179873116176E+04   2.5563262848493594E-10   2.0016403028468960E-20   2.4568425225133524E+03
   1.0596770000000000E+09   5.0506237190753345E+04   2.5197607190158789E-10   1.9771729181911150E-20   2.4516683451554118E+03
   1.0616770000000000E+09   5.0764103288940503E+04   2.4838424087771943E-10   1.9530909544930389E-20   2.4465192696358508E+03
   1.0636770000000000E+09   5.1022769510516679E+04   2.4485579977206648E-10   1.9293869968633716E-20   2.4413953869467505E+03
   1.0656770000000000E+09   5.1282227238520565E+04   2.4138944433523510E-10   1.9060537975954000E-20   2.4362967858799502E+03
   1.0676770000000000E+09   5.1542467941647359E+04   2.3798390090075889E-10   1.8830842719647945E-20   2.4312235531165470E+03
   1.0696770000000000E+09   5.1803483199408773E+04   2.3463792558110269E-10   1.8604714940034145E-20   2.4261757733188520E+03
   1.0716770000000000E+09   5.2065264716117112E+04   2.3135030347957573E-10   1.8382086923362221E-20   2.4211535292221733E+03
   1.0736770000000000E+09   5.2327804329735169E+04   2.2811984792443036E-10   1.8162892461334170E-20   2.4161569017251245E+03
   1.0756770000000000E+09   5.2591094019387565E+04   2.2494539972832250E-10   1.7947066812053264E-20   2.4111859699779802E+03
   1.0776770000000000E+09   5.2855125913650358E+04   2.2182582647405422E-10   1.7734546662496007E-20   2.4062408114691207E+03
   1.0796770000000000E+09   5.3119892300336360E+04   2.1876002182594264E-10   1.7525270092476628E-20   2.4013215021097626E+03
   1.0816770000000000E+09   5.3385385637443993E+04   2.1574690486510599E-10   1.7319176539987742E-20   2.3964281163173023E+03
   1.0836770000000000E+09   5.3651598564311731E+04   2.1278541944646639E-10   1.7116206767760754E-20   2.3915607270974119E+03
   1.0856770000000000E+09   5.3918523911851276E+04   2.0987453357531228E-10   1.6916302830891164E-20   2.3867194061249352E+03
   1.0876770000000000E+09   5.4186154710973562E+04   2.0701323880167482E-10   1.6719408045405790E-20   2.3819042238234615E+03
   1.0896770000000000E+09   5.4454484198754268E+04   2.0420054963137507E-10   1.6525466957696447E-20   2.3771152494433331E+03
   1.0916770000000000E+09   5.4723505822328065E+04   2.0143550295315712E-10   1.6334425314788470E-20   2.3723525511378289E+03
   1.0936770000000000E+09   5.4993213240807687E+04   1.9871715748165881E-10   1.6146230035439357E-20   2.3676161960372483E+03
   1.0956770000000000E+09   5.5263600325584637E+04   1.9604459321610526E-10   1.5960829182072669E-20   2.3629062503207269E+03
   1.0976770000000000E+09   5.5534661159254174E+04   1.9341691091451398E-10   1.5778171933544570E-20   2.3582227792855861E+03
   1.0996770000000000E+09   5.5806390033174284E+04   1.9083323158305659E-10   1.5598208558727720E-20   2.3535658474141401E+03
   1.1016770000000000E+09   5.6078781443430751E+04   1.8829269598002840E-10   1.5420890390881521E-20   2.3489355184378060E+03
   1.1036770000000000E+09   5.6351830084782589E+04   1.8579446413378132E-10   1.5246169802769135E-20   2.3443318553983804E+03
   1.1056770000000000E+09   5.6625530842058688E+04   1.8333771487395863E-10   1.5074000182479977E-20   2.3397549207062898E+03
   1.1076770000000000E+09   5.6899878778459934E+04   1.8092164537541860E-10   1.4904335909919994E-20   2.3352047761955482E+03
   1.1096770000000000E+09   5.7174869120271062E+04   1.7854547071434090E-10   1.4737132333940405E-20   2.3306814831751244E+03
   1.1116770000000000E+09   5.7450497237562857E+04   1.7620842343611090E-10   1.4572345750083615E-20   2.3261851024763650E+03
   1.1136770000000000E+09   5.7726758620553846E+04   1.7390975313471097E-10   1.4409933378935810E-20   2.3217156944960830E+03
   1.1156770000000000E+09   5.8003648851406921E+04   1.7164872604338800E-10   1.4249853345078712E-20   2.3172733192349324E+03
   1.1176770000000000E+09   5.8281163571296987E+04   1.6942462463645510E-10   1.4092064656640313E-20   2.3128580363306323E+03
   1.1196770000000000E+09   5.8559298442678839E+04   1.6723674724206768E-10   1.3936527185442331E-20   2.3084699050856793E+03
   1.1216770000000000E+09   5.8838049106745246E+04   1.6508440766583462E-10   1.3783201647744046E-20   2.3041089844890980E+03
   1.1236770000000000E+09   5.9117411136150506E+04   1.6296693482508245E-10   1.3632049585577695E-20   2.2997753332319267E+03
   1.1256770000000000E+09   5.9397379983166749E+04   1.6088367239353722E-10   1.3483033348666269E-20   2.2954690097160392E+03
   1.1276770000000000E+09   5.9677950923534132E+04   1.5883397845614649E-10   1.3336116076910134E-20   2.2911900720560329E+03
   1.1296770000000000E+09   5.9959118996401638E+04   1.5681722517366921E-10   1.3191261683420513E-20   2.2869385780739035E+03
   1.1316770000000000E+09   6.0240878940889263E+04   1.5483279845659752E-10   1.3048434838071571E-20   2.2827145852863337E+03
   1.1336770000000000E+09   6.0523225129963284E+04   1.5288009764787209E-10   1.2907600951533431E-20   2.2785181508844603E+03
   1.1356770000000000E+09   6.0806151502490160E+04   1.5095853521376888E-10   1.2768726159740227E-20   2.2743493317060797E+03
   1.1376770000000000E+09   6.1089651494527701E+04   1.4906753644224532E-10   1.2631777308738408E-20   2.2702081842003795E+03
   1.1396770000000000E+09   6.1373717971109691E+04   1.4720653914793479E-10   1.2496721939850801E-20   2.2660947643853742E+03
   1.1416770000000000E+09   6.1658343159976583E+04   1.4537499338291368E-10   1.2363528275084848E-20   2.2620091277983674E+03
   1.1436770000000000E+09   6.1943518588902953E+04   1.4357236115229358E-10   1.2232165202705684E-20   2.2579513294399335E+03
   1.1456770000000000E+09   6.2229235028451760E+04   1.4179811613364862E-10   1.2102602262889407E-20   2.2539214237120400E+03
   1.1476770000000000E+09   6.2515482442137101E+04   1.4005174339926768E-10   1.1974809633368361E-20   2.2499194643511382E+03
   1.1496770000000000E+09   6.2802249946091913E+04   1.3833273914023455E-10   1.1848758114979643E-20   2.2459455043572170E+03
   1.1516770000000000E+09   6.3089525780396958E+04   1.3664061039138323E-10   1.1724419117030149E-20   2.2419995959199937E+03
   1.1536770000000000E+09   6.3377297294229604E+04   1.3497487475625759E-10   1.1601764642397042E-20   2.2380817903436168E+03
   1.1556770000000000E+09   6.3665550946901960E+04   1.3333506013133914E-10   1.1480767272292734E-20   2.2341921379713986E+03
   1.1576770000000000E+09   6.3954272326689606E+04   1.3172070442897341E-10   1.1361400150636918E-20   2.2303306881122680E+03
   1.1596770000000000E+09   6.4243446189086462E+04   1.3013135529864137E-10   1.1243636967996231E-20   2.2264974889707482E+03
   1.1616770000000000E+09   6.4533056515746073E+04   1.2856656984648024E-10   1.1127451945074297E-20   2.2226925875823536E+03
   1.1636770000000000E+09   6.4823086594892033E+04   1.2702591435326080E-10   1.1012819815761484E-20   2.2189160297563653E+03
   1.1656770000000000E+09   6.5113519123414953E+04   1.2550896399134002E-10   1.0899715809781933E-20   2.2151678600279006E+03
   1.1676770000000000E+09   6.5404336330206963E+04   1.2401530254146593E-10   1.0788115635007963E-20   2.2114481216211766E+03
   1.1696770000000000E+09   6.5695520119561290E+04   1.2254452211065010E-10   1.0677995459543902E-20   2.2077568564257062E+03
   1.1716770000000000E+09   6.5987052232690912E+04   1.2109622285266388E-10   1.0569331893713883E-20   2.2040941049869975E+03
   1.1736770000000000E+09   6.6278914424641436E+04   1.1967001269301853E-10   1.0462101972118258E-20   2.2004599065130606E+03
   1.1756770000000000E+09   6.6571088653114610E+04   1.1826550706053728E-10   1.0356283135948978E-20   2.1968542988977051E+03
   1.1776770000000000E+09   6.6863557275028215E+04   1.1688232862781260E-10   1.0251853215774714E-20   2.1932773187612602E+03
   1.1796770000000000E+09   6.7156303246061245E+04   1.1552010706292089E-10   1.0148790415018212E-20   2.1897290015088993E+03
   1.1816770000000000E+09   6.7449310318001051E+04   1.1417847879475233E-10   1.0047073294351530E-20   2.1862093814063155E+03
   1.1836770000000000E+09   6.7742563228464642E+04   1.1285708679417406E-10   9.9466807572269183E-21   2.1827184916720362E+03
   1.1856770000000000E+09   6.8036047877549063E+04   1.1155558037299132E-10   9.8475920367428996E-21   2.1792563645851806E+03
   1.1876770000000000E+09   6.8329751486163790E+04   1.1027361500229272E-10   9.7497866840149478E-21   2.1758230316070253E+03
   1.1896770000000000E+09   6.8623662731255114E+04   1.0901085215130593E-10   9.6532445581822456E-21   2.1724185235143414E+03
   1.1916770000000000E+09   6.8917771853795290E+04   1.0776695914732601E-10   9.5579458181335254E-21   2.1690428705421327E+03
   1.1936770000000000E+09   6.9212070736282796E+04   1.0654160905668755E-10   9.4638709159833618E-21   2.1656961025331084E+03
   1.1956770000000000E+09   6.9506552947524222E+04   1.0533448058612460E-10   9.3710005922738461E-21   2.1623782490910771E+03
   1.1976770000000000E+09   6.9801213753596152E+04   1.0414525800325912E-10   9.2793158728213633E-21   2.1590893397353402E+03
   1.1996770000000000E+09   7.0096050095057653E+04   1.0297363107440299E-10   9.1887980670758793E-21   2.1558294040531928E+03
   1.2016770000000000E+09   7.0391060531641473E+04   1.0181929501738627E-10   9.0994287678144365E-21   2.1525984718477457E+03
   1.2036770000000000E+09   7.0686245156749006E+04   1.0068195046673571E-10   9.0111898519512825E-21   2.1493965732784914E+03
   1.2056770000000000E+09   7.0981605485029577E+04   9.9561303448279430E-11   8.9240634822200347E-21   2.1462237389923107E+03
   1.2076770000000000E+09   7.1277144317152633E+04   9.8457065360107490E-11   8.8380321094646704E-21   2.1430800002429787E+03
   1.2096770000000000E+09   7.1572865586516855E+04   9.7368952956793131E-11   8.7530784752686177E-21   2.1399653889976153E+03
   1.2116770000000000E+09   7.1868774193078920E+04   9.6296688333884482E-11   8.6691856146551266E-21   2.1368799380289684E+03
   1.2136770000000000E+09   7.2164875829716213E+04   9.5239998909862922E-11   8.5863368586039206E-21   2.1338236809928621E+03
   1.2156770000000000E+09   7.2461176806565796E+04   9.4198617403064515E-11   8.5045158361514682E-21   2.1307966524905860E+03
   1.2176770000000000E+09   7.2757683878603217E+04   9.3172281801410542E-11   8.4237064758698007E-21   2.1277988881164242E+03
   1.2196770000000000E+09   7.3054404081308850E+04   9.2160735323245070E-11   8.3438930065562454E-21   2.1248304244909436E+03
   1.2216770000000000E+09   7.3351344578694072E+04   9.1163726368046973E-11   8.2650599570064406E-21   2.1218912992809792E+03
   1.2236770000000000E+09   7.3648512527168466E+04   9.0181008456304355E-11   8.1871921547886801E-21   2.1189815512075324E+03
   1.2256770000000000E+09   7.3945914957797984E+04   8.9212340158376603E-11   8.1102747239853225E-21   2.1161012200430660E+03
   1.2276770000000000E+09   7.4243558678480826E+04   8.8257485012683499E-11   8.0342930819143437E-21   2.1132503465997183E+03
   1.2296770000000000E+09   7.4541450196503778E+04   8.7316211434041706E-11   7.9592329348884047E-21   2.1104289727101159E+03
   1.2316770000000000E+09   7.4839595660916239E+04   8.6388292613381806E-11   7.8850802731086019E-21   2.1076371412023245E+03
   1.2336770000000000E+09   7.5138000823280439E+04   8.5473506410384204E-11   7.8118213648198535E-21   2.1048748958704914E+03
   1.2356770000000000E+09   7.5436671014635111E+04   8.4571635240769857E-11   7.7394427498760847E-21   2.1021422814424436E+03
   1.2376770000000000E+09   7.5735611136056803E+04   8.3682465960052984E-11   7.6679312328724457E-21   2.0994393435454367E+03
   1.2396770000000000E+09   7.6034825659997936E+04   8.2805789745504801E-11   7.5972738759998138E-21   2.0967661286709149E+03
   1.2416770000000000E+09   7.6334318639603938E+04   8.1941401977930393E-11   7.5274579917658315E-21   2.0941226841389921E+03
   1.2436770000000000E+09   7.6634093723427621E+04   8.1089102124640957E-11   7.4584711357091991E-21   2.0915090580631108E+03
   1.2456770000000000E+09   7.6934154173318704E+04   8.0248693624736387E-11   7.3903010992113083E-21   2.0889252993151717E+03
   1.2476770000000000E+09   7.7234502883665191E+04   7.9419983777553878E-11   7.3229359024871015E-21   2.0863714574912433E+03
   1.2496770000000000E+09   7.7535142400587472E+04   7.8602783634881802E-11   7.2563637878144651E-21   2.0838475828778787E+03
   1.2516770000000000E+09   7.7836074940060891E+04   7.7796907897326624E-11   7.1905732130428647E-21   2.0813537264189249E+03
   1.2536770000000000E+09   7.8137302404273461E+04   7.7002174815044523E-11   7.1255528454059474E-21   2.0788899396826973E+03
   1.2556770000000000E+09   7.8438826395813463E+04   7.6218406092903143E-11   7.0612915556496146E-21   2.0764562748293138E+03
   1.2576770000000000E+09   7.8740648229496539E+04   7.5445426800031696E-11   6.9977784124770669E-21   2.0740527845779775E+03
   1.2596770000000000E+09   7.9042768941842049E+04   7.4683065283636121E-11   6.9350026773046021E-21   2.0716795221739976E+03
   1.2616770000000000E+09   7.9345189298347512E+04   7.3931153086896057E-11   6.8729537993161026E-21   2.0693365413553361E+03
   1.2636770000000000E+09   7.9647909798816152E+04   7.3189524870715844E-11   6.8116214107997073E-21   2.0670238963184752E+03
   1.2656770000000000E+09   7.9950930681016296E+04   7.2458018339109084E-11   6.7509953227504170E-21   2.0647416416834417E+03
   1.2676770000000000E+09   8.0254251922975818E+04   7.1736474167977515E-11   6.6910655207202565E-21   2.0624898324578339E+03
   1.2696770000000000E+09   8.0557873244135306E+04   7.1024735937089448E-11   6.6318221609014919E-21   2.0602685239996968E+03
   1.2716770000000000E+09   8.0861794105534253E+04   7.0322650065077686E-11   6.5732555664293230E-21   2.0580777719791640E+03
   1.2736770000000000E+09   8.1166013709112332E+04   6.9630065747312461E-11   6.5153562238936628E-21   2.0559176323387287E+03
   1.2756770000000000E+09   8.1470530996151356E+04   6.8946834896523047E-11   6.4581147800510613E-21   2.0537881612520555E+03
   1.2776770000000000E+09   8.1775344644836106E+04   6.8272812086052835E-11   6.4015220387286281E-21   2.0516894150812404E+03
   1.2796770000000000E+09   8.2080453066880378E+04   6.7607854495637978E-11   6.3455689579122295E-21   2.0496214503324172E+03
   1.2816770000000000E+09   8.2385854403144913E+04   6.6951821859592312E-11   6.2902466470103276E-21   2.0475843236096136E+03
   1.2836770000000000E+09   8.2691546518139265E+04   6.6304576417286277E-11   6.2355463642851757E-21   2.0455780915667622E+03
   1.2856770000000000E+09   8.2997526993253399E+04   6.5665982865804052E-11   6.1814595144425560E-21   2.0436028108577723E+03
   1.2876770000000000E+09   8.3303793118498608E+04   6.5035908314672732E-11   6.1279776463721358E-21   2.0416585380845358E+03
   1.2896770000000000E+09   8.3610341882446868E+04   6.4414222242569314E-11   6.0750924510313639E-21   2.0397453297427819E+03
   1.2916770000000000E+09   8.3917169959932566E+04   6.3800796455935487E-11   6.0227957594682047E-21   2.0378632421656196E+03
   1.2936770000000000E+09   8.4224273696925069E+04   6.3195505049463160E-11   5.9710795409808954E-21   2.0360123314646492E+03
   1.2956770000000000E+09   8.4531649091794068E+04   6.2598224368453094E-11   5.9199359014167824E-21   2.0341926534684403E+03
   1.2976770000000000E+09   8.4839291771988544E+04   6.2008832973101553E-11   5.8693570816171942E-21   2.0324042636581753E+03
   1.2996770000000000E+09   8.5147196965028750E+04   6.1427211604792937E-11   5.8193354560176324E-21   2.0306472171001931E+03
   1.3016770000000000E+09   8.5455359462754088E+04   6.0853243154470105E-11   5.7698635314120626E-21   2.0289215683751268E+03
   1.3036770000000000E+09   8.5763773578227192E+04   6.0286812633032535E-11   5.7209339458785926E-21   2.0272273715032836E+03
   1.3056770000000000E+09   8.6072433095737608E+04   5.9727807143458868E-11   5.6725394678395866E-21   2.0255646798659325E+03
   1.3076770000000000E+09   8.6381331216313003E+04   5.9176115853865300E-11   5.6246729951827240E-21   2.0239335461222070E+03
   1.3096770000000000E+09   8.6690460504148723E+04   5.8631629969992853E-11   5.5773275543000154E-21   2.0223340221215547E+03
   1.3116770000000000E+09   8.6999812843433640E+04   5.8094242704666449E-11   5.5304962988095272E-21   2.0207661588119838E+03
   1.3136770000000000E+09   8.7309379419823832E+04   5.7563849240691365E-11   5.4841725076189536E-21   2.0192300061449766E+03
   1.3156770000000000E+09   8.7619150745368694E+04   5.7040346682700539E-11   5.4383495818955838E-21   2.0177256129787111E+03
   1.3176770000000000E+09   8.7929116748591099E+04   5.6523633992989870E-11   5.3930210404570400E-21   2.0162530269822605E+03
   1.3196770000000000E+09   8.8239266950603749E+04   5.6013611906873693E-11   5.3481805131398968E-21   2.0148122945444873E+03
   1.3216770000000000E+09   8.8549590741446023E+04   5.5510182825048657E-11   5.3038217318865302E-21   2.0134034606922771E+03
   1.3236770000000000E+09   8.8860077756656610E+04   5.5013250684179730E-11   5.2599385196459060E-21   2.0120265690231963E+03
   1.3256770000000000E+09   8.9170718332396034E+04   5.4522720812336620E-11   5.2165247777054943E-21   2.0106816616572237E+03
   1.3276770000000000E+09   8.9481503990824625E+04   5.4038499782263194E-11   5.1735744726887710E-21   2.0093687792106546E+03
   1.3296770000000000E+09   8.9792427881793730E+04   5.3560495281256151E-11   5.1310816250226310E-21   2.0080879607923684E+03
   1.3316770000000000E+09   9.0103485090999849E+04   5.3088616019524012E-11   5.0890403009948654E-21   2.0068392440186537E+03
   1.3336770000000000E+09   9.0414672728188729E+04   5.2622771697086491E-11   5.0474446103681465E-21   2.0056226650383701E+03
   1.3356770000000000E+09   9.0725989739010140E+04   5.2162873041005109E-11   5.0062887107392066E-21   2.0044382585563590E+03
   1.3376770000000000E+09   9.1037436440623016E+04   5.1708831910352394E-11   4.9655668184561925E-21   2.0032860578411721E+03
   1.3396770000000000E+09   9.1349013853962533E+04   5.1260561448537976E-11   4.9252732241889706E-21   2.0021660947043570E+03
   1.3416770000000000E+09   9.1660722973566182E+04   5.0817976246672839E-11   4.8854023096901846E-21   2.0010783994433111E+03
   1.3436770000000000E+09   9.1972564152322084E+04   5.0380992473913560E-11   4.8459485615042016E-21   2.0000230007473374E+03
   1.3456770000000000E+09   9.2284536760945979E+04   4.9949527936290948E-11   4.8069065778777144E-21   1.9989999255752127E+03
   1.3476770000000000E+09   9.2596639204563209E+04   4.9523502045349136E-11   4.7682710670059175E-21   1.9980091990194378E+03
   1.3496770000000000E+09   9.2908869260816326E+04   4.9102835706966505E-11   4.7300368375386203E-21   1.9970508441748070E+03
   1.3516770000000000E+09   9.3221224588438505E+04   4.8687451168506311E-11   4.6921987849656158E-21   1.9961248820255635E+03
   1.3536770000000000E+09   9.3533703193547059E+04   4.8277271876801531E-11   4.6547518789229807E-21   1.9952313313570287E+03
   1.3556770000000000E+09   9.3846303668042776E+04   4.7872222392352879E-11   4.6176911558183816E-21   1.9943702086873800E+03
   1.3576770000000000E+09   9.4159025125972228E+04   4.7472228377906528E-11   4.5810117185788637E-21   1.9935415282074462E+03
   1.3596770000000000E+09   9.4471866909862190E+04   4.7077216644217867E-11   4.5447087419165995E-21   1.9927453017145776E+03
   1.3616770000000000E+09   9.4784828245110242E+04   4.6687115210028962E-11   4.5087774789973266E-21   1.9919815385315057E+03
   1.3636770000000000E+09   9.5097908027502795E+04   4.6301853331034076E-11   4.4732132651425589E-21   1.9912502454100286E+03
   1.3656770000000000E+09   9.5411104832142999E+04   4.5921361475135360E-11   4.4380115163432142E-21   1.9905514264273268E+03
   1.3676770000000000E+09   9.5724417090666277E+04   4.5545571254969250E-11   4.4031677236088838E-21   1.9898850828853697E+03
   1.3696770000000000E+09   9.6037843287623255E+04   4.5174415352464845E-11   4.3686774464913363E-21   1.9892512132201653E+03
   1.3716770000000000E+09   9.6351382037374482E+04   4.4807827469418080E-11   4.3345363090724129E-21   1.9886498129203183E+03
   1.3736770000000000E+09   9.6665032006785128E+04   4.4445742314912625E-11   4.3007399994860430E-21   1.9880808744487490E+03
   1.3756770000000000E+09   9.6978791765649847E+04   4.4088095612976938E-11   4.2672842713892012E-21   1.9875443871610230E+03
   1.3776770000000000E+09   9.7292659687920575E+04   4.3734824102672895E-11   4.2341649446974856E-21   1.9870403372182905E+03
   1.3796770000000000E+09   9.7606633966776717E+04   4.3385865514827302E-11   4.2013779040468515E-21   1.9865687074982591E+03
   1.3816770000000000E+09   9.7920712702799399E+04   4.3041158532797311E-11   4.1689190956822311E-21   1.9861294775095623E+03
   1.3836770000000000E+09   9.8234893965497409E+04   4.2700642758841775E-11   4.1367845248561419E-21   1.9857226233121733E+03
   1.3856770000000000E+09   9.8549175749438655E+04   4.2364258703293603E-11   4.1049702554103856E-21   1.9853481174417025E+03
   1.3876770000000000E+09   9.8863555783275224E+04   4.2031947802499691E-11   4.0734724121345720E-21   1.9850059288319935E+03
   1.3896770000000000E+09   9.9178031059046174E+04   4.1703652481512630E-11   4.0422871874707519E-21   1.9846960227276970E+03
   1.3916770000000000E+09   9.9492596524434091E+04   4.1379316345161140E-11   4.0114108607096911E-21   1.9844183605689614E+03
   1.3936770000000000E+09   9.9807241239501789E+04   4.1058884765783746E-11   3.9808398557995858E-21   1.9841728997964774E+03
   1.3956770000000000E+09   1.0012193752751214E+05   4.0742306578839059E-11   3.9505709070330317E-21   1.9839595934317808E+03
   1.3976770000000000E+09   1.0043661222419547E+05   4.0429538621963159E-11   3.9206015016780283E-21   1.9837783890608550E+03
   1.3996770000000000E+09   1.0075107543734390E+05   4.0120557054304554E-11   3.8909309831137348E-21   1.9836292263366331E+03
   1.4016770000000000E+09   1.0106485673484359E+05   3.9815383555717987E-11   3.8615631038004461E-21   1.9835120310461027E+03
   1.4036770000000000E+09   1.0137686036112909E+05   3.9514140934896640E-11   3.8325114446612569E-21   1.9834267017731083E+03
   1.4056770000000000E+09   1.0168471467890128E+05   3.9217159251969092E-11   3.8038097608365646E-21   1.9833730819055563E+03
   1.4076770000000000E+09   1.0198370745719779E+05   3.8925152260895041E-11   3.7755291938945133E-21   1.9833509054803928E+03
   1.4096770000000000E+09   1.0226536304448191E+05   3.8639458675495565E-11   3.7478018392759730E-21   1.9833597020994303E+03
   1.4116770000000000E+09   1.0251609697580679E+05   3.8362278831879606E-11   3.7208439483782596E-21   1.9833986485710757E+03
   1.4136770000000000E+09   1.0271676246728253E+05   3.8096761164539963E-11   3.6949646306790526E-21   1.9834663694166900E+03
   1.4156770000000000E+09   1.0284341599702575E+05   3.7846839459233068E-11   3.6705503935531171E-21   1.9835607157750542E+03
   1.4176770000000000E+09   1.0286706427659509E+05   3.7617121561471065E-11   3.6480546052200624E-21   1.9836785704527758E+03
   1.4196770000000000E+09   1.0274664324374394E+05   3.7413824611976012E-11   3.6280884035401713E-21   1.9838156719487683E+03
   1.4216770000000000E+09   1.0241334387642953E+05   3.7247513256929083E-11   3.6116867360672890E-21   1.9839662534119659E+03
   1.4236770000000000E+09   1.0176790214183251E+05   3.7134816370240853E-11   3.6004763261707868E-21   1.9841220909278318E+03
   1.4256770000000000E+09   1.0074017701609372E+05   3.7090335022450487E-11   3.5958934967089465E-21   1.9842711010853939E+03
   1.4276770000000000E+09   9.9412186298668603E+04   3.7104438678980649E-11   3.5970307689883363E-21   1.9843980181684267E+03
   1.4296770000000000E+09   9.8047620238619216E+04   3.7130909182626377E-11   3.5994279506080068E-21   1.9844911669634751E+03
   1.4316770000000000E+09   9.6866025072847959E+04   3.7121651693454465E-11   3.5984218753238172E-21   1.9845510944665086E+03
   1.4336770000000000E+09   9.5846378153820100E+04   3.7080579473901345E-11   3.5943741111216272E-21   1.9845877503745269E+03
   1.4356770000000000E+09   9.4622402701703366E+04   3.7018347170254386E-11   3.5883073117799995E-21   1.9846067563507456E+03
   6.5767700000000000E+08  -5.8747958792399049E+03   3.9240309747108717E-13   4.1124614448950312E-24   1.1568263538536607E+03
   6.5967700000000000E+08  -5.0118585499109195E+03   7.2505506678969900E-13   7.2717660754599180E-24   1.2088395999053864E+03
   6.6167700000000000E+08  -4.1847674766350947E+03   1.0987050845573103E-12   1.0636339440855094E-23   1.2523523411901328E+03
   6.6367700000000000E+08  -3.2847067992880870E+03   1.5000272928637970E-12   1.4169948508428754E-23   1.2834190322677609E+03
   6.6567700000000000E+08  -2.2649466197674387E+03   1.9110195199600873E-12   1.7711427047883088E-23   1.3081247263082253E+03
   6.6767700000000000E+08  -1.2535306381604037E+03   2.3362270202569326E-12   2.1310639843761422E-23   1.3290953526912531E+03
   6.6967700000000000E+08  -3.8565518255253471E+02   2.7976397154249559E-12   2.5091414914255195E-23   1.3517744043799896E+03
   6.7167700000000000E+08   2.9469132087865006E+01   3.3484797834009797E-12   2.9166029533742996E-23   1.3918997482737532E+03
   6.7367700000000000E+08  -1.0006449447331416E+03   4.1083676636473190E-12   3.2945177348036762E-23   1.5118720519367782E+03
   6.7567700000000000E+08  -5.9299319966969988E+03   5.3566459533187729E-12   3.5435658754855786E-23   1.8326942540414359E+03
   6.7767700000000000E+08  -1.6509948158847597E+04   7.4059268824484629E-12   3.9120043716341402E-23   2.2951848834314787E+03
   6.7967700000000000E+08  -3.0193098961763873E+04   1.0447157784734560E-11   4.7169313283540938E-23   2.6851972063518047E+03
   6.8167700000000000E+08  -4.2961736588557113E+04   1.4838284936673052E-11   6.1666033253738074E-23   2.9172609592946492E+03
   6.8367700000000000E+08  -5.1669900583826035E+04   2.1109546473234534E-11   8.5001889894032470E-23   3.0108415964230758E+03
   6.8567700000000000E+08  -5.5309611592111993E+04   2.9864807739601363E-11   1.2000076447536388E-22   3.0172639007069815E+03
   6.8767700000000000E+08  -5.4740028358943950E+04   4.1677925172938298E-11   1.6941476045365228E-22   2.9825822632701397E+03
   6.8967700000000000E+08  -5.1535082003771509E+04   5.6964781387535393E-11   2.3514224346613962E-22   2.9370636876206640E+03
   6.9167700000000000E+08  -4.7081672231906647E+04   7.5839306725536639E-11   3.1742803222554910E-22   2.8965875771432834E+03
   6.9367700000000000E+08  -4.2229826232549938E+04   9.8009421556463812E-11   4.1440808389769423E-22   2.8673267984485133E+03
   6.9567700000000000E+08  -3.7331997591217812E+04   1.2278058599501172E-10   5.2226928165647557E-22   2.8501833942177550E+03
   6.9767700000000000E+08  -3.2436068978846626E+04   1.4918101750280862E-10   6.3598656273327120E-22   2.8438272502239611E+03
   6.9967700000000000E+08  -2.7462668057753868E+04   1.7615217847858707E-10   7.5030872801103510E-22   2.8463323340218062E+03
   7.0167700000000000E+08  -2.2311103244837825E+04   2.0272535406722812E-10   8.6061059886388063E-22   2.8558734801569340E+03
   7.0367700000000000E+08  -1.6907198982346596E+04   2.2813247731847484E-10   9.6338698681245633E-22   2.8709387503540838E+03
   7.0567700000000000E+08  -1.1217492900148562E+04   2.5184158477341523E-10   1.0563701660156592E-21   2.8903397957727116E+03
   7.0767700000000000E+08  -5.2463424370135535E+03   2.7353677167651147E-10   1.1383855346241836E-21   2.9131572943464184E+03
   7.0967700000000000E+08   9.7498297071270611E+02   2.9307160351299098E-10   1.2090920683722136E-21   2.9386776815535295E+03
   7.1167700000000000E+08   7.4126721480578299E+03   3.1042696392375293E-10   1.2687498782034959E-21   2.9663405602407797E+03
   7.1367700000000000E+08   1.4002264969521200E+04   3.2561934476612087E-10   1.3177826624321842E-21   2.9957391493229052E+03
   7.1567700000000000E+08   2.0656260822875291E+04   3.3873233929799359E-10   1.3569100041180148E-21   3.0265175965194790E+03
   7.1767700000000000E+08   2.7318089547704119E+04   3.4991357784238991E-10   1.3871498996258441E-21   3.0582640981678878E+03
   7.1967700000000000E+08   3.3955010554109322E+04   3.5929047133248739E-10   1.4093903340663412E-21   3.0906654492254970E+03
   7.2167700000000000E+08   4.0537252467284634E+04   3.6698493467899418E-10   1.4244509963979904E-21   3.1234769768145870E+03
   7.2367700000000000E+08   4.7039916858796896E+04   3.7311268409429713E-10   1.4330828962707152E-21   3.1565035844215163E+03
   7.2567700000000000E+08   5.3444040668869231E+04   3.7778423209448359E-10   1.4359749468986451E-21   3.1895877214851248E+03
   7.2767700000000000E+08   5.9737043755976876E+04   3.8110657861453710E-10   1.4337630810259335E-21   3.2226017503873322E+03
   7.2967700000000000E+08   6.5912689147046476E+04   3.8318491777100112E-10   1.4270392051804518E-21   3.2554429462488952E+03
   7.3167700000000000E+08   7.1970631522221593E+04   3.8412389819310958E-10   1.4163583460802327E-21   3.2880299730644329E+03
   7.3367700000000000E+08   7.7915624949619494E+04   3.8402816821958739E-10   1.4022431537719860E-21   3.3203001020759971E+03
   7.3567700000000000E+08   8.3756490342729405E+04   3.8300213377549747E-10   1.3851856514636017E-21   3.3522067450097206E+03
   7.3767700000000000E+08   8.9504969323097510E+04   3.8114903634194138E-10   1.3656467218310580E-21   3.3837170977567744E+03
   7.3967700000000000E+08   9.5174595263798605E+04   3.7856958353671008E-10   1.3440541906313102E-21   3.4148098409936883E+03
   7.4167700000000000E+08   1.0077969187948987E+05   3.7536041572690970E-10   1.3208004721007561E-21   3.4454729309114032E+03
   7.4367700000000000E+08   1.0633456694086920E+05   3.7161267077515274E-10   1.2962406079928443E-21   3.4757015471379987E+03
   7.4567700000000000E+08   1.1185292568926534E+05   3.6741083660277785E-10   1.2706912499711718E-21   3.5054962625256990E+03
   7.4767700000000000E+08   1.1734749215944461E+05   3.6283199070857263E-10   1.2444308197384112E-21   3.5348614775809892E+03
   7.4967700000000000E+08   1.2282980442601479E+05   3.5794544264092253E-10   1.2177008138827749E-21   3.5638041346797972E+03
   7.5167700000000000E+08   1.2831014097123205E+05   3.5281273551970861E-10   1.1907080449722272E-21   3.5923327027524615E+03
   7.5367700000000000E+08   1.3379753654986678E+05   3.4748792998295112E-10   1.1636275305087161E-21   3.6204564059688587E+03
   7.5567700000000000E+08   1.3929985268467382E+05   3.4201808448722471E-10   1.1366057366972341E-21   3.6481846607253888E+03
   7.5767700000000000E+08   1.4482387662930557E+05   3.3644385227022973E-10   1.1097639257687071E-21   3.6755266825817093E+03
   7.5967700000000000E+08   1.5037543093461343E+05   3.3080012995259505E-10   1.0832014175955439E-21   3.7024912266561605E+03
   7.6167700000000000E+08   1.5595948251432701E+05   3.2511670989362973E-10   1.0569986399174737E-21   3.7290864293868949E+03
   7.6367700000000000E+08   1.6158024503956927E+05   3.1941890439194579E-10   1.0312198961744444E-21   3.7553197249711307E+03
   7.6567700000000000E+08   1.6724127177963022E+05   3.1372812289110813E-10   1.0059158216569436E-21   3.7811978152027741E+03
   7.6767700000000000E+08   1.7294553801549284E+05   3.0806239306597479E-10   9.8112552742994196E-22   3.8067266762836284E+03
   7.6967700000000000E+08   1.7869551326578666E+05   3.0243682331360224E-10   9.5687844930171134E-22   3.8319115902546655E+03
   7.7167700000000000E+08   1.8449322410311480E+05   2.9686400835172933E-10   9.3319592867931243E-22   3.8567571919510715E+03
   7.7367700000000000E+08   1.9034030853846454E+05   2.9135438198960285E-10   9.1009255603365595E-22   3.8812675249057211E+03
   7.7567700000000000E+08   1.9623806297102637E+05   2.8591652225388781E-10   8.8757730796979395E-22   3.9054461015302659E+03
   7.7767700000000000E+08   2.0218748263729314E+05   2.8055741437593552E-10   8.6565450709659992E-22   3.9292959643178074E+03
   7.7967700000000000E+08   2.0818929640141662E+05   2.7528267699981825E-10   8.4432463105884241E-22   3.9528197458497930E+03
   7.8167700000000000E+08   2.1424399663541830E+05   2.7009675657248135E-10   8.2358499389655859E-22   3.9760197261457624E+03
   7.8367700000000000E+08   2.2035186485394879E+05   2.6500309436781155E-10   8.0343031972017461E-22   3.9988978864418664E+03
   7.8567700000000000E+08   2.2651299369617421E+05   2.6000427005917079E-10   7.8385322574110746E-22   4.0214559588772945E+03
   7.8767700000000000E+08   2.3272730578546418E+05   2.5510212523677573E-10   7.6484462906788975E-22   4.0436954718487295E+03
   7.8967700000000000E+08   2.3899456994306302E+05   2.5029786979052931E-10   7.4639408939126132E-22   4.0656177909906951E+03
   7.9167700000000000E+08   2.4531441518222206E+05   2.4559217365493081E-10   7.2849009772558944E-22   4.0872241558765900E+03
   7.9367700000000000E+08   2.5168634286239516E+05   2.4098524604196475E-10   7.1112031971849513E-22   4.1085157126267231E+03
   7.9567700000000000E+08   2.5810973733797300E+05   2.3647690396769779E-10   6.9427180064912090E-22   4.1294935426676138E+03
   7.9767700000000000E+08   2.6458387539225107E+05   2.3206663160416608E-10   6.7793113807136701E-22   4.1501586879199831E+03
   7.9967700000000000E+08   2.7110793470502418E+05   2.2775363175472745E-10   6.6208462708722857E-22   4.1705121727077121E+03
   8.0167700000000000E+08   2.7768100156183256E+05   2.2353687055319686E-10   6.4671838242665640E-22   4.1905550226816604E+03
   8.0367700000000000E+08   2.8430207797502208E+05   2.1941511631987752E-10   6.3181844083760302E-22   4.2102882810446818E+03
   8.0567700000000000E+08   2.9097008835199277E+05   2.1538697336662661E-10   6.1737084673053404E-22   4.2297130223503245E+03
   8.0767700000000000E+08   2.9768388581474154E+05   2.1145091142443497E-10   6.0336172355654197E-22   4.2488303641298680E+03
   8.0967700000000000E+08   3.0444225824744342E+05   2.0760529126723158E-10   5.8977733301119659E-22   4.2676414765825975E+03
   8.1167700000000000E+08   3.1124393412547011E+05   2.0384838702177719E-10   5.7660412383400206E-22   4.2861475905435254E+03
   8.1367700000000000E+08   3.1808758815990767E+05   2.0017840558303660E-10   5.6382877170454746E-22   4.3043500039223818E+03
   8.1567700000000000E+08   3.2497184677626035E+05   1.9659350349513305E-10   5.5143821151185252E-22   4.3222500867881799E+03
   8.1767700000000000E+08   3.3189529343428573E+05   1.9309180160805925E-10   5.3941966308533657E-22   4.3398492852555128E+03
   8.1967700000000000E+08   3.3885647378749814E+05   1.8967139777819369E-10   5.2776065131794417E-22   4.3571491243122045E+03
   8.2167700000000000E+08   3.4585390067546756E+05   1.8633037784505053E-10   5.1644902147904541E-22   4.3741512097130371E+03
   8.2367700000000000E+08   3.5288605893913854E+05   1.8306682508652655E-10   5.0547295040257616E-22   4.3908572290512211E+03
   8.2567700000000000E+08   3.5995141004862008E+05   1.7987882832929721E-10   4.9482095414101029E-22   4.4072689521077937E+03
   8.2767700000000000E+08   3.6704839653375442E+05   1.7676448886925058E-10   4.8448189259537881E-22   4.4233882305691068E+03
   8.2967700000000000E+08   3.7417544620988972E+05   1.7372192633832179E-10   4.7444497156332113E-22   4.4392169971939429E+03
   8.3167700000000000E+08   3.8133097619412892E+05   1.7074928363831818E-10   4.6469974258920780E-22   4.4547572645042492E+03
   8.3367700000000000E+08   3.8851339671059587E+05   1.6784473104888225E-10   4.5523610095110195E-22   4.4700111230668472E+03
   8.3567700000000000E+08   3.9572111468656629E+05   1.6500646960525990E-10   4.4604428207735951E-22   4.4849807394275776E+03
   8.3767700000000000E+08   4.0295253714425868E+05   1.6223273383173867E-10   4.3711485664992059E-22   4.4996683537539775E+03
   8.3967700000000000E+08   4.1020607439550024E+05   1.5952179390818489E-10   4.2843872462072018E-22   4.5140762772375347E+03
   8.4167700000000000E+08   4.1748014304817078E+05   1.5687195733980123E-10   4.2000710834128620E-22   4.5282068893019014E+03
   8.4367700000000000E+08   4.2477316883412510E+05   1.5428157019382966E-10   4.1181154498273645E-22   4.5420626346587651E+03
   8.4567700000000000E+08   4.3208358926819393E+05   1.5174901796122028E-10   4.0384387840329583E-22   4.5556460202486096E+03
   8.4767700000000000E+08   4.3940985614697944E+05   1.4927272609610554E-10   3.9609625060255480E-22   4.5689596120991955E+03
   8.4967700000000000E+08   4.4675043789453153E+05   1.4685116028111080E-10   3.8856109288548377E-22   4.5820060321301880E+03
   8.5167700000000000E+08   4.5410382175986451E+05   1.4448282646198768E-10   3.8123111684431883E-22   4.5947879549282161E+03
   8.5367700000000000E+08   4.6146851586886868E+05   1.4216627069067303E-10   3.7409930525250905E-22   4.6073081045125828E+03
   8.5567700000000000E+08   4.6884305113073607E+05   1.3990007881162332E-10   3.6715890295181661E-22   4.6195692511080815E+03
   8.5767700000000000E+08   4.7622598299682466E+05   1.3768287602211347E-10   3.6040340780123716E-22   4.6315742079379006E+03
   8.5967700000000000E+08   4.8361589306813403E+05   1.3551332633313818E-10   3.5382656174464574E-22   4.6433258280466334E+03
   8.6167700000000000E+08   4.9101139054645185E+05   1.3339013195363626E-10   3.4742234204301700E-22   4.6548270011606692E+03
   8.6367700000000000E+08   4.9841111352387618E+05   1.3131203261702715E-10   3.4118495270677173E-22   4.6660806505912715E+03
   8.6567700000000000E+08   5.0581373010587977E+05   1.2927780486554397E-10   3.3510881615438038E-22   4.6770897301839013E+03
   8.6767700000000000E+08   5.1321793936428538E+05   1.2728626130464994E-10   3.2918856511492766E-22   4.6878572213162897E+03
   8.6967700000000000E+08   5.2062247211845010E+05   1.2533624983695755E-10   3.2341903478497392E-22   4.6983861299470655E+03
   8.7167700000000000E+08   5.2802609154543339E+05   1.2342665288258973E-10   3.1779525524382770E-22   4.7086794837164070E+03
   8.7367700000000000E+08   5.3542759362270648E+05   1.2155638659085618E-10   3.1231244412630967E-22   4.7187403291003029E+03
   8.7567700000000000E+08   5.4282580740993563E+05   1.1972440004646724E-10   3.0696599954821550E-22   4.7285717286202544E+03
   8.7767700000000000E+08   5.5021959517922031E+05   1.1792967447225952E-10   3.0175149327691397E-22   4.7381767581107151E+03
   8.7967700000000000E+08   5.5760785240584193E+05   1.1617122242953972E-10   2.9666466413775883E-22   4.7475585040471142E+03
   8.8167700000000000E+08   5.6498950763377349E+05   1.1444808701661997E-10   2.9170141164612019E-22   4.7567200609378069E+03
   8.8367700000000000E+08   5.7236352223203937E+05   1.1275934106585109E-10   2.8685778985465062E-22   4.7656645287838337E+03
   8.8567700000000000E+08   5.7972889005958592E+05   1.1110408633937158E-10   2.8213000140566611E-22   4.7743950106107059E+03
   8.8767700000000000E+08   5.8708463705831883E+05   1.0948145272374821E-10   2.7751439177888990E-22   4.7829146100768103E+03
   8.8967700000000000E+08   5.9442982079795434E+05   1.0789059742344902E-10   2.7300744372467470E-22   4.7912264291631955E+03
   8.9167700000000000E+08   6.0176353000605537E+05   1.0633070415224224E-10   2.6860577187111131E-22   4.7993335659500599E+03
   8.9367700000000000E+08   6.0908488413986412E+05   1.0480098231932689E-10   2.6430611748808417E-22   4.8072391124861197E+03
   8.9567700000000000E+08   6.1639303310815361E+05   1.0330066620186564E-10   2.6010534337881737E-22   4.8149461527591511E+03
   8.9767700000000000E+08   6.2368715735606942E+05   1.0182901408541798E-10   2.5600042884432103E-22   4.8224577607803039E+03
   8.9967700000000000E+08   6.3096646871544688E+05   1.0038530733617003E-10   2.5198846462252940E-22   4.8297769988022765E+03
   9.0167700000000000E+08   6.3823021271605941E+05   9.8968849343437800E-11   2.4806664764103537E-22   4.8369069157032700E+03
   9.0367700000000000E+08   6.4547767339457374E+05   9.7578964245179549E-11   2.4423227535920847E-22   4.8438505455840623E+03
   9.0567700000000000E+08   6.5270818177903618E+05   9.6214995348980965E-11   2.4048273947671382E-22   4.8506109066405497E+03
   9.0767700000000000E+08   6.5992112856683380E+05   9.4876303241918978E-11   2.3681551898958349E-22   4.8571910003806852E+03
   9.0967700000000000E+08   6.6711597906096035E+05   9.3562263827813308E-11   2.3322817318673837E-22   4.8635938112389931E+03
   9.1167700000000000E+08   6.7429228325247427E+05   9.2272267000794654E-11   2.2971833634724859E-22   4.8698223065865704E+03
   9.1367700000000000E+08   6.8144966660855664E+05   9.1005717268396787E-11   2.2628371738936423E-22   4.8758794370112473E+03
   9.1567700000000000E+08   6.8858778208729031E+05   8.9762037941969967E-11   2.2292210845962850E-22   4.8817681364978298E+03
   9.1767700000000000E+08   6.9570621083006996E+05   8.8540679677732091E-11   2.1963140436606956E-22   4.8874913216878549E+03
   9.1967700000000000E+08   7.0280432839002565E+05   8.7341131387018027E-11   2.1640962792443126E-22   4.8930518887520257E+03
   9.2167700000000000E+08   7.0988120267690159E+05   8.6162927312699183E-11   2.1325494590326310E-22   4.8984527059619022E+03
   9.2367700000000000E+08   7.1693562416706432E+05   8.5005641615353342E-11   2.1016565426515206E-22   4.9036966012085522E+03
   9.2567700000000000E+08   7.2396633034651366E+05   8.3868865947112858E-11   2.0714012161400239E-22   4.9087863475994282E+03
   9.2767700000000000E+08   7.3097234389833210E+05   8.2752178444001022E-11   2.0417671152677324E-22   4.9137246567502443E+03
   9.2967700000000000E+08   7.3795319210464181E+05   8.1655124894755215E-11   2.0127373456531893E-22   4.9185141922783132E+03
   9.3167700000000000E+08   7.4490885550378764E+05   8.0577223473389158E-11   1.9842945799325770E-22   4.9231575998827248E+03
   9.3367700000000000E+08   7.5183960542344721E+05   7.9517976787363610E-11   1.9564213348324558E-22   4.9276575389510144E+03
   9.3567700000000000E+08   7.5874625057017035E+05   7.8476834015281339E-11   1.9290990243929670E-22   4.9320167053974401E+03
   9.3767700000000000E+08   7.6563160995966976E+05   7.7453005149492666E-11   1.9023034057424611E-22   4.9362378045100240E+03
   9.3967700000000000E+08   7.7250308225520363E+05   7.6445162091203413E-11   1.8759972812533051E-22   4.9403234930922226E+03
   9.4167700000000000E+08   7.7937355356920033E+05   7.5451388321556028E-11   1.8501292644913299E-22   4.9442764888861648E+03
   9.4367700000000000E+08   7.8625719911635551E+05   7.4469756722322859E-11   1.8246478457499923E-22   4.9480999391706309E+03
   9.4567700000000000E+08   7.9316122403844888E+05   7.3499306356994523E-11   1.7995252090643675E-22   4.9517976781759153E+03
   9.4767700000000000E+08   8.0007994240070775E+05   7.2540611619116990E-11   1.7747711923655730E-22   4.9553738939948753E+03
   9.4967700000000000E+08   8.0699640542515181E+05   7.1595426243570310E-11   1.7504247220609103E-22   4.9588323628521548E+03
   9.5167700000000000E+08   8.1389073679282097E+05   7.0665656436783145E-11   1.7265289651514334E-22   4.9621754439723400E+03
   9.5367700000000000E+08   8.2075289485587622E+05   6.9752916685473570E-11   1.7031188591536402E-22   4.9654086951647660E+03
   9.5567700000000000E+08   8.2753567560462246E+05   6.8860365499126862E-11   1.6802737358485596E-22   4.9685180376211865E+03
   9.5767700000000000E+08   8.3419033501869731E+05   6.7993153487518146E-11   1.6581051056419027E-22   4.9715374325549492E+03
   9.5967700000000000E+08   8.4078985217269114E+05   6.7142705347807441E-11   1.6364129037083468E-22   4.9744323264985842E+03
   9.6167700000000000E+08   8.4735248377932759E+05   6.6306928150810987E-11   1.6151381225839018E-22   4.9772198762013422E+03
   9.6367700000000000E+08   8.5388421671753260E+05   6.5484925407582231E-11   1.5942565222493640E-22   4.9799011371532461E+03
   9.6567700000000000E+08   8.6038669396169030E+05   6.4676256946803621E-11   1.5737549553815893E-22   4.9824775833953217E+03
   9.6767700000000000E+08   8.6686037901018269E+05   6.3880606233380044E-11   1.5536232411293262E-22   4.9849511401329773E+03
   9.6967700000000000E+08   8.7330539354422898E+05   6.3097695947262191E-11   1.5338522147815317E-22   4.9873238461191049E+03
   9.7167700000000000E+08   8.7972174866687972E+05   6.2327266684010478E-11   1.5144332394886078E-22   4.9895977454251715E+03
   9.7367700000000000E+08   8.8610942239400628E+05   6.1569069680580891E-11   1.4953580329841738E-22   4.9917748616339723E+03
   9.7567700000000000E+08   8.9246839047267428E+05   6.0822863492668923E-11   1.4766185843969089E-22   4.9938571920382647E+03
   9.7767700000000000E+08   8.9879863896878646E+05   6.0088412510376238E-11   1.4582071146058504E-22   4.9958467063906064E+03
   9.7967700000000000E+08   9.0510016873044486E+05   5.9365486425301959E-11   1.4401160595967272E-22   4.9977453467239466E+03
   9.8167700000000000E+08   9.1137299624678923E+05   5.8653860092496542E-11   1.4223380635061798E-22   4.9995550274229854E+03
   9.8367700000000000E+08   9.1761715269454534E+05   5.7953313523477086E-11   1.4048659749636498E-22   5.0012776354311427E+03
   9.8567700000000000E+08   9.2383268212829041E+05   5.7263631901811258E-11   1.3876928441173410E-22   5.0029150304966961E+03
   9.8767700000000000E+08   9.3001963969875418E+05   5.6584605563667089E-11   1.3708119189791455E-22   5.0044690453245557E+03
   9.8967700000000000E+08   9.3617808991996991E+05   5.5916029963592015E-11   1.3542166415701907E-22   5.0059414856447347E+03
   9.9167700000000000E+08   9.4230810353491281E+05   5.5257705751680773E-11   1.3379006468881167E-22   5.0073341302974450E+03
   9.9367700000000000E+08   9.4840975060059363E+05   5.4609439133445938E-11   1.3218577688149598E-22   5.0086487314030237E+03
   9.9567700000000000E+08   9.5448308804908302E+05   5.3971042589924019E-11   1.3060820548235711E-22   5.0098870146326817E+03
   9.9767700000000000E+08   9.6052814306062495E+05   5.3342335767151421E-11   1.2905677848752461E-22   5.0110506794850508E+03
   9.9967700000000000E+08   9.6654489892434236E+05   5.2723145973808877E-11   1.2753094810196721E-22   5.0121413992091084E+03
   1.0016770000000000E+09   9.7253329392036796E+05   5.2113307556796458E-11   1.2603018900471244E-22   5.0131608203641817E+03
   1.0036770000000000E+09   9.7849324544184690E+05   5.1512659482249278E-11   1.2455399230696986E-22   5.0141105615754050E+03
   1.0056770000000000E+09   9.8442470312690153E+05   5.0921041177080742E-11   1.2310185532104504E-22   5.0149922122232492E+03
   1.0076770000000000E+09   9.9032772046657873E+05   5.0338287680548707E-11   1.2167326964825267E-22   5.0158073323560138E+03
   1.0096770000000000E+09   9.9620252346332441E+05   4.9764225730662019E-11   1.2026771150151008E-22   5.0165574543391522E+03
   1.0116770000000000E+09   1.0020495499550801E+06   4.9198672384505516E-11   1.1888463810909730E-22   5.0172440868931044E+03
   1.0136770000000000E+09   1.0078694429636927E+06   4.8641436785254228E-11   1.1752349168390884E-22   5.0178687212092827E+03
   1.0156770000000000E+09   1.0136630090170812E+06   4.8092324077156547E-11   1.1618370870855229E-22   5.0184328319569704E+03
   1.0176770000000000E+09   1.0194311295584260E+06   4.7551142146265062E-11   1.1486473597826593E-22   5.0189378811633660E+03
   1.0196770000000000E+09   1.0251746309597526E+06   4.7017709886204232E-11   1.1356605027880663E-22   5.0193853242751147E+03
   1.0216770000000000E+09   1.0308941752581432E+06   4.6491863036383496E-11   1.1228717245778819E-22   5.0197766050153277E+03
   1.0236770000000000E+09   1.0365901938768517E+06   4.5973456972330856E-11   1.1102767413904000E-22   5.0201131498486957E+03
   1.0256770000000000E+09   1.0422628632549859E+06   4.5462366637287673E-11   1.0978717749488329E-22   5.0203963642179524E+03
   1.0276770000000000E+09   1.0479121241295564E+06   4.4958483878025617E-11   1.0856534878336395E-22   5.0206276275285300E+03
   1.0296770000000000E+09   1.0535377332228022E+06   4.4461713152606294E-11   1.0736188793232116E-22   5.0208082894089457E+03
   1.0316770000000000E+09   1.0591393314548095E+06   4.3971966697270070E-11   1.0617651678830081E-22   5.0209396676489196E+03
   1.0336770000000000E+09   1.0647165132543615E+06   4.3489160073668075E-11   1.0500896825663608E-22   5.0210230477506348E+03
   1.0356770000000000E+09   1.0702688855133206E+06   4.3013208685616553E-11   1.0385897776227331E-22   5.0210596837582998E+03
   1.0376770000000000E+09   1.0757961100643433E+06   4.2544025496727967E-11   1.0272627759906121E-22   5.0210507999098072E+03
   1.0396770000000000E+09   1.0812979284715524E+06   4.2081519894030742E-11   1.0161059404355911E-22   5.0209975926710513E+03
   1.0416770000000000E+09   1.0867741713732753E+06   4.1625597469879069E-11   1.0051164669005126E-22   5.0209012328152967E+03
   1.0436770000000000E+09   1.0922247563465296E+06   4.1176160430969177E-11   9.9429149307606190E-23   5.0207628673381032E+03
   1.0456770000000000E+09   1.0976496785725097E+06   4.0733108358575592E-11   9.8362811554806526E-23   5.0205836211076048E+03
   1.0476770000000000E+09   1.1030489979977782E+06   4.0296339101516489E-11   9.7312341024903060E-23   5.0203645982243979E+03
   1.0496770000000000E+09   1.1084228257058759E+06   3.9865749653130104E-11   9.6277445261750347E-23   5.0201068831092498E+03
   1.0516770000000000E+09   1.1137713112028653E+06   3.9441236926864482E-11   9.5257833539346406E-23   5.0198115413580608E+03
   1.0536770000000000E+09   1.1190946314876610E+06   3.9022698393137714E-11   9.4253218313736910E-23   5.0194796204078502E+03
   1.0556770000000000E+09   1.1243929821933354E+06   3.8610032571681151E-11   9.3263316332289640E-23   5.0191121500545451E+03
   1.0576770000000000E+09   1.1296665707303386E+06   3.8203139391426800E-11   9.2287849428552985E-23   5.0187101428578144E+03
   1.0596770000000000E+09   1.1349156111838974E+06   3.7801920438066831E-11   9.1326545050513220E-23   5.0182745944624121E+03
   1.0616770000000000E+09   1.1401403206561019E+06   3.7406279111367172E-11   9.0379136574921055E-23   5.0178064838592927E+03
   1.0636770000000000E+09   1.1453409167464369E+06   3.7016120713033444E-11   8.9445363457363584E-23   5.0173067736053399E+03
   1.0656770000000000E+09   1.1505176158986434E+06   3.6631352483185579E-11   8.8524971261246717E-23   5.0167764100160020E+03
   1.0676770000000000E+09   1.1556706323857217E+06   3.6251883600360715E-11   8.7617711601360534E-23   5.0162163233419487E+03
   1.0696770000000000E+09   1.1608001777482026E+06   3.5877625156929515E-11   8.6723342030457360E-23   5.0156274279374356E+03
   1.0716770000000000E+09   1.1659064605397568E+06   3.5508490119089906E-11   8.5841625890755047E-23   5.0150106224261235E+03
   1.0736770000000000E+09   1.1709896862684258E+06   3.5144393278225195E-11   8.4972332146599131E-23   5.0143667898675130E+03
   1.0756770000000000E+09   1.1760500574512896E+06   3.4785251198408500E-11   8.4115235209710116E-23   5.0136967979259307E+03
   1.0776770000000000E+09   1.1810877737256899E+06   3.4430982163188126E-11   8.3270114764492135E-23   5.0130014990428517E+03
   1.0796770000000000E+09   1.1861030319807418E+06   3.4081506123509507E-11   8.2436755597816353E-23   5.0122817306122106E+03
   1.0816770000000000E+09   1.1910960264882713E+06   3.3736744647720191E-11   8.1614947435495472E-23   5.0115383151586857E+03
   1.0836770000000000E+09   1.1960669490227760E+06   3.3396620874010463E-11   8.0804484786245038E-23   5.0107720605183040E+03
   1.0856770000000000E+09   1.2010159889660310E+06   3.3061059465317300E-11   8.0005166793142612E-23   5.0099837600208748E+03
   1.0876770000000000E+09   1.2059433333946960E+06   3.2729986566577830E-11   7.9216797092250877E-23   5.0091741926740742E+03
   1.0896770000000000E+09   1.2108491671504180E+06   3.2403329764174467E-11   7.8439183677973400E-23   5.0083441233486501E+03
   1.0916770000000000E+09   1.2157336728923500E+06   3.2081018047416571E-11   7.7672138774717488E-23   5.0074943029643346E+03
   1.0936770000000000E+09   1.2205970311325267E+06   3.1762981771914747E-11   7.6915478714466024E-23   5.0066254686762422E+03
   1.0956770000000000E+09   1.2254394202554284E+06   3.1449152624702502E-11   7.6169023819865565E-23   5.0057383440610292E+03
   1.0976770000000000E+09   1.2302610165239871E+06   3.1139463590959868E-11   7.5432598292431712E-23   5.0048336393026348E+03
   1.0996770000000000E+09   1.2350619940751076E+06   3.0833848922190329E-11   7.4706030105470442E-23   5.0039120513771350E+03
   1.1016770000000000E+09   1.2398425249081999E+06   3.0532244105706515E-11   7.3989150901323418E-23   5.0029742642364135E+03
   1.1036770000000000E+09   1.2446027788701248E+06   3.0234585835294097E-11   7.3281795892578117E-23   5.0020209489904810E+03
   1.1056770000000000E+09   1.2493429236394360E+06   2.9940811982942410E-11   7.2583803766931100E-23   5.0010527640883483E+03
   1.1076770000000000E+09   1.2540631247120465E+06   2.9650861571551102E-11   7.1895016595445801E-23   5.0000703554972306E+03
   1.1096770000000000E+09   1.2587635453895170E+06   2.9364674748543672E-11   7.1215279743995990E-23   4.9990743568801809E+03
   1.1116770000000000E+09   1.2634443467703133E+06   2.9082192760335369E-11   7.0544441787731317E-23   4.9980653897719767E+03
   1.1136770000000000E+09   1.2681056877436989E+06   2.8803357927614649E-11   6.9882354428429077E-23   4.9970440637532583E+03
   1.1156770000000000E+09   1.2727477249853427E+06   2.8528113621407031E-11   6.9228872414621029E-23   4.9960109766229380E+03
   1.1176770000000000E+09   1.2773706129535253E+06   2.8256404239891105E-11   6.8583853464391380E-23   4.9949667145686262E+03
   1.1196770000000000E+09   1.2819745038845567E+06   2.7988175185943886E-11   6.7947158190755264E-23   4.9939118523352636E+03
   1.1216770000000000E+09   1.2865595477861390E+06   2.7723372845388897E-11   6.7318650029526660E-23   4.9928469533916150E+03
   1.1236770000000000E+09   1.2911258924274808E+06   2.7461944565924511E-11   6.6698195169589054E-23   4.9917725700947849E+03
   1.1256770000000000E+09   1.2956736833252085E+06   2.7203838636708256E-11   6.6085662485484092E-23   4.9906892438525092E+03
   1.1276770000000000E+09   1.3002030637244352E+06   2.6949004268572059E-11   6.5480923472230832E-23   4.9895975052831618E+03
   1.1296770000000000E+09   1.3047141745746455E+06   2.6697391574844299E-11   6.4883852182289413E-23   4.9884978743735192E+03
   1.1316770000000000E+09   1.3092071545004749E+06   2.6448951552750731E-11   6.4294325164579804E-23   4.9873908606340028E+03
   1.1336770000000000E+09   1.3136821397678631E+06   2.6203636065365672E-11   6.3712221405459138E-23   4.9862769632515292E+03
   1.1356770000000000E+09   1.3181392642464975E+06   2.5961397824080161E-11   6.3137422271556086E-23   4.9851566712397707E+03
   1.1376770000000000E+09   1.3225786593699008E+06   2.5722190371551566E-11   6.2569811454351796E-23   4.9840304635868915E+03
   1.1396770000000000E+09   1.3270004540949974E+06   2.5485968065093152E-11   6.2009274916386157E-23   4.9828988094006399E+03
   1.1416770000000000E+09   1.3314047748633698E+06   2.5252686060460634E-11   6.1455700838961292E-23   4.9817621680509674E+03
   1.1436770000000000E+09   1.3357917455669020E+06   2.5022300295985551E-11   6.0908979571202388E-23   4.9806209893099731E+03
   1.1456770000000000E+09   1.3401614875208039E+06   2.4794767477006203E-11   6.0369003580332348E-23   4.9794757134894608E+03
   1.1476770000000000E+09   1.3445141194473568E+06   2.4570045060542111E-11   5.9835667403009677E-23   4.9783267715761176E+03
   1.1496770000000000E+09   1.3488497574739277E+06   2.4348091240159188E-11   5.9308867597581470E-23   4.9771745853643870E+03
   1.1516770000000000E+09   1.3531685151489277E+06   2.4128864930973735E-11   5.8788502697104165E-23   4.9760195675873065E+03
   1.1536770000000000E+09   1.3574705034793366E+06   2.3912325754747921E-11   5.8274473162997592E-23   4.9748621220454579E+03
   1.1556770000000000E+09   1.3617558309932961E+06   2.3698434025034256E-11   5.7766681339209864E-23   4.9737026437342392E+03
   1.1576770000000000E+09   1.3660246038308800E+06   2.3487150732335974E-11   5.7265031406792387E-23   4.9725415189698015E+03
   1.1596770000000000E+09   1.3702769258656576E+06   2.3278437529259736E-11   5.6769429338810196E-23   4.9713791255138440E+03
   1.1616770000000000E+09   1.3745128988588911E+06   2.3072256715651276E-11   5.6279782855545007E-23   4.9702158326976951E+03
   1.1636770000000000E+09   1.3787326226473178E+06   2.2868571223717582E-11   5.5796001379984528E-23   4.9690520015458233E+03
   1.1656770000000000E+09   1.3829361953642676E+06   2.2667344603158198E-11   5.5317995993633058E-23   4.9678879848993847E+03
   1.1676770000000000E+09   1.3871237136926937E+06   2.2468541006340897E-11   5.4845679392717471E-23   4.9667241275397846E+03
   1.1696770000000000E+09   1.3912952731471502E+06   2.2272125173579166E-11   5.4378965844909961E-23   4.9655607663129222E+03
   1.1716770000000000E+09   1.3954509683804358E+06   2.2078062418579539E-11   5.3917771146723738E-23   4.9643982302540599E+03
   1.1736770000000000E+09   1.3995908935090387E+06   2.1886318614145476E-11   5.3462012581778558E-23   4.9632368407137928E+03
   1.1756770000000000E+09   1.4037151424502200E+06   2.1696860178233250E-11   5.3011608880159468E-23   4.9620769114852155E+03
   1.1776770000000000E+09   1.4078238092624098E+06   2.1509654060462294E-11   5.2566480179111187E-23   4.9609187489322758E+03
   1.1796770000000000E+09   1.4119169884796380E+06   2.1324667729186590E-11   5.2126547985318584E-23   4.9597626521196062E+03
   1.1816770000000000E+09   1.4159947754302111E+06   2.1141869159228989E-11   5.1691735139019619E-23   4.9586089129434677E+03
   1.1836770000000000E+09   1.4200572665296784E+06   2.0961226820373079E-11   5.1261965780175385E-23   4.9574578162639245E+03
   1.1856770000000000E+09   1.4241045595385041E+06   2.0782709666691726E-11   5.0837165316889659E-23   4.9563096400378499E+03
   1.1876770000000000E+09   1.4281367537756155E+06   2.0606287126773125E-11   5.0417260396225715E-23   4.9551646554524286E+03
   1.1896770000000000E+09   1.4321539502802785E+06   2.0431929094881551E-11   5.0002178877509339E-23   4.9540231270589175E+03
   1.1916770000000000E+09   1.4361562519164279E+06   2.0259605923062104E-11   4.9591849808144164E-23   4.9528853129059216E+03
   1.1936770000000000E+09   1.4401437634155138E+06   2.0089288414172950E-11   4.9186203401896957E-23   4.9517514646719719E+03
   1.1956770000000000E+09   1.4441165913561715E+06   1.9920947815797846E-11   4.8785171019541335E-23   4.9506218277965381E+03
   1.1976770000000000E+09   1.4480748440812968E+06   1.9754555814967406E-11   4.8388685151683337E-23   4.9494966416091802E+03
   1.1996770000000000E+09   1.4520186315553524E+06   1.9590084533593098E-11   4.7996679403535233E-23   4.9483761394561443E+03
   1.2016770000000000E+09   1.4559480651669069E+06   1.9427506524499160E-11   4.7609088481355367E-23   4.9472605488239597E+03
   1.2036770000000000E+09   1.4598632574832344E+06   1.9266794767923719E-11   4.7225848180237485E-23   4.9461500914595290E+03
   1.2056770000000000E+09   1.4637643219653873E+06   1.9107922668352153E-11   4.6846895372910485E-23   4.9450449834864230E+03
   1.2076770000000000E+09   1.4676513726533388E+06   1.8950864051542623E-11   4.6472167999201225E-23   4.9439454355170446E+03
   1.2096770000000000E+09   1.4715245238315826E+06   1.8795593161605987E-11   4.6101605055818152E-23   4.9428516527603661E+03
   1.2116770000000000E+09   1.4753838896859162E+06   1.8642084658010892E-11   4.5735146586130292E-23   4.9417638351253609E+03
   1.2136770000000000E+09   1.4792295839621513E+06   1.8490313612394628E-11   4.5372733669643452E-23   4.9406821773198062E+03
   1.2156770000000000E+09   1.4830617196369874E+06   1.8340255505078314E-11   4.5014308410912918E-23   4.9396068689448848E+03
   1.2176770000000000E+09   1.4868804086105707E+06   1.8191886221199945E-11   4.4659813927675305E-23   4.9385380945852639E+03
   1.2196770000000000E+09   1.4906857614289501E+06   1.8045182046404735E-11   4.4309194338034474E-23   4.9374760338955493E+03
   1.2216770000000000E+09   1.4944778870433101E+06   1.7900119662049095E-11   4.3962394746590700E-23   4.9364208616826672E+03
   1.2236770000000000E+09   1.4982568926109485E+06   1.7756676139903699E-11   4.3619361229461566E-23   4.9353727479850540E+03
   1.2256770000000000E+09   1.5020228833410873E+06   1.7614828936362000E-11   4.3280040818200599E-23   4.9343318581489502E+03
   1.2276770000000000E+09   1.5057759623865788E+06   1.7474555886182819E-11   4.2944381482675812E-23   4.9332983529019430E+03
   1.2296770000000000E+09   1.5095162307804769E+06   1.7335835195818784E-11   4.2612332113021385E-23   4.9322723884246498E+03
   1.2316770000000000E+09   1.5132437874147475E+06   1.7198645436394634E-11   4.2283842500814506E-23   4.9312541164205022E+03
   1.2336770000000000E+09   1.5169587290567721E+06   1.7062965536414697E-11   4.1958863319661839E-23   4.9302436841842855E+03
   1.2356770000000000E+09   1.5206611503982330E+06   1.6928774774283443E-11   4.1637346105395095E-23   4.9292412346697065E+03
   1.2376770000000000E+09   1.5243511441303671E+06   1.6796052770723327E-11   4.1319243236077046E-23   4.9282469065562473E+03
   1.2396770000000000E+09   1.5280288010393605E+06   1.6664779481170675E-11   4.1004507912012747E-23   4.9272608343153579E+03
   1.2416770000000000E+09   1.5316942101158991E+06   1.6534935188222763E-11   4.0693094135938982E-23   4.9262831482765332E+03
   1.2436770000000000E+09   1.5353474586734721E+06   1.6406500494195742E-11   4.0384956693540799E-23   4.9253139746927081E+03
   1.2456770000000000E+09   1.5389886324706969E+06   1.6279456313845324E-11   4.0080051134415209E-23   4.9243534358056995E+03
   1.2476770000000000E+09   1.5426178158338002E+06   1.6153783867286565E-11   3.9778333753573685E-23   4.9234016499111931E+03
   1.2496770000000000E+09   1.5462350917761531E+06   1.6029464673140343E-11   3.9479761573549118E-23   4.9224587314233995E+03
   1.2516770000000000E+09   1.5498405421124469E+06   1.5906480541925466E-11   3.9184292327151105E-23   4.9215247909395221E+03
   1.2536770000000000E+09   1.5534342475657619E+06   1.5784813569705986E-11   3.8891884440894195E-23   4.9205999353037869E+03
   1.2556770000000000E+09   1.5570162878662669E+06   1.5664446131998825E-11   3.8602497019109658E-23   4.9196842676711085E+03
   1.2576770000000000E+09   1.5605867418407700E+06   1.5545360877940419E-11   3.8316089828738316E-23   4.9187778875701833E+03
   1.2596770000000000E+09   1.5641456874926072E+06   1.5427540724709915E-11   3.8032623284794465E-23   4.9178808909663585E+03
   1.2616770000000000E+09   1.5676932020718011E+06   1.5310968852199178E-11   3.7752058436480653E-23   4.9169933703236502E+03
   1.2636770000000000E+09   1.5712293621354401E+06   1.5195628697922982E-11   3.7474356953932527E-23   4.9161154146663630E+03
   1.2656770000000000E+09   1.5747542435984707E+06   1.5081503952157819E-11   3.7199481115566779E-23   4.9152471096399549E+03
   1.2676770000000000E+09   1.5782679217750502E+06   1.4968578553299746E-11   3.6927393796007216E-23   4.9143885375711925E+03
   1.2696770000000000E+09   1.5817704714105832E+06   1.4856836683431799E-11   3.6658058454563655E-23   4.9135397775277124E+03
   1.2716770000000000E+09   1.5852619667045902E+06   1.4746262764089988E-11   3.6391439124238075E-23   4.9127009053766433E+03
   1.2736770000000000E+09   1.5887424813243730E+06   1.4636841452220636E-11   3.6127500401236664E-23   4.9118719938426048E+03
   1.2756770000000000E+09   1.5922120884095719E+06   1.4528557636318355E-11   3.5866207434962398E-23   4.9110531125648176E+03
   1.2776770000000000E+09   1.5956708605676685E+06   1.4421396432735510E-11   3.5607525918463744E-23   4.9102443281534124E+03
   1.2796770000000000E+09   1.5991188698605932E+06   1.4315343182152537E-11   3.5351422079313295E-23   4.9094457042447930E+03
   1.2816770000000000E+09   1.6025561877826445E+06   1.4210383446198451E-11   3.5097862670887895E-23   4.9086573015562008E+03
   1.2836770000000000E+09   1.6059828852300416E+06   1.4106503004209263E-11   3.4846814964020833E-23   4.9078791779392013E+03
   1.2856770000000000E+09   1.6093990324624444E+06   1.4003687850112923E-11   3.4598246738995637E-23   4.9071113884322658E+03
   1.2876770000000000E+09   1.6128046990568044E+06   1.3901924189428891E-11   3.4352126277851834E-23   4.9063539853123602E+03
   1.2896770000000000E+09   1.6161999538538808E+06   1.3801198436370967E-11   3.4108422356973837E-23   4.9056070181454534E+03
   1.2916770000000000E+09   1.6195848648976302E+06   1.3701497211043773E-11   3.3867104239938190E-23   4.9048705338359696E+03
   1.2936770000000000E+09   1.6229594993674937E+06   1.3602807336725017E-11   3.3628141670597926E-23   4.9041445766752813E+03
   1.2956770000000000E+09   1.6263239235034152E+06   1.3505115837226995E-11   3.3391504866388406E-23   4.9034291883890064E+03
   1.2976770000000000E+09   1.6296782025230918E+06   1.3408409934335219E-11   3.3157164511846323E-23   4.9027244081834151E+03
   1.2996770000000000E+09   1.6330224005308845E+06   1.3312677045321983E-11   3.2925091752336001E-23   4.9020302727908847E+03
   1.3016770000000000E+09   1.6363565804180370E+06   1.3217904780532107E-11   3.2695258187974422E-23   4.9013468165144977E+03
   1.3036770000000000E+09   1.6396808037547418E+06   1.3124080941033084E-11   3.2467635867732468E-23   4.9006740712721830E+03
   1.3056770000000000E+09   1.6429951306765743E+06   1.3031193516307365E-11   3.2242197283656986E-23   4.9000120666402972E+03
   1.3076770000000000E+09   1.6462996197712328E+06   1.2939230681942883E-11   3.2018915365102167E-23   4.8993608298969939E+03
   1.3096770000000000E+09   1.6495943279765074E+06   1.2848180797244330E-11   3.1797763472778700E-23   4.8987203860652162E+03
   1.3116770000000000E+09   1.6528793105068090E+06   1.2758032402647498E-11   3.1578715392328683E-23   4.8980907579552822E+03
   1.3136770000000000E+09   1.6561546208326502E+06   1.2668774216774859E-11   3.1361745327029384E-23   4.8974719662062944E+03
   1.3156770000000000E+09   1.6594203107433177E+06   1.2580395132938985E-11   3.1146827889150730E-23   4.8968640293255430E+03
   1.3176770000000000E+09   1.6626764305252028E+06   1.2492884214896211E-11   3.0933938089481042E-23   4.8962669637249273E+03
   1.3196770000000000E+09   1.6659230292837047E+06   1.2406230691694557E-11   3.0723051324640920E-23   4.8956807837529841E+03
   1.3216770000000000E+09   1.6691601554220284E+06   1.2320423951572575E-11   3.0514143362075076E-23   4.8951055017224098E+03
   1.3236770000000000E+09   1.6723878572642147E+06   1.2235453535047284E-11   3.0307190323056978E-23   4.8945411279337668E+03
   1.3256770000000000E+09   1.6756061837735604E+06   1.2151309127572516E-11   3.0102168664629936E-23   4.8939876706983496E+03
   1.3276770000000000E+09   1.6788151852769912E+06   1.2067980552406587E-11   2.9899055162035920E-23   4.8934451363652524E+03
   1.3296770000000000E+09   1.6820149140717119E+06   1.1985457764525748E-11   2.9697826893666341E-23   4.8929135293592690E+03
   1.3316770000000000E+09   1.6852054247763725E+06   1.1903730846469246E-11   2.9498461230695600E-23   4.8923928522362057E+03
   1.3336770000000000E+09   1.6883867743089083E+06   1.1822790006815538E-11   2.9300935833118743E-23   4.8918831057590451E+03
   1.3356770000000000E+09   1.6915590214340873E+06   1.1742625581540633E-11   2.9105228652841045E-23   4.8913842889923772E+03
   1.3376770000000000E+09   1.6947222259204169E+06   1.1663228037848795E-11   2.8911317942875833E-23   4.8908963994044389E+03
   1.3396770000000000E+09   1.6978764474565098E+06   1.1584587979356421E-11   2.8719182269987527E-23   4.8904194329586790E+03
   1.3416770000000000E+09   1.7010217445657426E+06   1.1506696150989830E-11   2.8528800526835523E-23   4.8899533841739285E+03
   1.3436770000000000E+09   1.7041581737856518E+06   1.1429543441876181E-11   2.8340151939429774E-23   4.8894982461380059E+03
   1.3456770000000000E+09   1.7072857893191238E+06   1.1353120884998443E-11   2.8153216066839169E-23   4.8890540104737975E+03
   1.3476770000000000E+09   1.7104046432222882E+06   1.1277419653382760E-11   2.7967972792452243E-23   4.8886206672766657E+03
   1.3496770000000000E+09   1.7135147860118537E+06   1.1202431053772312E-11   2.7784402308942160E-23   4.8881982050586839E+03
   1.3516770000000000E+09   1.7166162674238330E+06   1.1128146519639500E-11   2.7602485101309010E-23   4.8877866107385071E+03
   1.3536770000000000E+09   1.7197091370073645E+06   1.1054557605566928E-11   2.7422201932915259E-23   4.8873858697004844E+03
   1.3556770000000000E+09   1.7227934443253141E+06   1.0981655984326677E-11   2.7243533837878992E-23   4.8869959659146998E+03
   1.3576770000000000E+09   1.7258692387261763E+06   1.0909433446684392E-11   2.7066462120135740E-23   4.8866168820771627E+03
   1.3596770000000000E+09   1.7289365688588507E+06   1.0837881902667703E-11   2.6890968356360420E-23   4.8862485997135836E+03
   1.3616770000000000E+09   1.7319954822145051E+06   1.0766993382449622E-11   2.6717034398375470E-23   4.8858910992059500E+03
   1.3636770000000000E+09   1.7350460249346935E+06   1.0696760035434281E-11   2.6544642371508778E-23   4.8855443597438252E+03
   1.3656770000000000E+09   1.7380882419488262E+06   1.0627174127330043E-11   2.6373774668092470E-23   4.8852083592475592E+03
   1.3676770000000000E+09   1.7411221773059485E+06   1.0558228036209880E-11   2.6204413938221369E-23   4.8848830743294020E+03
   1.3696770000000000E+09   1.7441478744709534E+06   1.0489914249023956E-11   2.6036543081197361E-23   4.8845684803334834E+03
   1.3716770000000000E+09   1.7471653764202611E+06   1.0422225359483420E-11   2.5870145240035804E-23   4.8842645514404512E+03
   1.3736770000000000E+09   1.7501747255401462E+06   1.0355154067137010E-11   2.5705203798922737E-23   4.8839712607769006E+03
   1.3756770000000000E+09   1.7531759634724641E+06   1.0288693176653646E-11   2.5541702381497147E-23   4.8836885804680096E+03
   1.3776770000000000E+09   1.7561691310630394E+06   1.0222835596393942E-11   2.5379624847742234E-23   4.8834164816190651E+03
   1.3796770000000000E+09   1.7591542684524057E+06   1.0157574336149333E-11   2.5218955288951168E-23   4.8831549342677636E+03
   1.3816770000000000E+09   1.7621314152138166E+06   1.0092902504717023E-11   2.5059678022117874E-23   4.8829039073659733E+03
   1.3836770000000000E+09   1.7651006104004513E+06   1.0028813308096856E-11   2.4901777585644856E-23   4.8826633688040993E+03
   1.3856770000000000E+09   1.7680618924165107E+06   9.9653000485952680E-12   2.4745238737434093E-23   4.8824332854094055E+03
   1.3876770000000000E+09   1.7710152986412148E+06   9.9023561248008837E-12   2.4590046456056884E-23   4.8822136227617111E+03
   1.3896770000000000E+09   1.7739608644782340E+06   9.8399750333926143E-12   2.4436185948741274E-23   4.8820043445483416E+03
   1.3916770000000000E+09   1.7768986206258454E+06   9.7781503774597444E-12   2.4283642680495916E-23   4.8818054108964070E+03
   1.3936770000000000E+09   1.7798285851290489E+06   9.7168758955111018E-12   2.4132402465297674E-23   4.8816167744827035E+03
   1.3956770000000000E+09   1.7827507414417448E+06   9.6561455486670373E-12   2.3982451723170177E-23   4.8814383721496879E+03
   1.3976770000000000E+09   1.7856649817165553E+06   9.5959537583420356E-12   2.3833778147865917E-23   4.8812701086798324E+03
   1.3996770000000000E+09   1.7885709701293146E+06   9.5362960030675841E-12   2.3686372314846135E-23   4.8811118300538710E+03
   1.4016770000000000E+09   1.7914678387348435E+06   9.4771701934893590E-12   2.3540231249969352E-23   4.8809632900241422E+03
   1.4036770000000000E+09   1.7943535724367343E+06   9.4185795366566225E-12   2.3395365619642144E-23   4.8808241318487344E+03
   1.4056770000000000E+09   1.7972239059966796E+06   9.3605377995260247E-12   2.3251812564818485E-23   4.8806939359267426E+03
   1.4076770000000000E+09   1.8000706391084611E+06   9.3030774828967053E-12   2.3109655170717259E-23   4.8805723950714919E+03
   1.4096770000000000E+09   1.8028796118149897E+06   9.2462596223007437E-12   2.2969045545165627E-23   4.8804595887169007E+03
   1.4116770000000000E+09   1.8056291698862968E+06   9.1901805736896872E-12   2.2830221496577842E-23   4.8803560344125517E+03
   1.4136770000000000E+09   1.8082902019106646E+06   9.1349692483131422E-12   2.2693503688591702E-23   4.8802618368326848E+03
   1.4156770000000000E+09   1.8108272344342340E+06   9.0807765885658518E-12   2.2559278580638788E-23   4.8801747101293095E+03
   1.4176770000000000E+09   1.8131955723202340E+06   9.0277854509740468E-12   2.2428025297798581E-23   4.8800894034172543E+03
   1.4196770000000000E+09   1.8153266786400294E+06   8.9762904440640503E-12   2.2300479974290799E-23   4.8800050603477885E+03
   1.4216770000000000E+09   1.8171080661224385E+06   8.9268254883843111E-12   2.2177874452857670E-23   4.8799425638618150E+03
   1.4236770000000000E+09   1.8184041319117581E+06   8.8800827087766402E-12   2.2061723124148236E-23   4.8799476966154489E+03
   1.4256770000000000E+09   1.8191774753248477E+06   8.8362584576929643E-12   2.1952453833373460E-23   4.8800348581067637E+03
   1.4276770000000000E+09   1.8196394651733893E+06   8.7942000821244451E-12   2.1847647025199203E-23   4.8801060294134959E+03
   1.4296770000000000E+09   1.8201723164666463E+06   8.7518614161283844E-12   2.1742857593943220E-23   4.8800176973143198E+03
   1.4316770000000000E+09   1.8209631696371781E+06   8.7084218343541938E-12   2.1635850085298976E-23   4.8798118889854559E+03
   1.4336770000000000E+09   1.8219559563059772E+06   8.6641853693975031E-12   2.1527245244969917E-23   4.8795173130139374E+03
   1.4356770000000000E+09   1.8223739884013655E+06   8.6239499588623458E-12   2.1426199920997312E-23   4.8797622309014632E+03
   6.5767700000000000E+08  -2.8462620292741485E+03   3.7783306779628014E-16   1.6420909159156890E-26   1.1077325996301979E+03
   6.5967700000000000E+08  -2.8780003221958787E+03   6.3731320274094170E-16   2.6805233161794916E-26   1.1446309827326779E+03
   6.6167700000000000E+08  -2.8434663778899780E+03   1.0467741782831414E-15   4.3050426954155589E-26   1.1705978143361910E+03
   6.6367700000000000E+08  -2.7901025134061661E+03   1.6946035118905489E-15   6.8554738786652706E-26   1.1900433794434273E+03
   6.6567700000000000E+08  -2.9203086863942240E+03   2.7613565184962444E-15   1.0980331679295664E-25   1.2107073918028227E+03
   6.6767700000000000E+08  -3.9578278737925930E+03   4.8027347391211306E-15   1.8552925329861556E-25   1.2462591929720975E+03
   6.6967700000000000E+08  -6.1494658130099042E+03   9.8636949205461543E-15   3.6567243972528937E-25   1.2986124816722818E+03
   6.7167700000000000E+08  -7.3846617794211752E+03   2.4122216603015797E-14   8.7430697053171962E-25   1.3282671830380336E+03
   6.7367700000000000E+08  -6.4836964167545502E+03   6.1011124759311510E-14   2.2254100669694878E-24   1.3198699887642399E+03
   6.7567700000000000E+08  -4.6437412498794156E+03   1.4045078859457623E-13   5.2078178932082009E-24   1.2983762520540643E+03
   6.7767700000000000E+08  -2.7688262362914761E+03   2.7968312327182584E-13   1.0523267055873370E-23   1.2795222423688933E+03
   6.7967700000000000E+08  -1.1197345148681743E+03   4.8020029172385358E-13   1.8240876990205040E-23   1.2673859134694635E+03
   6.8167700000000000E+08   2.8489329772115457E+02   7.2292372249832779E-13   2.7557750161643786E-23   1.2629346785157454E+03
   6.8367700000000000E+08   1.4863785738396164E+03   9.7717447317336521E-13   3.7094612852929706E-23   1.2682166230762884E+03
   6.8567700000000000E+08   2.5171824467625897E+03   1.2160111910412776E-12   4.5454749032099111E-23   1.2879247183135199E+03
   6.8767700000000000E+08   3.3640804331586455E+03   1.4262525844485711E-12   5.1688114855629019E-23   1.3284276980951111E+03
   6.8967700000000000E+08   3.9795440227290637E+03   1.6078008844225137E-12   5.5516954396500844E-23   1.3942440536792008E+03
   6.9167700000000000E+08   4.3520097986255287E+03   1.7660339930278335E-12   5.7267399041535398E-23   1.4846489337614587E+03
   6.9367700000000000E+08   4.5620727734061029E+03   1.9051400219821859E-12   5.7556613784298433E-23   1.5935431804611890E+03
   6.9567700000000000E+08   4.7717347073636984E+03   2.0264850214322441E-12   5.6978145329401508E-23   1.7122503367912061E+03
   6.9767700000000000E+08   5.1621772259073214E+03   2.1299711211338450E-12   5.5943428697240775E-23   1.8329761151306554E+03
   6.9967700000000000E+08   5.8814234964831112E+03   2.2160542450905935E-12   5.4702147776574917E-23   1.9503303514453430E+03
   7.0167700000000000E+08   7.0246633089311645E+03   2.2861506064035729E-12   5.3396587100854580E-23   2.0612160175675026E+03
   7.0367700000000000E+08   8.6317680412643931E+03   2.3422343152083116E-12   5.2101434831434400E-23   2.1642769126975481E+03
   7.0567700000000000E+08   1.0694312136885612E+04   2.3863477791895872E-12   5.0851536708519048E-23   2.2592371769042056E+03
   7.0767700000000000E+08   1.3167325283359032E+04   2.4202716596165529E-12   4.9658577240767281E-23   2.3463998045009384E+03
   7.0967700000000000E+08   1.5982470013608627E+04   2.4453951899517598E-12   4.8521235247721712E-23   2.4263272508152454E+03
   7.1167700000000000E+08   1.9060459065638566E+04   2.4627290320709671E-12   4.7431581581780086E-23   2.4996614629202036E+03
   7.1367700000000000E+08   2.2318966692698730E+04   2.4729756036689811E-12   4.6378939497693767E-23   2.5670314474531438E+03
   7.1567700000000000E+08   2.5678576541955630E+04   2.4766120070331321E-12   4.5352147547857513E-23   2.6290103029173965E+03
   7.1767700000000000E+08   2.9068732431719978E+04   2.4739855533322126E-12   4.4341148733264975E-23   2.6861013187468307E+03
   7.1967700000000000E+08   3.2430112323983616E+04   2.4653965428275553E-12   4.3337911946364732E-23   2.7387410457886422E+03
   7.2167700000000000E+08   3.5715253185874026E+04   2.4511485271454093E-12   4.2336685099619356E-23   2.7873079183081791E+03
   7.2367700000000000E+08   3.8888506264581316E+04   2.4315786423774039E-12   4.1333958675246468E-23   2.8321319932992101E+03
   7.2567700000000000E+08   4.1925404009866230E+04   2.4070733050180084E-12   4.0328268552719198E-23   2.8735046937241168E+03
   7.2767700000000000E+08   4.4811664899807423E+04   2.3780723991114343E-12   3.9319902812914764E-23   2.9116878048767439E+03
   7.2967700000000000E+08   4.7541933370536542E+04   2.3450645121587463E-12   3.8310553972560704E-23   2.9469212705637897E+03
   7.3167700000000000E+08   5.0118319599224393E+04   2.3085753732202862E-12   3.7302945173462145E-23   2.9794294583137457E+03
   7.3367700000000000E+08   5.2548811208930805E+04   2.2691516790019459E-12   3.6300455407154987E-23   3.0094256910213135E+03
   7.3567700000000000E+08   5.4845651774186277E+04   2.2273426706297786E-12   3.5306768410335636E-23   3.0371150170895967E+03
   7.3767700000000000E+08   5.7023793358154442E+04   2.1836818490478853E-12   3.4325567881384415E-23   3.0626953852777629E+03
   7.3967700000000000E+08   5.9099522534840136E+04   2.1386709064983135E-12   3.3360295955437692E-23   3.0863575539329604E+03
   7.4167700000000000E+08   6.1089333338388722E+04   2.0927673385788582E-12   3.2413983342437439E-23   3.1082841583806985E+03
   7.4367700000000000E+08   6.3009081032441871E+04   2.0463764360812394E-12   3.1489150285951457E-23   3.1286483710343923E+03
   7.4567700000000000E+08   6.4873413220520313E+04   1.9998476153497443E-12   3.0587769589712628E-23   3.1476125284824420E+03
   7.4767700000000000E+08   6.6695445390429857E+04   1.9534744942721474E-12   2.9711278087479782E-23   3.1653269968754498E+03
   7.4967700000000000E+08   6.8486631422222112E+04   1.9074978146160008E-12   2.8860621301970522E-23   3.1819294318208590E+03
   7.5167700000000000E+08   7.0256774968335478E+04   1.8621102367992457E-12   2.8036317085220547E-23   3.1975444861114615E+03
   7.5367700000000000E+08   7.2014131834565342E+04   1.8174621257416650E-12   2.7238526708082190E-23   3.2122839417031178E+03
   7.5567700000000000E+08   7.3765562619928765E+04   1.7736676294013015E-12   2.6467125142383791E-23   3.2262471951405328E+03
   7.5767700000000000E+08   7.5516705566556280E+04   1.7308105596768470E-12   2.5721765394087453E-23   3.2395220047802391E+03
   7.5967700000000000E+08   7.7272149572748778E+04   1.6889497755046356E-12   2.5001934278901006E-23   3.2521854068588564E+03
   7.6167700000000000E+08   7.9035595480368880E+04   1.6481239190539108E-12   2.4306998848377312E-23   3.2643047182495898E+03
   7.6367700000000000E+08   8.0809999737979000E+04   1.6083554630554355E-12   2.3636243824396069E-23   3.2759385602858865E+03
   7.6567700000000000E+08   8.2597698539641162E+04   1.5696540951464281E-12   2.2988901020965961E-23   3.2871378557537014E+03
   7.6767700000000000E+08   8.4400512947689931E+04   1.5320195023732097E-12   2.2364171981958824E-23   3.2979467673049057E+03
   7.6967700000000000E+08   8.6219836771513845E+04   1.4954436348410180E-12   2.1761245080641941E-23   3.3084035588097895E+03
   7.7167700000000000E+08   8.8056709485507366E+04   1.4599125297889820E-12   2.1179308217421682E-23   3.3185413712154718E+03
   7.7367700000000000E+08   8.9911876530361827E+04   1.4254077720085655E-12   2.0617558087852759E-23   3.3283889115523175E+03
   7.7567700000000000E+08   9.1785839164150966E+04   1.3919076575532101E-12   2.0075206817543836E-23   3.3379710583401975E+03
   7.7767700000000000E+08   9.3678895748921757E+04   1.3593881176243601E-12   1.9551486597680730E-23   3.3473093893650021E+03
   7.7967700000000000E+08   9.5591176054432319E+04   1.3278234497854616E-12   1.9045652814836608E-23   3.3564226391546522E+03
   7.8167700000000000E+08   9.7522669875061169E+04   1.2971868949448021E-12   1.8556986054076022E-23   3.3653270939220242E+03
   7.8367700000000000E+08   9.9473251007046172E+04   1.2674510911085730E-12   1.8084793263487454E-23   3.3740369315976768E+03
   7.8567700000000000E+08   1.0144269742574688E+05   1.2385884287403102E-12   1.7628408297870333E-23   3.3825645140907773E+03
   7.8767700000000000E+08   1.0343070833445080E+05   1.2105713275515926E-12   1.7187192005551665E-23   3.3909206382606808E+03
   7.8967700000000000E+08   1.0543691862221705E+05   1.1833724505257515E-12   1.6760531981666404E-23   3.3991147513628730E+03
   7.9167700000000000E+08   1.0746091116234273E+05   1.1569648677720652E-12   1.6347842080696069E-23   3.4071551360185827E+03
   7.9367700000000000E+08   1.0950222729985605E+05   1.1313221802639709E-12   1.5948561758135951E-23   3.4150490690858851E+03
   7.9567700000000000E+08   1.1156037581091796E+05   1.1064186115005318E-12   1.5562155293987252E-23   3.4228029582003755E+03
   7.9767700000000000E+08   1.1363484056556456E+05   1.0822290735322328E-12   1.5188110937841943E-23   3.4304224592128603E+03
   7.9967700000000000E+08   1.1572508708433877E+05   1.0587292125243899E-12   1.4825940005595237E-23   3.4379125772796106E+03
   8.0167700000000000E+08   1.1783056814689159E+05   1.0358954380218874E-12   1.4475175950444501E-23   3.4452777539535487E+03
   8.0367700000000000E+08   1.1995072858458104E+05   1.0137049392733495E-12   1.4135373425228517E-23   3.4525219422758178E+03
   8.0567700000000000E+08   1.2208500936813193E+05   9.9213569132684002E-13   1.3806107348865459E-23   3.4596486715703136E+03
   8.0767700000000000E+08   1.2423285108422789E+05   9.7116645309066540E-13   1.3486971986359815E-23   3.4666611033914505E+03
   8.0967700000000000E+08   1.2639369688086477E+05   9.5077675913427182E-13   1.3177580049306941E-23   3.4735620798616210E+03
   8.1167700000000000E+08   1.2856699494968886E+05   9.3094690666518652E-13   1.2877561821850576E-23   3.4803541654539854E+03
   8.1367700000000000E+08   1.3075220060378779E+05   9.1165793884290349E-13   1.2586564315519170E-23   3.4870396831228722E+03
   8.1567700000000000E+08   1.3294877800118312E+05   8.9289162536693949E-13   1.2304250455178944E-23   3.4936207455543363E+03
   8.1767700000000000E+08   1.3515620155741557E+05   8.7463044109328140E-13   1.2030298297410860E-23   3.5000992821991795E+03
   8.1967700000000000E+08   1.3737395708468655E+05   8.5685754328456494E-13   1.1764400281904325E-23   3.5064770626573045E+03
   8.2167700000000000E+08   1.3960154269004666E+05   8.3955674797767573E-13   1.1506262515911281E-23   3.5127557169026290E+03
   8.2367700000000000E+08   1.4183846946092829E+05   8.2271250585337797E-13   1.1255604091389421E-23   3.5189367527701397E+03
   8.2567700000000000E+08   1.4408426196278399E+05   8.0630987791245048E-13   1.1012156434162987E-23   3.5250215710688467E+03
   8.2767700000000000E+08   1.4633845857075244E+05   7.9033451119787676E-13   1.0775662684215037E-23   3.5310114786351828E+03
   8.2967700000000000E+08   1.4860061165486948E+05   7.7477261475140280E-13   1.0545877106095367E-23   3.5369076995994355E+03
   8.3167700000000000E+08   1.5087028763657820E+05   7.5961093595156794E-13   1.0322564528349858E-23   3.5427113851018921E+03
   8.3367700000000000E+08   1.5314706693280162E+05   7.4483673734883064E-13   1.0105499810858819E-23   3.5484236216647737E+03
   8.3567700000000000E+08   1.5543054380286799E+05   7.3043777408842111E-13   9.8944673389807744E-24   3.5540454384000045E+03
   8.3767700000000000E+08   1.5772032611269108E+05   7.1640227199302193E-13   9.6892605434439932E-24   3.5595778132104997E+03
   8.3967700000000000E+08   1.6001603503003967E+05   7.0271890636264149E-13   9.4896814449821589E-24   3.5650216781234594E+03
   8.4167700000000000E+08   1.6231730466415102E+05   6.8937678153791964E-13   9.2955402227768790E-24   3.5703779238777875E+03
   8.4367700000000000E+08   1.6462378166243836E+05   6.7636541126376560E-13   9.1066548058302008E-24   3.5756474038733663E+03
   8.4567700000000000E+08   1.6693512477636134E+05   6.6367469988247889E-13   8.9228504864465113E-24   3.5808309375774033E+03
   8.4767700000000000E+08   1.6925100440788595E+05   6.5129492437773073E-13   8.7439595550374562E-24   3.5859293134720751E+03
   8.4967700000000000E+08   1.7157110214689205E+05   6.3921671728390547E-13   8.5698209554928502E-24   3.5909432916175151E+03
   8.5167700000000000E+08   1.7389511030895490E+05   6.2743105046714569E-13   8.4002799603567073E-24   3.5958736058953150E+03
   8.5367700000000000E+08   1.7622273148155733E+05   6.1592921977668486E-13   8.2351878650374341E-24   3.6007209659892260E+03
   8.5567700000000000E+08   1.7855367808544618E+05   6.0470283055660359E-13   8.0744017002508805E-24   3.6054860591520342E+03
   8.5767700000000000E+08   1.8088767195637524E+05   5.9374378399955019E-13   7.9177839618537791E-24   3.6101695518003189E+03
   8.5967700000000000E+08   1.8322444395090637E+05   5.8304426431588717E-13   7.7652023571830695E-24   3.6147720909720724E+03
   8.6167700000000000E+08   1.8556373357857909E+05   5.7259672668362206E-13   7.6165295669673211E-24   3.6192943056758922E+03
   8.6367700000000000E+08   1.8790528866136167E+05   5.6239388593765536E-13   7.4716430218381932E-24   3.6237368081547124E+03
   8.6567700000000000E+08   1.9024886502003323E+05   5.5242870595141270E-13   7.3304246924440303E-24   3.6281001950818522E+03
   8.6767700000000000E+08   1.9259422618632021E+05   5.4269438965923694E-13   7.1927608921469526E-24   3.6323850487025943E+03
   8.6967700000000000E+08   1.9494114313868908E+05   5.3318436966577482E-13   7.0585420912933410E-24   3.6365919379304810E+03
   8.7167700000000000E+08   1.9728939405923497E+05   5.2389229938762161E-13   6.9276627420669307E-24   3.6407214194042276E+03
   8.7367700000000000E+08   1.9963876410882300E+05   5.1481204467333599E-13   6.8000211129734063E-24   3.6447740385083493E+03
   8.7567700000000000E+08   2.0198904521762495E+05   5.0593767585016510E-13   6.6755191320588874E-24   3.6487503303586827E+03
   8.7767700000000000E+08   2.0434003588809737E+05   4.9726346014998101E-13   6.5540622380409936E-24   3.6526508207522897E+03
   8.7967700000000000E+08   2.0669154100787707E+05   4.8878385447126893E-13   6.4355592386061161E-24   3.6564760270803340E+03
   8.8167700000000000E+08   2.0904337167039939E+05   4.8049349843943735E-13   6.3199221752132289E-24   3.6602264592020110E+03
   8.8367700000000000E+08   2.1139534500129466E+05   4.7238720773391241E-13   6.2070661938390770E-24   3.6639026202773844E+03
   8.8567700000000000E+08   2.1374728398947883E+05   4.6445996765552302E-13   6.0969094211767187E-24   3.6675050075571571E+03
   8.8767700000000000E+08   2.1609901732246092E+05   4.5670692691347668E-13   5.9893728458844630E-24   3.6710341131279779E+03
   8.8967700000000000E+08   2.1845037922735992E+05   4.4912339161461729E-13   5.8843802045345884E-24   3.6744904246125393E+03
   8.9167700000000000E+08   2.2080120932272100E+05   4.4170481943971190E-13   5.7818578719435661E-24   3.6778744258254774E+03
   8.9367700000000000E+08   2.2315135249521010E+05   4.3444681398794591E-13   5.6817347555224443E-24   3.6811865973889044E+03
   8.9567700000000000E+08   2.2550065883487009E+05   4.2734511925873759E-13   5.5839421931266829E-24   3.6844274173179742E+03
   8.9767700000000000E+08   2.2784898370414271E+05   4.2039561421051277E-13   5.4884138534901536E-24   3.6875973616004308E+03
   8.9967700000000000E+08   2.3019618809468325E+05   4.1359430727994914E-13   5.3950856375699362E-24   3.6906969048219598E+03
   9.0167700000000000E+08   2.3254213955773215E+05   4.0693733065351054E-13   5.3038955778821369E-24   3.6937265209417387E+03
   9.0367700000000000E+08   2.3488671417004449E+05   4.0042093396878329E-13   5.2147837313340572E-24   3.6966866844120109E+03
   9.0567700000000000E+08   2.3722980013463285E+05   3.9404147705569781E-13   5.1276920600645205E-24   3.6995778719644391E+03
   9.0767700000000000E+08   2.3957130347254680E+05   3.8779542148847220E-13   5.0425642967938547E-24   3.7024005655228102E+03
   9.0967700000000000E+08   2.4191115538095872E+05   3.8167932142735984E-13   4.9593458004274785E-24   3.7051552567386589E+03
   9.1167700000000000E+08   2.4424931866851688E+05   3.7568981582538782E-13   4.8779834287895202E-24   3.7078424533604534E+03
   9.1367700000000000E+08   2.4658578717882492E+05   3.6982362649054963E-13   4.7984254877507902E-24   3.7104626867272509E+03
   9.1567700000000000E+08   2.4892056887464359E+05   3.6407756845649720E-13   4.7206218432253312E-24   3.7130165179320597E+03
   9.1767700000000000E+08   2.5125364457940427E+05   3.5844857753708925E-13   4.6445242639596551E-24   3.7155045380170245E+03
   9.1967700000000000E+08   2.5358490605570894E+05   3.5293375093152688E-13   4.5700869467599076E-24   3.7179273564499767E+03
   9.2167700000000000E+08   2.5591410048732650E+05   3.4753037993683159E-13   4.4972669547716113E-24   3.7202855746388695E+03
   9.2367700000000000E+08   2.5824083016630140E+05   3.4223593910409641E-13   4.4260241005900087E-24   3.7225797492456200E+03
   9.2567700000000000E+08   2.6056464782915721E+05   3.3704800374804347E-13   4.3563198937994232E-24   3.7248103612929958E+03
   9.2767700000000000E+08   2.6288522545869445E+05   3.3196411522837859E-13   4.2881157834824895E-24   3.7269778128773423E+03
   9.2967700000000000E+08   2.6520248762923409E+05   3.2698167579370034E-13   4.2213717450127717E-24   3.7290824627174288E+03
   9.3167700000000000E+08   2.6751659021050914E+05   3.2209796960134732E-13   4.1560464782096803E-24   3.7311246846885701E+03
   9.3367700000000000E+08   2.6982772862826905E+05   3.1731034251165689E-13   4.0920996754819702E-24   3.7331049107939261E+03
   9.3567700000000000E+08   2.7213591435599665E+05   3.1261640106310129E-13   4.0294945855902005E-24   3.7350236265155422E+03
   9.3767700000000000E+08   2.7444094108596409E+05   3.0801398345945217E-13   3.9681976755454186E-24   3.7368813252705008E+03
   9.3967700000000000E+08   2.7674260101436434E+05   3.0350094460315745E-13   3.9081758884738381E-24   3.7386784693567051E+03
   9.4167700000000000E+08   2.7904089686231018E+05   2.9907517796258131E-13   3.8493969061262216E-24   3.7404154979610516E+03
   9.4367700000000000E+08   2.8133597972383496E+05   2.9473499379132914E-13   3.7918339657242436E-24   3.7420928653675965E+03
   9.4567700000000000E+08   2.8362789011519466E+05   2.9047930972213752E-13   3.7354682775371170E-24   3.7437110569116771E+03
   9.4767700000000000E+08   2.8591637918206729E+05   2.8630719819541176E-13   3.6802832148220373E-24   3.7452705610411444E+03
   9.4967700000000000E+08   2.8820095015431743E+05   2.8221706033873756E-13   3.6262537347689682E-24   3.7467718233303963E+03
   9.5167700000000000E+08   2.9048096781281871E+05   2.7820611115138062E-13   3.5733398015476416E-24   3.7482152188005930E+03
   9.5367700000000000E+08   2.9275577237249614E+05   2.7427058488335155E-13   3.5214890473129771E-24   3.7496010450557096E+03
   9.5567700000000000E+08   2.9502579595595389E+05   2.7040685294031235E-13   3.4706511278139583E-24   3.7509295243990073E+03
   9.5767700000000000E+08   2.9729231877179869E+05   2.6661297663020362E-13   3.4207974465883535E-24   3.7522010025509694E+03
   9.5967700000000000E+08   2.9955570211234933E+05   2.6288828671405293E-13   3.3719156153162238E-24   3.7534160726292075E+03
   9.6167700000000000E+08   3.0181569340099767E+05   2.5923189540991963E-13   3.3239905331616398E-24   3.7545753791121433E+03
   9.6367700000000000E+08   3.0407213911734108E+05   2.5564254485581604E-13   3.2770025314396135E-24   3.7556795223140548E+03
   9.6567700000000000E+08   3.0632494433791679E+05   2.5211883948064230E-13   3.2309303283127096E-24   3.7567290851033513E+03
   9.6767700000000000E+08   3.0857404723870265E+05   2.4865934605506913E-13   3.1857523011711711E-24   3.7577246401902917E+03
   9.6967700000000000E+08   3.1081940066167095E+05   2.4526263612841213E-13   3.1414470207749367E-24   3.7586667558241656E+03
   9.7167700000000000E+08   3.1306095887367887E+05   2.4192730717527262E-13   3.0979935152603209E-24   3.7595559980555495E+03
   9.7367700000000000E+08   3.1529866651426605E+05   2.3865199616256171E-13   3.0553714389254083E-24   3.7603929306657865E+03
   9.7567700000000000E+08   3.1753245005321241E+05   2.3543538834510628E-13   3.0135611813271900E-24   3.7611781133047898E+03
   9.7767700000000000E+08   3.1976221377561492E+05   2.3227622054852005E-13   2.9725439067074349E-24   3.7619120984529141E+03
   9.7967700000000000E+08   3.2198784253332386E+05   2.2917327785453203E-13   2.9323015092184714E-24   3.7625954280849624E+03
   9.8167700000000000E+08   3.2420921138439968E+05   2.2612538439842185E-13   2.8928164922683652E-24   3.7632286311494686E+03
   9.8367700000000000E+08   3.2642619903643115E+05   2.2313139138830484E-13   2.8540718111607185E-24   3.7638122228376205E+03
   9.8567700000000000E+08   3.2863870043190947E+05   2.2019016641477494E-13   2.8160507309223682E-24   3.7643467060086496E+03
   9.8767700000000000E+08   3.3084663476352725E+05   2.1730058704500071E-13   2.7787367379777610E-24   3.7648325743915557E+03
   9.8967700000000000E+08   3.3304994743631774E+05   2.1446153961595192E-13   2.7421135180302943E-24   3.7652703166899050E+03
   9.9167700000000000E+08   3.3524860670363263E+05   2.1167192217702293E-13   2.7061649874051917E-24   3.7656604206134321E+03
   9.9367700000000000E+08   3.3744259725650388E+05   2.0893064923412317E-13   2.6708753483119646E-24   3.7660033760819515E+03
   9.9567700000000000E+08   3.3963191355826129E+05   2.0623665561472971E-13   2.6362291339267693E-24   3.7662996772609890E+03
   9.9767700000000000E+08   3.4181655547826970E+05   2.0358889729671041E-13   2.6022112155588400E-24   3.7665498235679956E+03
   9.9967700000000000E+08   3.4399653343390400E+05   2.0098634454354047E-13   2.5688067115562590E-24   3.7667543207823824E+03
   1.0016770000000000E+09   3.4617198275672417E+05   1.9842789807001748E-13   2.5359999082206258E-24   3.7669136887735394E+03
   1.0036770000000000E+09   3.4834445174643054E+05   1.9591147582951192E-13   2.5037625725572898E-24   3.7670284832389680E+03
   1.0056770000000000E+09   3.5052058746330562E+05   1.9343147647833181E-13   2.4720214584336112E-24   3.7670994135654510E+03
   1.0076770000000000E+09   3.5270626309011097E+05   1.9098308481154020E-13   2.4407128309730258E-24   3.7671281173774064E+03
   1.0096770000000000E+09   3.5489922364627023E+05   1.8856732047140682E-13   2.4098471114706128E-24   3.7671170126330817E+03
   1.0116770000000000E+09   3.5709200008473994E+05   1.8618914842172778E-13   2.3794855382393566E-24   3.7670680609062792E+03
   1.0136770000000000E+09   3.5928081510945584E+05   1.8385317117137851E-13   2.3496853663641749E-24   3.7669823372380006E+03
   1.0156770000000000E+09   3.6144987726888462E+05   1.8156371324742252E-13   2.3205015469183058E-24   3.7668590052538102E+03
   1.0176770000000000E+09   3.6359759181258228E+05   1.7932236543018643E-13   2.2919524151233622E-24   3.7667000095429075E+03
   1.0196770000000000E+09   3.6573712351740681E+05   1.7711977841903020E-13   2.2639192729646165E-24   3.7665027981475409E+03
   1.0216770000000000E+09   3.6787085341903090E+05   1.7495380284099907E-13   2.2363736027697723E-24   3.7662678269439825E+03
   1.0236770000000000E+09   3.6999925981305505E+05   1.7282345621044348E-13   2.2093019359651357E-24   3.7659953884003594E+03
   1.0256770000000000E+09   3.7212244366112276E+05   1.7072798213646813E-13   2.1826936639877809E-24   3.7656858848484067E+03
   1.0276770000000000E+09   3.7424042449855391E+05   1.6866667397368267E-13   2.1565388355409058E-24   3.7653397436471350E+03
   1.0296770000000000E+09   3.7635320991528925E+05   1.6663883226624691E-13   2.1308276218796150E-24   3.7649573998796445E+03
   1.0316770000000000E+09   3.7846081685658579E+05   1.6464375443774418E-13   2.1055501854310891E-24   3.7645392934638267E+03
   1.0336770000000000E+09   3.8056328217659902E+05   1.6268073388571617E-13   2.0806966666515590E-24   3.7640858696401692E+03
   1.0356770000000000E+09   3.8266067687122797E+05   1.6074905733095631E-13   2.0562571479228355E-24   3.7635975806640804E+03
   1.0376770000000000E+09   3.8475312919942808E+05   1.5884799625772612E-13   2.0322215411485359E-24   3.7630748888846083E+03
   1.0396770000000000E+09   3.8684084865862643E+05   1.5697679712372726E-13   2.0085794584053954E-24   3.7625182721163706E+03
   1.0416770000000000E+09   3.8892413153325807E+05   1.5513468140442354E-13   1.9853202072993459E-24   3.7619282313090439E+03
   1.0436770000000000E+09   3.9100333077831310E+05   1.5332086460448699E-13   1.9624330292398003E-24   3.7613052983886023E+03
   1.0456770000000000E+09   3.9307879001953977E+05   1.5153459322602078E-13   1.9399075699779334E-24   3.7606500404127819E+03
   1.0476770000000000E+09   3.9515076218676666E+05   1.4977518742429610E-13   1.9177344273038864E-24   3.7599630564803288E+03
   1.0496770000000000E+09   3.9721934331815713E+05   1.4804207265514444E-13   1.8959055625042245E-24   3.7592449663401912E+03
   1.0516770000000000E+09   3.9928444550082146E+05   1.4633478846564742E-13   1.8744144222675883E-24   3.7584963929528781E+03
   1.0536770000000000E+09   4.0134581536052877E+05   1.4465297277679839E-13   1.8532557470844111E-24   3.7577179435176881E+03
   1.0556770000000000E+09   4.0340308695352764E+05   1.4299632926852166E-13   1.8324251608718142E-24   3.7569101936933384E+03
   1.0576770000000000E+09   4.0545584861858335E+05   1.4136458962537731E-13   1.8119186907898840E-24   3.7560736781642909E+03
   1.0596770000000000E+09   4.0750370407749258E+05   1.3975748105762602E-13   1.7917323504520688E-24   3.7552088883883043E+03
   1.0616770000000000E+09   4.0954631537887652E+05   1.3817470497623755E-13   1.7718618627642708E-24   3.7543162763740024E+03
   1.0636770000000000E+09   4.1158342412344780E+05   1.3661592781134285E-13   1.7523025365172451E-24   3.7533962622683180E+03
   1.0656770000000000E+09   4.1361485409332317E+05   1.3508078158296288E-13   1.7330492674941820E-24   3.7524492434123381E+03
   1.0676770000000000E+09   4.1564050159009441E+05   1.3356887046656523E-13   1.7140966169575461E-24   3.7514756030331691E+03
   1.0696770000000000E+09   4.1766031996379467E+05   1.3207977980406436E-13   1.6954389225626390E-24   3.7504757174832403E+03
   1.0716770000000000E+09   4.1967430327854544E+05   1.3061308502125818E-13   1.6770704092893172E-24   3.7494499616193029E+03
   1.0736770000000000E+09   4.2168247203887906E+05   1.2916835906576938E-13   1.6589852825041473E-24   3.7483987123875113E+03
   1.0756770000000000E+09   4.2368486216770468E+05   1.2774517789868245E-13   1.6411777969295638E-24   3.7473223509302711E+03
   1.0776770000000000E+09   4.2568151728052541E+05   1.2634312414207449E-13   1.6236423025737555E-24   3.7462212636056715E+03
   1.0796770000000000E+09   4.2767248371913045E+05   1.2496178924607361E-13   1.6063732720637236E-24   3.7450958422806893E+03
   1.0816770000000000E+09   4.2965780763116217E+05   1.2360077459427401E-13   1.5893653145876514E-24   3.7439464841836534E+03
   1.0836770000000000E+09   4.3163753343212890E+05   1.2225969191409030E-13   1.5726131810366917E-24   3.7427735915185690E+03
   1.0856770000000000E+09   4.3361170312906778E+05   1.2093816326879881E-13   1.5561117638272854E-24   3.7415775709725872E+03
   1.0876770000000000E+09   4.3558035613994597E+05   1.1963582081964597E-13   1.5398560937819648E-24   3.7403588331950159E+03
   1.0896770000000000E+09   4.3754352937258087E+05   1.1835230647600465E-13   1.5238413355630331E-24   3.7391177922903812E+03
   1.0916770000000000E+09   4.3950125742155581E+05   1.1708727150202222E-13   1.5080627825294394E-24   3.7378548653458292E+03
   1.0936770000000000E+09   4.4145357280430081E+05   1.1584037611653184E-13   1.4925158514870043E-24   3.7365704720003314E+03
   1.0956770000000000E+09   4.4340050619607780E+05   1.1461128910428286E-13   1.4771960775650554E-24   3.7352650340562595E+03
   1.0976770000000000E+09   4.4534208664572320E+05   1.1339968744635390E-13   1.4620991093229303E-24   3.7339389751307608E+03
   1.0996770000000000E+09   4.4727834176574287E+05   1.1220525597255972E-13   1.4472207041253250E-24   3.7325927203430215E+03
   1.1016770000000000E+09   4.4920929789630673E+05   1.1102768703631971E-13   1.4325567237952658E-24   3.7312266960333313E+03
   1.1036770000000000E+09   4.5113498024504038E+05   1.0986668021161052E-13   1.4181031305423915E-24   3.7298413295100331E+03
   1.1056770000000000E+09   4.5305541300557985E+05   1.0872194201122182E-13   1.4038559831587061E-24   3.7284370488209324E+03
   1.1076770000000000E+09   4.5497061945775797E+05   1.0759318562546357E-13   1.3898114334728045E-24   3.7270142825460885E+03
   1.1096770000000000E+09   4.5688062205215497E+05   1.0648013068032684E-13   1.3759657230513821E-24   3.7255734596094103E+03
   1.1116770000000000E+09   4.5878544248112006E+05   1.0538250301407541E-13   1.3623151801363002E-24   3.7241150091068162E+03
   1.1136770000000000E+09   4.6068510173819005E+05   1.0430003447104243E-13   1.3488562168026724E-24   3.7226393601489754E+03
   1.1156770000000000E+09   4.6257962016709143E+05   1.0323246271141913E-13   1.3355853263234106E-24   3.7211469417169542E+03
   1.1176770000000000E+09   4.6446901750130858E+05   1.0217953103568064E-13   1.3224990807236854E-24   3.7196381825292624E+03
   1.1196770000000000E+09   4.6635331289469684E+05   1.0114098822230689E-13   1.3095941285088224E-24   3.7181135109188840E+03
   1.1216770000000000E+09   4.6823252494339441E+05   1.0011658837742418E-13   1.2968671925485750E-24   3.7165733547190907E+03
   1.1236770000000000E+09   4.7010667169907218E+05   9.9106090795017533E-14   1.2843150681009971E-24   3.7150181411567605E+03
   1.1256770000000000E+09   4.7197577067344304E+05   9.8109259826406341E-14   1.2719346209595169E-24   3.7134482967521608E+03
   1.1276770000000000E+09   4.7383983883381495E+05   9.7125864757763982E-14   1.2597227857079474E-24   3.7118642472240208E+03
   1.1296770000000000E+09   4.7569889258976304E+05   9.6155679694472631E-14   1.2476765640681649E-24   3.7102664173989078E+03
   1.1316770000000000E+09   4.7755294777101249E+05   9.5198483451232038E-14   1.2357930233268029E-24   3.7086552311238343E+03
   1.1336770000000000E+09   4.7940201959685981E+05   9.4254059446939556E-14   1.2240692948284606E-24   3.7070311111812516E+03
   1.1356770000000000E+09   4.8124612263783801E+05   9.3322195603439543E-14   1.2125025725239550E-24   3.7053944792054522E+03
   1.1376770000000000E+09   4.8308527077073004E+05   9.2402684247343410E-14   1.2010901115633429E-24   3.7037457555996871E+03
   1.1396770000000000E+09   4.8491947712844453E+05   9.1495322014232727E-14   1.1898292269248499E-24   3.7020853594532882E+03
   1.1416770000000000E+09   4.8674875404662098E+05   9.0599909754691374E-14   1.1787172920724585E-24   3.7004137084583326E+03
   1.1436770000000000E+09   4.8857311300942948E+05   8.9716252441663583E-14   1.1677517376355155E-24   3.6987312188254928E+03
   1.1456770000000000E+09   4.9039256459727651E+05   8.8844159078780313E-14   1.1569300501055273E-24   3.6970383051988856E+03
   1.1476770000000000E+09   4.9220711843959818E+05   8.7983442609336036E-14   1.1462497705457260E-24   3.6953353805700635E+03
   1.1496770000000000E+09   4.9401678317601210E+05   8.7133919825715803E-14   1.1357084933104927E-24   3.6936228561913540E+03
   1.1516770000000000E+09   4.9582156642933586E+05   8.6295411279097482E-14   1.1253038647719403E-24   3.6919011414891279E+03
   1.1536770000000000E+09   4.9762147479393263E+05   8.5467741189308919E-14   1.1150335820516556E-24   3.6901706439776808E+03
   1.1556770000000000E+09   4.9941651384247775E+05   8.4650737354805841E-14   1.1048953917566405E-24   3.6884317691747306E+03
   1.1576770000000000E+09   5.0120668815413496E+05   8.3844231062698211E-14   1.0948870887179875E-24   3.6866849205196404E+03
   1.1596770000000000E+09   5.0299200136632368E+05   8.3048056998864103E-14   1.0850065147322498E-24   3.6849304992956727E+03
   1.1616770000000000E+09   5.0477245625173487E+05   8.2262053158169462E-14   1.0752515573051798E-24   3.6831689045577168E+03
   1.1636770000000000E+09   5.0654805482133140E+05   8.1486060754880442E-14   1.0656201483984544E-24   3.6814005330668920E+03
   1.1656770000000000E+09   5.0831879845311597E+05   8.0719924133400996E-14   1.0561102631805818E-24   3.6796257792336191E+03
   1.1676770000000000E+09   5.1008468804548553E+05   7.9963490679505583E-14   1.0467199187837805E-24   3.6778450350705111E+03
   1.1696770000000000E+09   5.1184572419293545E+05   7.9216610732301693E-14   1.0374471730695060E-24   3.6760586901564252E+03
   1.1716770000000000E+09   5.1360190738081484E+05   7.8479137497227101E-14   1.0282901234062991E-24   3.6742671316128676E+03
   1.1736770000000000E+09   5.1535323819502565E+05   7.7750926960407614E-14   1.0192469054640241E-24   3.6724707440936390E+03
   1.1756770000000000E+09   5.1709971754164214E+05   7.7031837804778305E-14   1.0103156920296798E-24   3.6706699097883579E+03
   1.1776770000000000E+09   5.1884134687083180E+05   7.6321731328396037E-14   1.0014946918503752E-24   3.6688650084402925E+03
   1.1796770000000000E+09   5.2057812839902367E+05   7.5620471365382456E-14   9.9278214850941188E-25   3.6670564173783023E+03
   1.1816770000000000E+09   5.2231006532306509E+05   7.4927924209945255E-14   9.8417633934152708E-25   3.6652445115627629E+03
   1.1836770000000000E+09   5.2403716202013346E+05   7.4243958543899742E-14   9.7567557439325944E-25   3.6634296636444792E+03
   1.1856770000000000E+09   5.2575942422756844E+05   7.3568445368054773E-14   9.6727819543361488E-25   3.6616122440357212E+03
   1.1876770000000000E+09   5.2747685919723450E+05   7.2901257937781718E-14   9.5898257501979914E-25   3.6597926209917878E+03
   1.1896770000000000E+09   5.2918947581993474E+05   7.2242271702979895E-14   9.5078711562139456E-25   3.6579711607015151E+03
   1.1916770000000000E+09   5.3089728471628181E+05   7.1591364252574564E-14   9.4269024880542804E-25   3.6561482273847246E+03
   1.1936770000000000E+09   5.3260029829173931E+05   7.0948415263543590E-14   9.3469043448293873E-25   3.6543241833945285E+03
   1.1956770000000000E+09   5.3429853075455665E+05   7.0313306454409431E-14   9.2678616021686432E-25   3.6524993893222727E+03
   1.1976770000000000E+09   5.3599199809683685E+05   6.9685921542974463E-14   9.1897594058894852E-25   3.6506742041028997E+03
   1.1996770000000000E+09   5.3768071804003371E+05   6.9066146208022875E-14   9.1125831662260410E-25   3.6488489851184972E+03
   1.2016770000000000E+09   5.3936470994754136E+05   6.8453868054587583E-14   9.0363185525693566E-25   3.6470240882979847E+03
   1.2036770000000000E+09   5.4104399470778357E+05   6.7848976582372844E-14   8.9609514886693838E-25   3.6451998682110357E+03
   1.2056770000000000E+09   5.4271859459240094E+05   6.7251363156809914E-14   8.8864681482330223E-25   3.6433766781545373E+03
   1.2076770000000000E+09   5.4438853309457761E+05   6.6660920982244478E-14   8.8128549508540571E-25   3.6415548702302149E+03
   1.2096770000000000E+09   5.4605383475313301E+05   6.6077545076719829E-14   8.7400985582052287E-25   3.6397347954123356E+03
   1.2116770000000000E+09   5.4771452496825845E+05   6.5501132247833651E-14   8.6681858704233567E-25   3.6379168036047240E+03
   1.2136770000000000E+09   5.4937062981468055E+05   6.4931581069197383E-14   8.5971040226241384E-25   3.6361012436866426E+03
   1.2156770000000000E+09   5.5102217585806921E+05   6.4368791857033701E-14   8.5268403814829615E-25   3.6342884635475243E+03
   1.2176770000000000E+09   5.5266918998007081E+05   6.3812666646516200E-14   8.4573825418266711E-25   3.6324788101106296E+03
   1.2196770000000000E+09   5.5431169921661529E+05   6.3263109167553263E-14   8.3887183231928877E-25   3.6306726293462857E+03
   1.2216770000000000E+09   5.5594973061357799E+05   6.2720024819763432E-14   8.3208357663193578E-25   3.6288702662753849E+03
   1.2236770000000000E+09   5.5758331110287446E+05   6.2183320646490913E-14   8.2537231295386879E-25   3.6270720649641157E+03
   1.2256770000000000E+09   5.5921246740091313E+05   6.1652905307819289E-14   8.1873688850681746E-25   3.6252783685110285E+03
   1.2276770000000000E+09   5.6083722593039041E+05   6.1128689052601210E-14   8.1217617151922526E-25   3.6234895190276802E+03
   1.2296770000000000E+09   5.6245761276506633E+05   6.0610583689643618E-14   8.0568905083515506E-25   3.6217058576140744E+03
   1.2316770000000000E+09   5.6407365359626885E+05   6.0098502558230739E-14   7.9927443551586157E-25   3.6199277243300867E+03
   1.2336770000000000E+09   5.6568537371890433E+05   5.9592360498235857E-14   7.9293125443697759E-25   3.6181554581640617E+03
   1.2356770000000000E+09   5.6729279803417344E+05   5.9092073820086799E-14   7.8665845588452498E-25   3.6163893969995688E+03
   1.2376770000000000E+09   5.6889595106565789E+05   5.8597560274876482E-14   7.8045500715337950E-25   3.6146298775811360E+03
   1.2396770000000000E+09   5.7049485698548926E+05   5.8108739024867128E-14   7.7431989415127917E-25   3.6128772354797588E+03
   1.2416770000000000E+09   5.7208953964727791E+05   5.7625530614620413E-14   7.6825212101136475E-25   3.6111318050585742E+03
   1.2436770000000000E+09   5.7368002262285887E+05   5.7147856942929235E-14   7.6225070971548569E-25   3.6093939194391469E+03
   1.2456770000000000E+09   5.7526632924026938E+05   5.6675641235680551E-14   7.5631469972996875E-25   3.6076639104685419E+03
   1.2476770000000000E+09   5.7684848262088001E+05   5.6208808019723568E-14   7.5044314765482985E-25   3.6059421086872740E+03
   1.2496770000000000E+09   5.7842650571395585E+05   5.5747283097783455E-14   7.4463512688699178E-25   3.6042288432980963E+03
   1.2516770000000000E+09   5.8000042132744449E+05   5.5290993524411526E-14   7.3888972729741562E-25   3.6025244421355633E+03
   1.2536770000000000E+09   5.8157025215392932E+05   5.4839867582962941E-14   7.3320605492207178E-25   3.6008292316362390E+03
   1.2556770000000000E+09   5.8313602079127240E+05   5.4393834763529319E-14   7.2758323166585035E-25   3.5991435368092716E+03
   1.2576770000000000E+09   5.8469774975736928E+05   5.3952825741794058E-14   7.2202039501900540E-25   3.5974676812072535E+03
   1.2596770000000000E+09   5.8625546149897727E+05   5.3516772358714210E-14   7.1651669778492897E-25   3.5958019868970018E+03
   1.2616770000000000E+09   5.8780917839448841E+05   5.3085607600970898E-14   7.1107130781849810E-25   3.5941467744301567E+03
   1.2636770000000000E+09   5.8935892275079188E+05   5.2659265582100632E-14   7.0568340777388225E-25   3.5925023628132631E+03
   1.2656770000000000E+09   5.9090471679447207E+05   5.2237681524220842E-14   7.0035219486067200E-25   3.5908690694771949E+03
   1.2676770000000000E+09   5.9244658265754126E+05   5.1820791740281061E-14   6.9507688060743453E-25   3.5892472102457045E+03
   1.2696770000000000E+09   5.9398454235802067E+05   5.1408533616756609E-14   6.8985669063161183E-25   3.5876370993028631E+03
   1.2716770000000000E+09   5.9551861777566932E+05   5.1000845596714605E-14   6.8469086441480477E-25   3.5860390491593394E+03
   1.2736770000000000E+09   5.9704883062318387E+05   5.0597667163181101E-14   6.7957865508252096E-25   3.5844533706172256E+03
   1.2756770000000000E+09   5.9857520241329679E+05   5.0198938822732427E-14   6.7451932918732901E-25   3.5828803727333679E+03
   1.2776770000000000E+09   6.0009775442218070E+05   4.9804602089244766E-14   6.6951216649452713E-25   3.5813203627810776E+03
   1.2796770000000000E+09   6.0161650764975045E+05   4.9414599467719934E-14   6.6455645976921723E-25   3.5797736462100647E+03
   1.2816770000000000E+09   6.0313148277749936E+05   4.9028874438110856E-14   6.5965151456372086E-25   3.5782405266045803E+03
   1.2836770000000000E+09   6.0464270012454502E+05   4.8647371439076149E-14   6.5479664900436792E-25   3.5767213056396627E+03
   1.2856770000000000E+09   6.0615017960262334E+05   4.8270035851591761E-14   6.4999119357664822E-25   3.5752162830354769E+03
   1.2876770000000000E+09   6.0765394067069644E+05   4.7896813982368589E-14   6.4523449090799673E-25   3.5737257565097466E+03
   1.2896770000000000E+09   6.0915400228981208E+05   4.7527653047031193E-14   6.4052589554756914E-25   3.5722500217282509E+03
   1.2916770000000000E+09   6.1065038287859515E+05   4.7162501153049948E-14   6.3586477374285220E-25   3.5707893722534509E+03
   1.2936770000000000E+09   6.1214310026961868E+05   4.6801307282433760E-14   6.3125050321315809E-25   3.5693440994912753E+03
   1.2956770000000000E+09   6.1363217166657816E+05   4.6444021274223125E-14   6.2668247292049190E-25   3.5679144926361209E+03
   1.2976770000000000E+09   6.1511761360186990E+05   4.6090593806857829E-14   6.2216008283876590E-25   3.5665008386140512E+03
   1.2996770000000000E+09   6.1659944189385523E+05   4.5740976380524378E-14   6.1768274372272887E-25   3.5651034220243073E+03
   1.3016770000000000E+09   6.1807767160320841E+05   4.5395121299580401E-14   6.1324987687791626E-25   3.5637225250790493E+03
   1.3036770000000000E+09   6.1955231698790588E+05   4.5052981655162286E-14   6.0886091393303175E-25   3.5623584275413668E+03
   1.3056770000000000E+09   6.2102339145755395E+05   4.4714511308011114E-14   6.0451529661523738E-25   3.5610114066614647E+03
   1.3076770000000000E+09   6.2249090752956201E+05   4.4379664871460454E-14   6.0021247652756323E-25   3.5596817371111142E+03
   1.3096770000000000E+09   6.2395487679271947E+05   4.4048397694351485E-14   5.9595191492524914E-25   3.5583696909163782E+03
   1.3116770000000000E+09   6.2541530988739571E+05   4.3720665843457693E-14   5.9173308248528498E-25   3.5570755373889901E+03
   1.3136770000000000E+09   6.2687221651623608E+05   4.3396426084737359E-14   5.8755545905979957E-25   3.5557995430569272E+03
   1.3156770000000000E+09   6.2832560550281277E+05   4.3075635862572846E-14   5.8341853340167040E-25   3.5545419715953640E+03
   1.3176770000000000E+09   6.2977548491783743E+05   4.2758253276045823E-14   5.7932180284915275E-25   3.5533030837595820E+03
   1.3196770000000000E+09   6.3122186229020194E+05   4.2444237051473207E-14   5.7526477295855685E-25   3.5520831373222632E+03
   1.3216770000000000E+09   6.3266474491221062E+05   4.2133546510872215E-14   5.7124695707995531E-25   3.5508823870179317E+03
   1.3236770000000000E+09   6.3410414023329341E+05   4.1826141536851669E-14   5.6726787588208749E-25   3.5497010844978167E+03
   1.3256770000000000E+09   6.3554005631474091E+05   4.1521982535578046E-14   5.6332705684835257E-25   3.5485394782980520E+03
   1.3276770000000000E+09   6.3697250229327125E+05   4.1221030400714617E-14   5.5942403378299495E-25   3.5473978138231228E+03
   1.3296770000000000E+09   6.3840148877915705E+05   4.0923246482296526E-14   5.5555834638138603E-25   3.5462763333449952E+03
   1.3316770000000000E+09   6.3982702810435940E+05   4.0628592564872693E-14   5.5172953992388472E-25   3.5451752760154941E+03
   1.3336770000000000E+09   6.4124913434559619E+05   4.0337030858564156E-14   5.4793716514399552E-25   3.5440948778870279E+03
   1.3356770000000000E+09   6.4266782308224996E+05   4.0048524004666388E-14   5.4418077829456784E-25   3.5430353719338977E+03
   1.3376770000000000E+09   6.4408311090643052E+05   3.9763035094327830E-14   5.4045994139383514E-25   3.5419969880653143E+03
   1.3396770000000000E+09   6.4549501477070060E+05   3.9480527695288287E-14   5.3677422258465425E-25   3.5409799531215549E+03
   1.3416770000000000E+09   6.4690355131606339E+05   3.9200965878855712E-14   5.3312319650144995E-25   3.5399844908477144E+03
   1.3436770000000000E+09   6.4830873634475144E+05   3.8924314238432463E-14   5.2950644452656110E-25   3.5390108218443070E+03
   1.3456770000000000E+09   6.4971058457151125E+05   3.8650537892810763E-14   5.2592355484253908E-25   3.5380591634997290E+03
   1.3476770000000000E+09   6.5110910970419145E+05   3.8379602471974633E-14   5.2237412224760013E-25   3.5371297299144053E+03
   1.3496770000000000E+09   6.5250432479332073E+05   3.8111474088948006E-14   5.1885774778020300E-25   3.5362227318282871E+03
   1.3516770000000000E+09   6.5389624269390304E+05   3.7846119306085398E-14   5.1537403826535501E-25   3.5353383765615672E+03
   1.3536770000000000E+09   6.5528487644592253E+05   3.7583505105839495E-14   5.1192260591874722E-25   3.5344768679725539E+03
   1.3556770000000000E+09   6.5667023942635150E+05   3.7323598873434810E-14   5.0850306811061746E-25   3.5336384064297722E+03
   1.3576770000000000E+09   6.5805234523993498E+05   3.7066368392895453E-14   5.0511504731072224E-25   3.5328231887894872E+03
   1.3596770000000000E+09   6.5943120744476351E+05   3.6811781851376527E-14   5.0175817114732594E-25   3.5320314083687131E+03
   1.3616770000000000E+09   6.6080683928465680E+05   3.6559807843066032E-14   4.9843207246217648E-25   3.5312632549073392E+03
   1.3636770000000000E+09   6.6217925358039327E+05   3.6310415365147746E-14   4.9513638925887594E-25   3.5305189145199824E+03
   1.3656770000000000E+09   6.6354846282737493E+05   3.6063573803709590E-14   4.9187076451461586E-25   3.5297985696442884E+03
   1.3676770000000000E+09   6.6491447942205647E+05   3.5819252913812460E-14   4.8863484591135328E-25   3.5291023989943783E+03
   1.3696770000000000E+09   6.6627731587275281E+05   3.5577422801233275E-14   4.8542828558818758E-25   3.5284305775245184E+03
   1.3716770000000000E+09   6.6763698488223285E+05   3.5338053911766451E-14   4.8225073999552008E-25   3.5277832764018285E+03
   1.3736770000000000E+09   6.6899349929119612E+05   3.5101117028866879E-14   4.7910186986274200E-25   3.5271606629817256E+03
   1.3756770000000000E+09   6.7034687196486094E+05   3.4866583275709736E-14   4.7598134022684811E-25   3.5265629007800617E+03
   1.3776770000000000E+09   6.7169711572166078E+05   3.4634424116693131E-14   4.7288882045435530E-25   3.5259901494400488E+03
   1.3796770000000000E+09   6.7304424333899829E+05   3.4404611356268492E-14   4.6982398422711874E-25   3.5254425646974641E+03
   1.3816770000000000E+09   6.7438826758852857E+05   3.4177117136755312E-14   4.6678650951400968E-25   3.5249202983486462E+03
   1.3836770000000000E+09   6.7572920122240158E+05   3.3951913938190810E-14   4.6377607856992339E-25   3.5244234982227390E+03
   1.3856770000000000E+09   6.7706705686148896E+05   3.3728974581755983E-14   4.6079237798374367E-25   3.5239523081541683E+03
   1.3876770000000000E+09   6.7840184674950282E+05   3.3508272237283904E-14   4.5783509878319577E-25   3.5235068679477235E+03
   1.3896770000000000E+09   6.7973358219502016E+05   3.3289780440389096E-14   4.5490393667376366E-25   3.5230873133246014E+03
   1.3916770000000000E+09   6.8106227201918978E+05   3.3073473143520138E-14   4.5199859274690664E-25   3.5226937758248937E+03
   1.3936770000000000E+09   6.8238791803771828E+05   3.2859324872429857E-14   4.4911877564306264E-25   3.5223263826017364E+03
   1.3956770000000000E+09   6.8371050252233888E+05   3.2647311171514072E-14   4.4626420769715839E-25   3.5219852559506448E+03
   1.3976770000000000E+09   6.8502995560554601E+05   3.2437409775699662E-14   4.4343464109262520E-25   3.5216705122402896E+03
   1.3996770000000000E+09   6.8634607625813631E+05   3.2229603473158923E-14   4.4062989728701730E-25   3.5213822596179784E+03
   1.4016770000000000E+09   6.8765835521464585E+05   3.2023886562187258E-14   4.3784995586405496E-25   3.5211205934576874E+03
   1.4036770000000000E+09   6.8896561376892356E+05   3.1820278111530553E-14   4.3509513688080601E-25   3.5208855880800002E+03
   1.4056770000000000E+09   6.9026534853966103E+05   3.1618846193726216E-14   4.3236643396373571E-25   3.5206772828480871E+03
   1.4076770000000000E+09   6.9155271423145744E+05   3.1419745809218567E-14   4.2966603566306163E-25   3.5204956597913169E+03
   1.4096770000000000E+09   6.9281926879914338E+05   3.1223266004405937E-14   4.2699797432550982E-25   3.5203406062038548E+03
   1.4116770000000000E+09   6.9405196307506482E+05   3.1029867574624825E-14   4.2436864987281528E-25   3.5202118455493192E+03
   1.4136770000000000E+09   6.9523306060564669E+05   3.0840182830644176E-14   4.2178684173150591E-25   3.5201088066586590E+03
   1.4156770000000000E+09   6.9634082669787668E+05   3.0654977396538933E-14   4.1926320959227976E-25   3.5200304181855768E+03
   1.4176770000000000E+09   6.9734816166347684E+05   3.0475176196418985E-14   4.1681066707070157E-25   3.5199749364179188E+03
   1.4196770000000000E+09   6.9821426254232181E+05   3.0302156238964160E-14   4.1444836217186519E-25   3.5199401262805077E+03
   1.4216770000000000E+09   6.9887180445438204E+05   3.0138272940008561E-14   4.1220879239333940E-25   3.5199239588606797E+03
   1.4236770000000000E+09   6.9923607088011701E+05   2.9986677959160323E-14   4.1013531443101843E-25   3.5199246026520200E+03
   1.4256770000000000E+09   6.9927453926060093E+05   2.9848835652666583E-14   4.0824856049029035E-25   3.5199371058396159E+03
   1.4276770000000000E+09   6.9910308565992548E+05   2.9720645642495933E-14   4.0649387496921307E-25   3.5199492706542187E+03
   1.4296770000000000E+09   6.9895392338970420E+05   2.9593117706911482E-14   4.0474975047370814E-25   3.5199484458946317E+03
   1.4316770000000000E+09   6.9895523925648688E+05   2.9460915312112098E-14   4.0294245444176829E-25   3.5199409592398192E+03
   1.4336770000000000E+09   6.9908008444672509E+05   2.9324715628953516E-14   4.0108202848962920E-25   3.5199198736298922E+03
   1.4356770000000000E+09   6.9882130368558236E+05   2.9206326278989748E-14   3.9945865337582132E-25   3.5199562846433528E+03
   6.5767700000000000E+08  -1.4687760192654050E+03   2.8442893232118762E-08   1.0225424208823049E-22   1.8351798873761118E+03
   6.5967700000000000E+08  -1.4097646027337446E+03   4.7422157772229204E-08   1.4101691539291943E-22   2.2187133319837176E+03
   6.6167700000000000E+08  -1.3019049248202182E+03   5.9513075281165638E-08   1.5799501678388640E-22   2.4852591714167870E+03
   6.6367700000000000E+08  -1.1204133623216128E+03   6.5514023717241855E-08   1.6045423768557295E-22   2.6940005066080853E+03
   6.6567700000000000E+08  -8.1152233001350328E+02   6.6402052782340665E-08   1.5278660244925554E-22   2.8676072397671655E+03
   6.6767700000000000E+08  -4.1106385904952253E+02   6.4095310640873352E-08   1.4017201090080937E-22   3.0171281420879268E+03
   6.6967700000000000E+08   5.6944501778241687E+01   6.0167547370835998E-08   1.2607901780709471E-22   3.1488407566808164E+03
   6.7167700000000000E+08   5.6622225842932710E+02   5.5661478320585418E-08   1.1242825357923162E-22   3.2667109217625330E+03
   6.7367700000000000E+08   1.0923889520564960E+03   5.1165057870585642E-08   1.0007616191769158E-22   3.3734412935326345E+03
   6.7567700000000000E+08   1.6079257769623089E+03   4.6967264900085457E-08   8.9283683499123683E-23   3.4709772404804789E+03
   6.7767700000000000E+08   2.0797760258358426E+03   4.3185881548380412E-08   8.0024669630251447E-23   3.5607757757355125E+03
   6.7967700000000000E+08   2.4766395216446749E+03   3.9845079762905105E-08   7.2148272588352841E-23   3.6439613738021717E+03
   6.8167700000000000E+08   2.7852090818989163E+03   3.6916255668796367E-08   6.5453394280260505E-23   3.7214231515138081E+03
   6.8367700000000000E+08   3.0129122909405587E+03   3.4336127199080828E-08   5.9715978429567328E-23   3.7938787032070686E+03
   6.8567700000000000E+08   3.1583187100402010E+03   3.2021892782164960E-08   5.4709983391655082E-23   3.8619166138889650E+03
   6.8767700000000000E+08   3.1748404315466450E+03   2.9892798992706153E-08   5.0238451294902175E-23   3.9260251031021444E+03
   6.8967700000000000E+08   2.9878100888365243E+03   2.7901075037675705E-08   4.6178478222643912E-23   3.9866125607505096E+03
   6.9167700000000000E+08   2.5772764865440345E+03   2.6044006385555852E-08   4.2492813403830305E-23   4.0440251248759778E+03
   6.9367700000000000E+08   2.0373850281558234E+03   2.4346662025852079E-08   3.9194635280679190E-23   4.0985621771675205E+03
   6.9567700000000000E+08   1.5545811319830279E+03   2.2833997940391519E-08   3.6299206164009518E-23   4.1504878134673772E+03
   6.9767700000000000E+08   1.3349206476731306E+03   2.1515114207816381E-08   3.3798638059121677E-23   4.2000374572308156E+03
   6.9967700000000000E+08   1.5383597974683441E+03   2.0382065396349309E-08   3.1661058068376525E-23   4.2474209929037806E+03
   7.0167700000000000E+08   2.2460279089361352E+03   1.9415146594690363E-08   2.9839671786564604E-23   4.2928244279607970E+03
   7.0367700000000000E+08   3.4583802479931351E+03   1.8588873288520102E-08   2.8282235708703634E-23   4.3364113984673386E+03
   7.0567700000000000E+08   5.1126297241489892E+03   1.7876593335812771E-08   2.6937895745105216E-23   4.3783250181751391E+03
   7.0767700000000000E+08   7.1073690591469231E+03   1.7253430481553693E-08   2.5761187718226005E-23   4.4186900838859128E+03
   7.0967700000000000E+08   9.3256876381865768E+03   1.6697823109356617E-08   2.4713805063145744E-23   4.4576154566475170E+03
   7.1167700000000000E+08   1.1652815332949644E+04   1.6192070989383365E-08   2.3764885301768600E-23   4.4951964187417370E+03
   7.1367700000000000E+08   1.3985341020591064E+04   1.5722174089802651E-08   2.2890313038618100E-23   4.5315168392739070E+03
   7.1567700000000000E+08   1.6237119046506066E+04   1.5277609928744363E-08   2.2072011403800542E-23   4.5666510714331871E+03
   7.1767700000000000E+08   1.8344169994732936E+04   1.4850959866956436E-08   2.1297097032107280E-23   4.6006655986216865E+03
   7.1967700000000000E+08   2.0264190260516047E+04   1.4437276967583297E-08   2.0556729454496920E-23   4.6336204254408913E+03
   7.2167700000000000E+08   2.1973884117413265E+04   1.4033590925048725E-08   1.9845228289891346E-23   4.6655702028583946E+03
   7.2367700000000000E+08   2.3466259966712732E+04   1.3638428147969800E-08   1.9159264191157263E-23   4.6965651223162458E+03
   7.2567700000000000E+08   2.4747451779715248E+04   1.3251380655634265E-08   1.8497161714757874E-23   4.7266516185683977E+03
   7.2767700000000000E+08   2.5833334274862522E+04   1.2872729729771076E-08   1.7858312753997564E-23   4.7558729124334250E+03
   7.2967700000000000E+08   2.6746172100708089E+04   1.2503131703437859E-08   1.7242702436237413E-23   4.7842694228472774E+03
   7.3167700000000000E+08   2.7511539503138581E+04   1.2143372028989838E-08   1.6650548609802264E-23   4.8118790757698671E+03
   7.3367700000000000E+08   2.8155716659031590E+04   1.1794189663890821E-08   1.6082051279296437E-23   4.8387375353012530E+03
   7.3567700000000000E+08   2.8703702968068028E+04   1.1456168055733971E-08   1.5537241446919576E-23   4.8648783794108858E+03
   7.3767700000000000E+08   2.9177896055686728E+04   1.1129683040195662E-08   1.5015911822351418E-23   4.8903332389443131E+03
   7.3967700000000000E+08   2.9597393241675039E+04   1.0814894320208734E-08   1.4517608156576448E-23   4.9151319142552638E+03
   7.4167700000000000E+08   2.9977804940920811E+04   1.0511765784985436E-08   1.4041659244515477E-23   4.9393024795111460E+03
   7.4367700000000000E+08   3.0331433905360449E+04   1.0220101308975847E-08   1.3587226531603867E-23   4.9628713808761222E+03
   7.4567700000000000E+08   3.0667673877883499E+04   9.9395855390504922E-09   1.3153358879414728E-23   4.9858635317452645E+03
   7.4767700000000000E+08   3.0993504149710534E+04   9.6698226513461376E-09   1.2739043188893719E-23   5.0083024061063179E+03
   7.4967700000000000E+08   3.1313990826586298E+04   9.4103692433310952E-09   1.2343246085095217E-23   5.0302101298657635E+03
   7.5167700000000000E+08   3.1632740374501565E+04   9.1607599682561215E-09   1.1964945198910002E-23   5.0516075694062956E+03
   7.5367700000000000E+08   3.1952279688890085E+04   8.9205260993985210E-09   1.1603150655216019E-23   5.0725144165220272E+03
   7.5567700000000000E+08   3.2274357017118728E+04   8.6892080435719334E-09   1.1256918404830269E-23   5.0929492690083907E+03
   7.5767700000000000E+08   3.2600169965300793E+04   8.4663631159703606E-09   1.0925357337808167E-23   5.1129297064191032E+03
   7.5967700000000000E+08   3.2930532363599224E+04   8.2515698533935691E-09   1.0607631991394419E-23   5.1324723607502356E+03
   7.6167700000000000E+08   3.3265993098644271E+04   8.0444299476571214E-09   1.0302962347835471E-23   5.1515929820233068E+03
   7.6367700000000000E+08   3.3606918997709654E+04   7.8445686365606435E-09   1.0010621852960727E-23   5.1703064988979440E+03
   7.6567700000000000E+08   3.3953551794322069E+04   7.6516341582341922E-09   9.7299344548716480E-24   5.1886270745503271E+03
   7.6767700000000000E+08   3.4306046937967447E+04   7.4652966832927131E-09   9.4602711950941939E-24   5.2065681581148028E+03
   7.6967700000000000E+08   3.4664499958285909E+04   7.2852469942479421E-09   9.2010466865175456E-24   5.2241425320140570E+03
   7.7167700000000000E+08   3.5028964424795151E+04   7.1111950786430826E-09   8.9517156745164345E-24   5.2413623555080794E+03
   7.7367700000000000E+08   3.5399464277324645E+04   6.9428687329472664E-09   8.7117697865944517E-24   5.2582392047826161E+03
   7.7567700000000000E+08   3.5776002390043643E+04   6.7800122295499677E-09   8.4807345187069094E-24   5.2747841098796707E+03
   7.7767700000000000E+08   3.6158566599604972E+04   6.6223850716731445E-09   8.2581664723643698E-24   5.2910075887505827E+03
   7.7967700000000000E+08   3.6547134002897721E+04   6.4697608448565637E-09   8.0436508375874054E-24   5.3069196786885977E+03
   7.8167700000000000E+08   3.6941674051078429E+04   6.3219261647114501E-09   7.8367991070903327E-24   5.3225299653746461E+03
   7.8367700000000000E+08   3.7342150786965525E+04   6.1786797160612658E-09   7.6372470029233001E-24   5.3378476097479488E+03
   7.8567700000000000E+08   3.7748524458603490E+04   6.0398313765712852E-09   7.4446525957781855E-24   5.3528813728926871E+03
   7.8767700000000000E+08   3.8160752669414265E+04   5.9052014173724822E-09   7.2586945977812775E-24   5.3676396391133321E+03
   7.8967700000000000E+08   3.8578791179234693E+04   5.7746197733290095E-09   7.0790708109850568E-24   5.3821304373544172E+03
   7.9167700000000000E+08   3.9002594440633962E+04   5.6479253760894417E-09   6.9054967154444978E-24   5.3963614611053945E+03
   7.9367700000000000E+08   3.9432115934875867E+04   5.5249655436820694E-09   6.7377041824602691E-24   5.4103400869177021E+03
   7.9567700000000000E+08   3.9867308357841335E+04   5.4055954210535869E-09   6.5754403001703903E-24   5.4240733916489853E+03
   7.9767700000000000E+08   4.0308123695861963E+04   5.2896774665537439E-09   6.4184663001205872E-24   5.4375681685385061E+03
   7.9967700000000000E+08   4.0754513223349386E+04   5.1770809799158512E-09   6.2665565747306467E-24   5.4508309422082211E+03
   8.0167700000000000E+08   4.1206427447580631E+04   5.0676816677703613E-09   6.1194977767088616E-24   5.4638679826749612E+03
   8.0367700000000000E+08   4.1663816020602237E+04   4.9613612431577455E-09   5.9770879924600303E-24   5.4766853184516631E+03
   8.0567700000000000E+08   4.2126627633677526E+04   4.8580070558858361E-09   5.8391359824063895E-24   5.4892887488082970E+03
   8.0767700000000000E+08   4.2594809905926879E+04   4.7575117509105730E-09   5.7054604819076850E-24   5.5016838552569725E+03
   8.0967700000000000E+08   4.3068309275705287E+04   4.6597729522151711E-09   5.5758895571434830E-24   5.5138760123198845E+03
   8.1167700000000000E+08   4.3547070900777828E+04   4.5646929699258103E-09   5.4502600109188090E-24   5.5258703976337147E+03
   8.1367700000000000E+08   4.4031038571430050E+04   4.4721785286370980E-09   5.3284168338848287E-24   5.5376720014394805E+03
   8.1567700000000000E+08   4.4520154639249100E+04   4.3821405151304346E-09   5.2102126971371592E-24   5.5492856355025115E+03
   8.1767700000000000E+08   4.5014359963358380E+04   4.2944937438565590E-09   5.0955074825732284E-24   5.5607159415036467E+03
   8.1967700000000000E+08   4.5513593875303493E+04   4.2091567387213164E-09   4.9841678477622746E-24   5.5719673989391540E+03
   8.2167700000000000E+08   4.6017794163506805E+04   4.1260515298631200E-09   4.8760668224119738E-24   5.5830443325638635E+03
   8.2367700000000000E+08   4.6526897078117654E+04   4.0451034642427869E-09   4.7710834338083501E-24   5.5939509194092070E+03
   8.2567700000000000E+08   4.7040837357107557E+04   3.9662410289818151E-09   4.6691023588632302E-24   5.6046911954052321E+03
   8.2767700000000000E+08   4.7559548274498942E+04   3.8893956864860431E-09   4.5700136006305230E-24   5.6152690616334276E+03
   8.2967700000000000E+08   4.8082961711589873E+04   3.8145017204771056E-09   4.4737121873498695E-24   5.6256882902350389E+03
   8.3167700000000000E+08   4.8611008251864449E+04   3.7414960921271418E-09   4.3800978922486013E-24   5.6359525299976431E+03
   8.3367700000000000E+08   4.9143617299933518E+04   3.6703183055529913E-09   4.2890749724818840E-24   5.6460653116410049E+03
   8.3567700000000000E+08   4.9680717224296881E+04   3.6009102819765747E-09   4.2005519257200075E-24   5.6560300528216376E+03
   8.3767700000000000E+08   5.0222235522956391E+04   3.5332162419004650E-09   4.1144412630042194E-24   5.6658500628740421E+03
   8.3967700000000000E+08   5.0768099009979735E+04   3.4671825946833165E-09   4.0306592965912068E-24   5.6755285473052036E+03
   8.4167700000000000E+08   5.1318234020082025E+04   3.4027578349315242E-09   3.9491259415948387E-24   5.6850686120577529E+03
   8.4367700000000000E+08   5.1872566627221495E+04   3.3398924451528143E-09   3.8697645303146410E-24   5.6944732675561045E+03
   8.4567700000000000E+08   5.2431022872192443E+04   3.2785388041462699E-09   3.7925016382165095E-24   5.7037454325487170E+03
   8.4767700000000000E+08   5.2993528993341766E+04   3.2186511006342033E-09   3.7172669206054162E-24   5.7128879377587809E+03
   8.4967700000000000E+08   5.3560011653927206E+04   3.1601852516735069E-09   3.6439929591020527E-24   5.7219035293547904E+03
   8.5167700000000000E+08   5.4130398159329940E+04   3.1030988254202200E-09   3.5726151171088280E-24   5.7307948722515102E+03
   8.5367700000000000E+08   5.4704616657403720E+04   3.0473509678598792E-09   3.5030714035238431E-24   5.7395645532512817E+03
   8.5567700000000000E+08   5.5282596315688017E+04   2.9929023331577873E-09   3.4353023440353178E-24   5.7482150840347331E+03
   8.5767700000000000E+08   5.5864267470036400E+04   2.9397150173269398E-09   3.3692508594019629E-24   5.7567489040096507E+03
   8.5967700000000000E+08   5.6449561740359306E+04   2.8877524949549808E-09   3.3048621501960958E-24   5.7651683830257507E+03
   8.6167700000000000E+08   5.7038412110588892E+04   2.8369795587749459E-09   3.2420835875542524E-24   5.7734758239630291E+03
   8.6367700000000000E+08   5.7630752971549438E+04   2.7873622619050217E-09   3.1808646095433503E-24   5.7816734652005325E+03
   8.6567700000000000E+08   5.8226520127060881E+04   2.7388678626192939E-09   3.1211566228072154E-24   5.7897634829721428E+03
   8.6767700000000000E+08   5.8825650765192702E+04   2.6914647715433458E-09   3.0629129092080445E-24   5.7977479936154832E+03
   8.6967700000000000E+08   5.9428083398042087E+04   2.6451225011941684E-09   3.0060885372186086E-24   5.8056290557197008E+03
   8.7167700000000000E+08   6.0033757774629528E+04   2.5998116178033285E-09   2.9506402778539085E-24   5.8134086721775275E+03
   8.7367700000000000E+08   6.0642614772423942E+04   2.5555036953750248E-09   2.8965265249553185E-24   5.8210887921466410E+03
   8.7567700000000000E+08   6.1254596273594856E+04   2.5121712719374188E-09   2.8437072196567957E-24   5.8286713129252084E+03
   8.7767700000000000E+08   6.1869645032313601E+04   2.4697878079465270E-09   2.7921437788721313E-24   5.8361580817459881E+03
   8.7967700000000000E+08   6.2487704539308805E+04   2.4283276467987520E-09   2.7417990276461617E-24   5.8435508974932945E+03
   8.8167700000000000E+08   6.3108718889476659E+04   2.3877659774008507E-09   2.6926371352119019E-24   5.8508515123467696E+03
   8.8367700000000000E+08   6.3732632657677706E+04   2.3480787987370884E-09   2.6446235545920104E-24   5.8580616333557437E+03
   8.8567700000000000E+08   6.4359390787072552E+04   2.3092428863623939E-09   2.5977249655771463E-24   5.8651829239476847E+03
   8.8767700000000000E+08   6.4988938493587106E+04   2.2712357607385993E-09   2.5519092209065412E-24   5.8722170053741183E+03
   8.8967700000000000E+08   6.5621221189698990E+04   2.2340356573171091E-09   2.5071452954664788E-24   5.8791654580970708E+03
   8.9167700000000000E+08   6.6256184431402507E+04   2.1976214982518127E-09   2.4634032383058195E-24   5.8860298231190991E+03
   8.9367700000000000E+08   6.6893773895427774E+04   2.1619728655913820E-09   2.4206541272341233E-24   5.8928116032596199E+03
   8.9567700000000000E+08   6.7533935402709118E+04   2.1270699757298890E-09   2.3788700256943346E-24   5.8995122643802133E+03
   8.9767700000000000E+08   6.8176615024561397E+04   2.0928936547504260E-09   2.3380239414459140E-24   5.9061332365614098E+03
   8.9967700000000000E+08   6.8821759349281565E+04   2.0594253140210153E-09   2.2980897862927842E-24   5.9126759152334707E+03
   9.0167700000000000E+08   6.9469316059493009E+04   2.0266469249346383E-09   2.2590423355774911E-24   5.9191416622635716E+03
   9.0367700000000000E+08   7.0119235075517950E+04   1.9945409910395056E-09   2.2208571854570325E-24   5.9255318070019675E+03
   9.0567700000000000E+08   7.0771470621400309E+04   1.9630905152491141E-09   2.1835107053787442E-24   5.9318476472899183E+03
   9.0767700000000000E+08   7.1425984546105246E+04   1.9322789601774387E-09   2.1469799836033354E-24   5.9380904504323689E+03
   9.0967700000000000E+08   7.2082750827997996E+04   1.9020902025464996E-09   2.1112427668819234E-24   5.9442614541382891E+03
   9.1167700000000000E+08   7.2741760056926127E+04   1.8725084901583065E-09   2.0762774037755964E-24   5.9503618674307718E+03
   9.1367700000000000E+08   7.3403020668894678E+04   1.8435184227409079E-09   2.0420628152340557E-24   5.9563928715263792E+03
   9.1567700000000000E+08   7.4066551497827415E+04   1.8151049910983401E-09   2.0085785303259405E-24   5.9623556206787762E+03
   9.1767700000000000E+08   7.4732360107155633E+04   1.7872537075531406E-09   1.9758048229731726E-24   5.9682512429764020E+03
   9.1967700000000000E+08   7.5400406949285913E+04   1.7599508225944955E-09   1.9437229430170010E-24   5.9740808410815462E+03
   9.2167700000000000E+08   7.6070568445587516E+04   1.7331835396731746E-09   1.9123153434123537E-24   5.9798454929050476E+03
   9.2367700000000000E+08   7.6742626337168680E+04   1.7069400516661784E-09   1.8815657090441039E-24   5.9855462522304415E+03
   9.2567700000000000E+08   7.7416309825603326E+04   1.6812092385209911E-09   1.8514586125666167E-24   5.9911841493271932E+03
   9.2767700000000000E+08   7.8091384576334356E+04   1.6559800692913744E-09   1.8219788486771284E-24   5.9967601916024742E+03
   9.2967700000000000E+08   7.8767732187827060E+04   1.6312410669817584E-09   1.7931108434103562E-24   6.0022753643124925E+03
   9.3167700000000000E+08   7.9445353426427624E+04   1.6069803087542868E-09   1.7648386552294869E-24   6.0077306312981655E+03
   9.3367700000000000E+08   8.0124286256452295E+04   1.5831859247717760E-09   1.7371465215612633E-24   6.0131269356680095E+03
   9.3567700000000000E+08   8.0804518929418045E+04   1.5598465088290288E-09   1.7100193030569631E-24   6.0184652003733372E+03
   9.3767700000000000E+08   8.1486008945008172E+04   1.5369512700572624E-09   1.6834426406423068E-24   6.0237463287234041E+03
   9.3967700000000000E+08   8.2168782290348623E+04   1.5144901581581950E-09   1.6574030865480644E-24   6.0289712049442978E+03
   9.4167700000000000E+08   8.2852927172613970E+04   1.4924535101027082E-09   1.6318877180395731E-24   6.0341406947647256E+03
   9.4367700000000000E+08   8.3538412718285996E+04   1.4708307179540689E-09   1.6068826830113899E-24   6.0392556458813251E+03
   9.4567700000000000E+08   8.4224931823113933E+04   1.4496091800300655E-09   1.5823720510172491E-24   6.0443168882507089E+03
   9.4767700000000000E+08   8.4911985579913991E+04   1.4287753865763547E-09   1.5583389894455165E-24   6.0493252343594841E+03
   9.4967700000000000E+08   8.5599175091710931E+04   1.4083176650288866E-09   1.5347687486544985E-24   6.0542814796983157E+03
   9.5167700000000000E+08   8.6286452513664030E+04   1.3882279869012938E-09   1.5116506257641631E-24   6.0591864035540757E+03
   9.5367700000000000E+08   8.6974665350223571E+04   1.3685019136324152E-09   1.4889779158103842E-24   6.0640407699108209E+03
   9.5567700000000000E+08   8.7664035556935240E+04   1.3491398389506859E-09   1.4667490197168446E-24   6.0688453279339101E+03
   9.5767700000000000E+08   8.8355655647358377E+04   1.3301430599106532E-09   1.4449638978909358E-24   6.0736008121302038E+03
   9.5967700000000000E+08   8.9049022089855353E+04   1.3114955276726573E-09   1.4236033255718324E-24   6.0783079423717991E+03
   9.6167700000000000E+08   8.9743737850454985E+04   1.2931867788039937E-09   1.4026542762950583E-24   6.0829674240358236E+03
   9.6367700000000000E+08   9.0439641737420330E+04   1.2752081075544395E-09   1.3821057090377918E-24   6.0875799484531017E+03
   9.6567700000000000E+08   9.1136644977840886E+04   1.2575517220571073E-09   1.3619476447317074E-24   6.0921461933370192E+03
   9.6767700000000000E+08   9.1834685937515547E+04   1.2402102928242130E-09   1.3421706670357113E-24   6.0966668231646690E+03
   9.6967700000000000E+08   9.2533716612062999E+04   1.2231767987491448E-09   1.3227657504970880E-24   6.1011424895275732E+03
   9.7167700000000000E+08   9.3233697799381596E+04   1.2064444685784490E-09   1.3037241940162499E-24   6.1055738314623695E+03
   9.7367700000000000E+08   9.3934596340240474E+04   1.1900067489712976E-09   1.2850375837638124E-24   6.1099614757666204E+03
   9.7567700000000000E+08   9.4636383209299238E+04   1.1738572815296348E-09   1.2666977660833444E-24   6.1143060373023982E+03
   9.7767700000000000E+08   9.5339032076133764E+04   1.1579898862057122E-09   1.2486968274605102E-24   6.1186081192894380E+03
   9.7967700000000000E+08   9.6042518310312342E+04   1.1423985492587749E-09   1.2310270795415129E-24   6.1228683135884439E+03
   9.8167700000000000E+08   9.6746818514235129E+04   1.1270774134349972E-09   1.2136810466723230E-24   6.1270872009754403E+03
   9.8367700000000000E+08   9.7451910395950530E+04   1.1120207697687575E-09   1.1966514552965487E-24   6.1312653514077656E+03
   9.8567700000000000E+08   9.8157772708256351E+04   1.0972230513348536E-09   1.1799312255497750E-24   6.1354033242820979E+03
   9.8767700000000000E+08   9.8864385164698630E+04   1.0826788285135031E-09   1.1635134645634137E-24   6.1395016686849776E+03
   9.8967700000000000E+08   9.9571728303443771E+04   1.0683828049517865E-09   1.1473914605909174E-24   6.1435609236358705E+03
   9.9167700000000000E+08   1.0027978327155368E+05   1.0543298138676087E-09   1.1315586775670366E-24   6.1475816183232164E+03
   9.9367700000000000E+08   1.0098853170568927E+05   1.0405148148530044E-09   1.1160087502570753E-24   6.1515642723334804E+03
   9.9567700000000000E+08   1.0169795610772252E+05   1.0269328921486039E-09   1.1007354810279764E-24   6.1555093958737807E+03
   9.9767700000000000E+08   1.0240804104780764E+05   1.0135792562354348E-09   1.0857328402128489E-24   6.1594174899885747E+03
   9.9967700000000000E+08   1.0311877511711625E+05   1.0004492500736937E-09   1.0709949714896126E-24   6.1632890467711368E+03
   1.0016770000000000E+09   1.0383015286748733E+05   9.8753835810245245E-10   1.0565162002555724E-24   6.1671245495700205E+03
   1.0036770000000000E+09   1.0454217577717573E+05   9.7484221304055984E-10   1.0422910396936725E-24   6.1709244731904409E+03
   1.0056770000000000E+09   1.0525485103367819E+05   9.6235658981702856E-10   1.0283141831477595E-24   6.1746892840895116E+03
   1.0076770000000000E+09   1.0596818763420236E+05   9.5007738406902345E-10   1.0145804800943988E-24   6.1784194405642284E+03
   1.0096770000000000E+09   1.0668219045495322E+05   9.3800057450385050E-10   1.0010848949896486E-24   6.1821153929313823E+03
   1.0116770000000000E+09   1.0739685412949391E+05   9.2612217857859506E-10   9.8782245908274359E-25   6.1857775836996661E+03
   1.0136770000000000E+09   1.0811215901427520E+05   9.1443821948765728E-10   9.7478823441041559E-25   6.1894064477346010E+03
   1.0156770000000000E+09   1.0882806469529215E+05   9.0294471608105434E-10   9.6197730208949683E-25   6.1930024124179117E+03
   1.0176770000000000E+09   1.0954451882855853E+05   8.9163768308851698E-10   9.4938476248705922E-25   6.1965658978043475E+03
   1.0196770000000000E+09   1.1026145824643850E+05   8.8051314507295613E-10   9.3700574848908271E-25   6.2000973167771081E+03
   1.0216770000000000E+09   1.1097881795377146E+05   8.6956720967001067E-10   9.2483550319615291E-25   6.2035970752029834E+03
   1.0236770000000000E+09   1.1169654022419502E+05   8.5879610687570730E-10   9.1286942084359582E-25   6.2070655720875848E+03
   1.0256770000000000E+09   1.1241458100909639E+05   8.4819622222159500E-10   9.0110308125538898E-25   6.2105031997295791E+03
   1.0276770000000000E+09   1.1313291323456354E+05   8.3776411180932050E-10   8.8953226498549927E-25   6.2139103438723514E+03
   1.0296770000000000E+09   1.1385152675626539E+05   8.2749649848250264E-10   8.7815294841504286E-25   6.2172873838514079E+03
   1.0316770000000000E+09   1.1457042563829018E+05   8.1739025346770438E-10   8.6696128344459582E-25   6.2206346927364439E+03
   1.0336770000000000E+09   1.1528962389368680E+05   8.0744237021563778E-10   8.5595356895992977E-25   6.2239526374675479E+03
   1.0356770000000000E+09   1.1600914086488908E+05   7.9764993711594191E-10   8.4512622117204828E-25   6.2272415789854467E+03
   1.0376770000000000E+09   1.1672899715144509E+05   7.8801011404139522E-10   8.3447574809315861E-25   6.2305018723564435E+03
   1.0396770000000000E+09   1.1744921159546236E+05   7.7852011529777138E-10   8.2399873087300873E-25   6.2337338668926986E+03
   1.0416770000000000E+09   1.1816979946141309E+05   7.6917719938101027E-10   8.1369181240703917E-25   6.2369379062685530E+03
   1.0436770000000000E+09   1.1889077167589101E+05   7.5997866448209006E-10   8.0355169207712512E-25   6.2401143286336282E+03
   1.0456770000000000E+09   1.1961213485048703E+05   7.5092184802314887E-10   7.9357512479187795E-25   6.2432634667231996E+03
   1.0476770000000000E+09   1.2033389178388930E+05   7.4200412847315520E-10   7.8375892246029107E-25   6.2463856479660426E+03
   1.0496770000000000E+09   1.2105604218529693E+05   7.3322292802376057E-10   7.7409995638900219E-25   6.2494811945900456E+03
   1.0516770000000000E+09   1.2177858343520552E+05   7.2457571518006123E-10   7.6459515959920135E-25   6.2525504237256609E+03
   1.0536770000000000E+09   1.2250151127406089E+05   7.1606000676654618E-10   7.5524152853343621E-25   6.2555936475071212E+03
   1.0556770000000000E+09   1.2322482036991323E+05   7.0767336917832129E-10   7.4603612397300883E-25   6.2586111731714891E+03
   1.0576770000000000E+09   1.2394850475614792E+05   6.9941341891132578E-10   7.3697607120268249E-25   6.2616033031555698E+03
   1.0596770000000000E+09   1.2467255815195112E+05   6.9127782250354042E-10   7.2805855956338577E-25   6.2645703351905768E+03
   1.0616770000000000E+09   1.2539697418731227E+05   6.8326429604335091E-10   7.1928084155887186E-25   6.2675125623947333E+03
   1.0636770000000000E+09   1.2612174655533284E+05   6.7537060438637676E-10   7.1064023166628168E-25   6.2704302733635604E+03
   1.0656770000000000E+09   1.2684686911162274E+05   6.6759456019240667E-10   7.0213410496880151E-25   6.2733237522582258E+03
   1.0676770000000000E+09   1.2757233593662150E+05   6.5993402286261747E-10   6.9375989569516314E-25   6.2761932788916911E+03
   1.0696770000000000E+09   1.2829814137279452E+05   6.5238689743187603E-10   6.8551509572365796E-25   6.2790391288129558E+03
   1.0716770000000000E+09   1.2902428004552801E+05   6.4495113345241055E-10   6.7739725308870996E-25   6.2818615733891511E+03
   1.0736770000000000E+09   1.2975074687416112E+05   6.3762472389222822E-10   6.6940397051426479E-25   6.2846608798859406E+03
   1.0756770000000000E+09   1.3047753707760831E+05   6.3040570406266384E-10   6.6153290398880115E-25   6.2874373115458566E+03
   1.0776770000000000E+09   1.3120464617743055E+05   6.2329215058258360E-10   6.5378176138945501E-25   6.2901911276648498E+03
   1.0796770000000000E+09   1.3193206999983010E+05   6.1628218038149638E-10   6.4614830115722038E-25   6.2929225836671412E+03
   1.0816770000000000E+09   1.3265980467698324E+05   6.0937394973997200E-10   6.3863033102115429E-25   6.2956319311782681E+03
   1.0836770000000000E+09   1.3338784664744491E+05   6.0256565336364319E-10   6.3122570676728349E-25   6.2983194180965311E+03
   1.0856770000000000E+09   1.3411619265506513E+05   5.9585552348653076E-10   6.2393233104738622E-25   6.3009852886626886E+03
   1.0876770000000000E+09   1.3484483974590659E+05   5.8924182900017171E-10   6.1674815222357422E-25   6.3036297835281512E+03
   1.0896770000000000E+09   1.3557378526286964E+05   5.8272287460636379E-10   6.0967116324605659E-25   6.3062531398216524E+03
   1.0916770000000000E+09   1.3630302683797933E+05   5.7629699999268994E-10   6.0269940056289128E-25   6.3088555912142765E+03
   1.0936770000000000E+09   1.3703256238249334E+05   5.6996257903084498E-10   5.9583094306140657E-25   6.3114373679832051E+03
   1.0956770000000000E+09   1.3776239007502657E+05   5.6371801899801261E-10   5.8906391104128977E-25   6.3139986970738519E+03
   1.0976770000000000E+09   1.3849250834783865E+05   5.5756175982131283E-10   5.8239646521904999E-25   6.3165398021607352E+03
   1.0996770000000000E+09   1.3922291587129098E+05   5.5149227334485960E-10   5.7582680576311460E-25   6.3190609037069325E+03
   1.1016770000000000E+09   1.3995361153634402E+05   5.4550806261846520E-10   5.6935317135828992E-25   6.3215622190222111E+03
   1.1036770000000000E+09   1.4068459443483379E+05   5.3960766120675020E-10   5.6297383829802657E-25   6.3240439623199200E+03
   1.1056770000000000E+09   1.4141586383717874E+05   5.3378963251736039E-10   5.5668711960290625E-25   6.3265063447725770E+03
   1.1076770000000000E+09   1.4214741916712944E+05   5.2805256914714714E-10   5.5049136416391537E-25   6.3289495745662625E+03
   1.1096770000000000E+09   1.4287925997316258E+05   5.2239509224544332E-10   5.4438495590938159E-25   6.3313738569538073E+03
   1.1116770000000000E+09   1.4361138589612971E+05   5.1681585089385199E-10   5.3836631299475640E-25   6.3337793943067700E+03
   1.1136770000000000E+09   1.4434379663277231E+05   5.1131352150234242E-10   5.3243388701480465E-25   6.3361663861664374E+03
   1.1156770000000000E+09   1.4507649189477105E+05   5.0588680722150617E-10   5.2658616223788334E-25   6.3385350292935373E+03
   1.1176770000000000E+09   1.4580947136299466E+05   5.0053443737112184E-10   5.2082165486224193E-25   6.3408855177169562E+03
   1.1196770000000000E+09   1.4654273463669233E+05   4.9525516688507221E-10   5.1513891229421779E-25   6.3432180427814419E+03
   1.1216770000000000E+09   1.4727628117741158E+05   4.9004777577271924E-10   5.0953651244826161E-25   6.3455327931941702E+03
   1.1236770000000000E+09   1.4801011024752652E+05   4.8491106859671554E-10   5.0401306306857711E-25   6.3478299550704605E+03
   1.1256770000000000E+09   1.4874422084337668E+05   4.7984387396703935E-10   4.9856720107201584E-25   6.3501097119783080E+03
   1.1276770000000000E+09   1.4947861162314366E+05   4.7484504405094779E-10   4.9319759191170800E-25   6.3523722449821971E+03
   1.1296770000000000E+09   1.5021328082978883E+05   4.6991345409819577E-10   4.8790292896062959E-25   6.3546177326858096E+03
   1.1316770000000000E+09   1.5094822620956443E+05   4.6504800198069938E-10   4.8268193291408461E-25   6.3568463512738726E+03
   1.1336770000000000E+09   1.5168344492684919E+05   4.6024760774548532E-10   4.7753335120975774E-25   6.3590582745531447E+03
   1.1356770000000000E+09   1.5241893347631229E+05   4.5551121317948155E-10   4.7245595746370497E-25   6.3612536739925272E+03
   1.1376770000000000E+09   1.5315468759368930E+05   4.5083778138439460E-10   4.6744855092034249E-25   6.3634327187622202E+03
   1.1396770000000000E+09   1.5389070216675114E+05   4.4622629635961827E-10   4.6250995591415444E-25   6.3655955757723113E+03
   1.1416770000000000E+09   1.5462697114833293E+05   4.4167576259080113E-10   4.5763902134059480E-25   6.3677424097102357E+03
   1.1436770000000000E+09   1.5536348747359242E+05   4.3718520464151275E-10   4.5283462013338264E-25   6.3698733830777055E+03
   1.1456770000000000E+09   1.5610024298393656E+05   4.3275366674518790E-10   4.4809564874521319E-25   6.3719886562267448E+03
   1.1476770000000000E+09   1.5683722836029847E+05   4.2838021239444626E-10   4.4342102662877296E-25   6.3740883873950243E+03
   1.1496770000000000E+09   1.5757443306863672E+05   4.2406392392482763E-10   4.3880969571493648E-25   6.3761727327404915E+03
   1.1516770000000000E+09   1.5831184532064878E+05   4.1980390209005131E-10   4.3426061988508934E-25   6.3782418463752010E+03
   1.1536770000000000E+09   1.5904945205273377E+05   4.1559926562610497E-10   4.2977278443472202E-25   6.3802958803986294E+03
   1.1556770000000000E+09   1.5978723892615733E+05   4.1144915080176606E-10   4.2534519552579671E-25   6.3823349849300821E+03
   1.1576770000000000E+09   1.6052519035117814E+05   4.0735271095366865E-10   4.2097687962586070E-25   6.3843593081407780E+03
   1.1596770000000000E+09   1.6126328953757076E+05   4.0330911600456124E-10   4.1666688293251206E-25   6.3863689962850112E+03
   1.1616770000000000E+09   1.6200151857348974E+05   3.9931755196422093E-10   4.1241427078260681E-25   6.3883641937309330E+03
   1.1636770000000000E+09   1.6273985853398772E+05   3.9537722041333016E-10   4.0821812704651985E-25   6.3903450429905552E+03
   1.1656770000000000E+09   1.6347828961973201E+05   3.9148733797163196E-10   4.0407755350876964E-25   6.3923116847493538E+03
   1.1676770000000000E+09   1.6421679132554104E+05   3.8764713575274977E-10   3.9999166923745099E-25   6.3942642578953573E+03
   1.1696770000000000E+09   1.6495534263734714E+05   3.8385585880914547E-10   3.9595960994604162E-25   6.3962028995474320E+03
   1.1716770000000000E+09   1.6569392225509125E+05   3.8011276557185137E-10   3.9198052735228372E-25   6.3981277450834641E+03
   1.1736770000000000E+09   1.6643250883792460E+05   3.7641712729055979E-10   3.8805358853989405E-25   6.4000389281676844E+03
   1.1756770000000000E+09   1.6717108126698583E+05   3.7276822748062124E-10   3.8417797532975354E-25   6.4019365807777931E+03
   1.1776770000000000E+09   1.6790961891998840E+05   3.6916536138413863E-10   3.8035288366793868E-25   6.4038208332314271E+03
   1.1796770000000000E+09   1.6864810195097447E+05   3.6560783545280535E-10   3.7657752303836197E-25   6.4056918142123568E+03
   1.1816770000000000E+09   1.6938651156791690E+05   3.6209496686021197E-10   3.7285111590789580E-25   6.4075496507960343E+03
   1.1836770000000000E+09   1.7012483030043056E+05   3.5862608305113307E-10   3.6917289721157059E-25   6.4093944684749513E+03
   1.1856770000000000E+09   1.7086304224976269E+05   3.5520052133464580E-10   3.6554211388479857E-25   6.4112263911833297E+03
   1.1876770000000000E+09   1.7160113331346802E+05   3.5181762852696904E-10   3.6195802444851210E-25   6.4130455413216205E+03
   1.1896770000000000E+09   1.7233909137775688E+05   3.4847676064857703E-10   3.5841989865177591E-25   6.4148520397803941E+03
   1.1916770000000000E+09   1.7307690647143224E+05   3.4517728267854345E-10   3.5492701717473506E-25   6.4166460059640485E+03
   1.1936770000000000E+09   1.7381457087654437E+05   3.4191856836726141E-10   3.5147867139294958E-25   6.4184275578137749E+03
   1.1956770000000000E+09   1.7455207919235123E+05   3.3870000010683888E-10   3.4807416320219813E-25   6.4201968118305613E+03
   1.1976770000000000E+09   1.7528942835079573E+05   3.3552096885648849E-10   3.4471280490089759E-25   6.4219538830973252E+03
   1.1996770000000000E+09   1.7602661758340380E+05   3.3238087411854043E-10   3.4139391912546674E-25   6.4236988853009843E+03
   1.2016770000000000E+09   1.7676364834119810E+05   3.2927912395906879E-10   3.3811683883236229E-25   6.4254319307539836E+03
   1.2036770000000000E+09   1.7750052417083929E+05   3.2621513506580483E-10   3.3488090731915269E-25   6.4271531304153314E+03
   1.2056770000000000E+09   1.7823725055161680E+05   3.2318833283508349E-10   3.3168547827605593E-25   6.4288625939114236E+03
   1.2076770000000000E+09   1.7897383469915338E+05   3.2019815147889701E-10   3.2852991585872404E-25   6.4305604295563326E+03
   1.2096770000000000E+09   1.7971028534265523E+05   3.1724403414287836E-10   3.2541359477280024E-25   6.4322467443717514E+03
   1.2116770000000000E+09   1.8044661248320743E+05   3.1432543302614535E-10   3.2233590036092266E-25   6.4339216441064582E+03
   1.2136770000000000E+09   1.8118282714101166E+05   3.1144180949434068E-10   3.1929622868326270E-25   6.4355852332555796E+03
   1.2156770000000000E+09   1.8191894109952464E+05   3.0859263417791655E-10   3.1629398658347765E-25   6.4372376150791260E+03
   1.2176770000000000E+09   1.8265496665425581E+05   3.0577738704870365E-10   3.1332859173292412E-25   6.4388788916206249E+03
   1.2196770000000000E+09   1.8339091637339443E+05   3.0299555746898889E-10   3.1039947264729358E-25   6.4405091637248997E+03
   1.2216770000000000E+09   1.8412680287664270E+05   3.0024664420877317E-10   3.0750606867123026E-25   6.4421285310559224E+03
   1.2236770000000000E+09   1.8486263863749336E+05   2.9753015542834604E-10   3.0464782992809383E-25   6.4437370921139072E+03
   1.2256770000000000E+09   1.8559843581285136E+05   2.9484560862502374E-10   3.0182421723369383E-25   6.4453349442524532E+03
   1.2276770000000000E+09   1.8633420610240867E+05   2.9219253054443705E-10   2.9903470197447844E-25   6.4469221836951101E+03
   1.2296770000000000E+09   1.8706996063862031E+05   2.8957045705831924E-10   2.9627876595220759E-25   6.4484989055516553E+03
   1.2316770000000000E+09   1.8780570990660888E+05   2.8697893301209602E-10   2.9355590119852497E-25   6.4500652038342596E+03
   1.2336770000000000E+09   1.8854146369200572E+05   2.8441751204657471E-10   2.9086560976388480E-25   6.4516211714730216E+03
   1.2356770000000000E+09   1.8927723105364045E+05   2.8188575639881247E-10   2.8820740348602357E-25   6.4531669003315337E+03
   1.2376770000000000E+09   1.9001302031727054E+05   2.7938323668751138E-10   2.8558080374347916E-25   6.4547024812220761E+03
   1.2396770000000000E+09   1.9074883908619350E+05   2.7690953168824916E-10   2.8298534119958920E-25   6.4562280039203861E+03
   1.2416770000000000E+09   1.9148469426456580E+05   2.7446422810350013E-10   2.8042055554200951E-25   6.4577435571804481E+03
   1.2436770000000000E+09   1.9222059208952548E+05   2.7204692033177582E-10   2.7788599522218126E-25   6.4592492287488212E+03
   1.2456770000000000E+09   1.9295653816870815E+05   2.6965721023947262E-10   2.7538121719838139E-25   6.4607451053787836E+03
   1.2476770000000000E+09   1.9369253752030633E+05   2.6729470693825394E-10   2.7290578668521526E-25   6.4622312728442594E+03
   1.2496770000000000E+09   1.9442859461343792E+05   2.6495902657001572E-10   2.7045927691162060E-25   6.4637078159535113E+03
   1.2516770000000000E+09   1.9516471340712643E+05   2.6264979210086418E-10   2.6804126888880420E-25   6.4651748185625811E+03
   1.2536770000000000E+09   1.9590089738668993E+05   2.6036663312497460E-10   2.6565135118897147E-25   6.4666323635884764E+03
   1.2556770000000000E+09   1.9663714959675845E+05   2.5810918567876682E-10   2.6328911973524902E-25   6.4680805330222729E+03
   1.2576770000000000E+09   1.9737347267047357E+05   2.5587709206546380E-10   2.6095417760285190E-25   6.4695194079418188E+03
   1.2596770000000000E+09   1.9810986885471502E+05   2.5367000068986037E-10   2.5864613483127453E-25   6.4709490685243263E+03
   1.2616770000000000E+09   1.9884634003142538E+05   2.5148756590291493E-10   2.5636460824708177E-25   6.4723695940588441E+03
   1.2636770000000000E+09   1.9958288773527549E+05   2.4932944785561319E-10   2.5410922129672256E-25   6.4737810629582746E+03
   1.2656770000000000E+09   2.0031951316794750E+05   2.4719531236158610E-10   2.5187960388879344E-25   6.4751835527714793E+03
   1.2676770000000000E+09   2.0105621720937910E+05   2.4508483076785951E-10   2.4967539224510764E-25   6.4765771401949569E+03
   1.2696770000000000E+09   2.0179300042619093E+05   2.4299767983326882E-10   2.4749622876006029E-25   6.4779619010845327E+03
   1.2716770000000000E+09   2.0252986307746623E+05   2.4093354161407387E-10   2.4534176186780718E-25   6.4793379104666201E+03
   1.2736770000000000E+09   2.0326680511792086E+05   2.3889210335645133E-10   2.4321164591689171E-25   6.4807052425495076E+03
   1.2756770000000000E+09   2.0400382619842648E+05   2.3687305739555418E-10   2.4110554105199740E-25   6.4820639707343535E+03
   1.2776770000000000E+09   2.0474092566379614E+05   2.3487610106088293E-10   2.3902311310253433E-25   6.4834141676261715E+03
   1.2796770000000000E+09   2.0547810254770549E+05   2.3290093658768687E-10   2.3696403347777969E-25   6.4847559050442214E+03
   1.2816770000000000E+09   2.0621535556462104E+05   2.3094727103414141E-10   2.3492797906826116E-25   6.4860892540326950E+03
   1.2836770000000000E+09   2.0695268309857568E+05   2.2901481620399735E-10   2.3291463215308198E-25   6.4874142848710726E+03
   1.2856770000000000E+09   2.0769008318859659E+05   2.2710328857440511E-10   2.3092368031286966E-25   6.4887310670841807E+03
   1.2876770000000000E+09   2.0842755351052119E+05   2.2521240922865648E-10   2.2895481634805984E-25   6.4900396694522306E+03
   1.2896770000000000E+09   2.0916509135483950E+05   2.2334190379359082E-10   2.2700773820225671E-25   6.4913401600205580E+03
   1.2916770000000000E+09   2.0990269360004310E+05   2.2149150238152463E-10   2.2508214889049540E-25   6.4926326061095415E+03
   1.2936770000000000E+09   2.1064035668075603E+05   2.1966093953661285E-10   2.2317775643233244E-25   6.4939170743238128E+03
   1.2956770000000000E+09   2.1137807654967238E+05   2.1784995418575278E-10   2.2129427378982646E-25   6.4951936305618510E+03
   1.2976770000000000E+09   2.1211584863202961E+05   2.1605828959424207E-10   2.1943141881064329E-25   6.4964623400250794E+03
   1.2996770000000000E+09   2.1285366777116578E+05   2.1428569332652798E-10   2.1758891417660055E-25   6.4977232672268428E+03
   1.3016770000000000E+09   2.1359152816374801E+05   2.1253191721235983E-10   2.1576648735794916E-25   6.4989764760015305E+03
   1.3036770000000000E+09   2.1432942328390741E+05   2.1079671731823768E-10   2.1396387057328563E-25   6.5002220295132129E+03
   1.3056770000000000E+09   2.1506734579701608E+05   2.0907985392324190E-10   2.1218080075414172E-25   6.5014599902641467E+03
   1.3076770000000000E+09   2.1580528746673043E+05   2.0738109149673137E-10   2.1041701951166940E-25   6.5026904201035186E+03
   1.3096770000000000E+09   2.1654323906338093E+05   2.0570019867295552E-10   2.0867227310041287E-25   6.5039133802354672E+03
   1.3116770000000000E+09   2.1728119028789393E+05   2.0403694821451895E-10   2.0694631237093906E-25   6.5051289312275903E+03
   1.3136770000000000E+09   2.1801912973269203E+05   2.0239111695291388E-10   2.0523889269941966E-25   6.5063371330186292E+03
   1.3156770000000000E+09   2.1875704490806456E+05   2.0076248569115670E-10   2.0354977387896874E-25   6.5075380449266459E+03
   1.3176770000000000E+09   2.1949492236720843E+05   1.9915083905176766E-10   2.0187871995581526E-25   6.5087317256569258E+03
   1.3196770000000000E+09   2.2023274796237476E+05   1.9755596525481607E-10   2.0022549899491195E-25   6.5099182333094086E+03
   1.3216770000000000E+09   2.2097050725497471E+05   1.9597765581710245E-10   1.9858988276601471E-25   6.5110976253865892E+03
   1.3236770000000000E+09   2.2170818608152619E+05   1.9441570517572587E-10   1.9697164635369808E-25   6.5122699588008018E+03
   1.3256770000000000E+09   2.2244577124461875E+05   1.9286991025732163E-10   1.9537056771298027E-25   6.5134352898818952E+03
   1.3276770000000000E+09   2.2318325125733437E+05   1.9134007003547846E-10   1.9378642721374556E-25   6.5145936743846651E+03
   1.3296770000000000E+09   2.2392061702946050E+05   1.8982598513851132E-10   1.9221900723696161E-25   6.5157451674962103E+03
   1.3316770000000000E+09   2.2465786235769346E+05   1.8832745758065454E-10   1.9066809189659091E-25   6.5168898238431384E+03
   1.3336770000000000E+09   2.2539498408472736E+05   1.8684429068446922E-10   1.8913346695558290E-25   6.5180276974991984E+03
   1.3356770000000000E+09   2.2613198183543398E+05   1.8537628923541344E-10   1.8761491997707154E-25   6.5191588419919644E+03
   1.3376770000000000E+09   2.2686885732308653E+05   1.8392325986221871E-10   1.8611224070384783E-25   6.5202833103103067E+03
   1.3396770000000000E+09   2.2760561333035750E+05   1.8248501157742170E-10   1.8462522159930501E-25   6.5214011549109355E+03
   1.3416770000000000E+09   2.2834225257689384E+05   1.8106135635885041E-10   1.8315365842895282E-25   6.5225124277252580E+03
   1.3436770000000000E+09   2.2907877674646760E+05   1.7965210962592195E-10   1.8169735073468659E-25   6.5236171801656956E+03
   1.3456770000000000E+09   2.2981518592595859E+05   1.7825709048178209E-10   1.8025610207164907E-25   6.5247154631321682E+03
   1.3476770000000000E+09   2.3055147859422219E+05   1.7687612165706398E-10   1.7882971994329801E-25   6.5258073270182113E+03
   1.3496770000000000E+09   2.3128765211831027E+05   1.7550902918718844E-10   1.7741801546756022E-25   6.5268928217170824E+03
   1.3516770000000000E+09   2.3202370353236524E+05   1.7415564194790753E-10   1.7602080290059894E-25   6.5279719966278553E+03
   1.3536770000000000E+09   2.3275963027090312E+05   1.7281579122270211E-10   1.7463789919380331E-25   6.5290449006613508E+03
   1.3556770000000000E+09   2.3349543056089082E+05   1.7148931045339206E-10   1.7326912373668617E-25   6.5301115822461916E+03
   1.3576770000000000E+09   2.3423110334401726E+05   1.7017603523586470E-10   1.7191429834771556E-25   6.5311720893345682E+03
   1.3596770000000000E+09   2.3496664782874522E+05   1.6887580350547400E-10   1.7057324745651299E-25   6.5322264694079022E+03
   1.3616770000000000E+09   2.3570206294509734E+05   1.6758845577029471E-10   1.6924579833387908E-25   6.5332747694824657E+03
   1.3636770000000000E+09   2.3643734699737641E+05   1.6631383524184260E-10   1.6793178121786791E-25   6.5343170361151160E+03
   1.3656770000000000E+09   2.3717249766672810E+05   1.6505178778691914E-10   1.6663102925924500E-25   6.5353533154084389E+03
   1.3676770000000000E+09   2.3790751229337385E+05   1.6380216173611407E-10   1.6534337832261763E-25   6.5363836530164772E+03
   1.3696770000000000E+09   2.3864238820844170E+05   1.6256480766405353E-10   1.6406866675962015E-25   6.5374080941508601E+03
   1.3716770000000000E+09   2.3937712288959583E+05   1.6133957825459219E-10   1.6280673526830082E-25   6.5384266835859480E+03
   1.3736770000000000E+09   2.4011171387155901E+05   1.6012632828764523E-10   1.6155742687534021E-25   6.5394394656650575E+03
   1.3756770000000000E+09   2.4084615852982266E+05   1.5892491469285776E-10   1.6032058698556974E-25   6.5404464843060259E+03
   1.3776770000000000E+09   2.4158045393120663E+05   1.5773519657766092E-10   1.5909606340551104E-25   6.5414477830057358E+03
   1.3796770000000000E+09   2.4231459685899323E+05   1.5655703517690883E-10   1.5788370628787642E-25   6.5424434048441663E+03
   1.3816770000000000E+09   2.4304858395663125E+05   1.5539029374839468E-10   1.5668336802180109E-25   6.5434333924869688E+03
   1.3836770000000000E+09   2.4378241183365611E+05   1.5423483748607011E-10   1.5549490314128712E-25   6.5444177881870828E+03
   1.3856770000000000E+09   2.4451607700528787E+05   1.5309053350858846E-10   1.5431816830982465E-25   6.5453966337860793E+03
   1.3876770000000000E+09   2.4524957560140494E+05   1.5195725094386559E-10   1.5315302240193316E-25   6.5463699707173855E+03
   1.3896770000000000E+09   2.4598290265801476E+05   1.5083486116482535E-10   1.5199932673749035E-25   6.5473378400129814E+03
   1.3916770000000000E+09   2.4671605017513037E+05   1.4972323846035873E-10   1.5085694575605463E-25   6.5483002823163852E+03
   1.3936770000000000E+09   2.4744900141055809E+05   1.4862226205039887E-10   1.4972574904945548E-25   6.5492573379017558E+03
   1.3956770000000000E+09   2.4818171470254535E+05   1.4753182185423370E-10   1.4860561718511661E-25   6.5502090466963054E+03
   1.3976770000000000E+09   2.4891408039165579E+05   1.4645183389065449E-10   1.4749645725257158E-25   6.5511554482965012E+03
   1.3996770000000000E+09   2.4964581352824043E+05   1.4538227864093684E-10   1.4639824157825983E-25   6.5520965819595986E+03
   1.4016770000000000E+09   2.5037620569184399E+05   1.4432328979069177E-10   1.4531109723918596E-25   6.5530324865455768E+03
   1.4036770000000000E+09   2.5110359884917637E+05   1.4327534250659245E-10   1.4423549586972451E-25   6.5539632003805536E+03
   1.4056770000000000E+09   2.5182438347449020E+05   1.4223961261901226E-10   1.4317261552063219E-25   6.5548887610200936E+03
   1.4076770000000000E+09   2.5253133853199607E+05   1.4121857366778017E-10   1.4212494165434195E-25   6.5558092049221668E+03
   1.4096770000000000E+09   2.5321137173192497E+05   1.4021681338946377E-10   1.4109708808744965E-25   6.5567245670978637E+03
   1.4116770000000000E+09   2.5384330680080279E+05   1.3924183593014584E-10   1.4009660190209775E-25   6.5576348808947132E+03
   1.4136770000000000E+09   2.5439701089151835E+05   1.3830436074411988E-10   1.3913426035641053E-25   6.5585401781292503E+03
   1.4156770000000000E+09   2.5483455470131373E+05   1.3741778883344347E-10   1.3822353129331548E-25   6.5594404896732149E+03
   1.4176770000000000E+09   2.5511024293891308E+05   1.3659785387266342E-10   1.3738022642466807E-25   6.5603358460277850E+03
   1.4196770000000000E+09   2.5516049231303344E+05   1.3586579973803640E-10   1.3662570921862869E-25   6.5612262761831134E+03
   1.4216770000000000E+09   2.5487908392686921E+05   1.3525758604230770E-10   1.3599615016925064E-25   6.5621118017164272E+03
   1.4236770000000000E+09   2.5410887360589451E+05   1.3482956626814115E-10   1.3554817119541969E-25   6.5629924242558473E+03
   1.4256770000000000E+09   2.5272912887491332E+05   1.3463118465410131E-10   1.3533126961501530E-25   6.5638681133229402E+03
   1.4276770000000000E+09   2.5085382934227478E+05   1.3463054154417946E-10   1.3531299733966834E-25   6.5647388218733531E+03
   1.4296770000000000E+09   2.4890164870371355E+05   1.3467322908557830E-10   1.3533794715589330E-25   6.5656045705150127E+03
   1.4316770000000000E+09   2.4725318192230194E+05   1.3459860750502332E-10   1.3524495950537674E-25   6.5664655886939327E+03
   1.4336770000000000E+09   2.4587340957696611E+05   1.3441898117184704E-10   1.3504677429949225E-25   6.5673223390360581E+03
   1.4356770000000000E+09   2.4437954426112786E+05   1.3417433175170582E-10   1.3478348857271221E-25   6.5681732776163662E+03
