  99.9999999999964615   5.0000000000000003E-02 390 2001
  85.4936205012088806  22.4265185389128874
   6.5767700000000000E+08  -1.4498973238662891E+03   1.6942719075689403E-08   2.9449877329582752E-18   1.1067427643410122E+03
   6.5967700000000000E+08  -1.3830244750858321E+03   2.4273422476045146E-08   4.0899783897905112E-18   1.1417133334681505E+03
   6.6167700000000000E+08  -1.2723295246247260E+03   2.7873828604934602E-08   4.5989870481193606E-18   1.1659542512521557E+03
   6.6367700000000000E+08  -1.0944598537684847E+03   2.8787886451415637E-08   4.6847097039685314E-18   1.1821543054348069E+03
   6.6567700000000000E+08  -7.9751371094675676E+02   2.7747596198672235E-08   4.4723750018104127E-18   1.1935324354947347E+03
   6.6767700000000000E+08  -4.1594787779263913E+02   2.5684669018191272E-08   4.1118021830755099E-18   1.2016799979043531E+03
   6.6967700000000000E+08   2.8759561696282315E+01   2.3255797173311687E-08   3.7042090282707504E-18   1.2077660475574903E+03
   6.7167700000000000E+08   5.1391218318832148E+02   2.0841836994309083E-08   3.3064256731145911E-18   1.2126188137459853E+03
   6.7367700000000000E+08   1.0195561717241333E+03   1.8624894950653170E-08   2.9444270859513131E-18   1.2168585536268120E+03
   6.7567700000000000E+08   1.5235903991045843E+03   1.6671000306467721E-08   2.6266862294847787E-18   1.2209574627596780E+03
   6.7767700000000000E+08   1.9976179926711809E+03   1.4987347405770771E-08   2.3530400278316736E-18   1.2253002744389166E+03
   6.7967700000000000E+08   2.4105559027762815E+03   1.3555513612946471E-08   2.1195552118566837E-18   1.2303206548470805E+03
   6.8167700000000000E+08   2.7432042244344370E+03   1.2349254548721771E-08   1.9208085239719213E-18   1.2368121410131678E+03
   6.8367700000000000E+08   2.9960147373350665E+03   1.1346548348911513E-08   1.7507091636301952E-18   1.2468001177143387E+03
   6.8567700000000000E+08   3.1729051626895093E+03   1.0537280077693857E-08   1.6030292218692985E-18   1.2645446131992451E+03
   6.8767700000000000E+08   3.2470016823345991E+03   9.9196706661511355E-09   1.4719413572039423E-18   1.2964441650968097E+03
   6.8967700000000000E+08   3.1518941821541657E+03   9.4863901069860713E-09   1.3531900503435059E-18   1.3486189434646569E+03
   6.9167700000000000E+08   2.8410461880695466E+03   9.2112704192907675E-09   1.2448002374861673E-18   1.4235310397540572E+03
   6.9367700000000000E+08   2.3587180770227101E+03   9.0510773655069698E-09   1.1466499717343540E-18   1.5185059009679621E+03
   6.9567700000000000E+08   1.8516458754083110E+03   8.9601927184703317E-09   1.0592440183457658E-18   1.6273029136363341E+03
   6.9767700000000000E+08   1.5158764004608272E+03   8.9039374279561154E-09   9.8273487084535263E-19   1.7429816072632389E+03
   6.9967700000000000E+08   1.5279198993826237E+03   8.8620008475781587E-09   9.1661974979530368E-19   1.8599002306394752E+03
   7.0167700000000000E+08   1.9987739788365479E+03   8.8246109646834870E-09   8.5986824169686586E-19   1.9742890234439053E+03
   7.0367700000000000E+08   2.9595126170345843E+03   8.7872765869657743E-09   8.1116864405024916E-19   2.0839640048914357E+03
   7.0567700000000000E+08   4.3709391067709157E+03   8.7472172605440409E-09   7.6914367024147519E-19   2.1878095549480909E+03
   7.0767700000000000E+08   6.1454707126032063E+03   8.7018072294521550E-09   7.3249677956347483E-19   2.2853399417731675E+03
   7.0967700000000000E+08   8.1710481132238492E+03   8.6482811482464683E-09   7.0009239228492495E-19   2.3764107752601622E+03
   7.1167700000000000E+08   1.0330933064621167E+04   8.5839630666568400E-09   6.7098653383122704E-19   2.4610537991151259E+03
   7.1367700000000000E+08   1.2517013130312251E+04   8.5065773799095669E-09   6.4442510257719497E-19   2.5393904330048772E+03
   7.1567700000000000E+08   1.4636985115493759E+04   8.4144763012367108E-09   6.1982544537411785E-19   2.6115885868214164E+03
   7.1767700000000000E+08   1.6618876640425977E+04   8.3067955817428754E-09   5.9675394266443818E-19   2.6778441511177007E+03
   7.1967700000000000E+08   1.8412754748721716E+04   8.1835231866318407E-09   5.7490247366456975E-19   2.7383768297806782E+03
   7.2167700000000000E+08   1.9989017829206936E+04   8.0454431310549898E-09   5.5406295417752640E-19   2.7934308662981657E+03
   7.2367700000000000E+08   2.1335857178010254E+04   7.8939951083061651E-09   5.3410295640054831E-19   2.8432754981771932E+03
   7.2567700000000000E+08   2.2456065730433816E+04   7.7311009938790510E-09   5.1494461258626430E-19   2.8882042271758346E+03
   7.2767700000000000E+08   2.3363540818786412E+04   7.5589770619554070E-09   4.9654669272485587E-19   2.9285322121291788E+03
   7.2967700000000000E+08   2.4079758237663027E+04   7.3799521200340268E-09   4.7888997309770754E-19   2.9645915864553308E+03
   7.3167700000000000E+08   2.4630475225674916E+04   7.1963085772776450E-09   4.6196594683348214E-19   2.9967249643472910E+03
   7.3367700000000000E+08   2.5042887389939195E+04   7.0101585246233111E-09   4.4576878506765503E-19   3.0252777742443200E+03
   7.3567700000000000E+08   2.5343401415485005E+04   6.8233606892197382E-09   4.3029026467075766E-19   3.0505902673069286E+03
   7.3767700000000000E+08   2.5556093509615923E+04   6.6374774700666209E-09   4.1551716959506169E-19   3.0729900741261818E+03
   7.3967700000000000E+08   2.5701826816205070E+04   6.4537663123477529E-09   4.0143056383074363E-19   3.0927860077126657E+03
   7.4167700000000000E+08   2.5797927010452309E+04   6.2731965042209860E-09   3.8800629641084627E-19   3.1102635449260829E+03
   7.4367700000000000E+08   2.5858270882175624E+04   6.0964818814863821E-09   3.7521617407186419E-19   3.1256821177753318E+03
   7.4567700000000000E+08   2.5893636007415949E+04   5.9241209749254287E-09   3.6302936349617698E-19   3.1392740918447021E+03
   7.4767700000000000E+08   2.5912178687855721E+04   5.7564381961811175E-09   3.5141373249815664E-19   3.1512451404199496E+03
   7.4967700000000000E+08   2.5919940705864981E+04   5.5936219297218217E-09   3.4033697214916773E-19   3.1617756465329799E+03
   7.5167700000000000E+08   2.5921321284790767E+04   5.4357573850764700E-09   3.2976744258076866E-19   3.1710227649401013E+03
   7.5367700000000000E+08   2.5919481432233919E+04   5.2828535291133220E-09   3.1967474988123433E-19   3.1791228252946262E+03
   7.5567700000000000E+08   2.5916670237091836E+04   5.1348643419889459E-09   3.1003009520944904E-19   3.1861938300776146E+03
   7.5767700000000000E+08   2.5914476581138719E+04   4.9917051183934069E-09   3.0080644879541278E-19   3.1923378761012136E+03
   7.5967700000000000E+08   2.5914016734156969E+04   4.8532647026608536E-09   2.9197859969624897E-19   3.1976433944331943E+03
   7.6167700000000000E+08   2.5916070580292133E+04   4.7194145270995318E-09   2.8352312394727441E-19   3.2021871551160634E+03
   7.6367700000000000E+08   2.5921178726813327E+04   4.5900152118961790E-09   2.7541830364492185E-19   3.2060360194928862E+03
   7.6567700000000000E+08   2.5929710931710586E+04   4.4649213434357308E-09   2.6764402004161379E-19   3.2092484463135243E+03
   7.6767700000000000E+08   2.5941914085934237E+04   4.3439849100905836E-09   2.6018163600418398E-19   3.2118757710695154E+03
   7.6967700000000000E+08   2.5957945909119466E+04   4.2270577561007033E-09   2.5301387740770242E-19   3.2139632841848875E+03
   7.7167700000000000E+08   2.5977898785371704E+04   4.1139933195338296E-09   2.4612471899573143E-19   3.2155511352870694E+03
   7.7367700000000000E+08   2.6001816828253199E+04   4.0046478481684231E-09   2.3949927757014652E-19   3.2166750896908193E+03
   7.7567700000000000E+08   2.6029708285757453E+04   3.8988812338048517E-09   2.3312371370534401E-19   3.2173671607571023E+03
   7.7767700000000000E+08   2.6061554708337946E+04   3.7965575668351872E-09   2.2698514219762940E-19   3.2176561387777197E+03
   7.7967700000000000E+08   2.6097317833898924E+04   3.6975454851519439E-09   2.2107155092136328E-19   3.2175680339798419E+03
   7.8167700000000000E+08   2.6136944830530054E+04   3.6017183716325913E-09   2.1537172749974952E-19   3.2171264484049370E+03
   7.8367700000000000E+08   2.6180372331780036E+04   3.5089544402172634E-09   2.0987519309693795E-19   3.2163528889107406E+03
   7.8567700000000000E+08   2.6227529564721353E+04   3.4191367403397419E-09   2.0457214262715447E-19   3.2152670314023303E+03
   7.8767700000000000E+08   2.6278340783049811E+04   3.3321531020036586E-09   1.9945339071187678E-19   3.2138869446034851E+03
   7.8967700000000000E+08   2.6332727159311868E+04   3.2478960382995095E-09   1.9451032277193768E-19   3.2122292801954154E+03
   7.9167700000000000E+08   2.6390608251196896E+04   3.1662626180664110E-09   1.8973485070355129E-19   3.2103094349317603E+03
   7.9367700000000000E+08   2.6451903129716804E+04   3.0871543183261064E-09   1.8511937264828480E-19   3.2081416893436030E+03
   7.9567700000000000E+08   2.6516531237717416E+04   3.0104768637814862E-09   1.8065673642344763E-19   3.2057393268363194E+03
   7.9767700000000000E+08   2.6584413032820634E+04   2.9361400588879798E-09   1.7634020623006025E-19   3.2031147363178325E+03
   7.9967700000000000E+08   2.6655470457963918E+04   2.8640576166347185E-09   1.7216343230025846E-19   3.2002795009569313E+03
   8.0167700000000000E+08   2.6729627274139031E+04   2.7941469871163999E-09   1.6812042318518991E-19   3.1972444752278975E+03
   8.0367700000000000E+08   2.6806809283137227E+04   2.7263291881612519E-09   1.6420552041867561E-19   3.1940198520346098E+03
   8.0567700000000000E+08   2.6886944462655290E+04   2.6605286396519917E-09   1.6041337532181478E-19   3.1906152214092203E+03
   8.0767700000000000E+08   2.6969963031750529E+04   2.5966730026928604E-09   1.5673892773989673E-19   3.1870396220344587E+03
   8.0967700000000000E+08   2.7055797461166341E+04   2.5346930244054559E-09   1.5317738652596765E-19   3.1833015866358173E+03
   8.1167700000000000E+08   2.7144382440344401E+04   2.4745223888537754E-09   1.4972421160562455E-19   3.1794091821217980E+03
   8.1367700000000000E+08   2.7235654810885808E+04   2.4160975743859838E-09   1.4637509747547456E-19   3.1753700452112193E+03
   8.1567700000000000E+08   2.7329553474721095E+04   2.3593577175208808E-09   1.4312595800347066E-19   3.1711914141710449E+03
   8.1767700000000000E+08   2.7426019284203227E+04   2.3042444833897837E-09   1.3997291241333868E-19   3.1668801571921990E+03
   8.1967700000000000E+08   2.7524994920668054E+04   2.2507019426586255E-09   1.3691227234767261E-19   3.1624427978509912E+03
   8.2167700000000000E+08   2.7626424767595956E+04   2.1986764547941463E-09   1.3394052991524965E-19   3.1578855380374862E+03
   8.2367700000000000E+08   2.7730254784277284E+04   2.1481165574946926E-09   1.3105434663778533E-19   3.1532142786767376E+03
   8.2567700000000000E+08   2.7836432385717482E+04   2.0989728620764179E-09   1.2825054321987645E-19   3.1484346385228187E+03
   8.2767700000000000E+08   2.7944906334321939E+04   2.0511979545850256E-09   1.2552609007334920E-19   3.1435519712669716E+03
   8.2967700000000000E+08   2.8055626648585800E+04   2.0047463023890587E-09   1.2287809853375041E-19   3.1385713811689384E+03
   8.3167700000000000E+08   2.8168544533504377E+04   1.9595741660009067E-09   1.2030381271240031E-19   3.1334977373930947E+03
   8.3367700000000000E+08   2.8283612336665043E+04   1.9156395158644685E-09   1.1780060193233110E-19   3.1283356872078248E+03
   8.3567700000000000E+08   2.8400783532953341E+04   1.8729019538432067E-09   1.1536595370070123E-19   3.1230896681863542E+03
   8.3767700000000000E+08   2.8520012739515947E+04   1.8313226391386746E-09   1.1299746717398317E-19   3.1177639195296706E+03
   8.3967700000000000E+08   2.8641255761120752E+04   1.7908642183674451E-09   1.1069284707547562E-19   3.1123624926165021E+03
   8.4167700000000000E+08   2.8764469664392920E+04   1.7514907595240161E-09   1.0844989802759393E-19   3.1068892608711426E+03
   8.4367700000000000E+08   2.8889612877698328E+04   1.7131676895594627E-09   1.0626651926405377E-19   3.1013479290269879E+03
   8.4567700000000000E+08   2.9016645311812888E+04   1.6758617353101470E-09   1.0414069968953113E-19   3.0957420418517045E+03
   8.4767700000000000E+08   2.9145528495058683E+04   1.6395408675190898E-09   1.0207051325678678E-19   3.0900749923889935E+03
   8.4967700000000000E+08   2.9276225715444521E+04   1.6041742477037346E-09   1.0005411463356719E-19   3.0843500297618780E+03
   8.5167700000000000E+08   2.9408702161596135E+04   1.5697321776388674E-09   9.8089735133944868E-20   3.0785702665732069E+03
   8.5367700000000000E+08   2.9542925053993469E+04   1.5361860512413721E-09   9.6175678891090083E-20   3.0727386859310882E+03
   8.5567700000000000E+08   2.9678863758264062E+04   1.5035083086641685E-09   9.4310319250806171E-20   3.0668581481198948E+03
   8.5767700000000000E+08   2.9816489873020571E+04   1.4716723924293149E-09   9.2492095367474566E-20   3.0609313969317350E+03
   8.5967700000000000E+08   2.9955777285934266E+04   1.4406527054538258E-09   9.0719508986307176E-20   3.0549610656687337E+03
   8.6167700000000000E+08   3.0096702193315927E+04   1.4104245708452970E-09   8.8991121397947951E-20   3.0489496828231759E+03
   8.6367700000000000E+08   3.0239243080330278E+04   1.3809641933671793E-09   8.7305550553471664E-20   3.0428996774405614E+03
   8.6567700000000000E+08   3.0383380660976585E+04   1.3522486224940263E-09   8.5661468329620904E-20   3.0368133841697436E+03
   8.6767700000000000E+08   3.0529097778974174E+04   1.3242557169950843E-09   8.4057597935702774E-20   3.0306930480044371E+03
   8.6967700000000000E+08   3.0676379272584942E+04   1.2969641109992323E-09   8.2492711454884723E-20   3.0245408287214022E+03
   8.7167700000000000E+08   3.0825211808051979E+04   1.2703531815052309E-09   8.0965627513677427E-20   3.0183588050222897E+03
   8.7367700000000000E+08   3.0975583687650775E+04   1.2444030173086196E-09   7.9475209074185416E-20   3.0121489783881357E+03
   8.7567700000000000E+08   3.1127484639266837E+04   1.2190943893202808E-09   7.8020361344240659E-20   3.0059132766578505E+03
   8.7767700000000000E+08   3.1280905594896551E+04   1.1944087222523544E-09   7.6600029800858220E-20   2.9996535573442852E+03
   8.7967700000000000E+08   3.1435838465528577E+04   1.1703280676450926E-09   7.5213198322583965E-20   2.9933716107035707E+03
   8.8167700000000000E+08   3.1592275919523039E+04   1.1468350782042310E-09   7.3858887426300355E-20   2.9870691625751629E+03
   8.8367700000000000E+08   3.1750211170944207E+04   1.1239129834130003E-09   7.2536152603942657E-20   2.9807478770113539E+03
   8.8567700000000000E+08   3.1909637783402966E+04   1.1015455663768483E-09   7.1244082754413186E-20   2.9744093587158172E+03
   8.8767700000000000E+08   3.2070549494019833E+04   1.0797171418521609E-09   6.9981798705754090E-20   2.9680551553110145E+03
   8.8967700000000000E+08   3.2232940061380938E+04   1.0584125354031501E-09   6.8748451822365785E-20   2.9616867594543323E+03
   8.9167700000000000E+08   3.2396803141463439E+04   1.0376170636214277E-09   6.7543222691600115E-20   2.9553056108224832E+03
   8.9367700000000000E+08   3.2562132197673600E+04   1.0173165153272021E-09   6.6365319883164446E-20   2.9489130979840911E+03
   8.9567700000000000E+08   3.2728920457981392E+04   9.9749713364037881E-10   6.5213978772820620E-20   2.9425105601824534E+03
   8.9767700000000000E+08   3.2897160948497200E+04   9.7814559874803756E-10   6.4088460417724150E-20   2.9360992890569432E+03
   8.9967700000000000E+08   3.3066846666495636E+04   9.5924901107667783E-10   6.2988050462640001E-20   2.9296805303471724E+03
   9.0167700000000000E+08   3.3237971015899690E+04   9.4079487437813649E-10   6.1912058042328850E-20   2.9232554856562201E+03
   9.0367700000000000E+08   3.3410528716189314E+04   9.2277107796396468E-10   6.0859814625816169E-20   2.9168253144064897E+03
   9.0567700000000000E+08   3.3584517482952782E+04   9.0516587709375348E-10   5.9830672730828366E-20   2.9103911362068638E+03
   9.0767700000000000E+08   3.3759940765019295E+04   8.8796787070044787E-10   5.8824004445937268E-20   2.9039540339420296E+03
   9.0967700000000000E+08   3.3936811497134317E+04   8.7116597693211479E-10   5.7839199783231654E-20   2.8975150579205042E+03
   9.1167700000000000E+08   3.4115155892740899E+04   8.5474941030624028E-10   5.6875665110093679E-20   2.8910752312226336E+03
   9.1367700000000000E+08   3.4295014614658663E+04   8.3870766983857028E-10   5.5932822296744335E-20   2.8846355557596958E+03
   9.1567700000000000E+08   3.4476436780381599E+04   8.2303055306943820E-10   5.5010109620586614E-20   2.8781970173683890E+03
   9.1767700000000000E+08   3.4659462092062146E+04   8.0770820989623917E-10   5.4106985442013734E-20   2.8717605868222104E+03
   9.1967700000000000E+08   3.4844090948227466E+04   7.9273123294902990E-10   5.3222934535697095E-20   2.8653272130227979E+03
   9.2167700000000000E+08   3.5030253293059781E+04   7.7809074473747909E-10   5.2357474459109979E-20   2.8588978065528149E+03
   9.2367700000000000E+08   3.5217799037454133E+04   7.6377840381034062E-10   5.1510156629405462E-20   2.8524732172244594E+03
   9.2567700000000000E+08   3.5406532661347723E+04   7.4978626143349039E-10   5.0680557197459545E-20   2.8460542161310068E+03
   9.2767700000000000E+08   3.5596287453943332E+04   7.3610649155514043E-10   4.9868258888279665E-20   2.8396414949153773E+03
   9.2967700000000000E+08   3.5786992358623742E+04   7.2273115484780644E-10   4.9072834547800274E-20   2.8332356863201385E+03
   9.3167700000000000E+08   3.5978676608003851E+04   7.0965220751074217E-10   4.8293847005953739E-20   2.8268373940964498E+03
   9.3367700000000000E+08   3.6171400996374614E+04   6.9686173519504462E-10   4.7530864522505437E-20   2.8204472126094756E+03
   9.3567700000000000E+08   3.6365185526875903E+04   6.8435216317041850E-10   4.6783475191660365E-20   2.8140657261888596E+03
   9.3767700000000000E+08   3.6560057349162722E+04   6.7211642562791957E-10   4.6051298858208827E-20   2.8076935015343988E+03
   9.3967700000000000E+08   3.6756199301058907E+04   6.6014819132706172E-10   4.5334002660514557E-20   2.8013311045150808E+03
   9.4167700000000000E+08   3.6953947407269239E+04   6.4844173048396212E-10   4.4631291621535731E-20   2.7949791481371090E+03
   9.4367700000000000E+08   3.7153496768634788E+04   6.3699097300861974E-10   4.3942843735148708E-20   2.7886383190234556E+03
   9.4567700000000000E+08   3.7354582349975703E+04   6.2578846219966695E-10   4.3268238292856052E-20   2.7823093189677429E+03
   9.4767700000000000E+08   3.7556523303599250E+04   6.1482552050173140E-10   4.2606968175238628E-20   2.7759927391207202E+03
   9.4967700000000000E+08   3.7758649897702191E+04   6.0409371157442933E-10   4.1958541637374168E-20   2.7696889699968283E+03
   9.5167700000000000E+08   3.7960735526263590E+04   5.9358623195966601E-10   4.1322578684174370E-20   2.7633982312447197E+03
   9.5367700000000000E+08   3.8163106721317788E+04   5.8329818052037250E-10   4.0698829084899286E-20   2.7571206982851882E+03
   9.5567700000000000E+08   3.8366577163651447E+04   5.7322583416796854E-10   4.0087121165077224E-20   2.7508566391779505E+03
   9.5767700000000000E+08   3.8571792760406868E+04   5.6336543247924424E-10   3.9487276669890873E-20   2.7446064805413985E+03
   9.5967700000000000E+08   3.8778730287119739E+04   5.5371232598927788E-10   3.8899051799900839E-20   2.7383707528446757E+03
   9.6167700000000000E+08   3.8987157761342176E+04   5.4426128906584270E-10   3.8322160185057986E-20   2.7321499770593923E+03
   9.6367700000000000E+08   3.9196929484957334E+04   5.3500716470547602E-10   3.7756318546285485E-20   2.7259446169432431E+03
   9.6567700000000000E+08   3.9407958020946535E+04   5.2594501249699712E-10   3.7201256931750559E-20   2.7197550937266001E+03
   9.6767700000000000E+08   3.9620188900455265E+04   5.1707008580540335E-10   3.6656717044681594E-20   2.7135817980523871E+03
   9.6967700000000000E+08   3.9833585882782958E+04   5.0837780509147325E-10   3.6122450346960400E-20   2.7074250976529474E+03
   9.7167700000000000E+08   4.0048123616453362E+04   4.9986374133792947E-10   3.5598216907490133E-20   2.7012853419528165E+03
   9.7367700000000000E+08   4.0263783852150162E+04   4.9152360423756168E-10   3.5083784602258080E-20   2.6951628650452781E+03
   9.7567700000000000E+08   4.0480553192707659E+04   4.8335323233533085E-10   3.4578928458905786E-20   2.6890579877780924E+03
   9.7767700000000000E+08   4.0698421389524221E+04   4.7534858503878797E-10   3.4083430136682487E-20   2.6829710192574662E+03
   9.7967700000000000E+08   4.0917380036265808E+04   4.6750573615419375E-10   3.3597077516622741E-20   2.6769022579146695E+03
   9.8167700000000000E+08   4.1137421784100748E+04   4.5982086823171322E-10   3.3119664349797094E-20   2.6708519922674200E+03
   9.8367700000000000E+08   4.1358539958203728E+04   4.5229026760820711E-10   3.2650989954543796E-20   2.6648205014998593E+03
   9.8567700000000000E+08   4.1580728342725939E+04   4.4491032034549560E-10   3.2190858976577757E-20   2.6588080559375658E+03
   9.8767700000000000E+08   4.1803981024972025E+04   4.3767750889119293E-10   3.1739081199829261E-20   2.6528149174542464E+03
   9.8967700000000000E+08   4.2028292213367364E+04   4.3058840908838685E-10   3.1295471381343316E-20   2.6468413398262032E+03
   9.9167700000000000E+08   4.2253655945319566E+04   4.2363968730826481E-10   3.0859849094135745E-20   2.6408875690286709E+03
   9.9367700000000000E+08   4.2480065836584501E+04   4.1682809767820324E-10   3.0432038576150333E-20   2.6349538434631731E+03
   9.9567700000000000E+08   4.2707515348382200E+04   4.1015047978335059E-10   3.0011868612556449E-20   2.6290403941520631E+03
   9.9767700000000000E+08   4.2935999133910147E+04   4.0360375774008423E-10   2.9599172516303161E-20   2.6231474450273549E+03
   9.9967700000000000E+08   4.3165515682535966E+04   3.9718494150853388E-10   2.9193788269961717E-20   2.6172752135227624E+03
   1.0016770000000000E+09   4.3396070603352935E+04   3.9089113006842345E-10   2.8795558801760191E-20   2.6114239116708163E+03
   1.0036770000000000E+09   4.3627679432678451E+04   3.8471951520496088E-10   2.8404332305285915E-20   2.6055937477546258E+03
   1.0056770000000000E+09   4.3860367971061867E+04   3.7866738188867100E-10   2.8019962308649762E-20   2.5997849283427377E+03
   1.0076770000000000E+09   4.4094168516644197E+04   3.7273209782771557E-10   2.7642306944274205E-20   2.5939976602153656E+03
   1.0096770000000000E+09   4.4329112082300671E+04   3.6691109528380086E-10   2.7271227645243253E-20   2.5882321513369748E+03
   1.0116770000000000E+09   4.4565218929498064E+04   3.6120185356260494E-10   2.6906587891710442E-20   2.5824886102216751E+03
   1.0136770000000000E+09   4.4802490400388968E+04   3.5560188632359570E-10   2.6548252316783153E-20   2.5767672436344387E+03
   1.0156770000000000E+09   4.5040904908069278E+04   3.5010873424631340E-10   2.6196086211377876E-20   2.5710682531116904E+03
   1.0176770000000000E+09   4.5280416743248104E+04   3.4471996284827691E-10   2.5849955410534064E-20   2.5653918310446275E+03
   1.0196770000000000E+09   4.5520959861021991E+04   3.3943316821866778E-10   2.5509726768789114E-20   2.5597381569152544E+03
   1.0216770000000000E+09   4.5762458921863908E+04   3.3424599160259981E-10   2.5175269295537225E-20   2.5541073945893841E+03
   1.0236770000000000E+09   4.6004841247896446E+04   3.2915613739057175E-10   2.4846455541411379E-20   2.5484996915999191E+03
   1.0256770000000000E+09   4.6248046477031014E+04   3.2416138677119202E-10   2.4523162654938781E-20   2.5429151804801181E+03
   1.0276770000000000E+09   4.6492032584888409E+04   3.1925960472510802E-10   2.4205272935273357E-20   2.5373539815824665E+03
   1.0296770000000000E+09   4.6736777564411081E+04   3.1444874003829133E-10   2.3892673856655077E-20   2.5318162066589357E+03
   1.0316770000000000E+09   4.6982277317030130E+04   3.0972681963969452E-10   2.3585257663338263E-20   2.5263019624473150E+03
   1.0336770000000000E+09   4.7228541097120768E+04   3.0509193957434665E-10   2.3282920710066247E-20   2.5208113536749979E+03
   1.0356770000000000E+09   4.7475586053824940E+04   3.0054225504878633E-10   2.2985562732986068E-20   2.5153444851561608E+03
   1.0376770000000000E+09   4.7723432152223832E+04   2.9607597145185667E-10   2.2693086195604429E-20   2.5099014629223288E+03
   1.0396770000000000E+09   4.7972098263261149E+04   2.9169133741797792E-10   2.2405395790946143E-20   2.5044823945225994E+03
   1.0416770000000000E+09   4.8221599703540007E+04   2.8738664019769389E-10   2.2122398119967377E-20   2.4990873887325561E+03
   1.0436770000000000E+09   4.8471947116206560E+04   2.8316020304234997E-10   2.1844001523638548E-20   2.4937165549291512E+03
   1.0456770000000000E+09   4.8723146365991881E+04   2.7901038404543332E-10   2.1570116025842800E-20   2.4883700023490997E+03
   1.0476770000000000E+09   4.8975199063554341E+04   2.7493557585006634E-10   2.1300653341670309E-20   2.4830478393824419E+03
   1.0496770000000000E+09   4.9228103382751520E+04   2.7093420573608490E-10   2.1035526913653982E-20   2.4777501729859773E+03
   1.0516770000000000E+09   4.9481854929061752E+04   2.6700473575722022E-10   2.0774651950575954E-20   2.4724771082476991E+03
   1.0536770000000000E+09   4.9736447516573455E+04   2.6314566274761437E-10   2.0517945454942588E-20   2.4672287480980403E+03
   1.0556770000000000E+09   4.9991873791922277E+04   2.5935551812731590E-10   2.0265326233759162E-20   2.4620051931450225E+03
   1.0576770000000000E+09   5.0248125696920055E+04   2.5563286750610328E-10   2.0016714892629669E-20   2.4568065416042282E+03
   1.0596770000000000E+09   5.0505194790050737E+04   2.5197631012091038E-10   1.9772033815992514E-20   2.4516328892957240E+03
   1.0616770000000000E+09   5.0763072457960887E+04   2.4838447815355981E-10   1.9531207137188658E-20   2.4464843296849372E+03
   1.0636770000000000E+09   5.1021750047974791E+04   2.4485603597335649E-10   1.9294160701888524E-20   2.4413609539502818E+03
   1.0656770000000000E+09   5.1281218947412643E+04   2.4138967934081977E-10   1.9060822027756406E-20   2.4362628510656245E+03
   1.0676770000000000E+09   5.1541470629082243E+04   2.3798413459879104E-10   1.8831120262444005E-20   2.4311901078898854E+03
   1.0696770000000000E+09   5.1802496676466217E+04   2.3463815786848496E-10   1.8604986141324093E-20   2.4261428092591000E+03
   1.0716770000000000E+09   5.2064288797728477E+04   2.3135053426143999E-10   1.8382351945854914E-20   2.4211210380782904E+03
   1.0736770000000000E+09   5.2326838834576840E+04   2.2812007711365355E-10   1.8163151463096922E-20   2.4161248754118765E+03
   1.0756770000000000E+09   5.2590138769787307E+04   2.2494562724507425E-10   1.7947319946656988E-20   2.4111544005721339E+03
   1.0776770000000000E+09   5.2854180735502094E+04   2.2182605224536940E-10   1.7734794079155592E-20   2.4062096912057191E+03
   1.0796770000000000E+09   5.3118957023018898E+04   2.1876024578531900E-10   1.7525511936186592E-20   2.4012908233785101E+03
   1.0816770000000000E+09   5.3384460093744070E+04   2.1574712695212525E-10   1.7319412951653581E-20   2.3963978716590236E+03
   1.0836770000000000E+09   5.3650682590348595E+04   2.1278563960643722E-10   1.7116437884325893E-20   2.3915309092006105E+03
   1.0856770000000000E+09   5.3917617347005558E+04   2.0987475175892888E-10   1.6916528785459349E-20   2.3866900078224376E+03
   1.0876770000000000E+09   5.4185257397815229E+04   2.0701345496469671E-10   1.6719628967359654E-20   2.3818752380891392E+03
   1.0896770000000000E+09   5.4453595982971921E+04   2.0420076373432267E-10   1.6525682972811924E-20   2.3770866693889161E+03
   1.0916770000000000E+09   5.4722626552660062E+04   2.0143571496102435E-10   1.6334636545345499E-20   2.3723243700097864E+03
   1.0936770000000000E+09   5.4992342768974842E+04   1.9871736736364232E-10   1.6146436600328913E-20   2.3675884072137619E+03
   1.0956770000000000E+09   5.5262738506224829E+04   1.9604480094534291E-10   1.5961031196899877E-20   2.3628788473087257E+03
   1.0976770000000000E+09   5.5533807849855504E+04   1.9341711646784615E-10   1.5778369510729045E-20   2.3581957557178662E+03
   1.0996770000000000E+09   5.5805545094014269E+04   1.9083343494079375E-10   1.5598401807600081E-20   2.3535391970465494E+03
   1.1016770000000000E+09   5.6077944737515514E+04   1.8829289712573372E-10   1.5421079417776895E-20   2.3489092351465033E+03
   1.1036770000000000E+09   5.6351001477786878E+04   1.8579466305406338E-10   1.5246354711117469E-20   2.3443059331771592E+03
   1.1056770000000000E+09   5.6624710202265473E+04   1.8333791155828014E-10   1.5074181072893741E-20   2.3397293536639722E+03
   1.1076770000000000E+09   5.6899065976705111E+04   1.8092183981591099E-10   1.4904512880278667E-20   2.3351795585534428E+03
   1.1096770000000000E+09   5.7174064029888788E+04   1.7854566290562981E-10   1.4737305479472255E-20   2.3306566092645439E+03
   1.1116770000000000E+09   5.7449699734330636E+04   1.7620861337515228E-10   1.4572515163444909E-20   2.3261605667362087E+03
   1.1136770000000000E+09   5.7725968582641588E+04   1.7390994082063427E-10   1.4410099150287274E-20   2.3216914914704785E+03
   1.1156770000000000E+09   5.8002866159324716E+04   1.7164891147735065E-10   1.4250015562159770E-20   2.3172494435709332E+03
   1.1176770000000000E+09   5.8280388107847619E+04   1.6942480782150030E-10   1.4092223404840481E-20   2.3128344827759806E+03
   1.1196770000000000E+09   5.8558530092909794E+04   1.6723692818299408E-10   1.3936682547870735E-20   2.3084466684866056E+03
   1.1216770000000000E+09   5.8837287757902268E+04   1.6508458636907215E-10   1.3783353705296530E-20   2.3040860597881970E+03
   1.1236770000000000E+09   5.9116656677634855E+04   1.6296711129857335E-10   1.3632198417001688E-20   2.2997527154660670E+03
   1.1256770000000000E+09   5.9396632306492429E+04   1.6088384664662482E-10   1.3483179030623684E-20   2.2954466940143325E+03
   1.1276770000000000E+09   5.9677209922287388E+04   1.5883415049946904E-10   1.3336258684038138E-20   2.2911680536378499E+03
   1.1296770000000000E+09   5.9958384566201639E+04   1.5681739501906226E-10   1.3191401288390612E-20   2.2869168522469408E+03
   1.1316770000000000E+09   6.0240150979351965E+04   1.5483296611699854E-10   1.3048571511646549E-20   2.2826931474447215E+03
   1.1336770000000000E+09   6.0522503536665245E+04   1.5288026313723208E-10   1.2907734762622606E-20   2.2784969965069245E+03
   1.1356770000000000E+09   6.0805436178934237E+04   1.5095869854696982E-10   1.2768857175453086E-20   2.2743284563541388E+03
   1.1376770000000000E+09   6.1088942344110656E+04   1.4906769763502107E-10   1.2631905594436431E-20   2.2701875835165893E+03
   1.1396770000000000E+09   6.1373014899090849E+04   1.4720669821679747E-10   1.2496847559197740E-20   2.2660744340916135E+03
   1.1416770000000000E+09   6.1657646073447089E+04   1.4537515034508403E-10   1.2363651290095418E-20   2.2619890636941655E+03
   1.1436770000000000E+09   6.1942827396755893E+04   1.4357251602563669E-10   1.2232285673792860E-20   2.2579315274008350E+03
   1.1456770000000000E+09   6.2228549641353908E+04   1.4179826893661190E-10   1.2102720248910116E-20   2.2539018796880082E+03
   1.1476770000000000E+09   6.2514802772499628E+04   1.4005189415082513E-10   1.1974925191667981E-20   2.2499001743649983E+03
   1.1496770000000000E+09   6.2801575908040977E+04   1.3833288785983372E-10   1.1848871301435060E-20   2.2459264645031308E+03
   1.1516770000000000E+09   6.3088857289745887E+04   1.3664075709889420E-10   1.1724529986091402E-20   2.2419808023619717E+03
   1.1536770000000000E+09   6.3376634268447953E+04   1.3497501947192824E-10   1.1601873247127918E-20   2.2380632393140650E+03
   1.1556770000000000E+09   6.3664893305084734E+04   1.3333520287575218E-10   1.1480873664410025E-20   2.2341738257696970E+03
   1.1576770000000000E+09   6.3953619989525185E+04   1.3172084522300683E-10   1.1361504380548523E-20   2.2303126111033807E+03
   1.1596770000000000E+09   6.4242799078822900E+04   1.3013149416343033E-10   1.1243739084838010E-20   2.2264796435838575E+03
   1.1616770000000000E+09   6.4532414556154443E+04   1.2856670680338464E-10   1.1127551996745964E-20   2.2226749703095447E+03
   1.1636770000000000E+09   6.4822449711229478E+04   1.2702604942383219E-10   1.1012917848961249E-20   2.2188986371513106E+03
   1.1656770000000000E+09   6.5112887242384088E+04   1.2550909719729225E-10   1.0899811870040112E-20   2.2151506887045934E+03
   1.1676770000000000E+09   6.5403709379913140E+04   1.2401543390464822E-10   1.0788209766719604E-20   2.2114311682526841E+03
   1.1696770000000000E+09   6.5694898029468925E+04   1.2254465165301967E-10   1.0678087706000200E-20   2.2077401177429442E+03
   1.1716770000000000E+09   6.5986434933575845E+04   1.2109635059626281E-10   1.0569422297132778E-20   2.2040775777775389E+03
   1.1736770000000000E+09   6.6278301848542804E+04   1.1967013865994902E-10   1.0462190573673848E-20   2.2004435876199577E+03
   1.1756770000000000E+09   6.6570480733283970E+04   1.1826563127294113E-10   1.0356369975800154E-20   2.1968381852183484E+03
   1.1776770000000000E+09   6.6862953945879475E+04   1.1688245110784798E-10   1.0251938333092632E-20   2.1932614072462447E+03
   1.1796770000000000E+09   6.7155704443117851E+04   1.1552022783274265E-10   1.0148873848013014E-20   2.1897132891609235E+03
   1.1816770000000000E+09   6.7448715977846165E+04   1.1417859787648964E-10   1.0047155080297926E-20   2.1861938652790955E+03
   1.1836770000000000E+09   6.7741973288690555E+04   1.1285720420991218E-10   9.9467609324891953E-21   2.1827031688692500E+03
   1.1856770000000000E+09   6.8035462276707694E+04   1.1155569614474959E-10   9.8476706367987465E-21   2.1792412322594228E+03
   1.1876770000000000E+09   6.8329170163719871E+04   1.1027372915200640E-10   9.7498637434788117E-21   2.1758080869587834E+03
   1.1896770000000000E+09   6.8623085627545399E+04   1.0901096470080430E-10   9.6533201108275092E-21   2.1724037637910001E+03
   1.1916770000000000E+09   6.8917198909986444E+04   1.0776707011831406E-10   9.5580198969143021E-21   2.1690282930369876E+03
   1.1936770000000000E+09   6.9211501894337038E+04   1.0654171847072633E-10   9.4639435530554188E-21   2.1656817045844045E+03
   1.1956770000000000E+09   6.9505988150168429E+04   1.0533458846461307E-10   9.3710718190149862E-21   2.1623640280810628E+03
   1.1976770000000000E+09   6.9800652944296628E+04   1.0414536436741412E-10   9.2793857198509657E-21   2.1590752930893436E+03
   1.1996770000000000E+09   7.0095493217997631E+04   1.0297373594524347E-10   9.1888665642742070E-21   2.1558155292387150E+03
   1.2016770000000000E+09   7.0390507531707481E+04   1.0181939841571589E-10   9.0994959443411807E-21   2.1525847663735713E+03
   1.2036770000000000E+09   7.0685695979519020E+04   1.0068205241312713E-10   9.0112557362636997E-21   2.1493830346938180E+03
   1.2056770000000000E+09   7.0981060076766444E+04   9.9561403963061383E-11   8.9241281020907690E-21   2.1462103648858933E+03
   1.2076770000000000E+09   7.1276602624802777E+04   9.8457164463350978E-11   8.8380954919989708E-21   2.1430667882422936E+03
   1.2096770000000000E+09   7.1572327557712022E+04   9.7369050668301011E-11   8.7531406469213274E-21   2.1399523367680404E+03
   1.2116770000000000E+09   7.1868239776140879E+04   9.6296784673181475E-11   8.6692466012472320E-21   2.1368670432729796E+03
   1.2136770000000000E+09   7.2164344973663465E+04   9.5240093896189455E-11   8.5863966853389474E-21   2.1338109414492455E+03
   1.2156770000000000E+09   7.2460649461124136E+04   9.4198711055369151E-11   8.5045745276312785E-21   2.1307840659336657E+03
   1.2176770000000000E+09   7.2757159994214599E+04   9.3172374138345841E-11   8.4237640561102506E-21   2.1277864523553039E+03
   1.2196770000000000E+09   7.3053883609141674E+04   9.2160826363167089E-11   8.3439494990027062E-21   2.1248181373687635E+03
   1.2216770000000000E+09   7.3350827470655291E+04   9.1163816129011177E-11   8.2651153845485941E-21   2.1218791586741809E+03
   1.2236770000000000E+09   7.3647998735910020E+04   9.0181096956068191E-11   8.1872465397754192E-21   2.1189695550251499E+03
   1.2256770000000000E+09   7.3945404436726196E+04   8.9212427414400265E-11   8.1103280882391337E-21   2.1160893662260137E+03
   1.2276770000000000E+09   7.4243051381761339E+04   8.8257571042131644E-11   8.0343454467453198E-21   2.1132386331201019E+03
   1.2296770000000000E+09   7.4540946079063608E+04   8.7316296253788043E-11   7.9592843211081553E-21   2.1104173975705426E+03
   1.2316770000000000E+09   7.4839094678448935E+04   8.6388376240011151E-11   7.8851307010434803E-21   2.1076257024352403E+03
   1.2336770000000000E+09   7.5137502932242511E+04   8.5473588860196603E-11   7.8118708543240594E-21   2.1048635915375066E+03
   1.2356770000000000E+09   7.5436176172242092E+04   8.4571716529785434E-11   7.7394913203443766E-21   2.1021311096336908E+03
   1.2376770000000000E+09   7.5735119300278689E+04   8.3682546104014768E-11   7.6679789032523902E-21   2.0994283023789149E+03
   1.2396770000000000E+09   7.6034336789552297E+04   8.2805868759881846E-11   7.5973206648036332E-21   2.0967552162918578E+03
   1.2416770000000000E+09   7.6333832693945631E+04   8.1941479877920981E-11   7.5275039170819621E-21   2.0941118987192344E+03
   1.2436770000000000E+09   7.6633610662738589E+04   8.1089178925175050E-11   7.4585162152134166E-21   2.0914983978004689E+03
   1.2456770000000000E+09   7.6933673958494983E+04   8.0248769340477894E-11   7.3903453501775402E-21   2.0889147624328230E+03
   1.2476770000000000E+09   7.7234025476306255E+04   7.9420058422900615E-11   7.3229793417976946E-21   2.0863610422371175E+03
   1.2496770000000000E+09   7.7534667762980622E+04   7.8602857223967326E-11   7.2564064319703419E-21   2.0838372875240539E+03
   1.2516770000000000E+09   7.7835603035167092E+04   7.7796980444020297E-11   7.1906150781732114E-21   2.0813435492610270E+03
   1.2536770000000000E+09   7.8136833195715037E+04   7.7002246332950339E-11   7.1255939472775189E-21   2.0788798790393080E+03
   1.2556770000000000E+09   7.8438359847856700E+04   7.6218476595360036E-11   7.0613319096759006E-21   2.0764463290413792E+03
   1.2576770000000000E+09   7.8740184307038668E+04   7.5445496300111873E-11   6.9978180337270278E-21   2.0740429520082216E+03
   1.2596770000000000E+09   7.9042307610396208E+04   7.4683133794144298E-11   6.9350415805112063E-21   2.0716698012063498E+03
   1.2616770000000000E+09   7.9344730524030281E+04   7.3931220620366903E-11   6.8729919988844814E-21   2.0693269303943493E+03
   1.2636770000000000E+09   7.9647453548331847E+04   7.3189591439413435E-11   6.8116589208152637E-21   2.0670143937887533E+03
   1.2656770000000000E+09   7.9950476921644629E+04   7.2458083955024452E-11   6.7510321569864948E-21   2.0647322460290802E+03
   1.2676770000000000E+09   8.0253800622557872E+04   7.1736538842828085E-11   6.6911016926458189E-21   2.0624805421418441E+03
   1.2696770000000000E+09   8.0557424371063898E+04   7.1024799682315970E-11   6.6318576836883041E-21   2.0602593375034548E+03
   1.2716770000000000E+09   8.0861347628741336E+04   7.0322712891843348E-11   6.5732904529591569E-21   2.0580686878018514E+03
   1.2736770000000000E+09   8.1165569598058355E+04   6.9630127666501139E-11   6.5153904867652277E-21   2.0559086489967776E+03
   1.2756770000000000E+09   8.1470089220815775E+04   6.8946895918738045E-11   6.4581484315867736E-21   2.0537792772785988E+03
   1.2776770000000000E+09   8.1774905175707987E+04   6.8272872221615739E-11   6.4015550909812021E-21   2.0516806290255668E+03
   1.2796770000000000E+09   8.2080015874950754E+04   6.7607913754587026E-11   6.3456014226710676E-21   2.0496127607594226E+03
   1.2816770000000000E+09   8.2385419459898840E+04   6.6951880251681771E-11   6.2902785358077991E-21   2.0475757290992642E+03
   1.2836770000000000E+09   8.2691113795548939E+04   6.6304633951985868E-11   6.2355776884027342E-21   2.0455695907135580E+03
   1.2856770000000000E+09   8.2997096463773327E+04   6.5666039552297831E-11   6.1814902849166641E-21   2.0435944022702074E+03
   1.2876770000000000E+09   8.3303364755060727E+04   6.5035964161858410E-11   6.1280078740000359E-21   2.0416502203845728E+03
   1.2896770000000000E+09   8.3609915658455197E+04   6.4414277259058525E-11   6.0751221463768134E-21   2.0397371015653182E+03
   1.2916770000000000E+09   8.3916745849260347E+04   6.3800850650053147E-11   6.0228249328669482E-21   2.0378551021579667E+03
   1.2936770000000000E+09   8.4223851673912970E+04   6.3195558429246968E-11   5.9711082025460285E-21   2.0360042782860053E+03
   1.2956770000000000E+09   8.4531229131246815E+04   6.2598276941654275E-11   5.9199640610440673E-21   2.0341846857893729E+03
   1.2976770000000000E+09   8.4838873849175376E+04   6.2008884747184095E-11   5.8693847489900984E-21   2.0323963801601067E+03
   1.2996770000000000E+09   8.5146781055682150E+04   6.1427262586934480E-11   5.8193626406123961E-21   2.0306394164748863E+03
   1.3016770000000000E+09   8.5454945543072114E+04   6.0853293351561153E-11   5.7698902425024802E-21   2.0289138493241715E+03
   1.3036770000000000E+09   8.5763361624874306E+04   6.0286862051677363E-11   5.7209601925408030E-21   2.0272197327375952E+03
   1.3056770000000000E+09   8.6072023085847657E+04   5.9727855789975573E-11   5.6725652589566815E-21   2.0255571201052460E+03
   1.3076770000000000E+09   8.6380923127492744E+04   5.9176163734285953E-11   5.6246983394492252E-21   2.0239260640945811E+03
   1.3096770000000000E+09   8.6690054314480047E+04   5.8631677090064537E-11   5.5773524602263380E-21   2.0223266165628695E+03
   1.3116770000000000E+09   8.6999408531475972E+04   5.8094289069852402E-11   5.5305207747263121E-21   2.0207588284654548E+03
   1.3136770000000000E+09   8.7308976964612913E+04   5.7563894856172652E-11   5.4841965616813586E-21   2.0192227497606611E+03
   1.3156770000000000E+09   8.7618750126408500E+04   5.7040391553379562E-11   5.4383732220876040E-21   2.0177184293130274E+03
   1.3176770000000000E+09   8.7928717945842145E+04   5.6523678123494355E-11   5.3930442745957814E-21   2.0162459147975028E+03
   1.3196770000000000E+09   8.8238869944458434E+04   5.6013655301562346E-11   5.3482033488798694E-21   2.0148052526083497E+03
   1.3216770000000000E+09   8.8549195512693535E+04   5.5510225488018723E-11   5.3038441767240025E-21   2.0133964877773785E+03
   1.3236770000000000E+09   8.8859684286436895E+04   5.5013292619275157E-11   5.2599605809231970E-21   2.0120196639066053E+03
   1.3256770000000000E+09   8.9170326602145287E+04   5.4522762023155979E-11   5.2165464626151000E-21   2.0106748231199920E+03
   1.3276770000000000E+09   8.9481113982216659E+04   5.4038540272167688E-11   5.1735957882773854E-21   2.0093620060373469E+03
   1.3296770000000000E+09   8.9792039576689203E+04   5.3560535053372355E-11   5.1311025781945423E-21   2.0080812517705972E+03
   1.3316770000000000E+09   9.0103098471399047E+04   5.3088655076746812E-11   5.0890608985152629E-21   2.0068325979386177E+03
   1.3336770000000000E+09   9.0414287776217097E+04   5.2622810042073154E-11   5.0474648588654836E-21   2.0056160806923999E+03
   1.3356770000000000E+09   9.0725606436923670E+04   5.2162910676166737E-11   5.0063086167072624E-21   2.0044317347384613E+03
   1.3376770000000000E+09   9.1037054770845105E+04   5.1708868837840768E-11   4.9655863882556261E-21   2.0032795933465864E+03
   1.3396770000000000E+09   9.1348633799137198E+04   5.1260597670231752E-11   4.9252924640487720E-21   2.0021596883291209E+03
   1.3416770000000000E+09   9.1660344516617639E+04   5.0818011764167002E-11   4.8854212257094091E-21   2.0010720499838346E+03
   1.3436770000000000E+09   9.1972187276506738E+04   5.0381027288513337E-11   4.8459671596540821E-21   2.0000167069999857E+03
   1.3456770000000000E+09   9.2284161449880106E+04   4.9949562049013190E-11   4.8069248640044234E-21   1.9989936863359007E+03
   1.3476770000000000E+09   9.2596265442217540E+04   4.9523535456931914E-11   4.7682890468340469E-21   1.9980030130832290E+03
   1.3496770000000000E+09   9.2908497031487394E+04   4.9102868417882571E-11   4.7300545166749148E-21   1.9970447103355241E+03
   1.3516770000000000E+09   9.3220853876705194E+04   4.8687483178978319E-11   4.6922161689027841E-21   1.9961187990753997E+03
   1.3536770000000000E+09   9.3533333984235767E+04   4.8277303186813262E-11   4.6547689730430030E-21   1.9952252980861699E+03
   1.3556770000000000E+09   9.3845935946211030E+04   4.7872253001655363E-11   4.6177079653952479E-21   1.9943642238836348E+03
   1.3576770000000000E+09   9.4158658876918314E+04   4.7472258286018302E-11   4.5810282487806693E-21   1.9935355906558807E+03
   1.3596770000000000E+09   9.4471502119149518E+04   4.7077245850422934E-11   4.5447249978073899E-21   1.9927394101971570E+03
   1.3616770000000000E+09   9.4784464898593316E+04   4.6687143713375864E-11   4.5087934655389698E-21   1.9919756918267558E+03
   1.3636770000000000E+09   9.5097546111342584E+04   4.6301881130337484E-11   4.4732289871968184E-21   1.9912444422927033E+03
   1.3656770000000000E+09   9.5410744332798044E+04   4.5921388568983779E-11   4.4380269786743501E-21   1.9905456656680815E+03
   1.3676770000000000E+09   9.5724057994876217E+04   4.5545597641732986E-11   4.4031829308861914E-21   1.9898793632504519E+03
   1.3696770000000000E+09   9.6037485582391033E+04   4.5174441030304068E-11   4.3686924032916249E-21   1.9892455334711083E+03
   1.3716770000000000E+09   9.6351025709957830E+04   4.4807852436287851E-11   4.3345510198821189E-21   1.9886441718136493E+03
   1.3736770000000000E+09   9.6664677044700162E+04   4.4445766568565526E-11   4.3007544687030539E-21   1.9880752707357074E+03
   1.3756770000000000E+09   9.6978438156678167E+04   4.4088119150964901E-11   4.2672985033245585E-21   1.9875388195872845E+03
   1.3776770000000000E+09   9.7292307420110592E+04   4.3734846922351050E-11   4.2341789435772106E-21   1.9870348045237117E+03
   1.3796770000000000E+09   9.7606283028436839E+04   4.3385887613358950E-11   4.2013916740138421E-21   1.9865632084166268E+03
   1.3816770000000000E+09   9.7920363082485201E+04   4.3041179907161051E-11   4.1689326407982978E-21   1.9861240107683557E+03
   1.3836770000000000E+09   9.8234545652006986E+04   4.2700663405836044E-11   4.1367978491037376E-21   1.9857171876323389E+03
   1.3856770000000000E+09   9.8548828731817499E+04   4.2364278619540789E-11   4.1049833626942407E-21   1.9853427115374425E+03
   1.3876770000000000E+09   9.8863210050839349E+04   4.2031966984446711E-11   4.0734853062829479E-21   1.9850005514105635E+03
   1.3896770000000000E+09   9.9177686601450012E+04   4.1703670925426509E-11   4.0422998722361807E-21   1.9846906724892185E+03
   1.3916770000000000E+09   9.9492253331867905E+04   4.1379334047108343E-11   4.0114233397681322E-21   1.9844130362062517E+03
   1.3936770000000000E+09   9.9806899303272687E+04   4.1058901721560108E-11   3.9808521327448780E-21   1.9841675999949055E+03
   1.3956770000000000E+09   1.0012159684163656E+05   4.0742322783770170E-11   3.9505829853591097E-21   1.9839543168691682E+03
   1.3976770000000000E+09   1.0043627278948898E+05   4.0429554070389481E-11   3.9206133847315368E-21   1.9837731344074639E+03
   1.3996770000000000E+09   1.0075073727122323E+05   4.0120571738352633E-11   3.8909426739798603E-21   1.9836239922553732E+03
   1.4016770000000000E+09   1.0106451989302853E+05   3.9815397462607003E-11   3.8615746050524830E-21   1.9835068161931756E+03
   1.4036770000000000E+09   1.0137652498139910E+05   3.9514154041589350E-11   3.8325227578649636E-21   1.9834215047995667E+03
   1.4056770000000000E+09   1.0168438105963678E+05   3.9217171515791188E-11   3.8038208856871372E-21   1.9833679014605607E+03
   1.4076770000000000E+09   1.0198337617842114E+05   3.8925163605661846E-11   3.7755401269571016E-21   1.9833457402173415E+03
   1.4096770000000000E+09   1.0226503511781896E+05   3.8639468975814996E-11   3.7478125726027170E-21   1.9833545506862977E+03
   1.4116770000000000E+09   1.0251577397270405E+05   3.8362287903469463E-11   3.7208544687598475E-21   1.9833935097058070E+03
   1.4136770000000000E+09   1.0271644656045378E+05   3.8096768770207254E-11   3.6949749204307750E-21   1.9834612418469731E+03
   1.4156770000000000E+09   1.0284310995485832E+05   3.7846845325138731E-11   3.6705604322570906E-21   1.9835555983196573E+03
   1.4176770000000000E+09   1.0286677173708078E+05   3.7617125356544677E-11   3.6480643678699563E-21   1.9836734620218811E+03
   1.4196770000000000E+09   1.0274636976296770E+05   3.7413825813688865E-11   3.6280978478929760E-21   1.9838105715691197E+03
   1.4216770000000000E+09   1.0241309834153819E+05   3.7247510943990565E-11   3.6116957835445684E-21   1.9839611602810237E+03
   1.4236770000000000E+09   1.0176769561207504E+05   3.7134809351146987E-11   3.6004848756566215E-21   1.9841170045248411E+03
   1.4256770000000000E+09   1.0074001524197203E+05   3.7090322901568606E-11   3.5959015272379941E-21   1.9842660212763819E+03
   1.4276770000000000E+09   9.9412060252399562E+04   3.7104423323074666E-11   3.5970384762279141E-21   1.9843929450192629E+03
   1.4296770000000000E+09   9.8047510480761397E+04   3.7130894029140634E-11   3.5994356718869082E-21   1.9844861000716678E+03
   1.4316770000000000E+09   9.6865923012367552E+04   3.7121638069248400E-11   3.5984297330834176E-21   1.9845460325161619E+03
   1.4336770000000000E+09   9.5846293387529120E+04   3.7080564939568484E-11   3.5943818640896753E-21   1.9845826917919007E+03
   1.4356770000000000E+09   9.4622349162732047E+04   3.7018329177820719E-11   3.5883147104502090E-21   1.9846016997338284E+03
   6.5767700000000000E+08  -5.9071227439608647E+03   3.4050392226317511E-13   3.5387067306612999E-24   1.1665816293636926E+03
   6.5967700000000000E+08  -5.0259692871868838E+03   6.3339211954234714E-13   6.2865394449492140E-24   1.2215144170713427E+03
   6.6167700000000000E+08  -4.1966894844318431E+03   9.6198894934416252E-13   9.1997710468057357E-24   1.2677413332937888E+03
   6.6367700000000000E+08  -3.3020580023483803E+03   1.3141945150120315E-12   1.2247305239116254E-23   1.3009382852215895E+03
   6.6567700000000000E+08  -2.2933052427807211E+03   1.6731028091032755E-12   1.5281733258744918E-23   1.3273565579903009E+03
   6.6767700000000000E+08  -1.3008792010711466E+03   2.0418482246857873E-12   1.8337996167705046E-23   1.3499235240558751E+03
   6.6967700000000000E+08  -4.8168782686774671E+02   2.4402257196503370E-12   2.1507027016214071E-23   1.3755842856011905E+03
   6.7167700000000000E+08  -2.4924051125535138E+02   2.9210676830563507E-12   2.4804444066255489E-23   1.4277419116618842E+03
   6.7367700000000000E+08  -1.9872564299261876E+03   3.6129471447080860E-12   2.7378487884324724E-23   1.5998885714866553E+03
   6.7567700000000000E+08  -8.7674985959325713E+03   4.7925675430860087E-12   2.8507847292951504E-23   2.0381746926339445E+03
   6.7767700000000000E+08  -2.1857802463501666E+04   6.6485231892294742E-12   3.0931288400372033E-23   2.6059421103380691E+03
   6.7967700000000000E+08  -3.8276436321942412E+04   9.2963933677874334E-12   3.6874803544528867E-23   3.0564856649229819E+03
   6.8167700000000000E+08  -5.3911389660256857E+04   1.3055441507716353E-11   4.7823475923753332E-23   3.3096952843561403E+03
   6.8367700000000000E+08  -6.4958580330117358E+04   1.8399902218257415E-11   6.5727622864429784E-23   3.3939479349299290E+03
   6.8567700000000000E+08  -6.9833922561185536E+04   2.5878686167085239E-11   9.3060639317011114E-23   3.3714271390721906E+03
   6.8767700000000000E+08  -6.9307885416880541E+04   3.6040669858581536E-11   1.3249623297795512E-22   3.2978197123480704E+03
   6.8967700000000000E+08  -6.5239135321510847E+04   4.9340411878113418E-11   1.8633323579425173E-22   3.2103326153302341E+03
   6.9167700000000000E+08  -5.9426773447581254E+04   6.6020064856630213E-11   2.5577653043343751E-22   3.1293406455922468E+03
   6.9367700000000000E+08  -5.3090372066897813E+04   8.5996963168215655E-11   3.4032521956892891E-22   3.0635612532592868E+03
   6.9567700000000000E+08  -4.6826491719658196E+04   1.0881442669615569E-10   4.3757054160453278E-22   3.0149213561625938E+03
   6.9767700000000000E+08  -4.0793417890408651E+04   1.3369676624133084E-10   5.4354692788033470E-22   2.9820947890744828E+03
   6.9967700000000000E+08  -3.4927109311979970E+04   1.5969174341811147E-10   6.5349512620545708E-22   2.9626319060495498E+03
   7.0167700000000000E+08  -2.9093333399104111E+04   1.8583940493900452E-10   7.6271660628410121E-22   2.9540115585651843E+03
   7.0367700000000000E+08  -2.3167915144374329E+04   2.1130681186851107E-10   8.6722937768710581E-22   2.9540449713225757E+03
   7.0567700000000000E+08  -1.7068459610527381E+04   2.3545907316841801E-10   9.6409585001532082E-22   2.9609617902548271E+03
   7.0767700000000000E+08  -1.0759193650640271E+04   2.5787009970323845E-10   1.0514525219662103E-21   2.9733696727110269E+03
   7.0967700000000000E+08  -4.2430275162478847E+03   2.7829478165326368E-10   1.1283542116898686E-21   2.9901790537234729E+03
   7.1167700000000000E+08   2.4525742177434145E+03   2.9662745067718723E-10   1.1945543790087421E-21   3.0105302885050210E+03
   7.1367700000000000E+08   9.3044877794252843E+03   3.1287105928676728E-10   1.2503312946250166E-21   3.0337366455358087E+03
   7.1567700000000000E+08   1.6240574408415885E+04   3.2701581382163515E-10   1.2959279444641448E-21   3.0593240887581601E+03
   7.1767700000000000E+08   2.3175226026756733E+04   3.3917619916486815E-10   1.3321640306951614E-21   3.0867769758648692E+03
   7.1967700000000000E+08   3.0070890891984429E+04   3.4948144745211933E-10   1.3599346918001563E-21   3.1156140909742217E+03
   7.2167700000000000E+08   3.6902046256925496E+04   3.5804991288702152E-10   1.3800568422299321E-21   3.1454601255705979E+03
   7.2367700000000000E+08   4.3645961059166984E+04   3.6499644269839798E-10   1.3932962904021024E-21   3.1760164069916527E+03
   7.2567700000000000E+08   5.0284656864327415E+04   3.7043227322593755E-10   1.4003666168319019E-21   3.2070420471783450E+03
   7.2767700000000000E+08   5.6805853311932158E+04   3.7446596064583692E-10   1.4019330869288199E-21   3.2383415092825735E+03
   7.2967700000000000E+08   6.3203201899319414E+04   3.7720460480415526E-10   1.3986182952275217E-21   3.2697561645641413E+03
   7.3167700000000000E+08   6.9476006810885228E+04   3.7875483796719492E-10   1.3910073746846710E-21   3.3011582412453877E+03
   7.3367700000000000E+08   7.5628554678557426E+04   3.7922325183239341E-10   1.3796515163579884E-21   3.3324461609964551E+03
   7.3567700000000000E+08   8.1669173142520973E+04   3.7871613871836153E-10   1.3650693571706059E-21   3.3635406536477053E+03
   7.3767700000000000E+08   8.7609150961111460E+04   3.7733860906662503E-10   1.3477464678470947E-21   3.3943813160008349E+03
   7.3967700000000000E+08   9.3461652300207192E+04   3.7519328003514252E-10   1.3281336072741041E-21   3.4249234675165053E+03
   7.4167700000000000E+08   9.9240738826007044E+04   3.7237879174000021E-10   1.3066445760268182E-21   3.4551352691260631E+03
   7.4367700000000000E+08   1.0496057034287394E+05   3.6898839888536962E-10   1.2836544283132823E-21   3.4849951253927993E+03
   7.4567700000000000E+08   1.1063481337032483E+05   3.6510882362649749E-10   1.2594985647250606E-21   3.5144894026037932E+03
   7.4767700000000000E+08   1.1627625047713837E+05   3.6081947272835332E-10   1.2344729441147757E-21   3.5436104838959955E+03
   7.4967700000000000E+08   1.2189656027933021E+05   3.5619204272468452E-10   1.2088354005708324E-21   3.5723551618291622E+03
   7.5167700000000000E+08   1.2750622802264143E+05   3.5129047749932796E-10   1.1828078791639852E-21   3.6007233487730100E+03
   7.5367700000000000E+08   1.3311454672559391E+05   3.4617120859213453E-10   1.1565793202705022E-21   3.6287170710265004E+03
   7.5567700000000000E+08   1.3872967474433026E+05   3.4088359686891027E-10   1.1303089109951332E-21   3.6563397050151489E+03
   7.5767700000000000E+08   1.4435872376592681E+05   3.3547049837745269E-10   1.1041294575897907E-21   3.6835954123234196E+03
   7.5967700000000000E+08   1.5000785924408812E+05   3.2996889014227932E-10   1.0781506899466464E-21   3.7104887329334410E+03
   7.6167700000000000E+08   1.5568240194066594E+05   3.2441050762967949E-10   1.0524623698887459E-21   3.7370243010310278E+03
   7.6367700000000000E+08   1.6138692416032311E+05   3.1882246095009240E-10   1.0271371283160200E-21   3.7632066536458155E+03
   7.6567700000000000E+08   1.6712533758705226E+05   3.1322780967642900E-10   1.0022329977347915E-21   3.7890401082366957E+03
   7.6767700000000000E+08   1.7290097168238601E+05   3.0764608585999135E-10   9.7779563584009787E-22   3.8145286905702724E+03
   7.6967700000000000E+08   1.7871664275299376E+05   3.0209376159544181E-10   9.5386025432061973E-22   3.8396760986410891E+03
   7.7167700000000000E+08   1.8457471435642519E+05   2.9658466184488966E-10   9.3045327737933981E-22   3.8644856919206845E+03
   7.7367700000000000E+08   1.9047714992584457E+05   2.9113032578382353E-10   9.0759375904169548E-22   3.8889604979804953E+03
   7.7567700000000000E+08   1.9642555851965354E+05   2.8574032122753010E-10   8.8529458918478126E-22   3.9131032306365355E+03
   7.7767700000000000E+08   2.0242123454093779E+05   2.8042251717437321E-10   8.6356351688690456E-22   3.9369163153448626E+03
   7.7967700000000000E+08   2.0846519218208932E+05   2.7518331948334715E-10   8.4240401721956959E-22   3.9604019187551771E+03
   7.8167700000000000E+08   2.1455819526062449E+05   2.7002787440810966E-10   8.2181602466278024E-22   3.9835619802044685E+03
   7.8367700000000000E+08   2.2070078303471857E+05   2.6496024428097944E-10   8.0179655332672973E-22   4.0063982435811731E+03
   7.8567700000000000E+08   2.2689329252355799E+05   2.5998355916538112E-10   7.8234022133155992E-22   4.0289122884714598E+03
   7.8767700000000000E+08   2.3313587780605690E+05   2.5510014782394379E-10   7.6343969413786736E-22   4.0511055598563339E+03
   7.8967700000000000E+08   2.3942852672816059E+05   2.5031165090817048E-10   7.4508605936982758E-22   4.0729793958932714E+03
   7.9167700000000000E+08   2.4577107541037709E+05   2.4561911887613269E-10   7.2726914372719268E-22   4.0945350535115331E+03
   7.9367700000000000E+08   2.5216322091063359E+05   2.4102309679058794E-10   7.0997778091933622E-22   4.1157737316936445E+03
   7.9567700000000000E+08   2.5860453236143049E+05   2.3652369784033571E-10   6.9320003814338669E-22   4.1366965924186006E+03
   7.9767700000000000E+08   2.6509446086386772E+05   2.3212066715939887E-10   6.7692340743683748E-22   4.1573047793148762E+03
   7.9967700000000000E+08   2.7163234838445816E+05   2.2781343728774054E-10   6.6113496723205679E-22   4.1775994341204059E+03
   8.0167700000000000E+08   2.7821743586424773E+05   2.2360117641941804E-10   6.4582151859776241E-22   4.1975817110776634E+03
   8.0367700000000000E+08   2.8484887071438174E+05   2.1948283041527708E-10   6.3096969994622019E-22   4.2172527894096811E+03
   8.0567700000000000E+08   2.9152571383872879E+05   2.1545715941365205E-10   6.1656608339327624E-22   4.2366138840303738E+03
   8.0767700000000000E+08   2.9824694629321649E+05   2.1152276975064332E-10   6.0259725546309371E-22   4.2556662546429916E+03
   8.0967700000000000E+08   3.0501147566379019E+05   2.0767814179827058E-10   5.8904988441495924E-22   4.2744112133760609E+03
   8.1167700000000000E+08   3.1181814222074236E+05   2.0392165424145543E-10   5.7591077612261017E-22   4.2928501310983947E+03
   8.1367700000000000E+08   3.1866572488683078E+05   2.0025160524094132E-10   5.6316692014591210E-22   4.3109844425452811E+03
   8.1567700000000000E+08   3.2555294704009686E+05   1.9666623086685094E-10   5.5080552739104184E-22   4.3288156503775790E+03
   8.1767700000000000E+08   3.3247848215952027E+05   1.9316372113481250E-10   5.3881406055071297E-22   4.3463453282849323E+03
   8.1967700000000000E+08   3.3944095931232837E+05   1.8974223393191512E-10   5.2718025834379148E-22   4.3635751232343282E+03
   8.2167700000000000E+08   3.4643896847559849E+05   1.8639990708189479E-10   5.1589215442851665E-22   4.3805067569557687E+03
   8.2367700000000000E+08   3.5347106568132777E+05   1.8313486876681624E-10   5.0493809174091223E-22   4.3971420267485219E+03
   8.2567700000000000E+08   3.6053577797295485E+05   1.7994524649518776E-10   4.9430673290617643E-22   4.4134828056837832E+03
   8.2767700000000000E+08   3.6763160816198483E+05   1.7682917478317771E-10   4.8398706728280811E-22   4.4295310422731036E+03
   8.2967700000000000E+08   3.7475703937532444E+05   1.7378480169578193E-10   4.7396841512450384E-22   4.4452887596662176E+03
   8.3167700000000000E+08   3.8191053938687051E+05   1.7081029437785890E-10   4.6424042928129041E-22   4.4607580544368666E+03
   8.3367700000000000E+08   3.8909056473023252E+05   1.6790384369051565E-10   4.5479309480730612E-22   4.4759410950108504E+03
   8.3567700000000000E+08   3.9629556459293113E+05   1.6506366805596706E-10   4.4561672679654872E-22   4.4908401197865160E+03
   8.3767700000000000E+08   4.0352398449559056E+05   1.6228801660339929E-10   4.3670196672856483E-22   4.5054574349942141E+03
   8.3967700000000000E+08   4.1077426976229012E+05   1.5957517169924296E-10   4.2803977757233977E-22   4.5197954123377222E+03
   8.4167700000000000E+08   4.1804486879014946E+05   1.5692345093733605E-10   4.1962143786759860E-22   4.5338564864571390E+03
   8.4367700000000000E+08   4.2533423612722475E+05   1.5433120865751036E-10   4.1143853497752951E-22   4.5476431522492476E+03
   8.4567700000000000E+08   4.3264083536796662E+05   1.5179683705492041E-10   4.0348295768476302E-22   4.5611579620778894E+03
   8.4767700000000000E+08   4.3996314187476051E+05   1.4931876693681555E-10   3.9574688828277080E-22   4.5744035229031888E+03
   8.4967700000000000E+08   4.4729964533260983E+05   1.4689546817824403E-10   3.8822279429706058E-22   4.5873824933549631E+03
   8.5167700000000000E+08   4.5464885214208090E+05   1.4452544992326154E-10   3.8090341995424089E-22   4.6000975807719942E+03
   8.5367700000000000E+08   4.6200928765332355E+05   1.4220726057351274E-10   3.7378177750190487E-22   4.6125515382254298E+03
   8.5567700000000000E+08   4.6937949824166880E+05   1.3993948760149915E-10   3.6685113846810393E-22   4.6247471615411496E+03
   8.5767700000000000E+08   4.7675805322319199E+05   1.3772075722141881E-10   3.6010502493580666E-22   4.6366872863330154E+03
   8.5967700000000000E+08   4.8414354660693428E+05   1.3554973394617753E-10   3.5353720089517584E-22   4.6483747850561176E+03
   8.6167700000000000E+08   4.9153459867942875E+05   1.3342512005502716E-10   3.4714166372467647E-22   4.6598125640867893E+03
   8.6367700000000000E+08   4.9892985741683451E+05   1.3134565499236851E-10   3.4091263584111642E-22   4.6710035608343833E+03
   8.6567700000000000E+08   5.0632799972048460E+05   1.2931011471457217E-10   3.3484455654872309E-22   4.6819507408882046E+03
   8.6767700000000000E+08   5.1372773247283616E+05   1.2731731099831675E-10   3.2893207410844085E-22   4.6926570952021630E+03
   8.6967700000000000E+08   5.2112779341278458E+05   1.2536609072093348E-10   3.2317003804081967E-22   4.7031256373190690E+03
   8.7167700000000000E+08   5.2852695183170168E+05   1.2345533512064934E-10   3.1755349166928802E-22   4.7133594006362773E+03
   8.7367700000000000E+08   5.3592400909439323E+05   1.2158395904243113E-10   3.1207766490519712E-22   4.7233614357145934E+03
   8.7567700000000000E+08   5.4331779899208166E+05   1.1975091017338923E-10   3.0673796727187630E-22   4.7331348076326331E+03
   8.7767700000000000E+08   5.5070718793735944E+05   1.1795516827036000E-10   3.0152998116190158E-22   4.7426825933892987E+03
   8.7967700000000000E+08   5.5809107501369657E+05   1.1619574438134303E-10   2.9644945531979894E-22   4.7520078793576686E+03
   8.8167700000000000E+08   5.6546839189425216E+05   1.1447168006186234E-10   2.9149229854132403E-22   4.7611137587940939E+03
   8.8367700000000000E+08   5.7283810264655331E+05   1.1278204658699307E-10   2.8665457358009768E-22   4.7700033294067844E+03
   8.8567700000000000E+08   5.8019920344113489E+05   1.1112594415965464E-10   2.8193249125249142E-22   4.7786796909885870E+03
   8.8767700000000000E+08   5.8755072218420124E+05   1.0950250111567706E-10   2.7732240473188635E-22   4.7871459431189605E+03
   8.8967700000000000E+08   5.9489171809832053E+05   1.0791087312587735E-10   2.7282080402319510E-22   4.7954051829403425E+03
   8.9167700000000000E+08   6.0222128128484555E+05   1.0635024239449153E-10   2.6842431060671574E-22   4.8034605030146658E+03
   8.9367700000000000E+08   6.0953853232495661E+05   1.0481981685099839E-10   2.6412967223498469E-22   4.8113149892665469E+03
   8.9567700000000000E+08   6.1684262202775001E+05   1.0331882932720674E-10   2.5993375785370707E-22   4.8189717190218971E+03
   8.9767700000000000E+08   6.2413273153846012E+05   1.0184653670129130E-10   2.5583355259269775E-22   4.8264337591548319E+03
   8.9967700000000000E+08   6.3140807320926595E+05   1.0040221897285735E-10   2.5182615272916082E-22   4.8337041643633402E+03
   9.0167700000000000E+08   6.3866789292799227E+05   9.8985178207676909E-11   2.4790876046275688E-22   4.8407859756058442E+03
   9.0367700000000000E+08   6.4591147494129650E+05   9.7594737264986854E-11   2.4407867827879188E-22   4.8476822187461994E+03
   9.0567700000000000E+08   6.5313815035014728E+05   9.6230238219918033E-11   2.4033330267695574E-22   4.8543959034695790E+03
   9.0767700000000000E+08   6.6034730979656870E+05   9.4891040474406862E-11   2.3667011724660298E-22   4.8609300225382240E+03
   9.0967700000000000E+08   6.6753841840948758E+05   9.3576518794786134E-11   2.3308668568020125E-22   4.8672875514404659E+03
   9.1167700000000000E+08   6.7471102590397350E+05   9.2286061984268847E-11   2.2958064648212636E-22   4.8734714484316619E+03
   9.1367700000000000E+08   6.8186475740318908E+05   9.1019073502473811E-11   2.2614971261888061E-22   4.8794846548434298E+03
   9.1567700000000000E+08   6.8899926551373629E+05   8.9774975648937033E-11   2.2279168009427957E-22   4.8853300952940981E+03
   9.1767700000000000E+08   6.9611413110367826E+05   8.8553218094545494E-11   2.1950444735427069E-22   4.8910106769831700E+03
   9.1967700000000000E+08   7.0320872961139132E+05   8.7353288783308554E-11   2.1628604060405075E-22   4.8965292866042646E+03
   9.2167700000000000E+08   7.1028212899525207E+05   8.6174721009200255E-11   2.1313462975369600E-22   4.9018887829586829E+03
   9.2367700000000000E+08   7.1733311978879746E+05   8.5017088019839080E-11   2.1004851372419839E-22   4.9070919845057988E+03
   9.2567700000000000E+08   7.2436043920858914E+05   8.3879980625352123E-11   2.0702606403074174E-22   4.9121416549690985E+03
   9.2767700000000000E+08   7.3136310900221404E+05   8.2762976224280387E-11   2.0406564725857878E-22   4.9170404966083224E+03
   9.2967700000000000E+08   7.3834065477119444E+05   8.1665619980190891E-11   2.0116557713132754E-22   4.9217911636937106E+03
   9.3167700000000000E+08   7.4529305507469282E+05   8.0587429513802008E-11   1.9832412412563055E-22   4.9263962925589176E+03
   9.3367700000000000E+08   7.5222057938163751E+05   7.9527906933405934E-11   1.9553954311871743E-22   4.9308585332434677E+03
   9.3567700000000000E+08   7.5912403419503570E+05   7.8486501026133371E-11   1.9280997889562421E-22   4.9351805726342745E+03
   9.3767700000000000E+08   7.6600624020812369E+05   7.7462420930256931E-11   1.9013300963077801E-22   4.9393651069036250E+03
   9.3967700000000000E+08   7.7287461193658563E+05   7.6454336058638627E-11   1.8750491471213704E-22   4.9434147826111248E+03
   9.4167700000000000E+08   7.7974206886782404E+05   7.5460325615190174E-11   1.8492055097322884E-22   4.9473323069527260E+03
   9.4367700000000000E+08   7.8662283847801189E+05   7.4478456463563969E-11   1.8237475850150229E-22   4.9511208158001828E+03
   9.4567700000000000E+08   7.9352417594933987E+05   7.3507762159496036E-11   1.7986474645348797E-22   4.9547841306265173E+03
   9.4767700000000000E+08   8.0044033600870438E+05   7.2548824037163781E-11   1.7739151676865750E-22   4.9583264460012306E+03
   9.4967700000000000E+08   8.0735433230252087E+05   7.1603399119668266E-11   1.7495897024864519E-22   4.9617515244216575E+03
   9.5167700000000000E+08   8.1424625678609312E+05   7.0673398374988266E-11   1.7257143269146843E-22   4.9650617805672937E+03
   9.5367700000000000E+08   8.2110635554616724E+05   6.9760407489488492E-11   1.7023234421066015E-22   4.9682622882230298E+03
   9.5567700000000000E+08   8.2788455624485796E+05   6.8867882163740605E-11   1.6795031433770839E-22   4.9713403041512138E+03
   9.5767700000000000E+08   8.3453598293597845E+05   6.8000547847783753E-11   1.6573551688273526E-22   4.9743279110550629E+03
   9.5967700000000000E+08   8.4113262439042691E+05   6.7149950527557124E-11   1.6356821161220742E-22   4.9771918126298924E+03
   9.6167700000000000E+08   8.4769251458956732E+05   6.6314020241797568E-11   1.6144257080577231E-22   4.9799488170961486E+03
   9.6367700000000000E+08   8.5422155656900397E+05   6.5491869510165282E-11   1.5935619545200653E-22   4.9825999750866449E+03
   9.6567700000000000E+08   8.6072137389919988E+05   6.4683059340105795E-11   1.5730777590072746E-22   4.9851467598263180E+03
   9.6767700000000000E+08   8.6719242588543682E+05   6.3887272765235784E-11   1.5529629514380651E-22   4.9875910914878768E+03
   9.6967700000000000E+08   8.7363483382742293E+05   6.3104231994691563E-11   1.5332083763506015E-22   4.9899350019097064E+03
   9.7167700000000000E+08   8.8004860927376919E+05   6.2333677286409519E-11   1.5138054085788910E-22   4.9921805279787213E+03
   9.7367700000000000E+08   8.8643373042423208E+05   6.1575359599156501E-11   1.4947457781799063E-22   4.9943296861920953E+03
   9.7567700000000000E+08   8.9279017274822237E+05   6.0829037226603910E-11   1.4760214862599971E-22   4.9963844668687470E+03
   9.7767700000000000E+08   8.9911792175426777E+05   6.0094474308935073E-11   1.4576247652791275E-22   4.9983468328939689E+03
   9.7967700000000000E+08   9.0541697766439500E+05   5.9371440305791187E-11   1.4395480625793959E-22   5.0002187195477991E+03
   9.8167700000000000E+08   9.1168735639566102E+05   5.8659709861228143E-11   1.4217840335267524E-22   5.0020020345817265E+03
   9.8367700000000000E+08   9.1792908865073195E+05   5.7959062796032494E-11   1.4043255378593444E-22   5.0036986584263877E+03
   9.8567700000000000E+08   9.2414221810561488E+05   5.7269284120557548E-11   1.3871656366695101E-22   5.0053104444372775E+03
   9.8767700000000000E+08   9.3032679960162833E+05   5.6590164011634631E-11   1.3702975886827814E-22   5.0068392190461036E+03
   9.8967700000000000E+08   9.3648289737834001E+05   5.5921497774572834E-11   1.3537148463336344E-22   5.0082867818284403E+03
   9.9167700000000000E+08   9.4261058191003941E+05   5.5263085916974631E-11   1.3374110546715265E-22   5.0096549055872702E+03
   9.9367700000000000E+08   9.4870992297468474E+05   5.4614734506055959E-11   1.3213800572232712E-22   5.0109453365209238E+03
   9.9567700000000000E+08   9.5478097721213021E+05   5.3976255887232484E-11   1.3056159106743317E-22   5.0121597944923196E+03
   9.9767700000000000E+08   9.6082377150167420E+05   5.3347469573247443E-11   1.2901129037673778E-22   5.0132999733047491E+03
   9.9967700000000000E+08   9.6683828882193065E+05   5.2728202742973016E-11   1.2748655669431747E-22   5.0143675406253869E+03
   1.0016770000000000E+09   9.7282446712198004E+05   5.2118289619405184E-11   1.2598686550758320E-22   5.0153641375451834E+03
   1.0036770000000000E+09   9.7878222342170402E+05   5.1517569053872269E-11   1.2451170871739445E-22   5.0162913773314622E+03
   1.0056770000000000E+09   9.8471150691365800E+05   5.0925880370928245E-11   1.2306058442095480E-22   5.0171508441129417E+03
   1.0076770000000000E+09   9.9061237055266625E+05   5.0343058521735911E-11   1.2163298501046854E-22   5.0179440927847008E+03
   1.0096770000000000E+09   9.9648503973949503E+05   4.9768930168625204E-11   1.2022838749660067E-22   5.0186726506388541E+03
   1.0116770000000000E+09   1.0023299516405606E+06   4.9203312304203833E-11   1.1884624991105317E-22   5.0193380214160634E+03
   1.0136770000000000E+09   1.0081477486723547E+06   4.8646014008005616E-11   1.1748601525047575E-22   5.0199416913868135E+03
   1.0156770000000000E+09   1.0139392369299140E+06   4.8096840354457961E-11   1.1614712074141269E-22   5.0204851303554778E+03
   1.0176770000000000E+09   1.0197052975597567E+06   4.7555599154590693E-11   1.1482901387896140E-22   5.0209697955776101E+03
   1.0196770000000000E+09   1.0254467568298520E+06   4.7022109217310854E-11   1.1353117208753914E-22   5.0213971377981588E+03
   1.0216770000000000E+09   1.0311642768670088E+06   4.6496206188372718E-11   1.1225311678946968E-22   5.0217685961230909E+03
   1.0236770000000000E+09   1.0368582893189931E+06   4.5977745345200813E-11   1.1099442012886306E-22   5.0220855924958505E+03
   1.0256770000000000E+09   1.0425289709058070E+06   4.5466601534120766E-11   1.0975470475912407E-22   5.0223495279395220E+03
   1.0276770000000000E+09   1.0481762626193528E+06   4.4962666511769717E-11   1.0853363739768655E-22   5.0225617775452147E+03
   1.0296770000000000E+09   1.0537999213415233E+06   4.4465844657191372E-11   1.0733091842592682E-22   5.0227236867330803E+03
   1.0316770000000000E+09   1.0593995880123125E+06   4.3976048141100262E-11   1.0614627014948215E-22   5.0228365691883273E+03
   1.0336770000000000E+09   1.0649748569248598E+06   4.3493192473413156E-11   1.0497942594414585E-22   5.0229017064082473E+03
   1.0356770000000000E+09   1.0705253346898360E+06   4.3017193018586857E-11   1.0383012171726943E-22   5.0229203485263442E+03
   1.0376770000000000E+09   1.0760506827416713E+06   4.2547962710736211E-11   1.0269809025372543E-22   5.0228937159581310E+03
   1.0396770000000000E+09   1.0815506421673724E+06   4.2085410914304419E-11   1.0158305832419003E-22   5.0228230014297342E+03
   1.0416770000000000E+09   1.0870250430889237E+06   4.1629443203137294E-11   1.0048474601401761E-22   5.0227093720520716E+03
   1.0436770000000000E+09   1.0924738025628603E+06   4.1179961767143072E-11   9.9402867574727513E-23   5.0225539712314085E+03
   1.0456770000000000E+09   1.0978969152728938E+06   4.0736866170816506E-11   9.8337133134398765E-23   5.0223579203160270E+03
   1.0476770000000000E+09   1.1032944407090950E+06   4.0300054245151484E-11   9.7287250739968220E-23   5.0221223199532687E+03
   1.0496770000000000E+09   1.1086664895489316E+06   3.9869422964131985E-11   9.6252928371701941E-23   5.0218482511750190E+03
   1.0516770000000000E+09   1.1140132109452840E+06   3.9444869220262643E-11   9.5233875722396925E-23   5.0215367762508458E+03
   1.0536770000000000E+09   1.1193347815941933E+06   3.9026290461652483E-11   9.4229805649750994E-23   5.0211889393526280E+03
   1.0556770000000000E+09   1.1246313968705025E+06   3.8613585184731556E-11   9.3240435286591433E-23   5.0208057670710823E+03
   1.0576770000000000E+09   1.1299032639639101E+06   3.8206653294564958E-11   9.2265486836923416E-23   5.0203882688195217E+03
   1.0596770000000000E+09   1.1351505967689133E+06   3.7805396352824179E-11   9.1304688105429797E-23   5.0199374371541817E+03
   1.0616770000000000E+09   1.1403736122199437E+06   3.7409717735460365E-11   9.0357772812978430E-23   5.0194542480343853E+03
   1.0636770000000000E+09   1.1455725277659257E+06   3.7019522720858533E-11   8.9424480747750614E-23   5.0189396610412014E+03
   1.0656770000000000E+09   1.1507475597122798E+06   3.6634718526529091E-11   8.8504557795132365E-23   5.0183946195692297E+03
   1.0676770000000000E+09   1.1558989222022425E+06   3.6255214309258005E-11   8.7597755882041085E-23   5.0178200510021015E+03
   1.0696770000000000E+09   1.1610268266524444E+06   3.5880921140616470E-11   8.6703832864134421E-23   5.0172168668799868E+03
   1.0716770000000000E+09   1.1661314814966929E+06   3.5511751967000352E-11   8.5822552377830694E-23   5.0165859630643163E+03
   1.0736770000000000E+09   1.1712130921260307E+06   3.5147621560999862E-11   8.4953683673396209E-23   5.0159282199032232E+03
   1.0756770000000000E+09   1.1762718609427072E+06   3.4788446468890560E-11   8.4097001440544741E-23   5.0152445023995988E+03
   1.0776770000000000E+09   1.1813079874710494E+06   3.4434144957385509E-11   8.3252285634040913E-23   5.0145356603822784E+03
   1.0796770000000000E+09   1.1863216684887921E+06   3.4084636961515029E-11   8.2419321303737464E-23   5.0138025286805068E+03
   1.0816770000000000E+09   1.1913130981579490E+06   3.3739844034580736E-11   8.1597898431271436E-23   5.0130459273011838E+03
   1.0836770000000000E+09   1.1962824681447709E+06   3.3399689300541461E-11   8.0787811774223366E-23   5.0122666616084744E+03
   1.0856770000000000E+09   1.2012299677243123E+06   3.3064097408863260E-11   7.9988860717760736E-23   5.0114655225053539E+03
   1.0876770000000000E+09   1.2061557838680039E+06   3.2732994491719069E-11   7.9200849133434283E-23   5.0106432866167434E+03
   1.0896770000000000E+09   1.2110601013137088E+06   3.2406308123381578E-11   7.8423585244698375E-23   5.0098007164737355E+03
   1.0916770000000000E+09   1.2159431026181546E+06   3.2083967281657225E-11   7.7656881498736267E-23   5.0089385606986716E+03
   1.0936770000000000E+09   1.2208049681922214E+06   3.1765902311215639E-11   7.6900554444191297E-23   5.0080575541905973E+03
   1.0956770000000000E+09   1.2256458763204247E+06   3.1452044888669868E-11   7.6154424614411154E-23   5.0071584183105633E+03
   1.0976770000000000E+09   1.2304660031668325E+06   3.1142327989263152E-11   7.5418316415810344E-23   5.0062418610665090E+03
   1.0996770000000000E+09   1.2352655227705168E+06   3.0836685855012047E-11   7.4692058020946730E-23   5.0053085772972463E+03
   1.1016770000000000E+09   1.2400446070340308E+06   3.0535053964161799E-11   7.3975481265920803E-23   5.0043592488553040E+03
   1.1036770000000000E+09   1.2448034257083044E+06   3.0237369001823420E-11   7.3268421551739312E-23   5.0033945447884516E+03
   1.1056770000000000E+09   1.2495421463768594E+06   2.9943568831679571E-11   7.2570717749329081E-23   5.0024151215197553E+03
   1.1076770000000000E+09   1.2542609344414603E+06   2.9653592468669079E-11   7.1882212107943889E-23   5.0014216230259872E+03
   1.1096770000000000E+09   1.2589599531103852E+06   2.9367380052580515E-11   7.1202750166753774E-23   5.0004146810145094E+03
   1.1116770000000000E+09   1.2636393633896927E+06   2.9084872822501145E-11   7.0532180669452398E-23   4.9993949150983972E+03
   1.1136770000000000E+09   1.2682993240770975E+06   2.8806013092081815E-11   6.9870355481748726E-23   4.9983629329698615E+03
   1.1156770000000000E+09   1.2729399917575987E+06   2.8530744225584180E-11   6.9217129511627938E-23   4.9973193305718878E+03
   1.1176770000000000E+09   1.2775615207996739E+06   2.8259010614682419E-11   6.8572360632281085E-23   4.9962646922680260E+03
   1.1196770000000000E+09   1.2821640633507092E+06   2.7990757655993878E-11   6.7935909607610063E-23   4.9951995910102532E+03
   1.1216770000000000E+09   1.2867477693303581E+06   2.7725931729314345E-11   6.7307640020218730E-23   4.9941245885048638E+03
   1.1236770000000000E+09   1.2913127864206624E+06   2.7464480176533574E-11   6.6687418201802733E-23   4.9930402353762647E+03
   1.1256770000000000E+09   1.2958592600519673E+06   2.7206351281207674E-11   6.6075113165852911E-23   4.9919470713286528E+03
   1.1276770000000000E+09   1.3003873333839881E+06   2.6951494248763300E-11   6.5470596542586428E-23   4.9908456253053919E+03
   1.1296770000000000E+09   1.3048971472817070E+06   2.6699859187308744E-11   6.4873742516018474E-23   4.9897364156461072E+03
   1.1316770000000000E+09   1.3093888402861482E+06   2.6451397089025590E-11   6.4284427763086430E-23   4.9886199502413874E+03
   1.1336770000000000E+09   1.3138625485805434E+06   2.6206059812109869E-11   6.3702531394728038E-23   4.9874967266849953E+03
   1.1356770000000000E+09   1.3183184059527817E+06   2.5963800063231744E-11   6.3127934898814829E-23   4.9863672324235622E+03
   1.1376770000000000E+09   1.3227565437555150E+06   2.5724571380476623E-11   6.2560522084828401E-23   4.9852319449037395E+03
   1.1396770000000000E+09   1.3271770908657203E+06   2.5488328116727410E-11   6.2000179030160083E-23   4.9840913317167760E+03
   1.1416770000000000E+09   1.3315801736459830E+06   2.5255025423443196E-11   6.1446794027904038E-23   4.9829458507405152E+03
   1.1436770000000000E+09   1.3359659159101360E+06   2.5024619234786488E-11   6.0900257536006031E-23   4.9817959502788999E+03
   1.1456770000000000E+09   1.3403344388962996E+06   2.4797066252047255E-11   6.0360462127622719E-23   4.9806420691989497E+03
   1.1476770000000000E+09   1.3446858612506299E+06   2.4572323928311610E-11   5.9827302442542262E-23   4.9794846370654450E+03
   1.1496770000000000E+09   1.3490202990253395E+06   2.4350350453320984E-11   5.9300675139516878E-23   4.9783240742732914E+03
   1.1516770000000000E+09   1.3533378656946449E+06   2.4131104738471155E-11   5.8780478849361710E-23   4.9771607921779114E+03
   1.1536770000000000E+09   1.3576386721922844E+06   2.3914546401902398E-11   5.8266614128684323E-23   4.9759951932236736E+03
   1.1556770000000000E+09   1.3619228269740967E+06   2.3700635753639200E-11   5.7758983414122595E-23   4.9748276710707360E+03
   1.1576770000000000E+09   1.3661904361087640E+06   2.3489333780745941E-11   5.7257490976990686E-23   4.9736586107205185E+03
   1.1596770000000000E+09   1.3704416033993480E+06   2.3280602132475293E-11   5.6762042878258274E-23   4.9724883886400794E+03
   1.1616770000000000E+09   1.3746764305374525E+06   2.3074403105399470E-11   5.6272546923820669E-23   4.9713173728857155E+03
   1.1636770000000000E+09   1.3788950172909391E+06   2.2870699628529001E-11   5.5788912620053407E-23   4.9701459232261514E+03
   1.1656770000000000E+09   1.3830974617250182E+06   2.2669455248439373E-11   5.5311051129684732E-23   4.9689743912655986E+03
   1.1676770000000000E+09   1.3872838604552008E+06   2.2470634114443700E-11   5.4838875228063927E-23   4.9678031205669604E+03
   1.1696770000000000E+09   1.3914543089292219E+06   2.2274200963866414E-11   5.4372299259942298E-23   4.9666324467757213E+03
   1.1716770000000000E+09   1.3956089017336185E+06   2.2080121107487182E-11   5.3911239096926634E-23   4.9654626977443913E+03
   1.1736770000000000E+09   1.3997477329190918E+06   2.1888360415242065E-11   5.3455612095800741E-23   4.9642941936581956E+03
   1.1756770000000000E+09   1.4038708963375373E+06   2.1698885302275909E-11   5.3005337057937579E-23   4.9631272471618213E+03
   1.1776770000000000E+09   1.4079784859823696E+06   2.1511662715450127E-11   5.2560334190045853E-23   4.9619621634875039E+03
   1.1796770000000000E+09   1.4120705963228878E+06   2.1326660120411389E-11   5.2120525066501306E-23   4.9607992405844861E+03
   1.1816770000000000E+09   1.4161473226229027E+06   2.1143845489323335E-11   5.1685832593507942E-23   4.9596387692496837E+03
   1.1836770000000000E+09   1.4202087612336478E+06   2.0963187289356259E-11   5.1256180975315334E-23   4.9584810332595707E+03
   1.1856770000000000E+09   1.4242550098514243E+06   2.0784654472012945E-11   5.0831495682683406E-23   4.9573263095028051E+03
   1.1876770000000000E+09   1.4282861677311023E+06   2.0608216463353438E-11   5.0411703423743325E-23   4.9561748681136023E+03
   1.1896770000000000E+09   1.4323023358480020E+06   2.0433843155153023E-11   4.9996732117342138E-23   4.9550269726050792E+03
   1.1916770000000000E+09   1.4363036170021982E+06   2.0261504897005809E-11   4.9586510868899515E-23   4.9538828800023457E+03
   1.1936770000000000E+09   1.4402901158613784E+06   2.0091172489354948E-11   4.9180969948731898E-23   4.9527428409747681E+03
   1.1956770000000000E+09   1.4442619389405318E+06   1.9922817177403789E-11   4.8780040772733984E-23   4.9516070999667854E+03
   1.1976770000000000E+09   1.4482191945190444E+06   1.9756410645835720E-11   4.8383655885241160E-23   4.9504758953267747E+03
   1.1996770000000000E+09   1.4521619924980442E+06   1.9591925014246816E-11   4.7991748943838613E-23   4.9493494594333952E+03
   1.2016770000000000E+09   1.4560904442029691E+06   1.9429332833176728E-11   4.7604254705835632E-23   4.9482280188189716E+03
   1.2036770000000000E+09   1.4600046621382269E+06   1.9268607080608478E-11   4.7221109016087793E-23   4.9471117942893252E+03
   1.2056770000000000E+09   1.4639047597023000E+06   1.9109721158801235E-11   4.6842248795829747E-23   4.9460010010398601E+03
   1.2076770000000000E+09   1.4677908508729558E+06   1.8952648891314507E-11   4.6467612032169121E-23   4.9448958487674236E+03
   1.2096770000000000E+09   1.4716630498728740E+06   1.8797364520087951E-11   4.6097137767901457E-23   4.9437965417779460E+03
   1.2116770000000000E+09   1.4755214708265029E+06   1.8643842702445002E-11   4.5730766091319009E-23   4.9427032790894764E+03
   1.2136770000000000E+09   1.4793662274187894E+06   1.8492058507903883E-11   4.5368438125717012E-23   4.9416162545309116E+03
   1.2156770000000000E+09   1.4831974325661128E+06   1.8341987414691624E-11   4.5010096018335083E-23   4.9405356568362504E+03
   1.2176770000000000E+09   1.4870151981088601E+06   1.8193605305877210E-11   4.4655682928517994E-23   4.9394616697345627E+03
   1.2196770000000000E+09   1.4908196345339247E+06   1.8046888465061046E-11   4.4305143014929571E-23   4.9383944720361142E+03
   1.2216770000000000E+09   1.4946108507339547E+06   1.7901813571578779E-11   4.3958421421709560E-23   4.9373342377145791E+03
   1.2236770000000000E+09   1.4983889538083386E+06   1.7758357695204243E-11   4.3615464263521852E-23   4.9362811359860561E+03
   1.2256770000000000E+09   1.5021540489090385E+06   1.7616498290357233E-11   4.3276218609499711E-23   4.9352353313850508E+03
   1.2276770000000000E+09   1.5059062391322749E+06   1.7476213189846564E-11   4.2940632466150920E-23   4.9341969838379637E+03
   1.2296770000000000E+09   1.5096456254551245E+06   1.7337480598197284E-11   4.2608654759334655E-23   4.9331662487343638E+03
   1.2316770000000000E+09   1.5133723067141988E+06   1.7200279084629549E-11   4.2280235315464114E-23   4.9321432769967314E+03
   1.2336770000000000E+09   1.5170863796221388E+06   1.7064587575765604E-11   4.1955324842117283E-23   4.9311282151487640E+03
   1.2356770000000000E+09   1.5207879388164929E+06   1.6930385348149960E-11   4.1633874908256419E-23   4.9301212053827239E+03
   1.2376770000000000E+09   1.5244770769349555E+06   1.6797652020666905E-11   4.1315837924257373E-23   4.9291223856260822E+03
   1.2396770000000000E+09   1.5281538847107291E+06   1.6666367546936683E-11   4.1001167121943575E-23   4.9281318896076864E+03
   1.2416770000000000E+09   1.5318184510820778E+06   1.6536512207761227E-11   4.0689816534797148E-23   4.9271498469233757E+03
   1.2436770000000000E+09   1.5354708633105913E+06   1.6408066603682960E-11   4.0381740978496863E-23   4.9261763831015360E+03
   1.2456770000000000E+09   1.5391112071035136E+06   1.6281011647704155E-11   4.0076896031902161E-23   4.9252116196680954E+03
   1.2476770000000000E+09   1.5427395667361983E+06   1.6155328558206842E-11   3.9775238018575542E-23   4.9242556742114884E+03
   1.2496770000000000E+09   1.5463560251716229E+06   1.6030998852099027E-11   3.9476723988908571E-23   4.9233086604471837E+03
   1.2516770000000000E+09   1.5499606641745712E+06   1.5908004338205913E-11   3.9181311702895474E-23   4.9223706882818697E+03
   1.2536770000000000E+09   1.5535535644186724E+06   1.5786327110917376E-11   3.8888959613579445E-23   4.9214418638774596E+03
   1.2556770000000000E+09   1.5571348055851052E+06   1.5665949544094811E-11   3.8599626851181489E-23   4.9205222897145168E+03
   1.2576770000000000E+09   1.5607044664521285E+06   1.5546854285237715E-11   3.8313273207909919E-23   4.9196120646552945E+03
   1.2596770000000000E+09   1.5642626249749733E+06   1.5429024249906273E-11   3.8029859123440290E-23   4.9187112840064001E+03
   1.2616770000000000E+09   1.5678093583559929E+06   1.5312442616391060E-11   3.7749345671045750E-23   4.9178200395806998E+03
   1.2636770000000000E+09   1.5713447431050348E+06   1.5197092820623046E-11   3.7471694544357074E-23   4.9169384197588379E+03
   1.2656770000000000E+09   1.5748688550902291E+06   1.5082958551311771E-11   3.7196868044725208E-23   4.9160665095498853E+03
   1.2676770000000000E+09   1.5783817695793321E+06   1.4970023745303369E-11   3.6924829069161494E-23   4.9152043906515237E+03
   1.2696770000000000E+09   1.5818835612717839E+06   1.4858272583146924E-11   3.6655541098829900E-23   4.9143521415092982E+03
   1.2716770000000000E+09   1.5853743043215463E+06   1.4747689484861049E-11   3.6388968188067246E-23   4.9135098373752990E+03
   1.2736770000000000E+09   1.5888540723507784E+06   1.4638259105890457E-11   3.6125074953908035E-23   4.9126775503659046E+03
   1.2756770000000000E+09   1.5923229384543959E+06   1.4529966333243785E-11   3.5863826566089172E-23   4.9118553495188662E+03
   1.2776770000000000E+09   1.5957809751955664E+06   1.4422796281803009E-11   3.5605188737511512E-23   4.9110433008494838E+03
   1.2796770000000000E+09   1.5992282545923174E+06   1.4316734290793456E-11   3.5349127715130248E-23   4.9102414674058464E+03
   1.2816770000000000E+09   1.6026648480954499E+06   1.4211765920404286E-11   3.5095610271246782E-23   4.9094499093233162E+03
   1.2836770000000000E+09   1.6060908265580954E+06   1.4107876948546632E-11   3.4844603695172063E-23   4.9086686838779005E+03
   1.2856770000000000E+09   1.6095062601972332E+06   1.4005053367738474E-11   3.4596075785231595E-23   4.9078978455387196E+03
   1.2876770000000000E+09   1.6129112185475354E+06   1.3903281382104236E-11   3.4349994841082028E-23   4.9071374460195357E+03
   1.2896770000000000E+09   1.6163057704078844E+06   1.3802547404477456E-11   3.4106329656310598E-23   4.9063875343291284E+03
   1.2916770000000000E+09   1.6196899837807596E+06   1.3702838053597202E-11   3.3865049511292452E-23   4.9056481568206809E+03
   1.2936770000000000E+09   1.6230639258045270E+06   1.3604140151390252E-11   3.3626124166285093E-23   4.9049193572401527E+03
   1.2956770000000000E+09   1.6264276626784462E+06   1.3506440720332793E-11   3.3389523854744154E-23   4.9042011767735430E+03
   1.2976770000000000E+09   1.6297812595799298E+06   1.3409726980888685E-11   3.3155219276851676E-23   4.9034936540931285E+03
   1.2996770000000000E+09   1.6331247805734454E+06   1.3313986349023246E-11   3.2923181593251746E-23   4.9027968254029010E+03
   1.3016770000000000E+09   1.6364582885107372E+06   1.3219206433788963E-11   3.2693382418984693E-23   4.9021107244830619E+03
   1.3036770000000000E+09   1.6397818449228851E+06   1.3125375034975637E-11   3.2465793817597030E-23   4.9014353827340892E+03
   1.3056770000000000E+09   1.6430955099067527E+06   1.3032480140802483E-11   3.2240388295371910E-23   4.9007708292202105E+03
   1.3076770000000000E+09   1.6463993420117174E+06   1.2940509925608767E-11   3.2017138795569070E-23   4.9001170907127034E+03
   1.3096770000000000E+09   1.6496933981376246E+06   1.2849452747465294E-11   3.1796018692482329E-23   4.8994741917328756E+03
   1.3116770000000000E+09   1.6529777334613304E+06   1.2759297145588358E-11   3.1577001785022356E-23   4.8988421545944584E+03
   1.3136770000000000E+09   1.6562524014161557E+06   1.2670031837395668E-11   3.1360062289428758E-23   4.8982209994450423E+03
   1.3156770000000000E+09   1.6595174537545312E+06   1.2581645715009911E-11   3.1145174830635857E-23   4.8976107443054198E+03
   1.3176770000000000E+09   1.6627729407263100E+06   1.2494127841012064E-11   3.0932314431806495E-23   4.8970114051058199E+03
   1.3196770000000000E+09   1.6660189114006185E+06   1.2407467443289719E-11   3.0721456501654526E-23   4.8964229957179750E+03
   1.3216770000000000E+09   1.6692554141445826E+06   1.2321653908936173E-11   3.0512576819445749E-23   4.8958455279825721E+03
   1.3236770000000000E+09   1.6724824972463194E+06   1.2236676777337995E-11   3.0305651518010798E-23   4.8952790117328068E+03
   1.3256770000000000E+09   1.6757002096332677E+06   1.2152525732833841E-11   3.0100657065695326E-23   4.8947234548172810E+03
   1.3276770000000000E+09   1.6789086015965277E+06   1.2069190597581697E-11   2.9897570248796417E-23   4.8941788631269537E+03
   1.3296770000000000E+09   1.6821077253974655E+06   1.1986661325472313E-11   2.9696368156520989E-23   4.8936452406329990E+03
   1.3316770000000000E+09   1.6852976356188934E+06   1.1904927997973787E-11   2.9497028170624922E-23   4.8931225894420750E+03
   1.3336770000000000E+09   1.6884783891429415E+06   1.1823980822607386E-11   2.9299527961455763E-23   4.8926109098724082E+03
   1.3356770000000000E+09   1.6916500446986819E+06   1.1743810134305520E-11   2.9103845491045149E-23   4.8921102005483026E+03
   1.3376770000000000E+09   1.6948126620191357E+06   1.1664406399241796E-11   2.8909959022309228E-23   4.8916204585020441E+03
   1.3396770000000000E+09   1.6979663007577320E+06   1.1585760220014605E-11   2.8717847131693483E-23   4.8911416792654918E+03
   1.3416770000000000E+09   1.7011110194030388E+06   1.1507862340544761E-11   2.8527488721319160E-23   4.8906738569302133E+03
   1.3436770000000000E+09   1.7042468744581931E+06   1.1430703648966259E-11   2.8338863026442366E-23   4.8902169841609939E+03
   1.3456770000000000E+09   1.7073739200920719E+06   1.1354275177281311E-11   2.8151949615167295E-23   4.8897710521618546E+03
   1.3476770000000000E+09   1.7104922083271162E+06   1.1278568097548097E-11   2.7966728379713488E-23   4.8893360506134368E+03
   1.3496770000000000E+09   1.7136017896466127E+06   1.1203573715554113E-11   2.7783179521387368E-23   4.8889119676169712E+03
   1.3516770000000000E+09   1.7167027137533249E+06   1.1129283463829031E-11   2.7601283533631779E-23   4.8884987896842986E+03
   1.3536770000000000E+09   1.7197950301633195E+06   1.1055688896024851E-11   2.7421021188066651E-23   4.8880965017967310E+03
   1.3556770000000000E+09   1.7228787884065632E+06   1.0982781683995401E-11   2.7242373526886963E-23   4.8877050875252344E+03
   1.3576770000000000E+09   1.7259540377988755E+06   1.0910553617599981E-11   2.7065321861927609E-23   4.8873245291705471E+03
   1.3596770000000000E+09   1.7290208269567518E+06   1.0838996605971592E-11   2.6889847777588254E-23   4.8869548078669250E+03
   1.3616770000000000E+09   1.7320792033392540E+06   1.0768102678400384E-11   2.6715933133244453E-23   4.8865959036087652E+03
   1.3636770000000000E+09   1.7351292130561068E+06   1.0697863983419391E-11   2.6543560061609988E-23   4.8862477952017689E+03
   1.3656770000000000E+09   1.7381709010051470E+06   1.0628272785877440E-11   2.6372710962239880E-23   4.8859104601860672E+03
   1.3676770000000000E+09   1.7412043112040556E+06   1.0559321462999657E-11   2.6203368492293853E-23   4.8855838747973066E+03
   1.3696770000000000E+09   1.7442294870865680E+06   1.0491002500899709E-11   2.6035515557984857E-23   4.8852680140065186E+03
   1.3716770000000000E+09   1.7472464715981514E+06   1.0423308492463704E-11   2.5869135309089250E-23   4.8849628516248285E+03
   1.3736770000000000E+09   1.7502553070943581E+06   1.0356232136426459E-11   2.5704211136407160E-23   4.8846683604127711E+03
   1.3756770000000000E+09   1.7532560351865522E+06   1.0289766236654286E-11   2.5540726670047881E-23   4.8843845121330314E+03
   1.3776770000000000E+09   1.7562486966902963E+06   1.0223903700716241E-11   2.5378665776324708E-23   4.8841112775317952E+03
   1.3796770000000000E+09   1.7592333317160686E+06   1.0158637537623372E-11   2.5218012552724199E-23   4.8838486262911038E+03
   1.3816770000000000E+09   1.7622099798072670E+06   1.0093960855403400E-11   2.5058751322300533E-23   4.8835965270104907E+03
   1.3836770000000000E+09   1.7651786799874268E+06   1.0029866859297381E-11   2.4900866629386341E-23   4.8833549472312807E+03
   1.3856770000000000E+09   1.7681394706313345E+06   9.9663488508635648E-12   2.4744343237686271E-23   4.8831238534349222E+03
   1.3876770000000000E+09   1.7710923890890917E+06   9.9034002279524824E-12   2.4589166131448745E-23   4.8829032108584988E+03
   1.3896770000000000E+09   1.7740374707357057E+06   9.8410144865140585E-12   2.4435320523453541E-23   4.8826929828494249E+03
   1.3916770000000000E+09   1.7769747462417060E+06   9.7791852289149842E-12   2.4282791884130884E-23   4.8824931291969078E+03
   1.3936770000000000E+09   1.7799042336265699E+06   9.7179061929414348E-12   2.4131566032729732E-23   4.8823036022402539E+03
   1.3956770000000000E+09   1.7828259163242483E+06   9.6571713389770551E-12   2.3981629394342115E-23   4.8821243384815907E+03
   1.3976770000000000E+09   1.7857396864811783E+06   9.5969750876554697E-12   2.3832969667446616E-23   4.8819552423539453E+03
   1.3996770000000000E+09   1.7886452082992252E+06   9.5373129166267212E-12   2.3685577431568002E-23   4.8817961594695889E+03
   1.4016770000000000E+09   1.7915416139294964E+06   9.4781827354614868E-12   2.3539449715289849E-23   4.8816468431812664E+03
   1.4036770000000000E+09   1.7944268885123192E+06   9.4195877498158725E-12   2.3394597185125378E-23   4.8815069363089588E+03
   1.4056770000000000E+09   1.7972967672982607E+06   9.3615417248290138E-12   2.3251056977406832E-23   4.8813760187891558E+03
   1.4076770000000000E+09   1.8001430508653380E+06   9.3040771590887528E-12   2.3108912165143688E-23   4.8812537830029869E+03
   1.4096770000000000E+09   1.8029515806596028E+06   9.2472550858440938E-12   2.2968314833596180E-23   4.8811403080728778E+03
   1.4116770000000000E+09   1.8057007043891419E+06   9.1911718592900192E-12   2.2829502757301954E-23   4.8810361113951622E+03
   1.4136770000000000E+09   1.8083613129981228E+06   9.1359563897620442E-12   2.2692796556779927E-23   4.8809412974455072E+03
   1.4156770000000000E+09   1.8108979358165902E+06   9.0817596184478891E-12   2.2558582640843239E-23   4.8808535796050683E+03
   1.4176770000000000E+09   1.8132658816896398E+06   9.0287643975543865E-12   2.2427340066665585E-23   4.8807677054150890E+03
   1.4196770000000000E+09   1.8153966205832406E+06   8.9772653281748807E-12   2.2299804853213446E-23   4.8806828179479680E+03
   1.4216770000000000E+09   1.8171776753014827E+06   8.9277963333815468E-12   2.2177208660689777E-23   4.8806198053687995E+03
   1.4236770000000000E+09   1.8184734496364817E+06   8.8810495772976543E-12   2.2061065715696937E-23   4.8806244639055521E+03
   1.4256770000000000E+09   1.8192465325461307E+06   8.8372214890528598E-12   2.1951803959183801E-23   4.8807112023690479E+03
   1.4276770000000000E+09   1.8197082627715869E+06   8.7951594480754370E-12   2.1847004340496549E-23   4.8807819801595988E+03
   1.4296770000000000E+09   1.8202408318065221E+06   8.7528171837924362E-12   2.1742222319767899E-23   4.8806932333106352E+03
   1.4316770000000000E+09   1.8210313907641182E+06   8.7093739220829972E-12   2.1635222472009762E-23   4.8804869698509256E+03
   1.4336770000000000E+09   1.8220238910694206E+06   8.6651336601832908E-12   2.1526625273433407E-23   4.8801919203120706E+03
   1.4356770000000000E+09   1.8224416675075726E+06   8.6248947242319700E-12   2.1425586712976908E-23   4.8804364913020872E+03
   6.5767700000000000E+08  -2.8351825119799901E+03   4.1522772945271065E-16   1.7879283085486683E-26   1.1180685173280892E+03
   6.5967700000000000E+08  -2.8593530645141464E+03   6.9952768165987435E-16   2.9066872507773274E-26   1.1586139952345131E+03
   6.6167700000000000E+08  -2.8213595062419390E+03   1.1450579266264664E-15   4.6424020880760215E-26   1.1874542206046272E+03
   6.6367700000000000E+08  -2.7613641302440278E+03   1.8434085467052270E-15   7.3411769417965303E-26   1.2088935925822161E+03
   6.6567700000000000E+08  -2.8437249301697611E+03   2.9742419706627686E-15   1.1640804393877583E-25   1.2300576804499619E+03
   6.6767700000000000E+08  -3.7154875930852140E+03   5.0591358828254280E-15   1.9274902758154890E-25   1.2636195003866442E+03
   6.6967700000000000E+08  -5.7737639317120929E+03   9.9682632193505697E-15   3.6496101771598759E-25   1.3149377369087208E+03
   6.7167700000000000E+08  -7.2762908170650753E+03   2.3373844631983786E-14   8.3337166151283603E-25   1.3502792550045285E+03
   6.7367700000000000E+08  -6.7114374578155175E+03   5.7807041147623597E-14   2.0656656969455321E-24   1.3472645232483696E+03
   6.7567700000000000E+08  -5.0102260082971434E+03   1.3242743741878525E-13   4.8043312867546412E-24   1.3270191774558746E+03
   6.7767700000000000E+08  -3.1464526188780801E+03   2.6496999194761068E-13   9.7585985266797495E-24   1.3071981125581742E+03
   6.7967700000000000E+08  -1.4571242150358401E+03   4.5903185009727276E-13   1.7088226775015728E-23   1.2932366154221140E+03
   6.8167700000000000E+08   1.5283806791822252E+00   6.9796769089296298E-13   2.6123767309730813E-23   1.2862686464996043E+03
   6.8367700000000000E+08   1.2516343759865183E+03   9.5196317878354707E-13   3.5592425225541804E-23   1.2876408321617635E+03
   6.8567700000000000E+08   2.3238715184317898E+03   1.1926205922185879E-12   4.4136849368142879E-23   1.3008677466494694E+03
   6.8767700000000000E+08   3.2202552583473016E+03   1.4040971874309696E-12   5.0762186945319910E-23   1.3316466966723056E+03
   6.8967700000000000E+08   3.9032035846140998E+03   1.5845451514954191E-12   5.5064135718697182E-23   1.3853769667457600E+03
   6.9167700000000000E+08   4.3434747843964969E+03   1.7397235149323529E-12   5.7222864140929299E-23   1.4636687920330496E+03
   6.9367700000000000E+08   4.5833834702943059E+03   1.8755557167536342E-12   5.7777514963361787E-23   1.5627995673870507E+03
   6.9567700000000000E+08   4.7537976170856591E+03   1.9947861943356724E-12   5.7325637785415349E-23   1.6752500110969261E+03
   6.9767700000000000E+08   5.0286217825429003E+03   2.0976264002042778E-12   5.6319124064891521E-23   1.7930996244476723E+03
   6.9967700000000000E+08   5.5692175652736205E+03   2.1841459881926667E-12   5.5049882614586751E-23   1.9101058595170259E+03
   7.0167700000000000E+08   6.4941305098879729E+03   2.2552099722759452E-12   5.3689224133345683E-23   2.0222368785598173E+03
   7.0367700000000000E+08   7.8681611254357140E+03   2.3123883294295266E-12   5.2329312688269034E-23   2.1273938974119078E+03
   7.0567700000000000E+08   9.7046551659936904E+03   2.3575300541099603E-12   5.1014950440597130E-23   2.2248049374218344E+03
   7.0767700000000000E+08   1.1974987780573852E+04   2.3923804342355788E-12   4.9763290870849151E-23   2.3144794019129140E+03
   7.0967700000000000E+08   1.4621073293212887E+04   2.4183740105960110E-12   4.8575730702803257E-23   2.3968248327738565E+03
   7.1167700000000000E+08   1.7568138450998751E+04   2.4365883942623305E-12   4.7445324266239144E-23   2.4724124564329982E+03
   7.1367700000000000E+08   2.0735685298728349E+04   2.4477915645821797E-12   4.6361431990756788E-23   2.5418490902546932E+03
   7.1567700000000000E+08   2.4043224516042985E+04   2.4525123869853751E-12   4.5312383707872141E-23   2.6057123485402603E+03
   7.1767700000000000E+08   2.7415663349376089E+04   2.4511174385742413E-12   4.4287082296829459E-23   2.6645214540996762E+03
   7.1967700000000000E+08   3.0788658842081604E+04   2.4438972291997770E-12   4.3276181543201172E-23   2.7187306034693861E+03
   7.2167700000000000E+08   3.4109556403673210E+04   2.4311324656607490E-12   4.2272642037339561E-23   2.7687350706214706E+03
   7.2367700000000000E+08   3.7337731386987296E+04   2.4131297702283348E-12   4.1271757192796495E-23   2.8148800202727211E+03
   7.2567700000000000E+08   4.0444153056605363E+04   2.3902417737054372E-12   4.0270992777294401E-23   2.8574699170313525E+03
   7.2767700000000000E+08   4.3410463175794139E+04   2.3628742851690544E-12   3.9269706024241577E-23   2.8967774876751428E+03
   7.2967700000000000E+08   4.6227730367850891E+04   2.3314835806358773E-12   3.8268798373340397E-23   2.9330516203019356E+03
   7.3167700000000000E+08   4.8894981282687433E+04   2.2965663097934409E-12   3.7270337087817031E-23   2.9665238184857162E+03
   7.3367700000000000E+08   5.1417596141582973E+04   2.2586443741239086E-12   3.6277173508369557E-23   2.9974129884785752E+03
   7.3567700000000000E+08   5.3805667871769358E+04   2.2182471847106207E-12   3.5292583125848686E-23   3.0259285122685560E+03
   7.3767700000000000E+08   5.6072430691757058E+04   2.1758936883427287E-12   3.4319950016462928E-23   3.0522717463524209E+03
   7.3967700000000000E+08   5.8232855160268977E+04   2.1320762437560378E-12   3.3362512527650319E-23   3.0766362457113851E+03
   7.4167700000000000E+08   6.0302482924530043E+04   2.0872478523972934E-12   3.2423179011960071E-23   3.0992071095751212E+03
   7.4367700000000000E+08   6.2296535992315126E+04   2.0418135228814594E-12   3.1504413613272654E-23   3.1201598645482354E+03
   7.4567700000000000E+08   6.4229299767764445E+04   1.9961258260938982E-12   3.0608184331735238E-23   3.1396592506441139E+03
   7.4767700000000000E+08   6.6113749994636368E+04   1.9504841469466101E-12   2.9735960656418047E-23   3.1578581825585306E+03
   7.4967700000000000E+08   6.7961376905185374E+04   1.9051368150728398E-12   2.8888746166393796E-23   3.1748970505066341E+03
   7.5167700000000000E+08   6.9782154491587644E+04   1.8602851965884067E-12   2.8067132230985088E-23   3.1909034260001945E+03
   7.5367700000000000E+08   7.1584606182571530E+04   1.8160888954405572E-12   2.7271361326524362E-23   3.2059921620995456E+03
   7.5567700000000000E+08   7.3375926590684176E+04   1.7726713742647347E-12   2.6501391552834340E-23   3.2202658294736802E+03
   7.5767700000000000E+08   7.5162129146183070E+04   1.7301254978065299E-12   2.5756956926587573E-23   3.2338154066120560E+03
   7.5967700000000000E+08   7.6948199100349651E+04   1.6885186835750714E-12   2.5037620516462732E-23   3.2467211386817303E+03
   7.6167700000000000E+08   7.8738239371825824E+04   1.6478974919517991E-12   2.4342819308480377E-23   3.2590534878676067E+03
   7.6367700000000000E+08   8.0535602649121298E+04   1.6082915949558865E-12   2.3671900876264352E-23   3.2708741124928893E+03
   7.6567700000000000E+08   8.2343007181426845E+04   1.5697171324762990E-12   2.3024152600782437E-23   3.2822368283363849E+03
   7.6767700000000000E+08   8.4162636156593479E+04   1.5321795046576448E-12   2.2398824483653240E-23   3.2931885205764097E+03
   7.6967700000000000E+08   8.5996221903259837E+04   1.4956756677792856E-12   2.1795146660311910E-23   3.3037699873165570E+03
   7.7167700000000000E+08   8.7845116743077699E+04   1.4601960058730689E-12   2.1212342647457705E-23   3.3140167052706106E+03
   7.7367700000000000E+08   8.9710352454354710E+04   1.4257258472271265E-12   2.0649639224735427E-23   3.3239595150608743E+03
   7.7567700000000000E+08   9.1592690198422366E+04   1.3922466878107450E-12   2.0106273698082210E-23   3.3336252281522893E+03
   7.7767700000000000E+08   9.3492662539078432E+04   1.3597371750659061E-12   1.9581499146321294E-23   3.3430371602215791E+03
   7.7967700000000000E+08   9.5410608933029071E+04   1.3281738969123240E-12   1.9074588124924931E-23   3.3522155972349051E+03
   7.8167700000000000E+08   9.7346705827514903E+04   1.2975320129550965E-12   1.8584835194994073E-23   3.3611782010888192E+03
   7.8367700000000000E+08   9.9300992289089438E+04   1.2677857580708317E-12   1.8111558560709746E-23   3.3699403616747145E+03
   7.8567700000000000E+08   1.0127339191029230E+05   1.2389088428306234E-12   1.7654101032166422E-23   3.3785155018877772E+03
   7.8767700000000000E+08   1.0326373159728396E+05   1.2108747705178237E-12   1.7211830479360489E-23   3.3869153415774467E+03
   7.8967700000000000E+08   1.0527175772706242E+05   1.1836570866829832E-12   1.6784139904039897E-23   3.3951501258335184E+03
   7.9167700000000000E+08   1.0729715007238204E+05   1.1572295741045835E-12   1.6370447226422498E-23   3.4032288223861419E+03
   7.9367700000000000E+08   1.0933953382118870E+05   1.1315664035558798E-12   1.5970194861224114E-23   3.4111592923075609E+03
   7.9567700000000000E+08   1.1139848996099684E+05   1.1066422487985407E-12   1.5582849140269049E-23   3.4189484376596220E+03
   7.9767700000000000E+08   1.1347356425374807E+05   1.0824323726349022E-12   1.5207899625855309E-23   3.4266023292419150E+03
   7.9967700000000000E+08   1.1556427499074258E+05   1.0589126895729101E-12   1.4844858349002214E-23   3.4341263171633091E+03
   8.0167700000000000E+08   1.1767011968822950E+05   1.0360598096266252E-12   1.4493258998953038E-23   3.4415251265824299E+03
   8.0367700000000000E+08   1.1979058086037477E+05   1.0138510669426204E-12   1.4152656084317562E-23   3.4488029406351261E+03
   8.0567700000000000E+08   1.2192513098690774E+05   9.9226453626532959E-13   1.3822624081545621E-23   3.4559634722854316E+03
   8.0767700000000000E+08   1.2407323677634368E+05   9.7127903970438597E-13   1.3502756582765218E-23   3.4630100265939445E+03
   8.0967700000000000E+08   1.2623436281198745E+05   9.5087414581771175E-13   1.3192665452135649E-23   3.4699455546898776E+03
   8.1167700000000000E+08   1.2840797465638898E+05   9.3103016265571091E-13   1.2891979997579972E-23   3.4767727005550723E+03
   8.1367700000000000E+08   1.3059354147997993E+05   9.1172812611002965E-13   1.2600346162956120E-23   3.4834938415757392E+03
   8.1567700000000000E+08   1.3279053827107078E+05   8.9294978466221628E-13   1.2317425744294889E-23   3.4901111236870033E+03
   8.1767700000000000E+08   1.3499844767711105E+05   8.7467758142274654E-13   1.2042895632589948E-23   3.4966264918232787E+03
   8.1967700000000000E+08   1.3721676152071627E+05   8.5689463418270620E-13   1.1776447084728916E-23   3.5030417162912440E+03
   8.2167700000000000E+08   1.3944498202851188E+05   8.3958471406176591E-13   1.1517785023447484E-23   3.5093584155995636E+03
   8.2367700000000000E+08   1.4168262280618225E+05   8.2273222322210648E-13   1.1266627366638612E-23   3.5155780762083496E+03
   8.2567700000000000E+08   1.4392920958908688E+05   8.0632217202505915E-13   1.1022704385934752E-23   3.5217020696002915E+03
   8.2767700000000000E+08   1.4618428079449976E+05   7.9034015593141534E-13   1.0785758094172395E-23   3.5277316670227074E+03
   8.2967700000000000E+08   1.4844738789877290E+05   7.7477233238518268E-13   1.0555541661130823E-23   3.5336680522045199E+03
   8.3167700000000000E+08   1.5071809566046967E+05   7.5960539787182564E-13   1.0331818856797665E-23   3.5395123323132375E+03
   8.3367700000000000E+08   1.5299598220879279E+05   7.4482656530304752E-13   1.0114363521329990E-23   3.5452655473835107E+03
   8.3567700000000000E+08   1.5528063901523786E+05   7.3042354184959814E-13   9.9029590608444550E-24   3.5509286784201131E+03
   8.3767700000000000E+08   1.5757167076522845E+05   7.1638450732010504E-13   9.6973979681760168E-24   3.5565026543532927E+03
   8.3967700000000000E+08   1.5986869514573124E+05   7.0269809316466494E-13   9.4974813677605809E-24   3.5619883580031715E+03
   8.4167700000000000E+08   1.6217134256393966E+05   6.8935336216752773E-13   9.3030185838393955E-24   3.5673866311912711E+03
   8.4367700000000000E+08   1.6447925581146887E+05   6.7633978888053193E-13   9.1138267312154031E-24   3.5726982791211349E+03
   8.4567700000000000E+08   1.6679208968755711E+05   6.6364724083899191E-13   8.9297303278328574E-24   3.5779240741357980E+03
   8.4767700000000000E+08   1.6910951059400581E+05   6.5126596059158911E-13   8.7505609284663912E-24   3.5830647589473092E+03
   8.4967700000000000E+08   1.7143119611339158E+05   6.3918654856708524E-13   8.5761567788202735E-24   3.5881210494221441E+03
   8.5167700000000000E+08   1.7375683458094520E+05   6.2739994679119455E-13   8.4063624893263318E-24   3.5930936369961073E+03
   8.5367700000000000E+08   1.7608612465906230E+05   6.1589742345777512E-13   8.2410287279070176E-24   3.5979831907829334E+03
   8.5567700000000000E+08   1.7841877492186747E+05   6.0467055834923183E-13   8.0800119309354947E-24   3.6027903594319832E+03
   8.5767700000000000E+08   1.8075450345582434E+05   5.9371122909117644E-13   7.9231740315717353E-24   3.6075157727824703E+03
   8.5967700000000000E+08   1.8309303748064162E+05   5.8301159821782621E-13   7.7703822046097495E-24   3.6121600433540843E+03
   8.6167700000000000E+08   1.8543411299329583E+05   5.7256410101582725E-13   7.6215086269161757E-24   3.6167237677070248E+03
   8.6367700000000000E+08   1.8777747443643428E+05   5.6236143410724406E-13   7.4764302525039435E-24   3.6212075276980386E+03
   8.6567700000000000E+08   1.9012287439143460E+05   5.5239654472557822E-13   7.3350286012422270E-24   3.6256118916535725E+03
   8.6767700000000000E+08   1.9247007329504518E+05   5.4266262063492715E-13   7.1971895601985347E-24   3.6299374154758243E+03
   8.6967700000000000E+08   1.9481883917792406E+05   5.3315308063909588E-13   7.0628031966030658E-24   3.6341846436933993E+03
   8.7167700000000000E+08   1.9716894742277492E+05   5.2386156562655818E-13   6.9317635814475538E-24   3.6383541104644059E+03
   8.7367700000000000E+08   1.9952018053950992E+05   5.1478193009766739E-13   6.8039686227667689E-24   3.6424463405369265E+03
   8.7567700000000000E+08   2.0187232795459585E+05   5.0590823412324266E-13   6.6793199077124272E-24   3.6464618501694245E+03
   8.7767700000000000E+08   2.0422518581205703E+05   4.9723473568661946E-13   6.5577225525901497E-24   3.6504011480119252E+03
   8.7967700000000000E+08   2.0657855678364326E+05   4.8875588336634521E-13   6.4390850601158720E-24   3.6542647359476709E+03
   8.8167700000000000E+08   2.0893224988598394E+05   4.8046630932210130E-13   6.3233191832351626E-24   3.6580531098941738E+03
   8.8367700000000000E+08   2.1128608030318955E+05   4.7236082255163009E-13   6.2103397949304930E-24   3.6617667605623569E+03
   8.8567700000000000E+08   2.1363986921363138E+05   4.6443440239270897E-13   6.1000647635351988E-24   3.6654061741724927E+03
   8.8767700000000000E+08   2.1599344362073840E+05   4.5668219224888548E-13   5.9924148331435449E-24   3.6689718331260415E+03
   8.8967700000000000E+08   2.1834663618923261E+05   4.4909949352181946E-13   5.8873135087683732E-24   3.6724642166331996E+03
   8.9167700000000000E+08   2.2069928509203251E+05   4.4168175973466170E-13   5.7846869459244453E-24   3.6758838012974547E+03
   8.9367700000000000E+08   2.2305123388194933E+05   4.3442459082750577E-13   5.6844638442745072E-24   3.6792310616613945E+03
   8.9567700000000000E+08   2.2540233142189123E+05   4.2732372759383289E-13   5.5865753448153919E-24   3.6825064707243723E+03
   8.9767700000000000E+08   2.2775243194879123E+05   4.2037504619746253E-13   5.4909549296873685E-24   3.6857105004562468E+03
   8.9967700000000000E+08   2.3010139542535096E+05   4.1357455265319295E-13   5.3975383229290556E-24   3.6888436223591716E+03
   9.0167700000000000E+08   2.3244908846525685E+05   4.0691837706295247E-13   5.3062633892574225E-24   3.6919063081820473E+03
   9.0367700000000000E+08   2.3479538629389618E+05   4.0040276728471010E-13   5.2170700263734201E-24   3.6948990309816559E+03
   9.0567700000000000E+08   2.3714017634377722E+05   3.9402408164409674E-13   5.1299000453015452E-24   3.6978222668535318E+03
   9.0767700000000000E+08   2.3948336394082464E+05   3.8777878045955849E-13   5.0446970352641546E-24   3.7006764977924126E+03
   9.0967700000000000E+08   2.4182487965718497E+05   3.8166341685969506E-13   4.9614062188326479E-24   3.7034622161791731E+03
   9.1167700000000000E+08   2.4416468574196353E+05   3.7567462896790441E-13   4.8799743242445575E-24   3.7061799311049044E+03
   9.1367700000000000E+08   2.4650277554235380E+05   3.6980913794374743E-13   4.8003495341641410E-24   3.7088301758225120E+03
   9.1567700000000000E+08   2.4883915659013359E+05   3.6406375833251515E-13   4.7224815973770958E-24   3.7114135138696224E+03
   9.1767700000000000E+08   2.5117380935245022E+05   3.5843542559613032E-13   4.6463221713396837E-24   3.7139305392226120E+03
   9.1967700000000000E+08   2.5350662532470000E+05   3.5292123669188446E-13   4.5718253471970582E-24   3.7163818647291496E+03
   9.2167700000000000E+08   2.5583735151932447E+05   3.4751848276183155E-13   4.4989480878463907E-24   3.7187680955750689E+03
   9.2367700000000000E+08   2.5816559012703548E+05   3.4222463828454000E-13   4.4276501108334040E-24   3.7210897925487598E+03
   9.2567700000000000E+08   2.6049089377036705E+05   3.3703727861586731E-13   4.3578928357715739E-24   3.7233474410995450E+03
   9.2767700000000000E+08   2.6281293419892050E+05   3.3195394532091637E-13   4.2896376267393605E-24   3.7255414480044146E+03
   9.2967700000000000E+08   2.6513163560271356E+05   3.2697204102230002E-13   4.2228443785452724E-24   3.7276721768767879E+03
   9.3167700000000000E+08   2.6744715354691294E+05   3.2208885023480669E-13   4.1574717125377609E-24   3.7297400066787122E+03
   9.3367700000000000E+08   2.6975968361401086E+05   3.1730171893863374E-13   4.0934792426514155E-24   3.7317453747157883E+03
   9.3567700000000000E+08   2.7206923780048895E+05   3.1260825356791399E-13   4.0308301400987430E-24   3.7336887720479112E+03
   9.3767700000000000E+08   2.7437561017082341E+05   3.0800629213357786E-13   3.9694907967357372E-24   3.7355706979480210E+03
   9.3967700000000000E+08   2.7667859292981122E+05   3.0349368973248031E-13   3.9094280880521673E-24   3.7373916207585362E+03
   9.4167700000000000E+08   2.7897818910261983E+05   2.9906834079209524E-13   3.8506096406177972E-24   3.7391519858166848E+03
   9.4367700000000000E+08   2.8127455084454123E+05   2.9472855826016402E-13   3.7930086628647756E-24   3.7408522536829196E+03
   9.4567700000000000E+08   2.8356771737674059E+05   2.9047326585746849E-13   3.7366063845358893E-24   3.7424929160619636E+03
   9.4767700000000000E+08   2.8585743907364696E+05   2.8630153711649882E-13   3.6813861369621249E-24   3.7440744674050802E+03
   9.4967700000000000E+08   2.8814321623524115E+05   2.8221176863161142E-13   3.6273227624459350E-24   3.7455973590934132E+03
   9.5167700000000000E+08   2.9042440729835938E+05   2.7820116646427715E-13   3.5743760516068326E-24   3.7470619714316554E+03
   9.5367700000000000E+08   2.9270035204242985E+05   2.7426595144077519E-13   3.5224934048655333E-24   3.7484686064693301E+03
   9.5567700000000000E+08   2.9497150963830721E+05   2.7040250075930462E-13   3.4716244958284981E-24   3.7498174912840886E+03
   9.5767700000000000E+08   2.9723916317279526E+05   2.6660889928800568E-13   3.4217409776192770E-24   3.7511089815161554E+03
   9.5967700000000000E+08   2.9950365127868851E+05   2.6288448380927546E-13   3.3728304926936103E-24   3.7523436800815471E+03
   9.6167700000000000E+08   3.0176472366404469E+05   2.5922835831603333E-13   3.3248777927853288E-24   3.7535222369266462E+03
   9.6367700000000000E+08   3.0402222811770457E+05   2.5563926197722275E-13   3.2778631287677412E-24   3.7546452585583766E+03
   9.6567700000000000E+08   3.0627607059894211E+05   2.5211579852071969E-13   3.2317651684583827E-24   3.7557133340542541E+03
   9.6767700000000000E+08   3.0852618982422625E+05   2.4865653487389325E-13   3.1865622511701679E-24   3.7567270424004646E+03
   9.6967700000000000E+08   3.1077253904709104E+05   2.4526004300490831E-13   3.1422329143648898E-24   3.7576869581269261E+03
   9.7167700000000000E+08   3.1301507289766701E+05   2.4192492087467733E-13   3.0987561552012363E-24   3.7585936535451938E+03
   9.7367700000000000E+08   3.1525373635874991E+05   2.3864980593930567E-13   3.0561115984928845E-24   3.7594476986634209E+03
   9.7567700000000000E+08   3.1748845623651118E+05   2.3543338392442953E-13   3.0142796055129631E-24   3.7602496593134424E+03
   9.7767700000000000E+08   3.1971913715234399E+05   2.3227439210289997E-13   2.9732413133135279E-24   3.7610000941039980E+03
   9.7967700000000000E+08   3.2194566429622821E+05   2.2917161598130784E-13   2.9329785899059425E-24   3.7616995510777115E+03
   9.8167700000000000E+08   3.2416791306490183E+05   2.2612388010068595E-13   2.8934739135707757E-24   3.7623485651849164E+03
   9.8367700000000000E+08   3.2638576250228187E+05   2.2313003605926264E-13   2.8547102154595584E-24   3.7629476575487320E+03
   9.8567700000000000E+08   3.2859910788164759E+05   2.2018895182498221E-13   2.8166707373842631E-24   3.7634973368880765E+03
   9.8767700000000000E+08   3.3080786871858034E+05   2.1729950533142144E-13   2.7793389434557005E-24   3.7639981027180752E+03
   9.8967700000000000E+08   3.3301199073208100E+05   2.1446058327176892E-13   2.7426984979325647E-24   3.7644504494541075E+03
   9.9167700000000000E+08   3.3521144248110964E+05   2.1167108404117104E-13   2.7067332965320746E-24   3.7648548704426944E+03
   9.9367700000000000E+08   3.3740620895567420E+05   2.0892992247992382E-13   2.6714275216580618E-24   3.7652118611645474E+03
   9.9567700000000000E+08   3.3959628491370432E+05   2.0623603373734010E-13   2.6367656874434354E-24   3.7655219212692004E+03
   9.9767700000000000E+08   3.4178167051935080E+05   2.0358837409769920E-13   2.6027326468474303E-24   3.7657855555807760E+03
   9.9967700000000000E+08   3.4396237653780368E+05   2.0098591407803680E-13   2.5693135000268398E-24   3.7660032752150337E+03
   1.0016770000000000E+09   3.4613853973400249E+05   1.9842755385479458E-13   2.5364925055230609E-24   3.7661756053636132E+03
   1.0036770000000000E+09   3.4831172219777905E+05   1.9591120194363572E-13   2.5042412871622614E-24   3.7663031069664789E+03
   1.0056770000000000E+09   3.5048857787569560E+05   1.9343125254638015E-13   2.4724865101997974E-24   3.7663864968477819E+03
   1.0076770000000000E+09   3.5267495684164920E+05   1.9098290719582458E-13   2.4411646241976769E-24   3.7664274215386267E+03
   1.0096770000000000E+09   3.5486857872751757E+05   1.8856720417327116E-13   2.4102862760881034E-24   3.7664283046373171E+03
   1.0116770000000000E+09   3.5706199827717867E+05   1.8618909362188040E-13   2.3799125146593264E-24   3.7663911085193272E+03
   1.0136770000000000E+09   3.5925139508953044E+05   1.8385320788553280E-13   2.3501009722519808E-24   3.7663169136959764E+03
   1.0156770000000000E+09   3.6142101660577318E+05   1.8156384089613087E-13   2.3209062075548038E-24   3.7662048839542058E+03
   1.0176770000000000E+09   3.6356931298877730E+05   1.7932255555196753E-13   2.2923461915042248E-24   3.7660569633526175E+03
   1.0196770000000000E+09   3.6570942433723458E+05   1.7712001974308775E-13   2.2643024087751088E-24   3.7658706104773682E+03
   1.0216770000000000E+09   3.6784372472811863E+05   1.7495408986400438E-13   2.2367463984504466E-24   3.7656462856455564E+03
   1.0236770000000000E+09   3.6997269085088081E+05   1.7282378522373219E-13   2.2096647008308103E-24   3.7653842861097569E+03
   1.0256770000000000E+09   3.7209642323179328E+05   1.7072835000266249E-13   2.1830467017102840E-24   3.7650850186254638E+03
   1.0276770000000000E+09   3.7421494126401923E+05   1.6866707777657416E-13   2.1568824402960114E-24   3.7647489147832612E+03
   1.0296770000000000E+09   3.7632825255856616E+05   1.6663926923819173E-13   2.1311620779004755E-24   3.7643764137638623E+03
   1.0316770000000000E+09   3.7843637419281306E+05   1.6464422195936248E-13   2.1058757674322775E-24   3.7639679594788036E+03
   1.0336770000000000E+09   3.8053934320951090E+05   1.6268122948961125E-13   2.0810136402780467E-24   3.7635240010770190E+03
   1.0356770000000000E+09   3.8263723080786894E+05   1.6074957869710357E-13   2.0565657700683621E-24   3.7630449946476647E+03
   1.0376770000000000E+09   3.8473016544023517E+05   1.5884854120488326E-13   2.0325220601918140E-24   3.7625314063044370E+03
   1.0396770000000000E+09   3.8681835677686863E+05   1.5697736360104451E-13   2.0088721144182759E-24   3.7619837175610191E+03
   1.0416770000000000E+09   3.8890210125500109E+05   1.5513526748425504E-13   1.9856052322595682E-24   3.7614024330034272E+03
   1.0436770000000000E+09   3.9098175197303714E+05   1.5332146847495133E-13   1.9627106472638866E-24   3.7607880881334436E+03
   1.0456770000000000E+09   3.9305765270738205E+05   1.5153521318188941E-13   1.9401779975854555E-24   3.7601412535250529E+03
   1.0476770000000000E+09   3.9513005656170304E+05   1.4977582185612725E-13   1.9179978737179702E-24   3.7594625317328018E+03
   1.0496770000000000E+09   3.9719905978026625E+05   1.4804272003798322E-13   1.8961622299823352E-24   3.7587525458982186E+03
   1.0516770000000000E+09   3.9926457468760060E+05   1.4633544734934982E-13   1.8746645064481209E-24   3.7580119223072024E+03
   1.0536770000000000E+09   4.0132634816875425E+05   1.4465364177947607E-13   1.8534994373279681E-24   3.7572412714131542E+03
   1.0556770000000000E+09   4.0338401454757695E+05   1.4299700707338432E-13   1.8326626405758728E-24   3.7564411720545631E+03
   1.0576770000000000E+09   4.0543716242558928E+05   1.4136527498029560E-13   1.8121501376640271E-24   3.7556121620200133E+03
   1.0596770000000000E+09   4.0748539577314624E+05   1.3975817277605445E-13   1.7919579367488984E-24   3.7547547357963213E+03
   1.0616770000000000E+09   4.0952837686848512E+05   1.3817540193830674E-13   1.7720817554714652E-24   3.7538693483482789E+03
   1.0636770000000000E+09   4.1156584752242337E+05   1.3661662896423133E-13   1.7525168975201066E-24   3.7529564227092437E+03
   1.0656770000000000E+09   4.1359763170977624E+05   1.3508148594017790E-13   1.7332582537195670E-24   3.7520163590405291E+03
   1.0676770000000000E+09   4.1562362591062870E+05   1.3356957710619022E-13   1.7143003805089230E-24   3.7510495433266669E+03
   1.0696770000000000E+09   4.1764378364270477E+05   1.3208048786615309E-13   1.6956376108517650E-24   3.7500563546177050E+03
   1.0716770000000000E+09   4.1965809912971518E+05   1.3061379370475523E-13   1.6772641651687375E-24   3.7490371704106656E+03
   1.0736770000000000E+09   4.2166659302980505E+05   1.2916906762516125E-13   1.6591742444005528E-24   3.7479923702365754E+03
   1.0756770000000000E+09   4.2366930141485378E+05   1.2774588564063476E-13   1.6413620989782321E-24   3.7469223377688368E+03
   1.0776770000000000E+09   4.2566626804549294E+05   1.2634383042218730E-13   1.6238220747530577E-24   3.7458274618438872E+03
   1.0796770000000000E+09   4.2765753940531972E+05   1.2496249346579341E-13   1.6065486403281747E-24   3.7447081367554038E+03
   1.0816770000000000E+09   4.2964316178074753E+05   1.2360147619800374E-13   1.5895364009986817E-24   3.7435647621076796E+03
   1.0836770000000000E+09   4.3162317972312949E+05   1.2226039038652202E-13   1.5727801038907258E-24   3.7423977424307436E+03
   1.0856770000000000E+09   4.3359763537252607E+05   1.2093885813243700E-13   1.5562746377803451E-24   3.7412074866886601E+03
   1.0876770000000000E+09   4.3556656827718305E+05   1.1963651163250258E-13   1.5400150299704966E-24   3.7399944077593163E+03
   1.0896770000000000E+09   4.3753001547249354E+05   1.1835299282945593E-13   1.5239964417209104E-24   3.7387589219282868E+03
   1.0916770000000000E+09   4.3948801167791669E+05   1.1708795301882113E-13   1.5082141631012254E-24   3.7375014484170542E+03
   1.0936770000000000E+09   4.4144058953311259E+05   1.1584105244894092E-13   1.4926636077372486E-24   3.7362224089530182E+03
   1.0956770000000000E+09   4.4338777983298170E+05   1.1461195993231687E-13   1.4773403076836997E-24   3.7349222273819050E+03
   1.0976770000000000E+09   4.4532961174342083E+05   1.1340035247614334E-13   1.4622399085272001E-24   3.7336013293199685E+03
   1.0996770000000000E+09   4.4726611299149360E+05   1.1220591493481218E-13   1.4473581647580357E-24   3.7322601418420791E+03
   1.1016770000000000E+09   4.4919731002948701E+05   1.1102833968488715E-13   1.4326909354198505E-24   3.7308990932016322E+03
   1.1036770000000000E+09   4.5112322817479807E+05   1.0986732632215291E-13   1.4182341800347370E-24   3.7295186125783302E+03
   1.1056770000000000E+09   4.5304389172859374E+05   1.0872258137996842E-13   1.4039839547960106E-24   3.7281191298504209E+03
   1.1076770000000000E+09   4.5495932407608116E+05   1.0759381806807740E-13   1.3899364090197063E-24   3.7267010753883333E+03
   1.1096770000000000E+09   4.5686954777119990E+05   1.0648075603084925E-13   1.3760877818432432E-24   3.7252648798671025E+03
   1.1116770000000000E+09   4.5877458460774494E+05   1.0538312112395428E-13   1.3624343991598620E-24   3.7238109740953437E+03
   1.1136770000000000E+09   4.6067445567887614E+05   1.0430064520823913E-13   1.3489726707741724E-24   3.7223397888588329E+03
   1.1156770000000000E+09   4.6256918142622180E+05   1.0323306595957193E-13   1.3356990877640263E-24   3.7208517547769675E+03
   1.1176770000000000E+09   4.6445878167951648E+05   1.0218012669332078E-13   1.3226102200324096E-24   3.7193473021706059E+03
   1.1196770000000000E+09   4.6634327568722988E+05   1.0114157620212706E-13   1.3097027140328885E-24   3.7178268609399174E+03
   1.1216770000000000E+09   4.6822268213856407E+05   1.0011716860556146E-13   1.2969732906510966E-24   3.7162908604509385E+03
   1.1236770000000000E+09   4.7009701917667431E+05   9.9106663210375378E-14   1.2844187432262336E-24   3.7147397294296998E+03
   1.1256770000000000E+09   4.7196630440316803E+05   9.8109824379996221E-14   1.2720359356956646E-24   3.7131738958627197E+03
   1.1276770000000000E+09   4.7383055487367394E+05   9.7126421412052828E-14   1.2598218008473653E-24   3.7115937869028280E+03
   1.1296770000000000E+09   4.7568978708450717E+05   9.6156228422738633E-14   1.2477733386651892E-24   3.7099998287792355E+03
   1.1316770000000000E+09   4.7754401695048483E+05   9.5199024236946729E-14   1.2358876147534719E-24   3.7083924467108604E+03
   1.1336770000000000E+09   4.7939325977434492E+05   9.4254592283154474E-14   1.2241617588279802E-24   3.7067720648219697E+03
   1.1356770000000000E+09   4.8123753020841698E+05   9.3322720492179838E-14   1.2125929632620178E-24   3.7051391060592332E+03
   1.1376770000000000E+09   4.8307684220961435E+05   9.2403201199019080E-14   1.2011784816775244E-24   3.7034939921095001E+03
   1.1396770000000000E+09   4.8491120898928912E+05   9.1495831047071420E-14   1.1899156275722209E-24   3.7018371433175312E+03
   1.1416770000000000E+09   4.8674064295986289E+05   9.0600410894182131E-14   1.1788017729753556E-24   3.7001689786032689E+03
   1.1436770000000000E+09   4.8856515568061708E+05   8.9716745720027308E-14   1.1678343471257520E-24   3.6984899153782585E+03
   1.1456770000000000E+09   4.9038475780544494E+05   8.8844644534452443E-14   1.1570108351669126E-24   3.6968003694611148E+03
   1.1476770000000000E+09   4.9219945903562760E+05   8.7983920286482470E-14   1.1463287768552624E-24   3.6951007549920341E+03
   1.1496770000000000E+09   4.9400926808102906E+05   8.7134389773766388E-14   1.1357857652780873E-24   3.6933914843467064E+03
   1.1516770000000000E+09   4.9581419263317680E+05   8.6295873552294748E-14   1.1253794455786800E-24   3.6916729680501135E+03
   1.1536770000000000E+09   4.9761423935355549E+05   8.5468195846300901E-14   1.1151075136870751E-24   3.6899456146909379E+03
   1.1556770000000000E+09   4.9940941388046788E+05   8.4651184458244856E-14   1.1049677150545488E-24   3.6882098308375666E+03
   1.1576770000000000E+09   5.0119972085722303E+05   8.3844670678868418E-14   1.0949578433912017E-24   3.6864660209568360E+03
   1.1596770000000000E+09   5.0298516398393450E+05   8.3048489197328605E-14   1.0850757394061760E-24   3.6847145873367558E+03
   1.1616770000000000E+09   5.0476574609455856E+05   8.2262478011441528E-14   1.0753192895503513E-24   3.6829559300147203E+03
   1.1636770000000000E+09   5.0654146925992955E+05   8.1486478338112175E-14   1.0656864247619823E-24   3.6811904467125964E+03
   1.1656770000000000E+09   5.0831233491655852E+05   8.0720334524090407E-14   1.0561751192165908E-24   3.6794185327802434E+03
   1.1676770000000000E+09   5.1007834401998785E+05   7.9963893957227318E-14   1.0467833890829408E-24   3.6776405811488421E+03
   1.1696770000000000E+09   5.1183949722054770E+05   7.9217006978448729E-14   1.0375092912875356E-24   3.6758569822954018E+03
   1.1716770000000000E+09   5.1359579505811760E+05   7.8479526794771626E-14   1.0283509222915937E-24   3.6740681242195838E+03
   1.1736770000000000E+09   5.1534723817185470E+05   7.7751309393675653E-14   1.0193064168843847E-24   3.6722743924337592E+03
   1.1756770000000000E+09   5.1709382751982089E+05   7.7032213459241889E-14   1.0103739469982222E-24   3.6704761699669566E+03
   1.1776770000000000E+09   5.1883556460294244E+05   7.6322100290473805E-14   1.0015517205505602E-24   3.6686738373830453E+03
   1.1796770000000000E+09   5.2057245168719220E+05   7.5620833722255453E-14   9.9283798031929001E-25   3.6668677728131306E+03
   1.1816770000000000E+09   5.2230449201774906E+05   7.4928280049387549E-14   9.8423100285726898E-25   3.6650583520017867E+03
   1.1836770000000000E+09   5.2403169001895899E+05   7.4244307954115295E-14   9.7572909745186346E-25   3.6632459483663883E+03
   1.1856770000000000E+09   5.2575405147416471E+05   7.3568788437528890E-14   9.6733060513495552E-25   3.6614309330684760E+03
   1.1876770000000000E+09   5.2747158368011843E+05   7.2901594755136673E-14   9.5903389774790202E-25   3.6596136750956884E+03
   1.1896770000000000E+09   5.2918429557138961E+05   7.2242602356846584E-14   9.5083737706513577E-25   3.6577945413525913E+03
   1.1916770000000000E+09   5.3089219781128550E+05   7.1591688831467081E-14   9.4273947397850601E-25   3.6559738967584808E+03
   1.1936770000000000E+09   5.3259530284690775E+05   7.0948733855744216E-14   9.3473864774325604E-25   3.6541521043499997E+03
   1.1956770000000000E+09   5.3429362492709910E+05   7.0313619147865001E-14   9.2683338528535111E-25   3.6523295253864226E+03
   1.1976770000000000E+09   5.3598718008358125E+05   6.9686228425190223E-14   9.1902220056768397E-25   3.6505065194553063E+03
   1.1996770000000000E+09   5.3767598607647547E+05   6.9066447365964696E-14   9.1130363401239544E-25   3.6486834445763570E+03
   1.2016770000000000E+09   5.3936006230685220E+05   6.8454163574604771E-14   9.0367625197453857E-25   3.6468606573014408E+03
   1.2036770000000000E+09   5.4103942969993933E+05   6.7849266550108267E-14   8.9613864626151815E-25   3.6450385128087605E+03
   1.2056770000000000E+09   5.4271411056327797E+05   6.7251647657128345E-14   8.8868943369254614E-25   3.6432173649896449E+03
   1.2076770000000000E+09   5.4438412842510594E+05   6.6661200099160461E-14   8.8132725569107644E-25   3.6413975665264379E+03
   1.2096770000000000E+09   5.4604950785849895E+05   6.6077818893326709E-14   8.7405077790348426E-25   3.6395794689604991E+03
   1.2116770000000000E+09   5.4771027429708943E+05   6.5501400846245890E-14   8.6685868983723705E-25   3.6377634227494796E+03
   1.2136770000000000E+09   5.4936645384827559E+05   6.4931844530494409E-14   8.5974970451188430E-25   3.6359497773135158E+03
   1.2156770000000000E+09   5.5101807310969394E+05   6.4369050261200544E-14   8.5272255811662765E-25   3.6341388810701524E+03
   1.2176770000000000E+09   5.5266515899422753E+05   6.3812920072397476E-14   8.4577600966918612E-25   3.6323310814583506E+03
   1.2196770000000000E+09   5.5430773856832937E+05   6.3263357692812945E-14   8.3890884067135995E-25   3.6305267249519411E+03
   1.2216770000000000E+09   5.5594583890776697E+05   6.2720268520836905E-14   8.3211985475742429E-25   3.6287261570633823E+03
   1.2236770000000000E+09   5.5757948697367369E+05   6.2183559598552355E-14   8.2540787733338149E-25   3.6269297223387357E+03
   1.2256770000000000E+09   5.5920870951106737E+05   6.1653139584744601E-14   8.1877175520547252E-25   3.6251377643449891E+03
   1.2276770000000000E+09   5.6083353297064023E+05   6.1128918726938284E-14   8.1221035619812051E-25   3.6233506256509395E+03
   1.2296770000000000E+09   5.6245398345354875E+05   6.0610808832586278E-14   8.0572256876250348E-25   3.6215686478028606E+03
   1.2316770000000000E+09   5.6407008667794825E+05   6.0098723239593554E-14   7.9930730157776318E-25   3.6197921712961720E+03
   1.2336770000000000E+09   5.6568186796501256E+05   5.9592576786432796E-14   7.9296348314788727E-25   3.6180215355442378E+03
   1.2356770000000000E+09   5.6728935224165663E+05   5.9092285782113711E-14   7.8669006139742024E-25   3.6162570788453636E+03
   1.2376770000000000E+09   5.6889256405664724E+05   5.8597767976295382E-14   7.8048600326961499E-25   3.6144991383487468E+03
   1.2396770000000000E+09   5.7049152760676586E+05   5.8108942529794988E-14   7.7435029433018412E-25   3.6127480500201686E+03
   1.2416770000000000E+09   5.7208626676976436E+05   5.7625729985719095E-14   7.6828193837953753E-25   3.6110041486078903E+03
   1.2436770000000000E+09   5.7367680514111719E+05   5.7148052241398214E-14   7.6227995707582047E-25   3.6092677676091594E+03
   1.2456770000000000E+09   5.7526316607201612E+05   5.6675832521251352E-14   7.5634338957041883E-25   3.6075392392374488E+03
   1.2476770000000000E+09   5.7684537270650570E+05   5.6208995350656219E-14   7.5047129215691784E-25   3.6058188943905961E+03
   1.2496770000000000E+09   5.7842344801606098E+05   5.5747466530864979E-14   7.4466273793407173E-25   3.6041070626197879E+03
   1.2516770000000000E+09   5.7999741483035835E+05   5.5291173114960397E-14   7.3891681648274951E-25   3.6024040720993307E+03
   1.2536770000000000E+09   5.8156729586327495E+05   5.4840043384829133E-14   7.3323263355660392E-25   3.6007102495969839E+03
   1.2556770000000000E+09   5.8313311373351549E+05   5.4394006829100391E-14   7.2760931078580893E-25   3.5990259204447534E+03
   1.2576770000000000E+09   5.8469489097939769E+05   5.3952994121999015E-14   7.2204598539324605E-25   3.5973514085098909E+03
   1.2596770000000000E+09   5.8625265006767563E+05   5.3516937103031209E-14   7.1654180992209458E-25   3.5956870361658730E+03
   1.2616770000000000E+09   5.8780641339630552E+05   5.3085768757438079E-14   7.1109595197400638E-25   3.5940331242631310E+03
   1.2636770000000000E+09   5.8935620329134620E+05   5.2659423197323625E-14   7.0570759395665415E-25   3.5923899920993103E+03
   1.2656770000000000E+09   5.9090204199816205E+05   5.2237835643382413E-14   7.0037593283968198E-25   3.5907579573888506E+03
   1.2676770000000000E+09   5.9244395166714804E+05   5.1820942407152906E-14   6.9510017991809413E-25   3.5891373362316749E+03
   1.2696770000000000E+09   5.9398195433431561E+05   5.1408680873713122E-14   6.8987956058198049E-25   3.5875284430808151E+03
   1.2716770000000000E+09   5.9551607189705560E+05   5.1000989484743208E-14   6.8471331409158056E-25   3.5859315907087816E+03
   1.2736770000000000E+09   5.9704632608532626E+05   5.0597807721896110E-14   6.7960069335688479E-25   3.5843470901725991E+03
   1.2756770000000000E+09   5.9857273842876835E+05   5.0199076090387650E-14   6.7454096472060950E-25   3.5827752507772229E+03
   1.2776770000000000E+09   6.0009533022009558E+05   4.9804736102749776E-14   6.6953340774373905E-25   3.5812163800374292E+03
   1.2796770000000000E+09   6.0161412247544457E+05   4.9414730262651278E-14   6.6457731499237056E-25   3.5796707836378723E+03
   1.2816770000000000E+09   6.0312913589218981E+05   4.9029002048727304E-14   6.5967199182502737E-25   3.5781387653913566E+03
   1.2836770000000000E+09   6.0464039080499287E+05   4.8647495898334613E-14   6.5481675617930235E-25   3.5766206271952205E+03
   1.2856770000000000E+09   6.0614790714081458E+05   4.8270157191162248E-14   6.5001093835684562E-25   3.5751166689858233E+03
   1.2876770000000000E+09   6.0765170437354466E+05   4.7896932232646870E-14   6.4525388080598025E-25   3.5736271886910727E+03
   1.2896770000000000E+09   6.0915180147883657E+05   4.7527768237156186E-14   6.4054493790139679E-25   3.5721524821810817E+03
   1.2916770000000000E+09   6.1064821688962588E+05   4.7162613310918647E-14   6.3588347572059596E-25   3.5706928432169111E+03
   1.2936770000000000E+09   6.1214096845250740E+05   4.6801416434716510E-14   6.3126887181725921E-25   3.5692485633974643E+03
   1.2956770000000000E+09   6.1363007338491629E+05   4.6444127446379042E-14   6.2670051499198789E-25   3.5678199321046286E+03
   1.2976770000000000E+09   6.1511554823269788E+05   4.6090697023151859E-14   6.2217780506141708E-25   3.5664072364465860E+03
   1.2996770000000000E+09   6.1659740882741509E+05   4.5741076664040540E-14   6.1770015262697207E-25   3.5650107611994572E+03
   1.3016770000000000E+09   6.1807567024265230E+05   4.5395218672241279E-14   6.1326697884478939E-25   3.5636307887471398E+03
   1.3036770000000000E+09   6.1955034674905159E+05   4.5053076137743586E-14   6.0887771519791807E-25   3.5622675990194489E+03
   1.3056770000000000E+09   6.2102145176862471E+05   4.4714602920159568E-14   6.0453180327154474E-25   3.5609214694284219E+03
   1.3076770000000000E+09   6.2248899783095880E+05   4.4379753631708355E-14   6.0022869453025473E-25   3.5595926748028714E+03
   1.3096770000000000E+09   6.2395299653675919E+05   4.4048483620136502E-14   5.9596785009433975E-25   3.5582814873212387E+03
   1.3116770000000000E+09   6.2541345853809838E+05   4.3720748951137337E-14   5.9174874050916891E-25   3.5569881764430716E+03
   1.3136770000000000E+09   6.2687039354906243E+05   4.3396506389610280E-14   5.8757084549857027E-25   3.5557130088397262E+03
   1.3156770000000000E+09   6.2832381040444365E+05   4.3075713378895017E-14   5.8343365369028062E-25   3.5544562483254035E+03
   1.3176770000000000E+09   6.2977371718593629E+05   4.2758328017049692E-14   5.7933666230051819E-25   3.5532181557901977E+03
   1.3196770000000000E+09   6.3122012143314828E+05   4.2444309029389171E-14   5.7527937676660639E-25   3.5519989891374516E+03
   1.3216770000000000E+09   6.3266303044885048E+05   4.2133615736948031E-14   5.7126131032255527E-25   3.5507990032283651E+03
   1.3236770000000000E+09   6.3410245169265603E+05   4.1826208021375068E-14   5.6728198352392835E-25   3.5496184498369134E+03
   1.3256770000000000E+09   6.3553839323575061E+05   4.1522046287899079E-14   5.6334092374374964E-25   3.5484575776181291E+03
   1.3276770000000000E+09   6.3697086422443844E+05   4.1221091429270607E-14   5.5943766467863337E-25   3.5473166320917067E+03
   1.3296770000000000E+09   6.3839987527829350E+05   4.0923304794633766E-14   5.5557174591895401E-25   3.5461958556411560E+03
   1.3316770000000000E+09   6.3982543873828696E+05   4.0628648167670186E-14   5.5174271264265372E-25   3.5450954875263274E+03
   1.3336770000000000E+09   6.4124756868990697E+05   4.0337083757653445E-14   5.4795011548328956E-25   3.5440157639041722E+03
   1.3356770000000000E+09   6.4266628072106850E+05   4.0048574205053596E-14   5.4419351059619249E-25   3.5429569178502015E+03
   1.3376770000000000E+09   6.4408159143222927E+05   3.9763082600212178E-14   5.4047245990441444E-25   3.5419191793715318E+03
   1.3396770000000000E+09   6.4549351778417197E+05   3.9480572510077478E-14   5.3678653145786619E-25   3.5409027754031745E+03
   1.3416770000000000E+09   6.4690207642599766E+05   3.9201008005182369E-14   5.3313529980023003E-25   3.5399079297818630E+03
   1.3436770000000000E+09   6.4830728316789377E+05   3.8924353678173514E-14   5.2951834622529007E-25   3.5389348631967696E+03
   1.3456770000000000E+09   6.4970915273245063E+05   3.8650574647103089E-14   5.2593525882912925E-25   3.5379837931220422E+03
   1.3476770000000000E+09   6.5110769883520750E+05   3.8379636541234090E-14   5.2238563232556935E-25   3.5370549337410444E+03
   1.3496770000000000E+09   6.5250293453418138E+05   3.8111505472892037E-14   5.1886906767073266E-25   3.5361484958739779E+03
   1.3516770000000000E+09   6.5389487269167160E+05   3.7846148003754180E-14   5.1538517160927437E-25   3.5352646869186460E+03
   1.3536770000000000E+09   6.5528352635475632E+05   3.7583531115618361E-14   5.1193355627847355E-25   3.5344037108084513E+03
   1.3556770000000000E+09   6.5666890890733351E+05   3.7323622193073817E-14   5.0851383897201066E-25   3.5335657679845467E+03
   1.3576770000000000E+09   6.5805103396091308E+05   3.7066389019530259E-14   5.0512564208491043E-25   3.5327510553734519E+03
   1.3596770000000000E+09   6.5942991508022777E+05   3.6811799781546474E-14   5.0176859317244574E-25   3.5319597663601771E+03
   1.3616770000000000E+09   6.6080556551561819E+05   3.6559823072732860E-14   4.9844232500508612E-25   3.5311920907503873E+03
   1.3636770000000000E+09   6.6217799809426535E+05   3.6310427889713602E-14   4.9514647551681325E-25   3.5304482147223662E+03
   1.3656770000000000E+09   6.6354722531783476E+05   3.6063583618036792E-14   4.9188068761683523E-25   3.5297283207754053E+03
   1.3676770000000000E+09   6.6491325958888559E+05   3.5819260012244408E-14   4.8864460892073685E-25   3.5290325876833044E+03
   1.3696770000000000E+09   6.6627611342168984E+05   3.5577427177614691E-14   4.8543789150280191E-25   3.5283611904581521E+03
   1.3716770000000000E+09   6.6763579952486535E+05   3.5338055559460167E-14   4.8226019175009014E-25   3.5277143003230767E+03
   1.3736770000000000E+09   6.6899233074481692E+05   3.5101115940774688E-14   4.7911117033013943E-25   3.5270920846878125E+03
   1.3756770000000000E+09   6.7034571995236690E+05   3.4866579444289849E-14   4.7599049221950614E-25   3.5264947071208635E+03
   1.3776770000000000E+09   6.7169597997142805E+05   3.4634417533979625E-14   4.7289782672566952E-25   3.5259223273165653E+03
   1.3796770000000000E+09   6.7304312358478841E+05   3.4404602013887551E-14   4.6983284747278405E-25   3.5253751010602737E+03
   1.3816770000000000E+09   6.7438716356934258E+05   3.4177105025946578E-14   4.6679523237338035E-25   3.5248531801965460E+03
   1.3836770000000000E+09   6.7572811268239864E+05   3.3951899049822873E-14   4.6378466362727507E-25   3.5243567126013609E+03
   1.3856770000000000E+09   6.7706598354985996E+05   3.3728956906346998E-14   4.6080082776956902E-25   3.5238858421547297E+03
   1.3876770000000000E+09   6.7840078842043679E+05   3.3508251765015237E-14   4.5784341577538454E-25   3.5234407087058007E+03
   1.3896770000000000E+09   6.7973253860767733E+05   3.3289757161122173E-14   4.5491212329879708E-25   3.5230214480190152E+03
   1.3916770000000000E+09   6.8106124293788953E+05   3.3073447046804634E-14   4.5200665138092129E-25   3.5226281916766566E+03
   1.3936770000000000E+09   6.8238690323268785E+05   3.2859295947491612E-14   4.4912670861265112E-25   3.5222610668730676E+03
   1.3956770000000000E+09   6.8370950177182257E+05   3.2647279407199267E-14   4.4627201727964788E-25   3.5219201959441457E+03
   1.3976770000000000E+09   6.8502896870142524E+05   3.2437375160295366E-14   4.4344232951492646E-25   3.5216056952982785E+03
   1.3996770000000000E+09   6.8634510301942891E+05   3.2229565993940521E-14   4.4063746672140203E-25   3.5213176731221574E+03
   1.4016770000000000E+09   6.8765739551720745E+05   3.2023846204406451E-14   4.3785740841779991E-25   3.5210562248294850E+03
   1.4036770000000000E+09   6.8896466760519147E+05   3.1820234856351811E-14   4.3510247457460351E-25   3.5208214247820410E+03
   1.4056770000000000E+09   6.9026441612564039E+05   3.1618800014511125E-14   4.3237365869323268E-25   3.5206133123878139E+03
   1.4076770000000000E+09   6.9155179617249942E+05   3.1419696665753662E-14   4.2967314914114160E-25   3.5204318697284270E+03
   1.4096770000000000E+09   6.9281836630089802E+05   3.1223213835597204E-14   4.2700497801436103E-25   3.5202769841644081E+03
   1.4116770000000000E+09   6.9405107814423158E+05   3.1029812291784828E-14   4.2437554493205685E-25   3.5201483792508770E+03
   1.4136770000000000E+09   6.9523219617600099E+05   3.0840124314061083E-14   4.2179362900954666E-25   3.5200454839508729E+03
   1.4156770000000000E+09   6.9633998675027885E+05   3.0654915493433878E-14   4.1926988962637681E-25   3.5199672271042655E+03
   1.4176770000000000E+09   6.9734735172577552E+05   3.0475110706385027E-14   4.1681723992348057E-25   3.5199118652343773E+03
   1.4196770000000000E+09   6.9821349104728259E+05   3.0302086867014337E-14   4.1445482689971744E-25   3.5198771635170579E+03
   1.4216770000000000E+09   6.9887108423276455E+05   3.0138199237181666E-14   4.1221514647051012E-25   3.5198610933015402E+03
   1.4236770000000000E+09   6.9923541734562907E+05   2.9986599373021342E-14   4.1014155461028630E-25   3.5198618235353870E+03
   1.4256770000000000E+09   6.9927396188877604E+05   2.9848751829196478E-14   4.0825468647305900E-25   3.5198744033670364E+03
   1.4276770000000000E+09   6.9910257867568941E+05   2.9720556792190119E-14   4.0649989306745017E-25   3.5198866361700088E+03
   1.4296770000000000E+09   6.9895347076648788E+05   2.9593024455862101E-14   4.0475567052967320E-25   3.5198858706948477E+03
   1.4316770000000000E+09   6.9895483365454583E+05   2.9460817973686130E-14   4.0294828086845508E-25   3.5198784330238800E+03
   1.4336770000000000E+09   6.9907973094532825E+05   2.9324614024603193E-14   4.0108775918693455E-25   3.5198573857529254E+03
   1.4356770000000000E+09   6.9882101509995677E+05   2.9206219820194342E-14   3.9946428589044632E-25   3.5198938223898517E+03
   6.5767700000000000E+08  -1.4501021814449641E+03   2.8122112941343926E-08   1.0100635221634711E-22   1.8368965974446917E+03
   6.5967700000000000E+08  -1.3831988731249135E+03   4.7189051915779908E-08   1.4027766356667465E-22   2.2194388945663827E+03
   6.6167700000000000E+08  -1.2724977642382921E+03   5.9421563295670155E-08   1.5773675236683407E-22   2.4854989626671922E+03
   6.6367700000000000E+08  -1.0946248422974897E+03   6.5603603994137635E-08   1.6067844972160793E-22   2.6939206945178330E+03
   6.6567700000000000E+08  -7.9767111853377082E+02   6.6660400388757985E-08   1.5339765074412754E-22   2.8673004439504825E+03
   6.6767700000000000E+08  -4.1609314577155294E+02   6.4478743510530394E-08   1.4103273649017673E-22   3.0166598247233596E+03
   6.6967700000000000E+08   2.8620013379240969E+01   6.0622085308773131E-08   1.2705523740939643E-22   3.1482606456717422E+03
   6.7167700000000000E+08   5.1371331099276847E+02   5.6138236884447159E-08   1.1341429608809725E-22   3.2660569261192491E+03
   6.7367700000000000E+08   1.0189794245340114E+03   5.1626701051494505E-08   1.0100037815971675E-22   3.3727420011592940E+03
   6.7567700000000000E+08   1.5216468240235706E+03   4.7388652146127738E-08   9.0103790554757332E-23   3.4702541205411471E+03
   6.7767700000000000E+08   1.9924209876414748E+03   4.3552336956763293E-08   8.0720527911534061E-23   3.5600450915957031E+03
   6.7967700000000000E+08   2.3990521670247804E+03   4.0151018601486870E-08   7.2716923960115617E-23   3.6432355432981144E+03
   6.8167700000000000E+08   2.7205182639775467E+03   3.7165287379521845E-08   6.5907693354580337E-23   3.7207113915186337E+03
   6.8367700000000000E+08   2.9552391437444385E+03   3.4541853330294597E-08   6.0084826485174704E-23   3.7931873063737667E+03
   6.8567700000000000E+08   3.1054362235835279E+03   3.2207041827090935E-08   5.5035884402219624E-23   3.8612494601094104E+03
   6.8767700000000000E+08   3.1433197495696240E+03   3.0080578272862996E-08   5.0562325134973477E-23   3.9253847535186987E+03
   6.8967700000000000E+08   3.0027095784511066E+03   2.8102707805744445E-08   4.6519392516943914E-23   3.9860010346509002E+03
   6.9167700000000000E+08   2.6387573017231807E+03   2.6252970283058963E-08   4.2840028065091103E-23   4.0434435125656046E+03
   6.9367700000000000E+08   2.0990426429085537E+03   2.4545259581014424E-08   3.9519850654257122E-23   4.0980094889336633E+03
   6.9567700000000000E+08   1.5350585993055277E+03   2.3004388496975892E-08   3.6574943270326103E-23   4.1499602632000724E+03
   6.9767700000000000E+08   1.1483715055073671E+03   2.1645892559389875E-08   3.4008439822228901E-23   4.1995288046383603E+03
   6.9967700000000000E+08   1.1208710794627925E+03   2.0469312462648257E-08   3.1800546426465900E-23   4.2469236371639563E+03
   7.0167700000000000E+08   1.5681127582900835E+03   1.9460733172382625E-08   2.9913389419712202E-23   4.2923306424031398E+03
   7.0367700000000000E+08   2.5246815563965229E+03   1.8598186705165131E-08   2.8299826853793314E-23   4.3359142971686852E+03
   7.0567700000000000E+08   3.9539677914194599E+03   1.7856611431614745E-08   2.6911029320102459E-23   4.3778191201938462E+03
   7.0767700000000000E+08   5.7702792177825459E+03   1.7211385179338304E-08   2.5701517497997248E-23   4.4181715137535211E+03
   7.0967700000000000E+08   7.8629223861012806E+03   1.6640409712894944E-08   2.4631830154297729E-23   4.4570818875277819E+03
   7.1167700000000000E+08   1.0116136271437705E+04   1.6125067342135079E-08   2.3669456613942669E-23   4.4946468659253542E+03
   7.1367700000000000E+08   1.2422966760609210E+04   1.5650424484317386E-08   2.2788683387007101E-23   4.5309514066695501E+03
   7.1567700000000000E+08   1.4690693764897076E+04   1.5204853648254533E-08   2.1969657818860858E-23   4.5660706967989845E+03
   7.1767700000000000E+08   1.6845757795701807E+04   1.4779949922531008E-08   2.1197952602233273E-23   4.6000717918200753E+03
   7.1967700000000000E+08   1.8837522568561348E+04   1.4369954267475299E-08   2.0463485962103616E-23   4.6330150354536163E+03
   7.2167700000000000E+08   2.0635540851208156E+04   1.3971217766705866E-08   1.9759564830220220E-23   4.6649552412992871E+03
   7.2367700000000000E+08   2.2226639307412028E+04   1.3581720407707168E-08   1.9082063437602294E-23   4.6959426309714027E+03
   7.2567700000000000E+08   2.3611776657298818E+04   1.3200627287991290E-08   1.8428699139595415E-23   4.7260235726681913E+03
   7.2767700000000000E+08   2.4802636187340875E+04   1.2827898977941760E-08   1.7798419823930493E-23   4.7552411541090523E+03
   7.2967700000000000E+08   2.5818223120228991E+04   1.2463963821976697E-08   1.7190905119170481E-23   4.7836356195025364E+03
   7.3167700000000000E+08   2.6681711970089509E+04   1.2109458077705368E-08   1.6606181983057348E-23   4.8112446984602084E+03
   7.3367700000000000E+08   2.7417750394138864E+04   1.1765035930850356E-08   1.6044350857036709E-23   4.8381038525829508E+03
   7.3567700000000000E+08   2.8050362092197451E+04   1.1431246190892285E-08   1.5505412408151692E-23   4.8642464625210214E+03
   7.3767700000000000E+08   2.8601503796348832E+04   1.1108466655824419E-08   1.4989178080953920E-23   4.8897039746644987E+03
   7.3967700000000000E+08   2.9090242109942490E+04   1.0796883649347403E-08   1.4495244177189452E-23   4.9145060223800674E+03
   7.4167700000000000E+08   2.9532449970937058E+04   1.0496502473383636E-08   1.4023007982599461E-23   4.9386805324804618E+03
   7.4367700000000000E+08   2.9940884104381115E+04   1.0207175633498702E-08   1.3571706997001667E-23   4.9622538237702875E+03
   7.4567700000000000E+08   3.0325501350390685E+04   9.9286382373713993E-09   1.3140466526233008E-23   4.9852507014241046E+03
   7.4767700000000000E+08   3.0693891160840820E+04   9.6605432358903043E-09   1.2728345795872835E-23   5.0076945487589483E+03
   7.4967700000000000E+08   3.1051733318661463E+04   9.4024922650248368E-09   1.2334377158010982E-23   5.0296074166095668E+03
   7.5167700000000000E+08   3.1403223266555036E+04   9.1540602875267184E-09   1.1957596323886568E-23   5.0510101098345094E+03
   7.5367700000000000E+08   3.1751435685511096E+04   8.9148138694780687E-09   1.1597063728097697E-23   5.0719222702664283E+03
   7.5567700000000000E+08   3.2098617300584378E+04   8.6843238375211103E-09   1.1251878280480163E-23   5.0923624554783410E+03
   7.5767700000000000E+08   3.2446412378665984E+04   8.4621734334930019E-09   1.0921185177379934E-23   5.1123482129222466E+03
   7.5967700000000000E+08   3.2796030595851167E+04   8.2479631139508678E-09   1.0604179413757689E-23   5.1318961492111539E+03
   7.6167700000000000E+08   3.3148368895699641E+04   8.0413129964016001E-09   1.0300106388575173E-23   5.1510219945081908E+03
   7.6367700000000000E+08   3.3504098424587777E+04   7.8418637440779679E-09   1.0008260678605606E-23   5.1697406621347855E+03
   7.6567700000000000E+08   3.3863725936507239E+04   7.6492764719718667E-09   9.7279837541340185E-24   5.1880663036116484E+03
   7.6767700000000000E+08   3.4227637043861119E+04   7.4632320791839651E-09   9.4586611608484647E-24   5.2060123594067036E+03
   7.6967700000000000E+08   3.4596126805295389E+04   7.2834302755837985E-09   9.1997195040715626E-24   5.2235916056934475E+03
   7.7167700000000000E+08   3.4969421578794820E+04   7.1095884720092975E-09   8.9506234385015402E-24   5.2408161974303903E+03
   7.7367700000000000E+08   3.5347694868100058E+04   6.9414406357902627E-09   8.7108727776042873E-24   5.2576977080649976E+03
   7.7567700000000000E+08   3.5731079017200369E+04   6.7787361693809039E-09   8.4799997800279461E-24   5.2742471661501640E+03
   7.7767700000000000E+08   3.6119673997370657E+04   6.6212388423561532E-09   8.2575666359160462E-24   5.2904750891412550E+03
   7.7967700000000000E+08   3.6513554117785076E+04   6.4687257905008367E-09   8.0431631561361063E-24   5.3063915146203371E+03
   7.8167700000000000E+08   3.6912773217172944E+04   6.3209865862398007E-09   7.8364046567816051E-24   5.3220060291727004E+03
   7.8367700000000000E+08   3.7317368715918208E+04   6.1778223795169480E-09   7.6369300261908397E-24   5.3373277951201835E+03
   7.8567700000000000E+08   3.7727364793152017E+04   6.0390451056622496E-09   7.4443999598003934E-24   5.3523655752966770E+03
   7.8767700000000000E+08   3.8142774879267068E+04   5.9044767556816258E-09   7.2584953479621346E-24   5.3671277560335948E+03
   7.8967700000000000E+08   3.8563603605884986E+04   5.7739487040950812E-09   7.0789158025383871E-24   5.3816223685071182E+03
   7.9167700000000000E+08   3.8989848322917074E+04   5.6473010895421053E-09   6.9053783091572838E-24   5.3958571085846897E+03
   7.9367700000000000E+08   3.9421500269797041E+04   5.5243822436527204E-09   6.7376159931952859E-24   5.4098393552951566E+03
   7.9567700000000000E+08   3.9858545471485944E+04   5.4050481640294670E-09   6.5753769887194946E-24   5.4235761880353957E+03
   7.9767700000000000E+08   4.0300965417153464E+04   5.2891620275435235E-09   6.4184234007107064E-24   5.4370744026157854E+03
   7.9967700000000000E+08   4.0748737569229248E+04   5.1765937404874397E-09   6.2665303518737426E-24   5.4503405262373408E+03
   8.0167700000000000E+08   4.1201835741994677E+04   5.0672195224415147E-09   6.1194851062266177E-24   5.4633808314850885E+03
   8.0367700000000000E+08   4.1660230381663278E+04   4.9609215209956666E-09   5.9770862624484172E-24   5.4762013494144521E+03
   8.0567700000000000E+08   4.2123888773717234E+04   4.8575874547272689E-09   5.8391430106687907E-24   5.4888078818006297E+03
   8.0767700000000000E+08   4.2592775198004107E+04   4.7571102820705711E-09   5.7054744470100491E-24   5.5012060126147899E+03
   8.0967700000000000E+08   4.3066851047671742E+04   4.6593878939273868E-09   5.5759089407551521E-24   5.5134011187852921E+03
   8.1167700000000000E+08   4.3546074924367545E+04   4.5643228280645680E-09   5.4502835495194232E-24   5.5253983802971015E+03
   8.1367700000000000E+08   4.4030402719191450E+04   4.4718220035237222E-09   5.3284434782581430E-24   5.5372027896780164E+03
   8.1567700000000000E+08   4.4519787686606142E+04   4.3817964734329303E-09   5.2102415783503769E-24   5.5488191609162404E+03
   8.1767700000000000E+08   4.5014180516792512E+04   4.2941611947617476E-09   5.0955378833680980E-24   5.5602521378500378E+03
   8.1967700000000000E+08   4.5513529410723255E+04   4.2088348136976851E-09   4.9841991784699064E-24   5.5715062020668820E+03
   8.2167700000000000E+08   4.6017780161393704E+04   4.1257394654474496E-09   4.8760986006558793E-24   5.5825856803464230E+03
   8.2367700000000000E+08   4.6526876244115840E+04   4.0448005873777352E-09   4.7711152673849493E-24   5.5934947516788106E+03
   8.2567700000000000E+08   4.7040758918427520E+04   3.9659467445097592E-09   4.6691339312920853E-24   5.6042374538874237E+03
   8.2767700000000000E+08   4.7559367343901606E+04   3.8891094664684615E-09   4.5700446589508214E-24   5.6148176898826632E+03
   8.2967700000000000E+08   4.8082638711857515E+04   3.8142230950621869E-09   4.4737425318095941E-24   5.6252392335714994E+03
   8.3167700000000000E+08   4.8610508394611163E+04   3.7412246417325050E-09   4.3801273675905703E-24   5.6355057354454621E+03
   8.3367700000000000E+08   4.9142910113386315E+04   3.6700536541669783E-09   4.2891034605784844E-24   5.6456207278680331E+03
   8.3567700000000000E+08   4.9679776125320932E+04   3.6006520914123033E-09   4.2005793393481905E-24   5.6555876300808695E+03
   8.3767700000000000E+08   5.0221037429135897E+04   3.5329642068623717E-09   4.1144675405854217E-24   5.6654097529467490E+03
   8.3967700000000000E+08   5.0766623988027677E+04   3.4669364385274401E-09   4.0306843977484502E-24   5.6750903034458333E+03
   8.4167700000000000E+08   5.1316464967237000E+04   3.4025173060185801E-09   3.9491498434021086E-24   5.6846323889406358E+03
   8.4367700000000000E+08   5.1870488982616684E+04   3.3396573137084110E-09   3.8697872241332228E-24   5.6940390212239408E+03
   8.4567700000000000E+08   5.2428624355477026E+04   3.2783088595553672E-09   3.7925231270290225E-24   5.7033131203628618E+03
   8.4767700000000000E+08   5.2990799368086242E+04   3.2184261491076363E-09   3.7172872167719623E-24   5.7124575183513380E+03
   8.4967700000000000E+08   5.3556942513567628E+04   3.1599651142334977E-09   3.6440120824743417E-24   5.7214749625824070E+03
   8.5167700000000000E+08   5.4126982733604629E+04   3.1028833361596547E-09   3.5726330934479155E-24   5.7303681191509468E+03
   8.5367700000000000E+08   5.4700849637415551E+04   3.0471399724366085E-09   3.5030882631753015E-24   5.7391395759966163E+03
   8.5567700000000000E+08   5.5278473695889195E+04   2.9926956874908662E-09   3.4353181208225463E-24   5.7477918458962749E+03
   8.5767700000000000E+08   5.5859786405576539E+04   2.9395125864663573E-09   3.3692655897042876E-24   5.7563273693143692E+03
   8.5967700000000000E+08   5.6444720418374825E+04   2.8875541521007283E-09   3.3048758721833262E-24   5.7647485171193184E+03
   8.6167700000000000E+08   5.7033209634135055E+04   2.8367851844244614E-09   3.2420963405535108E-24   5.7730575931733119E+03
   8.6367700000000000E+08   5.7625189254986792E+04   2.7871717431112698E-09   3.1808764335177221E-24   5.7812568368025868E+03
   8.6567700000000000E+08   5.8220595801813513E+04   2.7386810923440987E-09   3.1211675579287695E-24   5.7893484251545578E+03
   8.6767700000000000E+08   5.8819367094891437E+04   2.6912816480928234E-09   3.0629229955103743E-24   5.7973344754481022E+03
   8.6967700000000000E+08   5.9421442202153936E+04   2.6449429277250186E-09   3.0060978143163681E-24   5.8052170471226127E+03
   8.7167700000000000E+08   6.0026761359754601E+04   2.5996355018902547E-09   2.9506487847186061E-24   5.8129981438913273E+03
   8.7367700000000000E+08   6.0635265870516618E+04   2.5553309486309904E-09   2.8965342997383522E-24   5.8206797157038873E+03
   8.7567700000000000E+08   6.1246897986434989E+04   2.5120018096795229E-09   2.8437142995519826E-24   5.8282636606230080E+03
   8.7767700000000000E+08   6.1861600781613583E+04   2.4696215489014438E-09   2.7921502000113124E-24   5.8357518266196957E+03
   8.7967700000000000E+08   6.2479318021906940E+04   2.4281645128423494E-09   2.7418048250222684E-24   5.8431460132912798E+03
   8.8167700000000000E+08   6.3099994037109129E+04   2.3876058933275303E-09   2.6926423426249330E-24   5.8504479735061786E+03
   8.8367700000000000E+08   6.3723573600881151E+04   2.3479216920548434E-09   2.6446282046138905E-24   5.8576594149792290E+03
   8.8567700000000000E+08   6.4350001822803439E+04   2.3090886871103062E-09   2.5977290895322228E-24   5.8647820017810891E+03
   8.8767700000000000E+08   6.4979224056191473E+04   2.2710844013238068E-09   2.5519128488648712E-24   5.8718173557850114E+03
   8.8967700000000000E+08   6.5611185824897417E+04   2.2338870723687735E-09   2.5071484562475636E-24   5.8787670580541699E+03
   8.9167700000000000E+08   6.6245832772985726E+04   2.1974756244899381E-09   2.4634059594908206E-24   5.8856326501724843E+03
   8.9367700000000000E+08   6.6883110644386237E+04   2.1618296417087060E-09   2.4206564351849807E-24   5.8924156355217210E+03
   8.9567700000000000E+08   6.7522965308539991E+04   2.1269293422852425E-09   2.3788719455783629E-24   5.8991174805075516E+03
   8.9767700000000000E+08   6.8165342868500869E+04   2.0927555540724529E-09   2.3380254972649979E-24   5.9057396157370604E+03
   8.9967700000000000E+08   6.8810189929205924E+04   2.0592896901213134E-09   2.2980910009164054E-24   5.9122834371501995E+03
   9.0167700000000000E+08   6.9457454176202824E+04   2.0265137234299171E-09   2.2590432307793422E-24   5.9187503071076062E+03
   9.0367700000000000E+08   7.0107085520082415E+04   1.9944101590827711E-09   2.2208577819552568E-24   5.9251415554374289E+03
   9.0567700000000000E+08   7.0759038163199919E+04   1.9629620014700937E-09   2.1835110228799484E-24   5.9314584804438018E+03
   9.0767700000000000E+08   7.1413273921229658E+04   1.9321527146325924E-09   2.1469800408504455E-24   5.9377023498801254E+03
   9.0967700000000000E+08   7.2069766727879483E+04   1.9019661766775304E-09   2.1112425817044814E-24   5.9438744018899488E+03
   9.1167700000000000E+08   7.2728507117703368E+04   1.8723866367547888E-09   2.0762769931380081E-24   5.9499758459175837E+03
   9.1367700000000000E+08   7.3389503463266316E+04   1.8433986958956763E-09   2.0420621952711355E-24   5.9560078635879172E+03
   9.1567700000000000E+08   7.4052774533041025E+04   1.8149873461342923E-09   2.0085777163464519E-24   5.9619716095506055E+03
   9.1767700000000000E+08   7.4718327834312571E+04   1.7871381008920420E-09   1.9758038294056821E-24   5.9678682122781402E+03
   9.1967700000000000E+08   7.5386123787539036E+04   1.7598372115491645E-09   1.9437217832840344E-24   5.9736987748054071E+03
   9.2167700000000000E+08   7.6056038815739274E+04   1.7330718821959166E-09   1.9123140297696482E-24   5.9794643754048448E+03
   9.2367700000000000E+08   7.6727854681883895E+04   1.7068303061911498E-09   1.8815642525246973E-24   5.9851660682110023E+03
   9.2567700000000000E+08   7.7401300577142552E+04   1.6811013641181160E-09   1.8514570232450975E-24   5.9908048838341310E+03
   9.2767700000000000E+08   7.8076142049494447E+04   1.6558740262945236E-09   1.8219771364096224E-24   5.9963818300122903E+03
   9.2967700000000000E+08   7.8752260436025070E+04   1.6311368177763699E-09   1.7931090187046948E-24   6.0018978923228842E+03
   9.3167700000000000E+08   7.9429656205980558E+04   1.6068778180924056E-09   1.7648367295873506E-24   6.0073540349186751E+03
   9.3367700000000000E+08   8.0108367206798823E+04   1.5830851587507564E-09   1.7371445063886151E-24   6.0127512012109755E+03
   9.3567700000000000E+08   8.0788381787183142E+04   1.5597474326498822E-09   1.7100172072767620E-24   6.0180903144453359E+03
   9.3767700000000000E+08   8.1469657642659673E+04   1.5368538486459818E-09   1.6834404714581384E-24   6.0233722782171862E+03
   9.3967700000000000E+08   8.2152220809337450E+04   1.5143943597202169E-09   1.6574008534235677E-24   6.0285979770310287E+03
   9.4167700000000000E+08   8.2836159063110201E+04   1.4923593062792887E-09   1.6318854329289335E-24   6.0337682768862906E+03
   9.4367700000000000E+08   8.3521440663796398E+04   1.4707380783616887E-09   1.6068803543636508E-24   6.0388840257424954E+03
   9.4567700000000000E+08   8.4207756680487379E+04   1.4495180572199310E-09   1.5823696672858111E-24   6.0439460538101521E+03
   9.4767700000000000E+08   8.4894607435121638E+04   1.4286857187407601E-09   1.5583365219706715E-24   6.0489551738213095E+03
   9.4967700000000000E+08   8.5581593412152259E+04   1.4082293948787422E-09   1.5347661724194630E-24   6.0539121815060371E+03
   9.5167700000000000E+08   8.6268668710559868E+04   1.3881410754297804E-09   1.5116479345487060E-24   6.0588178563876954E+03
   9.5367700000000000E+08   8.6956688493636466E+04   1.3684163133273446E-09   1.4889750911144329E-24   6.0636729626842698E+03
   9.5567700000000000E+08   8.7645888489613513E+04   1.3490558558278826E-09   1.4667464326814612E-24   6.0684782497915703E+03
   9.5767700000000000E+08   8.8337337065285086E+04   1.3300605060561425E-09   1.4449613784361648E-24   6.0732344524363589E+03
   9.5967700000000000E+08   8.9030526524657849E+04   1.3114143255054444E-09   1.4236008222513602E-24   6.0779422906985492E+03
   9.6167700000000000E+08   8.9725066007086280E+04   1.2931068804504268E-09   1.4026517688834906E-24   6.0826024701588931E+03
   9.6367700000000000E+08   9.0420796235138885E+04   1.2751294815985971E-09   1.3821031944205739E-24   6.0872156823482446E+03
   9.6567700000000000E+08   9.1117628613220542E+04   1.2574743422995194E-09   1.3619451246600853E-24   6.0917826051755274E+03
   9.6767700000000000E+08   9.1815501256872245E+04   1.2401341348220512E-09   1.3421681443475087E-24   6.0963039033085479E+03
   9.6967700000000000E+08   9.2514366010194615E+04   1.2231018389280591E-09   1.3227632281652042E-24   6.1007802285248135E+03
   9.7167700000000000E+08   9.3214183616984956E+04   1.2063706839875474E-09   1.3037216749132912E-24   6.1052122200422491E+03
   9.7367700000000000E+08   9.3914920865468215E+04   1.1899341171688685E-09   1.2850350705695304E-24   6.1096005048351562E+03
   9.7567700000000000E+08   9.4616548645411298E+04   1.1737857805208328E-09   1.2666952612441109E-24   6.1139456979379838E+03
   9.7767700000000000E+08   9.5319040522215029E+04   1.1579194944200235E-09   1.2486943331886842E-24   6.1182484027385053E+03
   9.7967700000000000E+08   9.6022371762197348E+04   1.1423292455504506E-09   1.2310245978381265E-24   6.1225092112613465E+03
   9.8167700000000000E+08   9.6726518877017181E+04   1.1270091770908187E-09   1.2136785793567946E-24   6.1267287044424429E+03
   9.8367700000000000E+08   9.7431459499786855E+04   1.1119535805144847E-09   1.1966490040341676E-24   6.1309074523951531E+03
   9.8567700000000000E+08   9.8137172322569662E+04   1.0971568893371839E-09   1.1799287918735547E-24   6.1350460146684018E+03
   9.8767700000000000E+08   9.8843637008209509E+04   1.0826136743770174E-09   1.1635110498898093E-24   6.1391449404973409E+03
   9.8967700000000000E+08   9.9550834049093304E+04   1.0683186397116447E-09   1.1473890662302670E-24   6.1432047690465197E+03
   9.9167700000000000E+08   1.0025874454678150E+05   1.0542666189790953E-09   1.1315563047299238E-24   6.1472260296460281E+03
   9.9367700000000000E+08   1.0096735008952428E+05   1.0404525721789148E-09   1.1160064000577184E-24   6.1512092420206673E+03
   9.9567700000000000E+08   1.0167663312651360E+05   1.0268715839445266E-09   1.1007331544848294E-24   6.1551549165126326E+03
   9.9767700000000000E+08   1.0238657817128468E+05   1.0135188651334383E-09   1.0857305382471883E-24   6.1590635542983300E+03
   9.9967700000000000E+08   1.0309717375555068E+05   1.0003897590643451E-09   1.0709926949223698E-24   6.1629356475999175E+03
   1.0016770000000000E+09   1.0380841437058314E+05   9.8747975052021731E-10   1.0565139498079846E-24   6.1667716798918882E+03
   1.0036770000000000E+09   1.0452030143472762E+05   9.7478447254991935E-10   1.0422888159887918E-24   6.1705721261024719E+03
   1.0056770000000000E+09   1.0523284207763968E+05   9.6229970040554885E-10   1.0283119867186726E-24   6.1743374528090444E+03
   1.0076770000000000E+09   1.0594604524233533E+05   9.5002133005094101E-10   1.0145783114020646E-24   6.1780681184260975E+03
   1.0096770000000000E+09   1.0665991575646661E+05   9.3794534052930499E-10   1.0010827544441888E-24   6.1817645733853142E+03
   1.0116770000000000E+09   1.0737444820464047E+05   9.2606774962021863E-10   9.8782034703765768E-25   6.1854272603076724E+03
   1.0136770000000000E+09   1.0808962290203385E+05   9.1438458093359826E-10   9.7478615126757149E-25   6.1890566141685213E+03
   1.0156770000000000E+09   1.0880539939278191E+05   9.0289185365326803E-10   9.6197524821856363E-25   6.1926530624569568E+03
   1.0176770000000000E+09   1.0952172528025410E+05   8.9158558282504087E-10   9.4938273821106699E-25   6.1962170253327404E+03
   1.0196770000000000E+09   1.1023853734273653E+05   8.8046179334981491E-10   9.3700375411399684E-25   6.1997489157817863E+03
   1.0216770000000000E+09   1.1095577052866746E+05   8.6951659316953083E-10   9.2483353898736879E-25   6.2032491397713384E+03
   1.0236770000000000E+09   1.1167336705329311E+05   8.5874621255472130E-10   9.1286748700445836E-25   6.2067180964052832E+03
   1.0256770000000000E+09   1.1239128280979075E+05   8.4814703728241603E-10   9.0110117791042364E-25   6.2101561780784687E+03
   1.0276770000000000E+09   1.1310949066874590E+05   8.3771562367737773E-10   8.8953039217140956E-25   6.2135637706283669E+03
   1.0296770000000000E+09   1.1382798043510929E+05   8.2744869479293989E-10   8.7815110608078441E-25   6.2169412534825542E+03
   1.0316770000000000E+09   1.1454675612826103E+05   8.1734312206091164E-10   8.6695947145963806E-25   6.2202889998008841E+03
   1.0336770000000000E+09   1.1526583172284444E+05   8.0739589913985796E-10   8.5595178712829025E-25   6.2236073766116542E+03
   1.0356770000000000E+09   1.1598522652868473E+05   7.9760411463415140E-10   8.4512446924905354E-25   6.2268967449419833E+03
   1.0376770000000000E+09   1.1670496111746994E+05   7.8796492863950169E-10   8.3447402580204622E-25   6.2301574599427586E+03
   1.0396770000000000E+09   1.1742505430688686E+05   7.7847555569176539E-10   8.2399703791925886E-25   6.2333898710089816E+03
   1.0416770000000000E+09   1.1814552133912369E+05   7.6913325452152703E-10   8.1369014848920382E-25   6.2365943218961411E+03
   1.0436770000000000E+09   1.1886637311949964E+05   7.5993532355579261E-10   8.0355005689389790E-25   6.2397711508333414E+03
   1.0456770000000000E+09   1.1958761623849849E+05   7.5087910045103648E-10   7.9357351804575191E-25   6.2429206906337067E+03
   1.0476770000000000E+09   1.2030925347333166E+05   7.4196196390635955E-10   7.8375734385854514E-25   6.2460432688022920E+03
   1.0496770000000000E+09   1.2103128451108410E+05   7.3318133633760792E-10   7.7409840564289263E-25   6.2491392076417642E+03
   1.0516770000000000E+09   1.2175370670944505E+05   7.2453468646713930E-10   7.6459363642216090E-25   6.2522088243557801E+03
   1.0536770000000000E+09   1.2247651578545335E+05   7.1601953132942953E-10   7.5524003263891600E-25   6.2552524311503639E+03
   1.0556770000000000E+09   1.2319970638332517E+05   7.0763343752240070E-10   7.4603465507241508E-25   6.2582703353329161E+03
   1.0576770000000000E+09   1.2392327251239616E+05   6.9937402173802140E-10   7.3697462900365167E-25   6.2612628394092135E+03
   1.0596770000000000E+09   1.2464720786779663E+05   6.9123895070404522E-10   7.2805714376853056E-25   6.2642302411780802E+03
   1.0616770000000000E+09   1.2537150605564857E+05   6.8322594069293068E-10   7.1927945186500564E-25   6.2671728338239682E+03
   1.0636770000000000E+09   1.2609616074554487E+05   6.7533275673919992E-10   7.1063886776405970E-25   6.2700909060073964E+03
   1.0656770000000000E+09   1.2682116577008201E+05   6.6755721167684037E-10   7.0213276654272789E-25   6.2729847419532325E+03
   1.0676770000000000E+09   1.2754651518729389E+05   6.5989716507690945E-10   6.9375858242385689E-25   6.2758546215369352E+03
   1.0696770000000000E+09   1.2827220331793407E+05   6.5235052214014358E-10   6.8551380728031182E-25   6.2787008203687401E+03
   1.0716770000000000E+09   1.2899822476643680E+05   6.4491523258088688E-10   6.7739598914166894E-25   6.2815236098759278E+03
   1.0736770000000000E+09   1.2972457443199218E+05   6.3758928952568989E-10   6.6940273072767666E-25   6.2843232573830783E+03
   1.0756770000000000E+09   1.3045124751419737E+05   6.3037072844102460E-10   6.6153168802329884E-25   6.2871000261905747E+03
   1.0776770000000000E+09   1.3117823951614182E+05   6.2325762609759644E-10   6.5378056890283596E-25   6.2898541756511077E+03
   1.0796770000000000E+09   1.3190554624639914E+05   6.1624809957354800E-10   6.4614713180510121E-25   6.2925859612445383E+03
   1.0816770000000000E+09   1.3263316382034516E+05   6.0934030529497033E-10   6.3862918445759894E-25   6.2952956346510819E+03
   1.0836770000000000E+09   1.3336108866053703E+05   6.0253243810995413E-10   6.3122458264538706E-25   6.2979834438226098E+03
   1.0856770000000000E+09   1.3408931749559924E+05   5.9582273039197885E-10   6.2393122901980335E-25   6.3006496330525079E+03
   1.0876770000000000E+09   1.3481784735709918E+05   5.8920945116909521E-10   6.1674707194300841E-25   6.3032944430438338E+03
   1.0896770000000000E+09   1.3554667557412924E+05   5.8269090527671723E-10   6.0967010436569787E-25   6.3059181109760102E+03
   1.0916770000000000E+09   1.3627579976555065E+05   5.7626543253320498E-10   6.0269836273681326E-25   6.3085208705699133E+03
   1.0936770000000000E+09   1.3700521783005842E+05   5.6993140693823634E-10   5.9582992594492427E-25   6.3111029521515757E+03
   1.0956770000000000E+09   1.3773492793426805E+05   5.6368723589422643E-10   5.8906291429126757E-25   6.3136645827143711E+03
   1.0976770000000000E+09   1.3846492849896112E+05   5.5753135945085185E-10   5.8239548849419900E-25   6.3162059859799419E+03
   1.0996770000000000E+09   1.3919521818351801E+05   5.5146224957214049E-10   5.7582584872424381E-25   6.3187273824576259E+03
   1.1016770000000000E+09   1.3992579586838587E+05   5.4547840942523511E-10   5.6935223366853589E-25   6.3212289895026097E+03
   1.1036770000000000E+09   1.4065666063533368E+05   5.3957837268955842E-10   5.6297291962305814E-25   6.3237110213728929E+03
   1.1056770000000000E+09   1.4138781174513683E+05   5.3376070288508856E-10   5.5668621961112069E-25   6.3261736892848130E+03
   1.1076770000000000E+09   1.4211924861231857E+05   5.2802399271858646E-10   5.5049048252660497E-25   6.3286172014675085E+03
   1.1096770000000000E+09   1.4285097077653094E+05   5.2236686344692448E-10   5.4438409230088647E-25   6.3310417632160788E+03
   1.1116770000000000E+09   1.4358297787019200E+05   5.1678796425693938E-10   5.3836546709260605E-25   6.3334475769437049E+03
   1.1136770000000000E+09   1.4431526958199634E+05   5.1128597166155898E-10   5.3243305849984096E-25   6.3358348422324589E+03
   1.1156770000000000E+09   1.4504784561595385E+05   5.0585958891213257E-10   5.2658535079437982E-25   6.3382037558832171E+03
   1.1176770000000000E+09   1.4578070564563799E+05   5.0050754542702195E-10   5.2082086017799720E-25   6.3405545119642920E+03
   1.1196770000000000E+09   1.4651384926336832E+05   4.9522859623658280E-10   5.1513813406065256E-25   6.3428873018591703E+03
   1.1216770000000000E+09   1.4724727592412516E+05   4.9002152144458530E-10   5.0953575036050003E-25   6.3452023143131464E+03
   1.1236770000000000E+09   1.4798098488407597E+05   4.8488512570605807E-10   5.0401231682551584E-25   6.3474997354789239E+03
   1.1256770000000000E+09   1.4871497513370786E+05   4.7981823772138585E-10   4.9856647037638770E-25   6.3497797489613449E+03
   1.1276770000000000E+09   1.4944924532570329E+05   4.7481970974628641E-10   4.9319687647013292E-25   6.3520425358610337E+03
   1.1296770000000000E+09   1.5018379369787336E+05   4.6988841711709132E-10   4.8790222848366633E-25   6.3542882748172597E+03
   1.1316770000000000E+09   1.5091861799167105E+05   4.6502325779043407E-10   4.8268124711626648E-25   6.3565171420497136E+03
   1.1336770000000000E+09   1.5165371536702343E+05   4.6022315189624518E-10   4.7753267980962429E-25   6.3587293113995183E+03
   1.1356770000000000E+09   1.5238908231449593E+05   4.5548704130258772E-10   4.7245530018383199E-25   6.3609249543693950E+03
   1.1376770000000000E+09   1.5312471456607006E+05   4.5081388919056466E-10   4.6744790748736189E-25   6.3631042401627856E+03
   1.1396770000000000E+09   1.5386060700611299E+05   4.4620267963727077E-10   4.6250932605877185E-25   6.3652673357224776E+03
   1.1416770000000000E+09   1.5459675358440817E+05   4.4165241720439345E-10   4.5763840479759978E-25   6.3674144057680560E+03
   1.1436770000000000E+09   1.5533314723341324E+05   4.3716212652992082E-10   4.5283401664166097E-25   6.3695456128328724E+03
   1.1456770000000000E+09   1.5606977979219015E+05   4.3273085192011686E-10   4.4809505804774789E-25   6.3716611173000483E+03
   1.1476770000000000E+09   1.5680664193967904E+05   4.2835765693888541E-10   4.4342044847265064E-25   6.3737610774378918E+03
   1.1496770000000000E+09   1.5754372314019682E+05   4.2404162399153264E-10   4.3880912985134642E-25   6.3758456494344155E+03
   1.1516770000000000E+09   1.5828101160414942E+05   4.1978185390006854E-10   4.3426006606931711E-25   6.3779149874313189E+03
   1.1536770000000000E+09   1.5901849426698632E+05   4.1557746546733161E-10   4.2977224242614760E-25   6.3799692435572060E+03
   1.1556770000000000E+09   1.5975615678935844E+05   4.1142759502754846E-10   4.2534466508788677E-25   6.3820085679600679E+03
   1.1576770000000000E+09   1.6049398358123441E+05   4.0733139598143490E-10   4.2097636052615829E-25   6.3840331088393286E+03
   1.1596770000000000E+09   1.6123195785240884E+05   4.0328803831449218E-10   4.1666637494262303E-25   6.3860430124770783E+03
   1.1616770000000000E+09   1.6197006169134812E+05   3.9929670809795715E-10   4.1241377367818783E-25   6.3880384232687393E+03
   1.1636770000000000E+09   1.6270827617368908E+05   3.9535660697272282E-10   4.0821764060725987E-25   6.3900194837532645E+03
   1.1656770000000000E+09   1.6344658150092934E+05   3.9146695161752274E-10   4.0407707751836916E-25   6.3919863346425973E+03
   1.1676770000000000E+09   1.6418495716893600E+05   3.8762697320379338E-10   3.9999120348360098E-25   6.3939391148507739E+03
   1.1696770000000000E+09   1.6492338216487874E+05   3.8383591684067165E-10   3.9595915422039352E-25   6.3958779615223793E+03
   1.1716770000000000E+09   1.6566183519008796E+05   3.8009304101475537E-10   3.9198008145042163E-25   6.3978030100604792E+03
   1.1736770000000000E+09   1.6640029490522266E+05   3.7639761703023860E-10   3.8805315226129733E-25   6.3997143941542054E+03
   1.1756770000000000E+09   1.6713874019300780E+05   3.7274892845594069E-10   3.8417754847776137E-25   6.4016122458057152E+03
   1.1776770000000000E+09   1.6787715043278618E+05   3.6914627058643191E-10   3.8035246604970314E-25   6.4034966953567518E+03
   1.1796770000000000E+09   1.6861550578023164E+05   3.6558894992490638E-10   3.7657711446480293E-25   6.4053678715147780E+03
   1.1816770000000000E+09   1.6935378744491888E+05   3.6207628369551725E-10   3.7285071619364255E-25   6.4072259013786488E+03
   1.1836770000000000E+09   1.7009197795799500E+05   3.5860759939269028E-10   3.6917250617491017E-25   6.4090709104637717E+03
   1.1856770000000000E+09   1.7083006142214284E+05   3.5518223437427508E-10   3.6554173134760727E-25   6.4109030227271278E+03
   1.1876770000000000E+09   1.7156802373622486E+05   3.5179953550439748E-10   3.6195765023619521E-25   6.4127223605914087E+03
   1.1896770000000000E+09   1.7230585278761512E+05   3.4845885885059402E-10   3.5841953259318954E-25   6.4145290449691493E+03
   1.1916770000000000E+09   1.7304353860611236E+05   3.4515956943818164E-10   3.5492665910211710E-25   6.4163231952863944E+03
   1.1936770000000000E+09   1.7378107347458732E+05   3.4190104106299038E-10   3.5147832114184204E-25   6.4181049295057046E+03
   1.1956770000000000E+09   1.7451845199293655E+05   3.3868265616176457E-10   3.4807382061137112E-25   6.4198743641490064E+03
   1.1976770000000000E+09   1.7525567109356271E+05   3.3550380573756797E-10   3.4471246981226499E-25   6.4216316143199438E+03
   1.1996770000000000E+09   1.7599273000827513E+05   3.3236388933580782E-10   3.4139359138401229E-25   6.4233767937258017E+03
   1.2016770000000000E+09   1.7672963018822094E+05   3.2926231506485947E-10   3.3811651828605848E-25   6.4251100146990238E+03
   1.2036770000000000E+09   1.7746637518003979E+05   3.2619849965399837E-10   3.3488059381888375E-25   6.4268313882184702E+03
   1.2056770000000000E+09   1.7820297046287550E+05   3.2317186854034472E-10   3.3168517167554770E-25   6.4285410239300145E+03
   1.2076770000000000E+09   1.7893942325210891E+05   3.2018185597591939E-10   3.2852961601446969E-25   6.4302390301669420E+03
   1.2096770000000000E+09   1.7967574227663202E+05   3.1722790514563360E-10   3.2541330154399589E-25   6.4319255139698189E+03
   1.2116770000000000E+09   1.8041193753717415E+05   3.1430946828714133E-10   3.2233561360940305E-25   6.4336005811061023E+03
   1.2136770000000000E+09   1.8114802005356515E+05   3.1142600680388458E-10   3.1929594827344878E-25   6.4352643360892762E+03
   1.2156770000000000E+09   1.8188400160890847E+05   3.0857699136337776E-10   3.1629371238231857E-25   6.4369168821974663E+03
   1.2176770000000000E+09   1.8261989449840100E+05   3.0576190197378593E-10   3.1332832360985099E-25   6.4385583214919943E+03
   1.2196770000000000E+09   1.8335571128998560E+05   3.0298022803302671E-10   3.1039921047418236E-25   6.4401887548353752E+03
   1.2216770000000000E+09   1.8409146460321225E+05   3.0023146834600645E-10   3.0750581232235615E-25   6.4418082819088304E+03
   1.2236770000000000E+09   1.8482716691152545E+05   2.9751513110723589E-10   3.0464757928010324E-25   6.4434170012297172E+03
   1.2256770000000000E+09   1.8556283037190817E+05   2.9483073384756207E-10   3.0182397216557322E-25   6.4450150101684467E+03
   1.2276770000000000E+09   1.8629846668426512E+05   2.9217780334547490E-10   2.9903446236752513E-25   6.4466024049652024E+03
   1.2296770000000000E+09   1.8703408698140338E+05   2.8955587550491286E-10   2.9627853169001041E-25   6.4481792807461507E+03
   1.2316770000000000E+09   1.8776970174894939E+05   2.8696449520285434E-10   2.9355567216693556E-25   6.4497457315395523E+03
   1.2336770000000000E+09   1.8850532077318136E+05   2.8440321611103480E-10   2.9086538585099799E-25   6.4513018502914329E+03
   1.2356770000000000E+09   1.8924095311371880E+05   2.8187160049682760E-10   2.8820718458215705E-25   6.4528477288811109E+03
   1.2376770000000000E+09   1.8997660709724916E+05   2.7936921900864878E-10   2.8558058974115028E-25   6.4543834581363217E+03
   1.2396770000000000E+09   1.9071229032813286E+05   2.7689565045120423E-10   2.8298513199348991E-25   6.4559091278480710E+03
   1.2416770000000000E+09   1.9144800971171234E+05   2.7445048155552766E-10   2.8042035102898353E-25   6.4574248267853845E+03
   1.2436770000000000E+09   1.9218377148642635E+05   2.7203330674813334E-10   2.7788579530119775E-25   6.4589306427096453E+03
   1.2456770000000000E+09   1.9291958126131518E+05   2.6964372792288210E-10   2.7538102177050903E-25   6.4604266623887906E+03
   1.2476770000000000E+09   1.9365544405607576E+05   2.6728135421836640E-10   2.7290559565358841E-25   6.4619129716111693E+03
   1.2496770000000000E+09   1.9439136434141200E+05   2.6494580180289935E-10   2.7045909018141200E-25   6.4633896551992530E+03
   1.2516770000000000E+09   1.9512734607801095E+05   2.6263669366850179E-10   2.6804108636719162E-25   6.4648567970231561E+03
   1.2536770000000000E+09   1.9586339275292476E+05   2.6035365943476769E-10   2.6565117278510058E-25   6.4663144800137179E+03
   1.2556770000000000E+09   1.9659950741257338E+05   2.5809633516305935E-10   2.6328894536020158E-25   6.4677627861756791E+03
   1.2576770000000000E+09   1.9733569269194209E+05   2.5586436318107123E-10   2.6095400716960725E-25   6.4692017966003659E+03
   1.2596770000000000E+09   1.9807195083979811E+05   2.5365739191761377E-10   2.5864596825467389E-25   6.4706315914783181E+03
   1.2616770000000000E+09   1.9880828374001302E+05   2.5147507574720623E-10   2.5636444544378723E-25   6.4720522501116320E+03
   1.2636770000000000E+09   1.9954469292921643E+05   2.4931707484396507E-10   2.5410906218518306E-25   6.4734638509262140E+03
   1.2656770000000000E+09   2.0028117961107963E+05   2.4718305504421795E-10   2.5187944838920310E-25   6.4748664714836586E+03
   1.2676770000000000E+09   2.0101774466754973E+05   2.4507268771727480E-10   2.4967524027937300E-25   6.4762601884930846E+03
   1.2696770000000000E+09   2.0175438866728201E+05   2.4298564964383719E-10   2.4749608025175681E-25   6.4776450778227054E+03
   1.2716770000000000E+09   2.0249111187140987E+05   2.4092162290163550E-10   2.4534161674214477E-25   6.4790212145112191E+03
   1.2736770000000000E+09   2.0322791423671550E+05   2.3888029475792485E-10   2.4321150410067738E-25   6.4803886727790696E+03
   1.2756770000000000E+09   2.0396479541615056E+05   2.3686135756854954E-10   2.4110540247359943E-25   6.4817475260393248E+03
   1.2776770000000000E+09   2.0470175475662202E+05   2.3486450868332289E-10   2.3902297769184683E-25   6.4830978469087031E+03
   1.2796770000000000E+09   2.0543879129391405E+05   2.3288945035744458E-10   2.3696390116618689E-25   6.4844397072182037E+03
   1.2816770000000000E+09   2.0617590374461599E+05   2.3093588966867477E-10   2.3492784978860413E-25   6.4857731780234972E+03
   1.2836770000000000E+09   2.0691309049489943E+05   2.2900353843999249E-10   2.3291450583962598E-25   6.4870983296153272E+03
   1.2856770000000000E+09   2.0765034958595081E+05   2.2709211316743145E-10   2.3092355690127102E-25   6.4884152315297388E+03
   1.2876770000000000E+09   2.0838767869579088E+05   2.2520133495282083E-10   2.2895469577533300E-25   6.4897239525579489E+03
   1.2896770000000000E+09   2.0912507511711761E+05   2.2333092944120917E-10   2.2700762040674648E-25   6.4910245607562892E+03
   1.2916770000000000E+09   2.0986253573066430E+05   2.2148062676278262E-10   2.2508203381184498E-25   6.4923171234557813E+03
   1.2936770000000000E+09   2.1060005697333658E+05   2.1965016147924569E-10   2.2317764401145367E-25   6.4936017072717077E+03
   1.2956770000000000E+09   2.1133763480015396E+05   2.1783927253472655E-10   2.2129416396887354E-25   6.4948783781130205E+03
   1.2976770000000000E+09   2.1207526463873615E+05   2.1604770321143609E-10   2.1943131153298205E-25   6.4961472011914811E+03
   1.2996770000000000E+09   2.1281294133486517E+05   2.1427520109042888E-10   2.1758880938678407E-25   6.4974082410306974E+03
   1.3016770000000000E+09   2.1355065908773054E+05   2.1252151801775028E-10   2.1576638500168806E-25   6.4986615614751126E+03
   1.3036770000000000E+09   2.1428841137407138E+05   2.1078641007589647E-10   2.1396377059742378E-25   6.4999072256987656E+03
   1.3056770000000000E+09   2.1502619086197036E+05   2.0906963755964468E-10   2.1218070310663020E-25   6.5011452962137446E+03
   1.3076770000000000E+09   2.1576398931791118E+05   2.0737096495375289E-10   2.1041692414154030E-25   6.5023758348789142E+03
   1.3096770000000000E+09   2.1650179751517807E+05   2.0569016090758301E-10   2.0867217995775772E-25   6.5035989029080611E+03
   1.3116770000000000E+09   2.1723960515779129E+05   2.0402699819855954E-10   2.0694622140688641E-25   6.5048145608780997E+03
   1.3136770000000000E+09   2.1797740084140887E+05   2.0238125367272324E-10   2.0523880386611617E-25   6.5060228687372182E+03
   1.3156770000000000E+09   2.1871517207968736E+05   2.0075270814737302E-10   2.0354968712956563E-25   6.5072238858128276E+03
   1.3176770000000000E+09   2.1945290542930507E+05   1.9914114625904771E-10   2.0187863524445758E-25   6.5084176708191817E+03
   1.3196770000000000E+09   2.2019058674606433E+05   1.9754635624160348E-10   2.0022541627673310E-25   6.5096042818652695E+03
   1.3216770000000000E+09   2.2092820159493515E+05   1.9596812962541065E-10   1.9858980199713819E-25   6.5107837764624510E+03
   1.3236770000000000E+09   2.2166573581592226E+05   1.9440626086094477E-10   1.9697156749124135E-25   6.5119562115318140E+03
   1.3256770000000000E+09   2.2240317621493764E+05   1.9286054688804853E-10   1.9537049071505797E-25   6.5131216434119306E+03
   1.3276770000000000E+09   2.2314051130812304E+05   1.9133078669336792E-10   1.9378635203947334E-25   6.5142801278661755E+03
   1.3296770000000000E+09   2.2387773200799452E+05   1.8981678091812638E-10   1.9221893384644256E-25   6.5154317200900086E+03
   1.3316770000000000E+09   2.2461483211358270E+05   1.8831833158934171E-10   1.9066802025090193E-25   6.5165764747185194E+03
   1.3336770000000000E+09   2.2535180846954836E+05   1.8683524204219705E-10   1.8913339701673149E-25   6.5177144458336570E+03
   1.3356770000000000E+09   2.2608866070241190E+05   1.8536731707460272E-10   1.8761485170794378E-25   6.5188456869711481E+03
   1.3376770000000000E+09   2.2682539052690196E+05   1.8391436332753936E-10   1.8611217406814027E-25   6.5199702511279593E+03
   1.3396770000000000E+09   2.2756200072709523E+05   1.8247618982555793E-10   1.8462515656145420E-25   6.5210881907686917E+03
   1.3416770000000000E+09   2.2829849402413447E+05   1.8105260855825506E-10   1.8315359495407573E-25   6.5221995578326287E+03
   1.3436770000000000E+09   2.2903487210348903E+05   1.7964343495656300E-10   1.8169728878853596E-25   6.5233044037400150E+03
   1.3456770000000000E+09   2.2977113505397525E+05   1.7824848813489887E-10   1.8025604162059363E-25   6.5244027793984014E+03
   1.3476770000000000E+09   2.3050728135658146E+05   1.7686759083495952E-10   1.7882966095433108E-25   6.5254947352089066E+03
   1.3496770000000000E+09   2.3124330838060068E+05   1.7550056910304939E-10   1.7741795790832028E-25   6.5265803210722906E+03
   1.3516770000000000E+09   2.3197921316240830E+05   1.7414725182565308E-10   1.7602074673939695E-25   6.5276595863950233E+03
   1.3536770000000000E+09   2.3271499313866778E+05   1.7280747029684144E-10   1.7463784439963570E-25   6.5287325800952358E+03
   1.3556770000000000E+09   2.3345064653838406E+05   1.7148105796887861E-10   1.7326907027923056E-25   6.5297993506088260E+03
   1.3576770000000000E+09   2.3418617230521914E+05   1.7016785044792668E-10   1.7191424619730645E-25   6.5308599458950421E+03
   1.3596770000000000E+09   2.3492156964962036E+05   1.6886768567943650E-10   1.7057319658411011E-25   6.5319144134423841E+03
   1.3616770000000000E+09   2.3565683750367720E+05   1.6758040418139239E-10   1.6924574871103849E-25   6.5329628002741820E+03
   1.3636770000000000E+09   2.3639197417387398E+05   1.6630584917502937E-10   1.6793173281672234E-25   6.5340051529540542E+03
   1.3656770000000000E+09   2.3712697734361613E+05   1.6504386653671188E-10   1.6663098205250452E-25   6.5350415175914732E+03
   1.3676770000000000E+09   2.3786184435541768E+05   1.6379430460644293E-10   1.6534333228357102E-25   6.5360719398473357E+03
   1.3696770000000000E+09   2.3859657254268436E+05   1.6255701396811291E-10   1.6406862186213635E-25   6.5370964649396728E+03
   1.3716770000000000E+09   2.3933115938533336E+05   1.6133184731470837E-10   1.6280669148681999E-25   6.5381151376495691E+03
   1.3736770000000000E+09   2.4006560242034134E+05   1.6011865943512383E-10   1.6155738418485650E-25   6.5391280023268646E+03
   1.3756770000000000E+09   2.4079989902548437E+05   1.5891730726782819E-10   1.6032054536161164E-25   6.5401351028957652E+03
   1.3776770000000000E+09   2.4153404626990814E+05   1.5772764992892963E-10   1.5909602282412797E-25   6.5411364828595079E+03
   1.3796770000000000E+09   2.4226804093924677E+05   1.5654954866181916E-10   1.5788366672562948E-25   6.5421321853043728E+03
   1.3816770000000000E+09   2.4300187967929713E+05   1.5538286673269784E-10   1.5668332945576060E-25   6.5431222529022180E+03
   1.3836770000000000E+09   2.4373555910193967E+05   1.5422746934379146E-10   1.5549486554902142E-25   6.5441067279120616E+03
   1.3856770000000000E+09   2.4446907572475367E+05   1.5308322362189887E-10   1.5431813166938686E-25   6.5450856521816622E+03
   1.3876770000000000E+09   2.4520242568005706E+05   1.5194999870292642E-10   1.5315298669183614E-25   6.5460590671502914E+03
   1.3896770000000000E+09   2.4593560400652373E+05   1.5082766596761885E-10   1.5199929193666388E-25   6.5470270138559636E+03
   1.3916770000000000E+09   2.4666860270746998E+05   1.4971609971242130E-10   1.5085691184374588E-25   6.5479895329480523E+03
   1.3936770000000000E+09   2.4740140504585314E+05   1.4861517916429277E-10   1.4972571600495742E-25   6.5489466647065001E+03
   1.3956770000000000E+09   2.4813396937026386E+05   1.4752479424830128E-10   1.4860558498704737E-25   6.5498984490642160E+03
   1.3976770000000000E+09   2.4886618604547629E+05   1.4644486098596333E-10   1.4749642587706278E-25   6.5508449256232552E+03
   1.3996770000000000E+09   2.4959777018094982E+05   1.4537535985396962E-10   1.4639821099467962E-25   6.5517861336463948E+03
   1.4016770000000000E+09   2.5032801349737818E+05   1.4431642451684812E-10   1.4531106740082029E-25   6.5527221119992982E+03
   1.4036770000000000E+09   2.5105525828099984E+05   1.4326853008575118E-10   1.4423546669534996E-25   6.5536528990136503E+03
   1.4056770000000000E+09   2.5177589567923261E+05   1.4223285227047726E-10   1.4317258686233825E-25   6.5545785322506690E+03
   1.4076770000000000E+09   2.5248270595620957E+05   1.4121186438196265E-10   1.4212491325019719E-25   6.5554990481740015E+03
   1.4096770000000000E+09   2.5316259908735516E+05   1.4021015377527519E-10   1.4109705950842411E-25   6.5564144818001932E+03
   1.4116770000000000E+09   2.5379440230240193E+05   1.3923522404563254E-10   1.4009657252023176E-25   6.5573248664821158E+03
   1.4136770000000000E+09   2.5434798750784685E+05   1.3829779396657460E-10   1.3913422936674298E-25   6.5582302340413098E+03
   1.4156770000000000E+09   2.5478543118013939E+05   1.3741126378879486E-10   1.3822349776955578E-25   6.5591306153541282E+03
   1.4176770000000000E+09   2.5506104513686235E+05   1.3659136625432773E-10   1.3738018924613539E-25   6.5600260409268349E+03
   1.4196770000000000E+09   2.5511125681301006E+05   1.3585934359198364E-10   1.3662566661061481E-25   6.5609165397558008E+03
   1.4216770000000000E+09   2.5482986553184738E+05   1.3525115238501258E-10   1.3599609901129258E-25   6.5618021334270597E+03
   1.4236770000000000E+09   2.5405975102427631E+05   1.3482314260015890E-10   1.3554810750471029E-25   6.5626828235795383E+03
   1.4256770000000000E+09   2.5268019071144113E+05   1.3462475892353228E-10   1.3533119221018226E-25   6.5635585797437225E+03
   1.4276770000000000E+09   2.5080512985078027E+05   1.3462411086918107E-10   1.3531291274476089E-25   6.5644293548747055E+03
   1.4296770000000000E+09   2.4885317099219188E+05   1.3466680303118539E-10   1.3533786706193885E-25   6.5652951695664833E+03
   1.4316770000000000E+09   2.4720487044710291E+05   1.3459219592090517E-10   1.3524488824860707E-25   6.5661562532554417E+03
   1.4336770000000000E+09   2.4582524442123176E+05   1.3441258075908193E-10   1.3504670359427785E-25   6.5670130686156190E+03
   1.4356770000000000E+09   2.4433152419284123E+05   1.3416793655025712E-10   1.3478340938343954E-25   6.5678640717583712E+03
