  99.9999999999964615   5.0000000000000003E-02 390 2001
  80.4784500623912038  21.0386885214517108
   6.5767700000000000E+08  -1.2780044247335086E+03   1.9514779621082467E-08   3.3745793535867513E-18   1.1124770941023269E+03
   6.5967700000000000E+08  -1.2229211337782249E+03   2.6315728661237542E-08   4.4056269483557431E-18   1.1490918683021991E+03
   6.6167700000000000E+08  -1.1247050153252906E+03   2.9298874544744073E-08   4.7982066519264262E-18   1.1746786114449801E+03
   6.6367700000000000E+08  -9.7158274621045371E+02   2.9812522756685531E-08   4.8120010197517641E-18   1.1918458502607864E+03
   6.6567700000000000E+08  -6.9819468069690822E+02   2.8524411775600561E-08   4.5579257860070164E-18   1.2039169230366501E+03
   6.6767700000000000E+08  -3.3683814529150936E+02   2.6296879018868792E-08   4.1720644025001224E-18   1.2125517312683137E+03
   6.6967700000000000E+08   8.8982051290214315E+01   2.3750425621374037E-08   3.7482604968129530E-18   1.2189578891048086E+03
   6.7167700000000000E+08   5.5573050554030988E+02   2.1248135627529523E-08   3.3395713073567584E-18   1.2239880571002370E+03
   6.7367700000000000E+08   1.0443203424089575E+03   1.8962192967603187E-08   2.9698787494539660E-18   1.2282786825808737E+03
   6.7567700000000000E+08   1.5345872439760208E+03   1.6952579984621586E-08   2.6464370915050259E-18   1.2323137627299229E+03
   6.7767700000000000E+08   2.0001089583681410E+03   1.5222709996286773E-08   2.3683850870944872E-18   1.2364789507407322E+03
   6.7967700000000000E+08   2.4101558767754045E+03   1.3751690988159790E-08   2.1314089850846428E-18   1.2411846161990832E+03
   6.8167700000000000E+08   2.7427371569312236E+03   1.2511123115562053E-08   1.9299221537148130E-18   1.2471066006336855E+03
   6.8367700000000000E+08   2.9937295309438637E+03   1.1476062697732115E-08   1.7578229134970398E-18   1.2559283461536643E+03
   6.8567700000000000E+08   3.1669638844007886E+03   1.0632939013585504E-08   1.6089616771733949E-18   1.2713194589838336E+03
   6.8767700000000000E+08   3.2437830246555413E+03   9.9779860916607594E-09   1.4774758537723796E-18   1.2991807403565540E+03
   6.8967700000000000E+08   3.1649175099257977E+03   9.5057160829026198E-09   1.3588274151177281E-18   1.3457599816631055E+03
   6.9167700000000000E+08   2.8765829712580999E+03   9.1949470940061338E-09   1.2505858128197094E-18   1.4144343953128187E+03
   6.9367700000000000E+08   2.4014913887253956E+03   9.0069460602760029E-09   1.1522715847094984E-18   1.5037297127636818E+03
   6.9567700000000000E+08   1.8654193399416815E+03   8.8973264054099085E-09   1.0642946492802694E-18   1.6082172497691629E+03
   6.9767700000000000E+08   1.4568414263028915E+03   8.8297824221671124E-09   9.8691249675885268E-19   1.7211488276067423E+03
   6.9967700000000000E+08   1.3594386593821296E+03   8.7815159416917310E-09   9.1978898355663555E-19   1.8366582837451288E+03
   7.0167700000000000E+08   1.7001309698811328E+03   8.7407965829647546E-09   8.6203659775293697E-19   1.9506186881816393E+03
   7.0367700000000000E+08   2.5277405166582676E+03   8.7020176944894284E-09   8.1243687737234463E-19   2.0605227092065966E+03
   7.0567700000000000E+08   3.8178704762399584E+03   8.6618906985304094E-09   7.6965960726969143E-19   2.1650158288001730E+03
   7.0767700000000000E+08   5.4927171614098397E+03   8.6175807599634295E-09   7.3242173638217675E-19   2.2634515831396616E+03
   7.0967700000000000E+08   7.4449665553325885E+03   8.5662095408350458E-09   6.9958041504161713E-19   2.3555814321801017E+03
   7.1167700000000000E+08   9.5586609729843858E+03   8.5049908490358485E-09   6.7017363169134669E-19   2.4413699004598752E+03
   7.1367700000000000E+08   1.1724074543396526E+04   8.4315208295475004E-09   6.4342551578572653E-19   2.5208947244274714E+03
   7.1567700000000000E+08   1.3845868386181492E+04   8.3440038055652179E-09   6.1873138573055800E-19   2.5942953571840512E+03
   7.1767700000000000E+08   1.5847930736635068E+04   8.2413990368382592E-09   5.9563614065995643E-19   2.6617482246229661E+03
   7.1967700000000000E+08   1.7675970454982060E+04   8.1235037452508884E-09   5.7381208488482352E-19   2.7234585257199474E+03
   7.2167700000000000E+08   1.9296451180462213E+04   7.9909236727557302E-09   5.5303482068535963E-19   2.7796593586681688E+03
   7.2367700000000000E+08   2.0694077899554311E+04   7.8449420206250354E-09   5.3315877929991825E-19   2.8306113567181997E+03
   7.2567700000000000E+08   2.1868670873587322E+04   7.6873496999834533E-09   5.1409578238911824E-19   2.8766012727355155E+03
   7.2767700000000000E+08   2.2831676378275657E+04   7.5202598449035895E-09   4.9579680001793277E-19   2.9179389349936951E+03
   7.2967700000000000E+08   2.3602627582034493E+04   7.3459263570012118E-09   4.7823698928167141E-19   2.9549523230623463E+03
   7.3167700000000000E+08   2.4205819487562621E+04   7.1665836750818849E-09   4.6140406869211345E-19   2.9879809728599425E+03
   7.3367700000000000E+08   2.4667424005845442E+04   6.9843200651015396E-09   4.4528993940780680E-19   3.0173682880045071E+03
   7.3567700000000000E+08   2.5013208082522327E+04   6.8009906866276108E-09   4.2988527965372304E-19   3.0434535483465447E+03
   7.3767700000000000E+08   2.5266928047223359E+04   6.6181701509399449E-09   4.1517663412621304E-19   3.0665644474674946E+03
   7.3967700000000000E+08   2.5449378614535530E+04   6.4371393713377680E-09   4.0114541256739728E-19   3.0870108340036059E+03
   7.4167700000000000E+08   2.5578001769855713E+04   6.2588982264788172E-09   3.8776816853780187E-19   3.1050800847753576E+03
   7.4367700000000000E+08   2.5666915372003801E+04   6.0841948080718974E-09   3.7501759816363840E-19   3.1210342503326074E+03
   7.4567700000000000E+08   2.5727212825076815E+04   5.9135629041468331E-09   3.6286381824016165E-19   3.1351088663391220E+03
   7.4767700000000000E+08   2.5767402209351349E+04   5.7473612957027995E-09   3.5127562596851668E-19   3.1475131566881205E+03
   7.4967700000000000E+08   2.5793884968852104E+04   5.5858106310424584E-09   3.4022157311363848E-19   3.1584312750678487E+03
   7.5167700000000000E+08   2.5811409051575662E+04   5.4290255916379601E-09   3.2967078805882105E-19   3.1680242268427919E+03
   7.5367700000000000E+08   2.5823461749800430E+04   5.2770415269437482E-09   3.1959354513603420E-19   3.1764321575641166E+03
   7.5567700000000000E+08   2.5832589888481612E+04   5.1298356775615662E-09   3.0996161608813001E-19   3.1837767627742837E+03
   7.5767700000000000E+08   2.5840649159022782E+04   4.9873436102156919E-09   3.0074845184301323E-19   3.1901636462842412E+03
   7.5967700000000000E+08   2.5848991757787804E+04   4.8494716810922004E-09   2.9192924248714699E-19   3.1956845185683642E+03
   7.6167700000000000E+08   2.5858604115967693E+04   4.7161063472186861E-09   2.8348089623969576E-19   3.2004191778009244E+03
   7.6367700000000000E+08   2.5870206305452728E+04   4.5871210518709780E-09   2.7538196892389230E-19   3.2044372524763849E+03
   7.6567700000000000E+08   2.5884323117081152E+04   4.4623812810092050E-09   2.6761256649538852E-19   3.2077997082616944E+03
   7.6767700000000000E+08   2.5901334770096011E+04   4.3417482585769341E-09   2.6015423577664679E-19   3.2105601355193589E+03
   7.6967700000000000E+08   2.5921513246578481E+04   4.2250816357422957E-09   2.5298985294821250E-19   3.2127658406787482E+03
   7.7167700000000000E+08   2.5945048586297704E+04   4.1122414381244201E-09   2.4610351540191961E-19   3.2144587667610313E+03
   7.7367700000000000E+08   2.5972068187284829E+04   4.0030894650774014E-09   2.3948043993601738E-19   3.2156762677370830E+03
   7.7567700000000000E+08   2.6002651208417439E+04   3.8974902830079815E-09   2.3310686861704523E-19   3.2164517593152082E+03
   7.7767700000000000E+08   2.6036839500138889E+04   3.7953119166639021E-09   2.2696998264637380E-19   3.2168152660560513E+03
   7.7967700000000000E+08   2.6074646030222430E+04   3.6964263148380799E-09   2.2105782401950152E-19   3.2167938818989128E+03
   7.8167700000000000E+08   2.6116061463507038E+04   3.6007096471183885E-09   2.1535922448882069E-19   3.2164121585294852E+03
   7.8367700000000000E+08   2.6161059350697316E+04   3.5080424739864657E-09   2.0986374122506481E-19   3.2156924336508750E+03
   7.8567700000000000E+08   2.6209600247074413E+04   3.4183098221337885E-09   2.0456159854819799E-19   3.2146551091773722E+03
   7.8767700000000000E+08   2.6261634993191848E+04   3.3314011891841195E-09   1.9944363512163222E-19   3.2133188876462423E+03
   7.8967700000000000E+08   2.6317107330108629E+04   3.2472104962953217E-09   1.9450125604886758E-19   3.2117009737068211E+03
   7.9167700000000000E+08   2.6375955980882347E+04   3.1656360028090630E-09   1.8972638936466467E-19   3.2098172463594947E+03
   7.9367700000000000E+08   2.6438116301173606E+04   3.0865801938411179E-09   1.8511144646616751E-19   3.2076824066408435E+03
   7.9567700000000000E+08   2.6503521580679382E+04   3.0099496491896374E-09   1.8064928607943332E-19   3.2053101046491711E+03
   7.9767700000000000E+08   2.6572104061116395E+04   2.9356548999938369E-09   1.7633318140214924E-19   3.2027130491460953E+03
   7.9967700000000000E+08   2.6643795724007854E+04   2.8636102780635907E-09   1.7215679010363684E-19   3.1999031024279461E+03
   8.0167700000000000E+08   2.6718528891588972E+04   2.7937337616220332E-09   1.6811412689881351E-19   3.1968913627146671E+03
   8.0367700000000000E+08   2.6796236676113618E+04   2.7259468202830037E-09   1.6419953844405073E-19   3.1936882359354395E+03
   8.0567700000000000E+08   2.6876853306308949E+04   2.6601742613669262E-09   1.6040768033037322E-19   3.1903034984853698E+03
   8.0767700000000000E+08   2.6960314354417031E+04   2.5963440790990044E-09   1.5673349597366315E-19   3.1867463522749008E+03
   8.0967700000000000E+08   2.7046556882972218E+04   2.5343873077988904E-09   1.5317219722293499E-19   3.1830254731834912E+03
   8.1167700000000000E+08   2.7135519527054123E+04   2.4742378798347847E-09   1.4971924652668708E-19   3.1791490538543885E+03
   8.1367700000000000E+08   2.7227142525102357E+04   2.4158324888564899E-09   1.4637034051415129E-19   3.1751248416215863E+03
   8.1567700000000000E+08   2.7321367709352289E+04   2.3591104586246771E-09   1.4312139486321067E-19   3.1709601722384932E+03
   8.1767700000000000E+08   2.7418138465477365E+04   2.3040136176043879E-09   1.3996853034005925E-19   3.1666619999763770E+03
   8.1967700000000000E+08   2.7517399669976101E+04   2.2504861793787511E-09   1.3690805990750819E-19   3.1622369245758700E+03
   8.2167700000000000E+08   2.7619097613119684E+04   2.1984746288555988E-09   1.3393647680936068E-19   3.1576912154638799E+03
   8.2367700000000000E+08   2.7723179914777011E+04   2.1479276141783585E-09   1.3105044354760058E-19   3.1530308335890795E+03
   8.2567700000000000E+08   2.7829595440046418E+04   2.0987958442073341E-09   1.2824678167736879E-19   3.1482614511794577E+03
   8.2767700000000000E+08   2.7938294221237553E+04   2.0510319914043307E-09   1.2552246235194075E-19   3.1433884696837808E+03
   8.2967700000000000E+08   2.8049227392271816E+04   2.0045905999289805E-09   1.2287459755625774E-19   3.1384170361237821E+03
   8.3167700000000000E+08   2.8162347140931826E+04   1.9594279987363794E-09   1.2030043197307821E-19   3.1333520580541299E+03
   8.3367700000000000E+08   2.8277606683515078E+04   1.9155022194512606E-09   1.1779733543060877E-19   3.1281982173018496E+03
   8.3567700000000000E+08   2.8394960265329952E+04   1.8727729187828646E-09   1.1536279588464548E-19   3.1229599826349636E+03
   8.3767700000000000E+08   2.8514363189108710E+04   1.8312013052356313E-09   1.1299441289186310E-19   3.1176416214908991E+03
   8.3967700000000000E+08   2.8635771871826648E+04   1.7907500698648659E-09   1.1068989153410010E-19   3.1122472108781371E+03
   8.4167700000000000E+08   2.8759143928713911E+04   1.7513833208226197E-09   1.0844703675632564E-19   3.1067806475493553E+03
   8.4367700000000000E+08   2.8884438281488074E+04   1.7130665214382104E-09   1.0626374808359218E-19   3.1012456575301881E+03
   8.4567700000000000E+08   2.9011615286158900E+04   1.6757664315801841E-09   1.0413801468471749E-19   3.0956458050751025E+03
   8.4767700000000000E+08   2.9140636874271466E+04   1.6394510520526053E-09   1.0206791075280831E-19   3.0899845011100147E+03
   8.4967700000000000E+08   2.9271466700276884E+04   1.6040895717882104E-09   1.0005159117504881E-19   3.0842650112106430E+03
   8.5167700000000000E+08   2.9404070286951403E+04   1.5696523176144225E-09   9.8087287466496337E-20   3.0784904631558252E+03
   8.5367700000000000E+08   2.9538415160487257E+04   1.5361107063851602E-09   9.6173303944953774E-20   3.0726638540864947E+03
   8.5567700000000000E+08   2.9674470967102799E+04   1.5034371992909398E-09   9.4308014126305848E-20   3.0667880572935710E+03
   8.5767700000000000E+08   2.9812209563738736E+04   1.4716052581816959E-09   9.2489857322016390E-20   3.0608658286519230E+03
   8.5967700000000000E+08   2.9951605076599801E+04   1.4405893037595064E-09   9.0717335422720834E-20   3.0548998127126160E+03
   8.6167700000000000E+08   3.0092633922870555E+04   1.4103646755215745E-09   8.8989009853994315E-20   3.0488925484622264E+03
   8.6367700000000000E+08   3.0235274792783312E+04   1.3809075933558825E-09   8.7303498692365282E-20   3.0428464747556836E+03
   8.6567700000000000E+08   3.0379508591209320E+04   1.3521951207121619E-09   8.5659473931442600E-20   3.0367639354280177E+03
   8.6767700000000000E+08   3.0525318339949848E+04   1.3242051292884757E-09   8.4055658889594509E-20   3.0306471840904187E+03
   8.6967700000000000E+08   3.0672689043786238E+04   1.2969162651880543E-09   8.2490825751935188E-20   3.0244983886168047E+03
   8.7167700000000000E+08   3.0821607524997380E+04   1.2703079165117739E-09   8.0963793240420575E-20   3.0183196353286748E+03
   8.7367700000000000E+08   3.0972062232360087E+04   1.2443601823588000E-09   7.9473424406643629E-20   3.0121129328879529E+03
   8.7567700000000000E+08   3.1124043031562702E+04   1.2190538432114510E-09   7.8018624542453931E-20   3.0058802159097318E+03
   8.7767700000000000E+08   3.1277540984447020E+04   1.1943703326809266E-09   7.6598339203852362E-20   2.9996233483090186E+03
   8.7967700000000000E+08   3.1432548124549387E+04   1.1702917105881040E-09   7.5211552343727839E-20   2.9933441263976451E+03
   8.8167700000000000E+08   3.1589057236064571E+04   1.1468006373498173E-09   7.3857284549018344E-20   2.9870442817491335E+03
   8.8367700000000000E+08   3.1747061642701945E+04   1.1238803496352017E-09   7.2534591377746190E-20   2.9807254838506174E+03
   8.8567700000000000E+08   3.1906555011997258E+04   1.1015146372507009E-09   7.1242561791220961E-20   2.9743893425616698E+03
   8.8767700000000000E+08   3.2067531179693946E+04   1.0796878212055068E-09   6.9980316676475712E-20   2.9680374104001485E+03
   8.8967700000000000E+08   3.2229983998077412E+04   1.0583847329019154E-09   6.8747007453724083E-20   2.9616711846750882E+03
   8.9167700000000000E+08   3.2393907212244052E+04   1.0375906943854745E-09   6.7541814763169984E-20   2.9552921094864087E+03
   8.9367700000000000E+08   3.2559294370453219E+04   1.0172914995741428E-09   6.6363947224608357E-20   2.9489015776114998E+03
   8.9567700000000000E+08   3.2726138781562364E+04   9.9747339635498946E-10   6.5212640261301204E-20   2.9425009323008549E+03
   8.9767700000000000E+08   3.2894433548914596E+04   9.7812306937497360E-10   6.4087154975466780E-20   2.9360914690112854E+03
   8.9967700000000000E+08   3.3064171743729603E+04   9.5922762323435659E-10   6.2986777054614874E-20   2.9296744371210357E+03
   9.0167700000000000E+08   3.3235346841075479E+04   9.4077456559154934E-10   6.1910815674004966E-20   2.9232510417032040E+03
   9.0367700000000000E+08   3.3407953629408687E+04   9.2275178941429053E-10   6.0858602340935316E-20   2.9168224454911997E+03
   9.0567700000000000E+08   3.3581989891678495E+04   9.0514755338367625E-10   5.9829489609208482E-20   2.9103897712549260E+03
   9.0767700000000000E+08   3.3757459142045591E+04   8.8795045963727469E-10   5.8822849601522023E-20   2.9039541048985011E+03
   9.0967700000000000E+08   3.3934374375044164E+04   8.7114942933830202E-10   5.7838072363114220E-20   2.8975164996153621E+03
   9.1167700000000000E+08   3.4112761848611284E+04   8.5473367987722185E-10   5.6874564295962626E-20   2.8910779812404530E+03
   9.1367700000000000E+08   3.4292662237537719E+04   8.3869271307093491E-10   5.5931747310463599E-20   2.8846395543084354E+03
   9.1567700000000000E+08   3.4474124622205556E+04   8.2301632925327057E-10   5.5009059733693957E-20   2.8782022071412443E+03
   9.1767700000000000E+08   3.4657188628186574E+04   8.0769468107869097E-10   5.4105959982994578E-20   2.8717669128512744E+03
   9.1967700000000000E+08   3.4841854609661976E+04   7.9271836366213667E-10   5.3221932880854472E-20   2.8653346225378536E+03
   9.2167700000000000E+08   3.5028052632556246E+04   7.7807850128322162E-10   5.2356495992295085E-20   2.8589062488784011E+03
   9.2367700000000000E+08   3.5215632996271423E+04   7.6376675324884216E-10   5.1509200679476200E-20   2.8524826437512374E+03
   9.2567700000000000E+08   3.5404400709217043E+04   7.4977517098514053E-10   5.0679623001505411E-20   2.8460645803557532E+03
   9.2767700000000000E+08   3.5594189334746712E+04   7.3609592937535935E-10   4.9867345647592594E-20   2.8396527524650228E+03
   9.2967700000000000E+08   3.5784927514063136E+04   7.2272109199042729E-10   4.9071941567275689E-20   2.8332477948498126E+03
   9.3167700000000000E+08   3.5976643797232820E+04   7.0964261885122969E-10   4.8292973766237686E-20   2.8268503130553072E+03
   9.3367700000000000E+08   3.6169398766635466E+04   6.9685259827570916E-10   4.7530010610426498E-20   2.8204609030209958E+03
   9.3567700000000000E+08   3.6363213004872756E+04   6.8434345621188218E-10   4.6782640169192659E-20   2.8140801506201842E+03
   9.3767700000000000E+08   3.6558113760292887E+04   6.7210812545571023E-10   4.6050482122317080E-20   2.8077086241592938E+03
   9.3967700000000000E+08   3.6754282559818850E+04   6.6014027126956634E-10   4.5333203303198014E-20   2.8013468909338462E+03
   9.4167700000000000E+08   3.6952054249729234E+04   6.4843416086422975E-10   4.4630508470889259E-20   2.7949955649199555E+03
   9.4367700000000000E+08   3.7151625208007623E+04   6.3698372882287171E-10   4.3942075889461512E-20   2.7886553334377300E+03
   9.4567700000000000E+08   3.7352734306705090E+04   6.2578153265453102E-10   4.3267485778712585E-20   2.7823268993897923E+03
   9.4767700000000000E+08   3.7554704378243288E+04   6.1481890837011986E-10   4.2606231898992242E-20   2.7760108560307067E+03
   9.4967700000000000E+08   3.7756865725389507E+04   6.0408742163659661E-10   4.1957822582285874E-20   2.7697075967142873E+03
   9.5167700000000000E+08   3.7958987685528271E+04   5.9358025866686770E-10   4.1321877059526808E-20   2.7634173436446240E+03
   9.5367700000000000E+08   3.8161390012422205E+04   5.8329250212681911E-10   4.0698143932010235E-20   2.7571402734329045E+03
   9.5567700000000000E+08   3.8364878691556834E+04   5.7322041781829151E-10   4.0086450721136481E-20   2.7508766541363216E+03
   9.5767700000000000E+08   3.8570106466736892E+04   5.6336025131675582E-10   3.9486619577595326E-20   2.7446269111893221E+03
   9.5967700000000000E+08   3.8777059912077173E+04   5.5370736727481461E-10   3.8898407667343442E-20   2.7383915748921399E+03
   9.6167700000000000E+08   3.8985505151671248E+04   5.4425654524583234E-10   3.8321528940923517E-20   2.7321711678776164E+03
   9.6367700000000000E+08   3.9195295280034115E+04   5.3500262743823534E-10   3.7755700027578164E-20   2.7259661552564694E+03
   9.6567700000000000E+08   3.9406342272494352E+04   5.2594067296922481E-10   3.7200650910382551E-20   2.7197769593668158E+03
   9.6767700000000000E+08   3.9618591430704000E+04   5.1706593520562897E-10   3.6656123263962808E-20   2.7136039718044681E+03
   9.6967700000000000E+08   3.9832006410052571E+04   5.0837383482225925E-10   3.6121868538842921E-20   2.7074475611670991E+03
   9.7167700000000000E+08   4.0046561798650182E+04   4.9985994308494415E-10   3.5597646799326265E-20   2.7013080776841921E+03
   9.7367700000000000E+08   4.0262239309390345E+04   4.9151996999821241E-10   3.5083225920494793E-20   2.6951858562052776E+03
   9.7567700000000000E+08   4.0479025524454199E+04   4.8334975443741548E-10   3.4578380931929337E-20   2.6890812182927016E+03
   9.7767700000000000E+08   4.0696910187913505E+04   4.7534525615166410E-10   3.4082893497012286E-20   2.6829944737310370E+03
   9.7967700000000000E+08   4.0915884895414616E+04   4.6750254929121724E-10   3.3596551502377803E-20   2.6769259215980942E+03
   9.8167700000000000E+08   4.1135942305859244E+04   4.5981781674477295E-10   3.3119148705505600E-20   2.6708758510296288E+03
   9.8367700000000000E+08   4.1357075755292375E+04   4.5228734517672317E-10   3.2650484431474356E-20   2.6648445418017886E+03
   9.8567700000000000E+08   4.1579279040073678E+04   4.4490752096258577E-10   3.2190363332794544E-20   2.6588322648079170E+03
   9.8767700000000000E+08   4.1802546259647308E+04   4.3767482684938031E-10   3.1738595200148959E-20   2.6528392824665639E+03
   9.8967700000000000E+08   4.2026871633203795E+04   4.3058583896649080E-10   3.1294994797319873E-20   2.6468658490768958E+03
   9.9167700000000000E+08   4.2252249206574947E+04   4.2363722395971304E-10   3.0859381704097315E-20   2.6409122111156603E+03
   9.9367700000000000E+08   4.2478672602049090E+04   4.1682573621923845E-10   3.0431580165181623E-20   2.6349786074650638E+03
   9.9567700000000000E+08   4.2706135287782185E+04   4.1014821557708357E-10   3.0011418972128941E-20   2.6290652696080610E+03
   9.9767700000000000E+08   4.2934631929069212E+04   4.0360158637778099E-10   2.9598731443645442E-20   2.6231724219185171E+03
   9.9967700000000000E+08   4.3164161031325020E+04   3.9718285878769396E-10   2.9193355567129336E-20   2.6173002822551034E+03
   1.0016770000000000E+09   4.3394728221813690E+04   3.9088913199318033E-10   2.8795134276291791E-20   2.6114490630595651E+03
   1.0036770000000000E+09   4.3626349059230255E+04   3.8471759805754878E-10   2.8403915776072859E-20   2.6056189730091810E+03
   1.0056770000000000E+09   4.3859049359826211E+04   3.7866554221397893E-10   2.8019553605381325E-20   2.5998102190543909E+03
   1.0076770000000000E+09   4.4092861405078089E+04   3.7273033223585527E-10   2.7641905893368005E-20   2.5940230083444694E+03
   1.0096770000000000E+09   4.4327816158204689E+04   3.6690940032855510E-10   2.7270834061339975E-20   2.5882575491912535E+03
   1.0116770000000000E+09   4.4563933866809100E+04   3.6120022588058202E-10   2.6906201588533861E-20   2.5825140504291276E+03
   1.0136770000000000E+09   4.4801215950721715E+04   3.5560032286423020E-10   2.6547873124755890E-20   2.5767927191283729E+03
   1.0156770000000000E+09   4.5039640937621836E+04   3.5010723231947969E-10   2.6195713981616663E-20   2.5710937571306490E+03
   1.0176770000000000E+09   4.5279163072491632E+04   3.4471851991740069E-10   2.5849589999731670E-20   2.5654173571383899E+03
   1.0196770000000000E+09   4.5519716218629139E+04   3.3943178174342402E-10   2.5509368027875988E-20   2.5597636989273869E+03
   1.0216770000000000E+09   4.5761225049936089E+04   3.3424465909690091E-10   2.5174917074497595E-20   2.5541329466298412E+03
   1.0236770000000000E+09   4.6003616901149464E+04   3.2915485647812844E-10   2.4846109693764891E-20   2.5485252480344211E+03
   1.0256770000000000E+09   4.6246831425015298E+04   3.2416015519030920E-10   2.4522823038393848E-20   2.5429407359207012E+03
   1.0276770000000000E+09   4.6490826613172590E+04   3.1925842032727896E-10   2.4204939411888567E-20   2.5373795308790209E+03
   1.0296770000000000E+09   4.6735580474567403E+04   3.1444760078468084E-10   2.3892346292824260E-20   2.5318417448912505E+03
   1.0316770000000000E+09   4.6981088925382472E+04   3.0972572359601617E-10   2.3584935929642810E-20   2.5263274849173949E+03
   1.0336770000000000E+09   4.7227361232563679E+04   3.0509088490456516E-10   2.3282604681030440E-20   2.5208368558995080E+03
   1.0356770000000000E+09   4.7474414555202289E+04   3.0054124000824257E-10   2.2985252286782433E-20   2.5153699628588342E+03
   1.0376770000000000E+09   4.7722268865750368E+04   2.9607499438045326E-10   2.2692781213757030E-20   2.5099269120263425E+03
   1.0396770000000000E+09   4.7970943040344260E+04   2.9169039673388534E-10   2.2405096158065789E-20   2.5045078111429038E+03
   1.0416770000000000E+09   4.8220452399173686E+04   2.8738573439184865E-10   2.2122103723537753E-20   2.4991127691682759E+03
   1.0436770000000000E+09   4.8470807587956406E+04   2.8315933067379030E-10   2.1843712253855754E-20   2.4937418956561041E+03
   1.0456770000000000E+09   4.8722014473482217E+04   2.7900954373738184E-10   2.1569831775500618E-20   2.4883953000125248E+03
   1.0476770000000000E+09   4.8974074668320602E+04   2.7493476628659293E-10   2.1300374006078178E-20   2.4830730907900015E+03
   1.0496770000000000E+09   4.9226986348313774E+04   2.7093342565917886E-10   2.1035252390574955E-20   2.4777753751010464E+03
   1.0516770000000000E+09   4.9480745121106571E+04   2.6700398396412826E-10   2.0774382140174005E-20   2.4725022581829771E+03
   1.0536770000000000E+09   4.9735344803161228E+04   2.6314493808835424E-10   2.0517680259733280E-20   2.4672538431094526E+03
   1.0556770000000000E+09   4.9990778043679682E+04   2.5935481950231934E-10   2.0265065558560599E-20   2.4620302306259318E+03
   1.0576770000000000E+09   5.0247036787195888E+04   2.5563219386396941E-10   2.0016458644513282E-20   2.4568315190799085E+03
   1.0596770000000000E+09   5.0504112595033082E+04   2.5197566045625917E-10   1.9771781904233459E-20   2.4516578044180997E+03
   1.0616770000000000E+09   5.0761996856755206E+04   2.4838385150497914E-10   1.9530959473216009E-20   2.4465091802275570E+03
   1.0636770000000000E+09   5.1020680922649663E+04   2.4485543142144079E-10   1.9293917199235716E-20   2.4413857378035109E+03
   1.0656770000000000E+09   5.1280156183015504E+04   2.4138909600628495E-10   1.9060582602011052E-20   2.4362875662320562E+03
   1.0676770000000000E+09   5.1540414113627216E+04   2.3798357164065983E-10   1.8830884831197320E-20   2.4312147524799320E+03
   1.0696770000000000E+09   5.1801446300899683E+04   2.3463761448234247E-10   1.8604754624120068E-20   2.4261673814867722E+03
   1.0716770000000000E+09   5.2063244455877109E+04   2.3135000967775233E-10   1.8382124264139200E-20   2.4211455362571364E+03
   1.0736770000000000E+09   5.2325800423084067E+04   2.2811957059615137E-10   1.8162927540165783E-20   2.4161492979510817E+03
   1.0756770000000000E+09   5.2589106188039354E+04   2.2494513808920748E-10   1.7947099707607203E-20   2.4111787459727625E+03
   1.0776770000000000E+09   5.2853153885551132E+04   2.2182557977682756E-10   1.7734577450835068E-20   2.4062339580570974E+03
   1.0796770000000000E+09   5.3117935809504284E+04   2.1875978935862592E-10   1.7525298847146675E-20   2.4013150103547437E+03
   1.0816770000000000E+09   5.3383444423814821E+04   2.1574668594929935E-10   1.7319203332102585E-20   2.3964219775156403E+03
   1.0836770000000000E+09   5.3649672373586487E+04   2.1278521343571800E-10   1.7116231666084142E-20   2.3915549327713265E+03
   1.0856770000000000E+09   5.3916612495348520E+04   2.0987433985357189E-10   1.6916325901916159E-20   2.3867139480160381E+03
   1.0876770000000000E+09   5.4184257825484077E+04   2.0701305678182226E-10   1.6719429353431129E-20   2.3818990938864886E+03
   1.0896770000000000E+09   5.4452601606395081E+04   2.0420037875382916E-10   1.6525486564900818E-20   2.3771104398400630E+03
   1.0916770000000000E+09   5.4721637290403240E+04   2.0143534268454665E-10   1.6334443281301649E-20   2.3723480542311877E+03
   1.0936770000000000E+09   5.4991358541669033E+04   1.9871700731356703E-10   1.6146246419411372E-20   2.3676120043856076E+03
   1.0956770000000000E+09   5.5261759236497281E+04   1.9604445266387245E-10   1.5960844039740250E-20   2.3629023566723699E+03
   1.0976770000000000E+09   5.5532833462265124E+04   1.9341677951610251E-10   1.5778185319295491E-20   2.3582191765733528E+03
   1.0996770000000000E+09   5.5804575514986456E+04   1.9083310889797126E-10   1.5598220525162861E-20   2.3535625287502312E+03
   1.1016770000000000E+09   5.6076979895281285E+04   1.8829258158828955E-10   1.5420900988874639E-20   2.3489324771087590E+03
   1.1036770000000000E+09   5.6350041302325342E+04   1.8579435763494900E-10   1.5246179081524653E-20   2.3443290848601932E+03
   1.1056770000000000E+09   5.6623754625250556E+04   1.8333761588620658E-10   1.5074008189588845E-20   2.3397524145797015E+03
   1.1076770000000000E+09   5.6898114931453849E+04   1.8092155353465263E-10   1.4904342691413535E-20   2.3352025282614632E+03
   1.1096770000000000E+09   5.7173117451312202E+04   1.7854538567335840E-10   1.4737137934342108E-20   2.3306794873701811E+03
   1.1116770000000000E+09   5.7448757558888930E+04   1.7620834486380456E-10   1.4572350212459399E-20   2.3261833528886332E+03
   1.1136770000000000E+09   5.7725030748301942E+04   1.7390968071530756E-10   1.4409936744942201E-20   2.3217141853609010E+03
   1.1156770000000000E+09   5.8001932605521753E+04   1.7164865947572644E-10   1.4249855655009561E-20   2.3172720449308677E+03
   1.1176770000000000E+09   5.8279458775445550E+04   1.6942456363329627E-10   1.4092065949471564E-20   2.3128569913755714E+03
   1.1196770000000000E+09   5.8557604924167266E+04   1.6723669152943989E-10   1.3936527498875504E-20   2.3084690841330216E+03
   1.1216770000000000E+09   5.8836366696439276E+04   1.6508435698241110E-10   1.3783201018248144E-20   2.3041083823240874E+03
   1.1236770000000000E+09   5.9115739668402093E+04   1.6296688892158477E-10   1.3632048048429420E-20   2.2997749447680717E+03
   1.1256770000000000E+09   5.9395719295741437E+04   1.6088363103217079E-10   1.3483030937989067E-20   2.2954688299916538E+03
   1.1276770000000000E+09   5.9676300857543953E+04   1.5883394141006076E-10   1.3336112825711703E-20   2.2911900962308769E+03
   1.1296770000000000E+09   5.9957479396241462E+04   1.5681719222644461E-10   1.3191257623629078E-20   2.2869388014259284E+03
   1.1316770000000000E+09   6.0239249654175488E+04   1.5483276940175758E-10   1.3048430000570957E-20   2.2827150032085260E+03
   1.1336770000000000E+09   6.0521606007476687E+04   1.5288007228841721E-10   1.2907595366196820E-20   2.2785187588817698E+03
   1.1356770000000000E+09   6.0804542398121543E+04   1.5095851336173549E-10   1.2768719855462961E-20   2.2743501253924546E+03
   1.1376770000000000E+09   6.1088052265226906E+04   1.4906751791828372E-10   1.2631770313469503E-20   2.2702091592958818E+03
   1.1396770000000000E+09   6.1372128476835795E+04   1.4720652378090952E-10   1.2496714280623572E-20   2.2660959167133810E+03
   1.1416770000000000E+09   6.1656763263651468E+04   1.4537498100952303E-10   1.2363519978046473E-20   2.2620104532828655E+03
   1.1436770000000000E+09   6.1941948156365426E+04   1.4357235161670830E-10   1.2232156293145870E-20   2.2579528241028834E+03
   1.1456770000000000E+09   6.2227673928412514E+04   1.4179810928716896E-10   1.2102592765268170E-20   2.2539230836708261E+03
   1.1476770000000000E+09   6.2513930546134965E+04   1.4005173909999815E-10   1.1974799571342966E-20   2.2499212858160954E+03
   1.1496770000000000E+09   6.2800707128448950E+04   1.3833273725277497E-10   1.1848747511430701E-20   2.2459474836292302E+03
   1.1516770000000000E+09   6.3087991918172687E+04   1.3664061078653540E-10   1.1724407994086959E-20   2.2420017293881633E+03
   1.1536770000000000E+09   6.3375772267173154E+04   1.3497487731074786E-10   1.1601753021462164E-20   2.2380840744830043E+03
   1.1556770000000000E+09   6.3664034637399280E+04   1.3333506472755746E-10   1.1480755174066092E-20   2.2341945693408293E+03
   1.1576770000000000E+09   6.3952764619709647E+04   1.3172071095472333E-10   1.1361387595138961E-20   2.2303332633522009E+03
   1.1596770000000000E+09   6.4241946972122372E+04   1.3013136364690354E-10   1.1243623974590456E-20   2.2265002048012102E+03
   1.1616770000000000E+09   6.4531565678749343E+04   1.2856657991518997E-10   1.1127438532489299E-20   2.2226954408009296E+03
   1.1636770000000000E+09   6.4821604030202565E+04   1.2702592604509617E-10   1.1012806002112297E-20   2.2189190172362455E+03
   1.1656770000000000E+09   6.5112044725686093E+04   1.2550897721351932E-10   1.0899701612590604E-20   2.2151709787159843E+03
   1.1676770000000000E+09   6.5402869996320711E+04   1.2401531720555752E-10   1.0788101071223757E-20   2.2114513685362244E+03
   1.1696770000000000E+09   6.5694061748540640E+04   1.2254453813238911E-10   1.0677980545562674E-20   2.2077602286565434E+03
   1.1716770000000000E+09   6.5985601725604778E+04   1.2109624015177769E-10   1.0569316645396849E-20   2.2040975996907687E+03
   1.1736770000000000E+09   6.6277471684504941E+04   1.1967003119305872E-10   1.0462086404810099E-20   2.2004635209135186E+03
   1.1756770000000000E+09   6.6569653584784479E+04   1.1826552668871896E-10   1.0356267264495284E-20   2.1968580302835571E+03
   1.1776770000000000E+09   6.6862129785095531E+04   1.1688234931485906E-10   1.0251837054538789E-20   2.1932811644845428E+03
   1.1796770000000000E+09   6.7154883242742813E+04   1.1552012874291173E-10   1.0148773977897023E-20   2.1897329589833985E+03
   1.1816770000000000E+09   6.7447897711028258E+04   1.1417850140497792E-10   1.0047056594791146E-20   2.1862134481060202E+03
   1.1836770000000000E+09   6.7741157928978457E+04   1.1285711027499213E-10   9.9466638082370855E-21   2.1827226651296360E+03
   1.1856770000000000E+09   6.8034649797993217E+04   1.1155560466768664E-10   9.8475748509109201E-21   2.1792606423905863E+03
   1.1876770000000000E+09   6.8328360540186724E+04   1.1027364005694146E-10   9.7497692735189928E-21   2.1758274114059332E+03
   1.1896770000000000E+09   6.8622278833618911E+04   1.0901087791463986E-10   9.6532269348037219E-21   2.1724230030068252E+03
   1.1916770000000000E+09   6.8916394920291103E+04   1.0776698557060288E-10   9.5579279932691190E-21   2.1690474474812668E+03
   1.1936770000000000E+09   6.9210700683659030E+04   1.0654163609356207E-10   9.4638529006562427E-21   2.1657007747236244E+03
   1.1956770000000000E+09   6.9505189693424720E+04   1.0533450819252281E-10   9.3709823971443433E-21   2.1623830143880491E+03
   1.1976770000000000E+09   6.9799857216510063E+04   1.0414528613725702E-10   9.2792975081971924E-21   2.1590941960429027E+03
   1.1996770000000000E+09   7.0094700194281861E+04   1.0297365969610838E-10   9.1887795429218725E-21   2.1558343493232865E+03
   1.2016770000000000E+09   7.0389717187257018E+04   1.0181932408882475E-10   9.0994100937618430E-21   2.1526035040788984E+03
   1.2036770000000000E+09   7.0684908289607600E+04   1.0068197995174217E-10   9.0111710373068488E-21   2.1494016905146204E+03
   1.2056770000000000E+09   7.0980275016752232E+04   9.9561333312394132E-11   8.9240445359747451E-21   2.1462289393215592E+03
   1.2076770000000000E+09   7.1275820170139079E+04   9.8457095570477193E-11   8.8380130403022359E-21   2.1430852817965811E+03
   1.2096770000000000E+09   7.1571547683964731E+04   9.7368983482079526E-11   8.7530592915739326E-21   2.1399707499487931E+03
   1.2116770000000000E+09   7.1867462459010116E+04   9.6296719144176190E-11   8.6691663245223915E-21   2.1368853765918516E+03
   1.2136770000000000E+09   7.2163570189008344E+04   9.5240029976597655E-11   8.5863174698450352E-21   2.1338291954214437E+03
   1.2156770000000000E+09   7.2459877184989833E+04   9.4198648698952447E-11   8.5044963563039415E-21   2.1308022410776939E+03
   1.2176770000000000E+09   7.2756390202860115E+04   9.3172313300369557E-11   8.4236869122051183E-21   2.1278045491927337E+03
   1.2196770000000000E+09   7.3053116279071575E+04   9.2160767000337042E-11   8.3438733660877714E-21   2.1248361564240067E+03
   1.2216770000000000E+09   7.3350062578644036E+04   9.1163758199423122E-11   8.2650402464976377E-21   2.1218971004742798E+03
   1.2236770000000000E+09   7.3647236259031808E+04   9.0181040419154555E-11   8.1871723807610992E-21   2.1189874200995750E+03
   1.2256770000000000E+09   7.3944644352377014E+04   8.9212372230883642E-11   8.1102548927266554E-21   2.1161071551064711E+03
   1.2276770000000000E+09   7.4242293667679493E+04   8.8257517173982303E-11   8.0342731994863706E-21   2.1132563463403576E+03
   1.2296770000000000E+09   7.4540190713349104E+04   8.7316243664181220E-11   7.9592130071348049E-21   2.1104350356662540E+03
   1.2316770000000000E+09   7.4838341639573278E+04   8.6388324893291408E-11   7.8850603056627189E-21   2.1076432659437942E+03
   1.2336770000000000E+09   7.5136752199060575E+04   8.5473538721840677E-11   7.8118013631121568E-21   2.1048810809978718E+03
   1.2356770000000000E+09   7.5435427723998233E+04   8.4571667566367978E-11   7.7394227191415317E-21   2.1021485255862731E+03
   1.2376770000000000E+09   7.5734373116606395E+04   8.3682498283176930E-11   7.6679111781576198E-21   2.0994456453654266E+03
   1.2396770000000000E+09   7.6033592850474801E+04   8.2805822050299523E-11   7.5972538021696698E-21   2.0967724868551904E+03
   1.2416770000000000E+09   7.6333090979872228E+04   8.1941434249273945E-11   7.5274379035102330E-21   2.0941290974033391E+03
   1.2436770000000000E+09   7.6632871154458175E+04   8.1089134348116885E-11   7.4584510375491327E-21   2.0915155251502420E+03
   1.2456770000000000E+09   7.6932936637167921E+04   8.0248725786607366E-11   7.3902809955049353E-21   2.0889318189939995E+03
   1.2476770000000000E+09   7.7233290323454130E+04   7.9420015864732917E-11   7.3229157974352738E-21   2.0863780285561706E+03
   1.2496770000000000E+09   7.7533934760475968E+04   7.8602815634905163E-11   7.2563436854661360E-21   2.0838542041480969E+03
   1.2516770000000000E+09   7.7834872165221634E+04   7.7796939798326294E-11   7.1905531173002046E-21   2.0813603967377221E+03
   1.2536770000000000E+09   7.8136104440868541E+04   7.7002206605719340E-11   7.1255327600290575E-21   2.0788966579167782E+03
   1.2556770000000000E+09   7.8437633190964349E+04   7.6218437762491255E-11   7.0612714842611406E-21   2.0764630398681256E+03
   1.2576770000000000E+09   7.8739459731258074E+04   7.5445458338283354E-11   6.9977583585665892E-21   2.0740595953330476E+03
   1.2596770000000000E+09   7.9041585099176737E+04   7.4683096680786095E-11   6.9349826442327646E-21   2.0716863775782781E+03
   1.2616770000000000E+09   7.9344010061100562E+04   7.3931184333635812E-11   6.8729337903185008E-21   2.0693434403625561E+03
   1.2636770000000000E+09   7.9646735117688630E+04   7.3189555958168233E-11   6.8116014289908030E-21   2.0670308379024982E+03
   1.2656770000000000E+09   7.9949760507543935E+04   7.2458049258801464E-11   6.7509753711270754E-21   2.0647486248376349E+03
   1.2676770000000000E+09   8.0253086209505418E+04   7.1736504911817255E-11   6.6910456021653389E-21   2.0624968561944361E+03
   1.2696770000000000E+09   8.0556711943804810E+04   7.1024766497339192E-11   6.6318022781871955E-21   2.0602755873492029E+03
   1.2716770000000000E+09   8.0860637172253875E+04   7.0322680434331503E-11   6.5732357222204412E-21   2.0580848739897069E+03
   1.2736770000000000E+09   8.1164861097547400E+04   6.9630095918473376E-11   6.5153364207507915E-21   2.0559247720754693E+03
   1.2756770000000000E+09   8.1469382661706724E+04   6.8946864862780958E-11   6.4580950204336448E-21   2.0537953377965805E+03
   1.2776770000000000E+09   8.1774200543641375E+04   6.8272841840864098E-11   6.4015023249980198E-21   2.0516966275309619E+03
   1.2796770000000000E+09   8.2079313155779193E+04   6.7607884032704517E-11   6.3455492923345228E-21   2.0496286977999775E+03
   1.2816770000000000E+09   8.2384718639685350E+04   6.6951851172842686E-11   6.2902270317592212E-21   2.0475916052222972E+03
   1.2836770000000000E+09   8.2690414860565055E+04   6.6304605500857210E-11   6.2355268014447146E-21   2.0455854064659125E+03
   1.2856770000000000E+09   8.2996399400498092E+04   6.5666011714022947E-11   6.1814400060098385E-21   2.0436101581982064E+03
   1.2876770000000000E+09   8.3302669550181032E+04   6.5035936922040660E-11   6.1279581942598909E-21   2.0416659170339728E+03
   1.2896770000000000E+09   8.3609222298869659E+04   6.4414250603744781E-11   6.0750730570704853E-21   2.0397527394812687E+03
   1.2916770000000000E+09   8.3916054322079872E+04   6.3800824565719522E-11   6.0227764254102579E-21   2.0378706818849630E+03
   1.2936770000000000E+09   8.4223161966464089E+04   6.3195532902784292E-11   5.9710602685004863E-21   2.0360198003678515E+03
   1.2956770000000000E+09   8.4530541231077950E+04   6.2598251960353500E-11   5.9199166921139081E-21   2.0342001507691377E+03
   1.2976770000000000E+09   8.4838187744061739E+04   6.2008860298722851E-11   5.8693379370194385E-21   2.0324117885800792E+03
   1.2996770000000000E+09   8.5146096733633181E+04   6.1427238659363874E-11   5.8193163775824013E-21   2.0306547688765411E+03
   1.3016770000000000E+09   8.5454262992339602E+04   6.0853269933292914E-11   5.7698445205285963E-21   2.0289291462481285E+03
   1.3036770000000000E+09   8.5762680833962091E+04   6.0286839131471334E-11   5.7209150038700426E-21   2.0272349747235746E+03
   1.3056770000000000E+09   8.6071344043523219E+04   5.9727833356927432E-11   5.6725205959649139E-21   2.0255723076920342E+03
   1.3076770000000000E+09   8.6380245822798490E+04   5.9176141777815570E-11   5.6246541946385689E-21   2.0239411978199855E+03
   1.3096770000000000E+09   8.6689378736744489E+04   5.8631655599905089E-11   5.5773088262226149E-21   2.0223416969636821E+03
   1.3116770000000000E+09   8.6998734670324251E+04   5.8094268036039715E-11   5.5304776442765474E-21   2.0207738560774105E+03
   1.3136770000000000E+09   8.7308304809970694E+04   5.7563874269037011E-11   5.4841539276515302E-21   2.0192377251184005E+03
   1.3156770000000000E+09   8.7618079668499893E+04   5.7040371403538736E-11   5.4383310774605463E-21   2.0177333529500515E+03
   1.3176770000000000E+09   8.7928049175174732E+04   5.6523658401848323E-11   5.3930026124692940E-21   2.0162607872461331E+03
   1.3196770000000000E+09   8.8238202851794340E+04   5.6013635999291430E-11   5.3481621624652095E-21   2.0148200743996804E+03
   1.3216770000000000E+09   8.8548530089001593E+04   5.5510206596583228E-11   5.3038034593446021E-21   2.0134112594412304E+03
   1.3236770000000000E+09   8.8859020522827428E+04   5.5013274130417227E-11   5.2599203260136949E-21   2.0120343859714712E+03
   1.3256770000000000E+09   8.9169664489788920E+04   5.4522743928902324E-11   5.2165066637205607E-21   2.0106894961129810E+03
   1.3276770000000000E+09   8.9480453512255976E+04   5.4038522564830008E-11   5.1735564390524317E-21   2.0093766304841158E+03
   1.3296770000000000E+09   8.9791380740154433E+04   5.3560517725545385E-11   5.1310636724023576E-21   2.0080958281952758E+03
   1.3316770000000000E+09   9.0102441259146552E+04   5.3088638121298485E-11   5.0890224300258952E-21   2.0068471268637361E+03
   1.3336770000000000E+09   9.0413632178896209E+04   5.2622793452128313E-11   5.0474268216536009E-21   2.0056305626387925E+03
   1.3356770000000000E+09   9.0724952444990486E+04   5.2162894445082760E-11   5.0062710048490631E-21   2.0044461702251845E+03
   1.3376770000000000E+09   9.1036402374617886E+04   5.1708852959176768E-11   4.9655491959250878E-21   2.0032939828908184E+03
   1.3396770000000000E+09   9.1347982988885502E+04   5.1260582137716731E-11   4.9252556855136599E-21   2.0021740324460709E+03
   1.3416770000000000E+09   9.1659695282668676E+04   5.0817996571668268E-11   4.8853848553271946E-21   2.0010863491866464E+03
   1.3436770000000000E+09   9.1971539609332845E+04   5.0381012430016233E-11   4.8459311918688198E-21   2.0000309617996513E+03
   1.3456770000000000E+09   9.2283515340155573E+04   4.9949547518609922E-11   4.8068892933444727E-21   1.9990078972411688E+03
   1.3476770000000000E+09   9.2595620880822345E+04   4.9523521248823241E-11   4.7682538679110327E-21   1.9980171806005153E+03
   1.3496770000000000E+09   9.2907854009465213E+04   4.9102854526388845E-11   4.7300197241836743E-21   1.9970588349688214E+03
   1.3516770000000000E+09   9.3220212385202394E+04   4.8687469598551221E-11   4.6921817576214922E-21   1.9961328813261794E+03
   1.3536770000000000E+09   9.3532694014442532E+04   4.8277289912044302E-11   4.6547349378330966E-21   1.9952393384532813E+03
   1.3556770000000000E+09   9.3845297489335091E+04   4.7872240027275349E-11   4.6176743012005432E-21   1.9943782228631958E+03
   1.3576770000000000E+09   9.4158021924199245E+04   4.7472245606887774E-11   4.5809949506256279E-21   1.9935495487411656E+03
   1.3596770000000000E+09   9.4470866661904001E+04   4.7077233461516659E-11   4.5446920607947616E-21   1.9927533278784865E+03
   1.3616770000000000E+09   9.4783830928261959E+04   4.6687131609769159E-11   4.5087608848475848E-21   1.9919895695913772E+03
   1.3636770000000000E+09   9.5096913619517945E+04   4.6301869307197603E-11   4.4731967580798310E-21   1.9912582806246771E+03
   1.3656770000000000E+09   9.5410113311221110E+04   4.5921377021568187E-11   4.4379950964581665E-21   1.9905594650481660E+03
   1.3676770000000000E+09   9.5723428435413705E+04   4.5545586365391001E-11   4.4031513909697648E-21   1.9898931241559819E+03
   1.3696770000000000E+09   9.6036857477006532E+04   4.5174430020478138E-11   4.3686612011457790E-21   1.9892592563758722E+03
   1.3716770000000000E+09   9.6350399050701046E+04   4.4807841688510348E-11   4.3345201510484688E-21   1.9886578571877619E+03
   1.3736770000000000E+09   9.6664051823715563E+04   4.4445756078451107E-11   4.3007239287925052E-21   1.9880889190454795E+03
   1.3756770000000000E+09   9.6977814366220104E+04   4.4088108914202210E-11   4.2672682880157361E-21   1.9875524312950954E+03
   1.3776770000000000E+09   9.7291685052551926E+04   4.3734836934695559E-11   4.2341490486150039E-21   1.9870483800878706E+03
   1.3796770000000000E+09   9.7605662076262655E+04   4.3385877870630028E-11   4.2013620952083643E-21   1.9865767482912397E+03
   1.3816770000000000E+09   9.7919743538279989E+04   4.3041170405239709E-11   4.1689033740239300E-21   1.9861375154031941E+03
   1.3836770000000000E+09   9.8233927508446344E+04   4.2700654140662452E-11   4.1367688902981948E-21   1.9857306574726940E+03
   1.3856770000000000E+09   9.8548211981678905E+04   4.2364269587108014E-11   4.1049547078572596E-21   1.9853561470239870E+03
   1.3876770000000000E+09   9.8862594687036340E+04   4.2031958180791705E-11   4.0734569514747039E-21   1.9850139529792079E+03
   1.3896770000000000E+09   9.9177072617123384E+04   4.1703662346614846E-11   4.0422718135750411E-21   1.9847040405709745E+03
   1.3916770000000000E+09   9.9491640720652096E+04   4.1379325689197317E-11   4.0113955734261818E-21   1.9844263712270947E+03
   1.3936770000000000E+09   9.9806288060067309E+04   4.1058893580501252E-11   3.9808246549371521E-21   1.9841809023756512E+03
   1.3956770000000000E+09   1.0012098696474941E+05   4.0742314855146340E-11   3.9505557923155922E-21   1.9839675870253955E+03
   1.3976770000000000E+09   1.0043566428622779E+05   4.0429546348738958E-11   3.9205864726259211E-21   1.9837863727495576E+03
   1.3996770000000000E+09   1.0075013017151233E+05   4.0120564215544820E-11   3.8909160387584541E-21   1.9836371991888452E+03
   1.4016770000000000E+09   1.0106391428013191E+05   3.9815390124221848E-11   3.8615482420513123E-21   1.9835199921196588E+03
   1.4036770000000000E+09   1.0137592105521998E+05   3.9514146859566863E-11   3.8324966610266198E-21   1.9834346501192435E+03
   1.4056770000000000E+09   1.0168377925325630E+05   3.9217164435184314E-11   3.8037950461324033E-21   1.9833810165774353E+03
   1.4076770000000000E+09   1.0198277734348769E+05   3.8925156524319899E-11   3.7755145307489801E-21   1.9833588255496004E+03
   1.4096770000000000E+09   1.0226444076419974E+05   3.8639461720113954E-11   3.7477871979595881E-21   1.9833676066846419E+03
   1.4116770000000000E+09   1.0251518648749814E+05   3.8362280211332273E-11   3.7208292838083756E-21   1.9834065368822835E+03
   1.4136770000000000E+09   1.0271586929055813E+05   3.8096760298081235E-11   3.6949498832123703E-21   1.9834742408143325E+03
   1.4156770000000000E+09   1.0284254716692654E+05   3.7846835678221927E-11   3.6705354930855172E-21   1.9835685698369014E+03
   1.4176770000000000E+09   1.0286622891932796E+05   3.7617114079260301E-11   3.6480394679056687E-21   1.9836864070404301E+03
   1.4196770000000000E+09   1.0274585515101501E+05   3.7413812210837397E-11   3.6280729006922646E-21   1.9838234912878359E+03
   1.4216770000000000E+09   1.0241262543693035E+05   3.7247493731528588E-11   3.6116706382711578E-21   1.9839740562549393E+03
   1.4236770000000000E+09   1.0176728240996104E+05   3.7134786693652319E-11   3.6004593165011939E-21   1.9841298788919603E+03
   1.4256770000000000E+09   1.0073967326030941E+05   3.7090293888330507E-11   3.5958754172996547E-21   1.9842788770226152E+03
   1.4276770000000000E+09   9.9411777829143801E+04   3.7104390470386964E-11   3.5970120155279051E-21   1.9844057857918663E+03
   1.4296770000000000E+09   9.8047256043843721E+04   3.7130862869788555E-11   3.5994093823779437E-21   1.9844989290948231E+03
   1.4316770000000000E+09   9.6865679420852292E+04   3.7121611429404807E-11   3.5984039069412375E-21   1.9845588516292203E+03
   1.4336770000000000E+09   9.5846075583241982E+04   3.7080539342954669E-11   3.5943561812186259E-21   1.9845955023338051E+03
   1.4356770000000000E+09   9.4622179535728574E+04   3.7018299298043494E-11   3.5882886619752568E-21   1.9846145046529739E+03
   6.5767700000000000E+08  -5.0933306897782450E+03   3.8270823303142764E-13   3.9651677798276600E-24   1.1701561591790521E+03
   6.5967700000000000E+08  -4.3937219840170837E+03   6.7006595755903854E-13   6.6144763069198070E-24   1.2281733671387133E+03
   6.6167700000000000E+08  -3.7155225763036260E+03   9.8565043175499194E-13   9.3641808809752579E-24   1.2761176303293576E+03
   6.6367700000000000E+08  -2.9593740985933314E+03   1.3241298395929744E-12   1.2253562739265588E-23   1.3101040227750750E+03
   6.6567700000000000E+08  -2.0436819490786395E+03   1.6695701381128174E-12   1.5139988294239092E-23   1.3369547706774592E+03
   6.6767700000000000E+08  -1.1063879461151025E+03   2.0241368296825577E-12   1.8047989951386096E-23   1.3597172675845429E+03
   6.6967700000000000E+08  -3.1242425463424979E+02   2.4057750423279449E-12   2.1058651767865554E-23   1.3850391148187350E+03
   6.7167700000000000E+08  -5.9858016708268188E+01   2.8636406883437607E-12   2.4196417138796989E-23   1.4348451953973922E+03
   6.7367700000000000E+08  -1.6557454126728396E+03   3.5173992746977349E-12   2.6669119673666510E-23   1.5990077762528651E+03
   6.7567700000000000E+08  -8.1327693156448340E+03   4.6297951185399673E-12   2.7595500624274177E-23   2.0340474589042599E+03
   6.7767700000000000E+08  -2.1089512552651555E+04   6.3850173344440360E-12   2.9495290991369462E-23   2.6245024457907066E+03
   6.7967700000000000E+08  -3.7873981107119733E+04   8.8699455314135489E-12   3.4567954141127458E-23   3.1108914842405238E+03
   6.8167700000000000E+08  -5.4569966712422007E+04   1.2367696237949804E-11   4.4151158067836035E-23   3.3961299274157623E+03
   6.8367700000000000E+08  -6.7120720452110458E+04   1.7319031405043906E-11   5.9991333605189196E-23   3.5000372757650125E+03
   6.8567700000000000E+08  -7.3402540024649570E+04   2.4244725895877751E-11   8.4361352065446007E-23   3.4842662419753879E+03
   6.8767700000000000E+08  -7.3806257918124960E+04   3.3678083008690798E-11   1.1981424547057329E-22   3.4078187823775870E+03
   6.8967700000000000E+08  -7.0111751337654365E+04   4.6082305612981124E-11   1.6870188741952621E-22   3.3117065319244871E+03
   6.9167700000000000E+08  -6.4237489466922198E+04   6.1744529926601152E-11   2.3252443721584046E-22   3.2193446501687599E+03
   6.9367700000000000E+08  -5.7588574696594442E+04   8.0665914671117517E-11   3.1130428753612728E-22   3.1415396598905713E+03
   6.9567700000000000E+08  -5.0925054702478665E+04   1.0249643427696154E-10   4.0326447420254524E-22   3.0814588968873513E+03
   6.9767700000000000E+08  -4.4509110229694743E+04   1.2656048762001773E-10   5.0500523523017340E-22   3.0383643058685543E+03
   6.9967700000000000E+08  -3.8323134819867722E+04   1.5197295679798594E-10   6.1212649374554086E-22   3.0099738511337005E+03
   7.0167700000000000E+08  -3.2241411323379914E+04   1.7779709876861903E-10   7.2003259414495413E-22   2.9937125640210279E+03
   7.0367700000000000E+08  -2.6129355713492696E+04   2.0318452866443298E-10   8.2462583491118483E-22   2.9872480434664699E+03
   7.0567700000000000E+08  -1.9887866346891009E+04   2.2746049374877320E-10   9.2271787770112406E-22   2.9886470462417587E+03
   7.0767700000000000E+08  -1.3465010012634370E+04   2.5014966008472138E-10   1.0121448326421456E-21   2.9963658669693627E+03
   7.0967700000000000E+08  -6.8508343890298347E+03   2.7095910937487441E-10   1.0916727114286274E-21   3.0091849984597370E+03
   7.1167700000000000E+08  -6.4638785038876165E+01   2.8974119493230470E-10   1.1608048259888305E-21   3.0261372967363122E+03
   7.1367700000000000E+08   6.8731815217910889E+03   3.0646344328543986E-10   1.2196142349466165E-21   3.0464480626578224E+03
   7.1567700000000000E+08   1.3908634593800954E+04   3.2112126406826993E-10   1.2683377722673591E-21   3.0695288860085961E+03
   7.1767700000000000E+08   2.0955100512377227E+04   3.3376612428365051E-10   1.3074780465255505E-21   3.0948915591429154E+03
   7.1967700000000000E+08   2.7958430119158013E+04   3.4453417269637637E-10   1.3379490115144640E-21   3.1219815146274241E+03
   7.2167700000000000E+08   3.4894556073398198E+04   3.5354021527570543E-10   1.3605532292712359E-21   3.1503649782527445E+03
   7.2367700000000000E+08   4.1741556847942920E+04   3.6089762574207146E-10   1.3760555865023166E-21   3.1796962409870625E+03
   7.2567700000000000E+08   4.8481726475339441E+04   3.6671733760564252E-10   1.3851764410444512E-21   3.2096962347213703E+03
   7.2767700000000000E+08   5.5102698015388727E+04   3.7110826936813443E-10   1.3885921482612686E-21   3.2401380398801039E+03
   7.2967700000000000E+08   6.1597837813309809E+04   3.7417824374746976E-10   1.3869385657697998E-21   3.2708369411029994E+03
   7.3167700000000000E+08   6.7966070729999847E+04   3.7603478896856190E-10   1.3808148914091741E-21   3.3016432877926500E+03
   7.3367700000000000E+08   7.4211274193882127E+04   3.7678546025893073E-10   1.3707863477914760E-21   3.3324370272493175E+03
   7.3567700000000000E+08   8.0341379228202102E+04   3.7653753519020021E-10   1.3573851168537562E-21   3.3631232134090151E+03
   7.3767700000000000E+08   8.6367319861842770E+04   3.7539712386484932E-10   1.3411096270755507E-21   3.3936280992920506E+03
   7.3967700000000000E+08   9.2301966165681253E+04   3.7346786906241882E-10   1.3224227525929930E-21   3.4238956262803217E+03
   7.4167700000000000E+08   9.8159155834178673E+04   3.7084947754547866E-10   1.3017496783883460E-21   3.4538842484916781E+03
   7.4367700000000000E+08   1.0395289645175934E+05   3.6763632079279283E-10   1.2794761418388311E-21   3.4835640928839875E+03
   7.4567700000000000E+08   1.0969676997666631E+05   3.6391628709715831E-10   1.2559475487875382E-21   3.5129144743288180E+03
   7.4767700000000000E+08   1.1540353451749802E+05   3.5976998844325146E-10   1.2314691958963002E-21   3.5419217779028836E+03
   7.4967700000000000E+08   1.2108489527258409E+05   3.5527034861752840E-10   1.2063075884718816E-21   3.5705777029538935E+03
   7.5167700000000000E+08   1.2675140595883553E+05   3.5048254047552432E-10   1.1806926741936776E-21   3.5988778453123823E+03
   7.5367700000000000E+08   1.3241246153204195E+05   3.4546420581531463E-10   1.1548207288699458E-21   3.6268205806514839E+03
   7.5567700000000000E+08   1.3807634841827158E+05   3.4026587875324774E-10   1.1288576168496607E-21   3.6544062050307575E+03
   7.5767700000000000E+08   1.4375032631450600E+05   3.3493153669981249E-10   1.1029421816005477E-21   3.6816362874246929E+03
   7.5967700000000000E+08   1.4944072346234240E+05   3.2949921514333160E-10   1.0771895771791295E-21   3.7085131918877937E+03
   7.6167700000000000E+08   1.5515303389098644E+05   3.2400163785848309E-10   1.0516944107567241E-21   3.7350397321899627E+03
   7.6367700000000000E+08   1.6089201005337332E+05   3.1846682916339726E-10   1.0265336191783445E-21   3.7612189278384653E+03
   7.6567700000000000E+08   1.6666174763153796E+05   3.1291868751822029E-10   1.0017690439653982E-21   3.7870538364156091E+03
   7.6767700000000000E+08   1.7246576137492782E+05   3.0737750944123603E-10   9.7744969855835960E-22   3.8125474425564366E+03
   7.6967700000000000E+08   1.7830705201399661E+05   3.0186045953773132E-10   9.5361374046163611E-22   3.8377025884359246E+03
   7.7167700000000000E+08   1.8418816487368447E+05   2.9638198687581036E-10   9.3029017166040445E-22   3.8625219343010385E+03
   7.7367700000000000E+08   1.9011124103524731E+05   2.9095419058404567E-10   9.0750029560552504E-22   3.8870079404501780E+03
   7.7567700000000000E+08   1.9607806192448389E+05   2.8558713892472370E-10   8.8525896021256398E-22   3.9111628642578007E+03
   7.7767700000000000E+08   2.0209008814348522E+05   2.8028914664655320E-10   8.6357561521196711E-22   3.9349887675000618E+03
   7.7967700000000000E+08   2.0814849327142359E+05   2.7506701546202101E-10   8.4245520987843589E-22   3.9584875304797351E+03
   7.8167700000000000E+08   2.1425419326835551E+05   2.6992624224819627E-10   8.2189895434739233E-22   3.9816608703769311E+03
   7.8367700000000000E+08   2.2040787203730014E+05   2.6487119917980173E-10   8.0190496481209066E-22   4.0045103619460920E+03
   7.8567700000000000E+08   2.2661000363670557E+05   2.5990528955864951E-10   7.8246881011835751E-22   4.0270374591997324E+03
   7.8767700000000000E+08   2.3286087158569679E+05   2.5503108265556761E-10   7.6358397474807882E-22   4.0492435171104298E+03
   7.8967700000000000E+08   2.3916058566429775E+05   2.5025043045727288E-10   7.4524225094888643E-22   4.0711298126571660E+03
   7.9167700000000000E+08   2.4550909657622641E+05   2.4556456882417777E-10   7.2743407082719466E-22   4.0926975647641666E+03
   7.9367700000000000E+08   2.5190620880970324E+05   2.4097420522032898E-10   7.1014878755557051E-22   4.1139479528470201E+03
   7.9567700000000000E+08   2.5835159199995178E+05   2.3647959487339882E-10   6.9337491342529486E-22   4.1348821338050520E+03
   7.9767700000000000E+08   2.6484479106470116E+05   2.3208060695836736E-10   6.7710032127041265E-22   4.1555012573900367E+03
   7.9967700000000000E+08   2.7138523535078974E+05   2.2777678216980186E-10   6.6131241477135325E-22   4.1758064799468020E+03
   8.0167700000000000E+08   2.7797224699638784E+05   2.2356738285063326E-10   6.4599827228742666E-22   4.1957989765669490E+03
   8.0367700000000000E+08   2.8460504868007678E+05   2.1945143667632906E-10   6.3114476814449095E-22   4.2154799517270749E+03
   8.0567700000000000E+08   2.9128277089597035E+05   2.1542777474888406E-10   6.1673867469616557E-22   4.2348506485015714E+03
   8.0767700000000000E+08   2.9800445886406215E+05   2.1149506483185063E-10   6.0276674796623834E-22   4.2539123564498950E+03
   8.0967700000000000E+08   3.0476907915770268E+05   2.0765184035285349E-10   5.8921579925114759E-22   4.2726664182818831E+03
   8.1167700000000000E+08   3.1157552610616200E+05   2.0389652571105034E-10   5.7607275470144691E-22   4.2911142354039202E+03
   8.1367700000000000E+08   3.1842262800984021E+05   2.0022745835153543E-10   5.6332470459892181E-22   4.3092572724450465E+03
   8.1567700000000000E+08   3.2530915318901092E+05   1.9664290800472080E-10   5.5095894379204164E-22   4.3270970608568168E+03
   8.1767700000000000E+08   3.3223381587400904E+05   1.9314109343449698E-10   5.3896300453875889E-22   4.3446352016744013E+03
   8.1967700000000000E+08   3.3919528193520289E+05   1.8972019699298607E-10   5.2732468282565926E-22   4.3618733675199837E+03
   8.2167700000000000E+08   3.4619217444470740E+05   1.8637837724064653E-10   5.1603205908053729E-22   4.3788133039231943E+03
   8.2367700000000000E+08   3.5322307905819640E+05   1.8311377985728305E-10   5.0507351406699865E-22   4.3954568300274486E+03
   8.2567700000000000E+08   3.6028654920388077E+05   1.7992454704124863E-10   4.9443774064086977E-22   4.4118058387457741E+03
   8.2767700000000000E+08   3.6738111106631218E+05   1.7680882557004384E-10   4.8411375195590716E-22   4.4278622964250026E+03
   8.2967700000000000E+08   3.7450526835470402E+05   1.7376477367494612E-10   4.7409088662782051E-22   4.4436282420731532E+03
   8.3167700000000000E+08   3.8165750684840482E+05   1.7079056686475117E-10   4.6435881129894134E-22   4.4591057862011130E+03
   8.3367700000000000E+08   3.8883629871558043E+05   1.6788440281870663E-10   4.5490752098908217E-22   4.4742971093266015E+03
   8.3567700000000000E+08   3.9604010660477966E+05   1.6504450545585082E-10   4.4572733756966645E-22   4.4892044601853468E+03
   8.3767700000000000E+08   4.0326738751234132E+05   1.6226912827694729E-10   4.3680890665685884E-22   4.5038301536916542E+03
   8.3967700000000000E+08   4.1051659643136116E+05   1.5955655706568397E-10   4.2814319318395279E-22   4.5181765686876824E+03
   8.4167700000000000E+08   4.1778618979000440E+05   1.5690511202753702E-10   4.1972147588269673E-22   4.5322461455180101E+03
   8.4367700000000000E+08   4.2507462868809659E+05   1.5431314943742633E-10   4.1153534087669165E-22   4.5460413834630181E+03
   8.4567700000000000E+08   4.3238038194118859E+05   1.5177906286081177E-10   4.0357667456668359E-22   4.5595648380617067E+03
   8.4767700000000000E+08   4.3970192894067592E+05   1.4930128400700103E-10   3.9583765596688046E-22   4.5728191183512345E+03
   8.4967700000000000E+08   4.4703776233721751E+05   1.4687828326799937E-10   3.8831074863273567E-22   4.5858068840472915E+03
   8.5167700000000000E+08   4.5438639055280061E+05   1.4450856999112046E-10   3.8098869230357900E-22   4.5985308426861448E+03
   8.5367700000000000E+08   4.6174634012459032E+05   1.4219069252868066E-10   3.7386449436765343E-22   4.6109937467458294E+03
   8.5567700000000000E+08   4.6911615788142569E+05   1.3992323810338888E-10   3.6693142124234748E-22   4.6231983907610229E+03
   8.5767700000000000E+08   4.7649441295176558E+05   1.3770483252346398E-10   3.6018298974851533E-22   4.6351476084430897E+03
   8.5967700000000000E+08   4.8387969860021508E+05   1.3553413977709055E-10   3.5361295854473799E-22   4.6468442698143235E+03
   8.6167700000000000E+08   4.9127063388872915E+05   1.3340986153157255E-10   3.4721531967518272E-22   4.6582912783631555E+03
   8.6367700000000000E+08   4.9866586515828007E+05   1.3133073655850494E-10   3.4098429027342786E-22   4.6694915682252376E+03
   8.6567700000000000E+08   5.0606406732724764E+05   1.2929554010251794E-10   3.3491430445432774E-22   4.6804481013940840E+03
   8.6767700000000000E+08   5.1346394500399911E+05   1.2730308320770435E-10   3.2900000541680477E-22   4.6911638649638962E+03
   8.6967700000000000E+08   5.2086423341305304E+05   1.2535221201275740E-10   3.2323623777240915E-22   4.7016418684067248E+03
   8.7167700000000000E+08   5.2826369913666276E+05   1.2344180702317792E-10   3.1761804010768305E-22   4.7118851408859982E+03
   8.7367700000000000E+08   5.3566114067640470E+05   1.2157078236666973E-10   3.1214063778281970E-22   4.7218967286084835E+03
   8.7567700000000000E+08   5.4305538884227758E+05   1.1973808503604108E-10   3.0679943596477927E-22   4.7316796922172507E+03
   8.7767700000000000E+08   5.5044530697966786E+05   1.1794269412254215E-10   3.0159001288985521E-22   4.7412371042285331E+03
   8.7967700000000000E+08   5.5782979104709532E+05   1.1618362004158921E-10   2.9650811334859723E-22   4.7505720465161048E+03
   8.8167700000000000E+08   5.6520776955982775E+05   1.1445990375218121E-10   2.9154964238481149E-22   4.7596876078472123E+03
   8.8367700000000000E+08   5.7257820341624692E+05   1.1277061597095550E-10   2.8671065919990950E-22   4.7685868814746736E+03
   8.8567700000000000E+08   5.7994008562534291E+05   1.1111485638165833E-10   2.8198737125391486E-22   4.7772729627900717E+03
   8.8767700000000000E+08   5.8729244095567253E+05   1.0949175284069188E-10   2.7737612855460775E-22   4.7857489470433311E+03
   8.8967700000000000E+08   5.9463432553006057E+05   1.0790046057909873E-10   2.7287341812597738E-22   4.7940179271341403E+03
   8.9167700000000000E+08   6.0196482639997825E+05   1.0634016140044278E-10   2.6847585864530527E-22   4.8020829914811402E+03
   8.9367700000000000E+08   6.0928306115676532E+05   1.0481006287170821E-10   2.6418019523272183E-22   4.8099472219757499E+03
   8.9567700000000000E+08   6.1658817768844659E+05   1.0330939749915154E-10   2.5998329436444111E-22   4.8176136920294593E+03
   8.9767700000000000E+08   6.2387935429566656E+05   1.0183742187083266E-10   2.5588213885566241E-22   4.8250854647277738E+03
   8.9967700000000000E+08   6.3115580056973791E+05   1.0039341572991389E-10   2.5187382281543891E-22   4.8323655911114220E+03
   9.0167700000000000E+08   6.3841675972876395E+05   9.8976680917368645E-11   2.4795554641288994E-22   4.8394571086172136E+03
   9.0367700000000000E+08   6.4566151344842184E+05   9.7586540097043345E-11   2.4412461023115167E-22   4.8463630397262123E+03
   9.0567700000000000E+08   6.5288939036328334E+05   9.6222335175897504E-11   2.4037840898705440E-22   4.8530863908819465E+03
   9.0767700000000000E+08   6.6009977875095850E+05   9.4883425413497797E-11   2.3671442459931542E-22   4.8596301517476859E+03
   9.0967700000000000E+08   6.6729214145370363E+05   9.3569185460305494E-11   2.3313021920034791E-22   4.8659972948563418E+03
   9.1167700000000000E+08   6.7446602591654041E+05   9.2279004034451553E-11   2.2962342985296626E-22   4.8721907756513929E+03
   9.1367700000000000E+08   6.8162105491428077E+05   9.1012284548807238E-11   2.2619176821798961E-22   4.8782135327944525E+03
   9.1567700000000000E+08   6.8875687855729740E+05   8.9768449299675303E-11   2.2283302914332438E-22   4.8840684883702361E+03
   9.1767700000000000E+08   6.9587307516159059E+05   8.8546947988408075E-11   2.1954511004841841E-22   4.8897585471683797E+03
   9.1967700000000000E+08   7.0296901795002609E+05   8.7347268585839916E-11   2.1632603615463666E-22   4.8952865935757163E+03
   9.2167700000000000E+08   7.1004377359420434E+05   8.6168944353534069E-11   2.1317397629669110E-22   4.9006554841739699E+03
   9.2367700000000000E+08   7.1709613253012835E+05   8.5011548421213125E-11   2.1008722815866637E-22   4.9058680353057216E+03
   9.2567700000000000E+08   7.2412483224289701E+05   8.3874671466736045E-11   2.0706416201532207E-22   4.9109270087582399E+03
   9.2767700000000000E+08   7.3112889343640930E+05   8.2757890886086151E-11   2.0410314354042571E-22   4.9158351051178242E+03
   9.2967700000000000E+08   7.3810783874982444E+05   8.1660752018956408E-11   2.0120248598575040E-22   4.9205949771712949E+03
   9.3167700000000000E+08   7.4506164356044109E+05   8.0582772687815548E-11   1.9836045942713310E-22   4.9252092597744531E+03
   9.3367700000000000E+08   7.5199057693923381E+05   7.9523454927705459E-11   1.9557531769013777E-22   4.9296806012124753E+03
   9.3567700000000000E+08   7.5889544556027232E+05   7.8482247486572317E-11   1.9284520459384111E-22   4.9340116864017646E+03
   9.3767700000000000E+08   7.6577905618507299E+05   7.7458361278373871E-11   1.9016770165914138E-22   4.9382052103146671E+03
   9.3967700000000000E+08   7.7264878112721292E+05   7.6450470810320841E-11   1.8753909943687526E-22   4.9422638191864271E+03
   9.4167700000000000E+08   7.7951747706338414E+05   7.5456662322720331E-11   1.8495427036749914E-22   4.9461902194891936E+03
   9.4367700000000000E+08   7.8639932767053496E+05   7.4475006698983047E-11   1.8240806284969844E-22   4.9499875435596523E+03
   9.4567700000000000E+08   7.9330160870124609E+05   7.3504533762061120E-11   1.7989767605179315E-22   4.9536596058728592E+03
   9.4767700000000000E+08   8.0021866231258097E+05   7.2545814210618186E-11   1.7742408593246974E-22   4.9572105942194185E+03
   9.4967700000000000E+08   8.0713360320111411E+05   7.1600594226974260E-11   1.7499116740828289E-22   4.9606442675545932E+03
   9.5167700000000000E+08   8.1402656994764716E+05   7.0670778528435439E-11   1.7260323381078446E-22   4.9639629776801385E+03
   9.5367700000000000E+08   8.2088746785092738E+05   6.9757986565822365E-11   1.7026379001068598E-22   4.9671723224870912E+03
   9.5567700000000000E+08   8.2766921773754584E+05   6.8865364277132766E-11   1.6798074179383215E-22   4.9702580877735663E+03
   9.5767700000000000E+08   8.3432263322840910E+05   6.7998109261332811E-11   1.6576534600369736E-22   4.9732544376932574E+03
   9.5967700000000000E+08   8.4092083569996315E+05   6.7147629507424050E-11   1.6359756972316491E-22   4.9761266350883989E+03
   9.6167700000000000E+08   8.4748213134095678E+05   6.6311826964070922E-11   1.6147150145178373E-22   4.9788918880202509E+03
   9.6367700000000000E+08   8.5401253065461875E+05   6.5489802340753228E-11   1.5938471267695986E-22   4.9815512433599642E+03
   9.6567700000000000E+08   8.6051368564159400E+05   6.4681114230328713E-11   1.5733588757910828E-22   4.9841061650649362E+03
   9.6767700000000000E+08   8.6698606382762815E+05   6.3885445441099037E-11   1.5532400819584790E-22   4.9865585696925336E+03
   9.6967700000000000E+08   8.7342978881933540E+05   6.3102518245128706E-11   1.5334815867120557E-22   4.9889104881721578E+03
   9.7167700000000000E+08   8.7984487238733808E+05   6.2332072964915025E-11   1.5140747618279842E-22   4.9911639571420355E+03
   9.7367700000000000E+08   8.8623129238152248E+05   6.1573860642273814E-11   1.4950113348855544E-22   4.9933209929834356E+03
   9.7567700000000000E+08   8.9258902388346801E+05   6.0827639681130190E-11   1.4762833053041948E-22   4.9953835859679348E+03
   9.7767700000000000E+08   8.9891805206243519E+05   6.0093174344554594E-11   1.4578829042862483E-22   4.9973536989880695E+03
   9.7967700000000000E+08   9.0521837683195714E+05   5.9370234214476433E-11   1.4398025780228561E-22   4.9992332673691781E+03
   9.8167700000000000E+08   9.1149001382614858E+05   5.8658594051929569E-11   1.4220349807200687E-22   5.0010241989366996E+03
   9.8367700000000000E+08   9.1773299349680950E+05   5.7958033789514486E-11   1.4045729709480976E-22   5.0027283742214868E+03
   9.8567700000000000E+08   9.2394735930291854E+05   5.7268338545376557E-11   1.3874096086478940E-22   5.0043476467052278E+03
   9.8767700000000000E+08   9.3013316589652351E+05   5.6589298600909677E-11   1.3705381514262848E-22   5.0058838429709849E+03
   9.8967700000000000E+08   9.3629047734580282E+05   5.5920709363266003E-11   1.3539520506411609E-22   5.0073387627694847E+03
   9.9167700000000000E+08   9.4241936396171676E+05   5.5262371439692065E-11   1.3376449503177933E-22   5.0087141791012009E+03
   9.9367700000000000E+08   9.4851989536201709E+05   5.4614090995306444E-11   1.3216106930214556E-22   5.0100118383821364E+03
   9.9567700000000000E+08   9.5459212802914705E+05   5.3975680472083929E-11   1.3058433345488757E-22   5.0112334607116964E+03
   9.9767700000000000E+08   9.6063608870099951E+05   5.3346959477438566E-11   1.2903371628157491E-22   5.0123807401434860E+03
   9.9967700000000000E+08   9.6665176023314823E+05   5.2727755282986499E-11   1.2750867074952745E-22   5.0134553446105310E+03
   1.0016770000000000E+09   9.7263908048225578E+05   5.2117902201500952E-11   1.2600867227221898E-22   5.0144589154861778E+03
   1.0036770000000000E+09   9.7859796647634765E+05   5.1517239165965883E-11   1.2453321266587814E-22   5.0153930663257324E+03
   1.0056770000000000E+09   9.8452836757126637E+05   5.0925605570802400E-11   1.2308178992157391E-22   5.0162593815486043E+03
   1.0076770000000000E+09   9.9043033696814592E+05   5.0342836431503658E-11   1.2165389631660123E-22   5.0170594163493424E+03
   1.0096770000000000E+09   9.9630410011000396E+05   4.9768758488182559E-11   1.2024900878090462E-22   5.0177946983768215E+03
   1.0116770000000000E+09   1.0021500939183246E+06   4.9203188827278763E-11   1.1886658530544440E-22   5.0184667317809744E+03
   1.0136770000000000E+09   1.0079689606898028E+06   4.8645936593999562E-11   1.1750606878107885E-22   5.0190770032496739E+03
   1.0156770000000000E+09   1.0137615076598916E+06   4.8096806862751142E-11   1.1616689618145953E-22   5.0196269827107280E+03
   1.0176770000000000E+09   1.0195286166513275E+06   4.7555607490975953E-11   1.1484851485993954E-22   5.0201181278986596E+03
   1.0196770000000000E+09   1.0252711132934502E+06   4.7022157398362345E-11   1.1355040226094178E-22   5.0205518902259482E+03
   1.0216770000000000E+09   1.0309896593389232E+06   4.6496292325000652E-11   1.1227207980891419E-22   5.0209297090616319E+03
   1.0236770000000000E+09   1.0366846860042259E+06   4.5977867645670350E-11   1.1101311966656208E-22   5.0212530067913094E+03
   1.0256770000000000E+09   1.0423563695775522E+06   4.5466758301750733E-11   1.0977314451355407E-22   5.0215231848651938E+03
   1.0276770000000000E+09   1.0480046506730187E+06   4.4962856139504340E-11   1.0855182109221760E-22   5.0217416187884792E+03
   1.0296770000000000E+09   1.0536292859013362E+06   4.4466065619368033E-11   1.0734884979857422E-22   5.0219096543860260E+03
   1.0316770000000000E+09   1.0592299160713162E+06   4.3976298983590361E-11   1.0616395293652556E-22   5.0220286057403255E+03
   1.0336770000000000E+09   1.0648061354940040E+06   4.3493471803581761E-11   1.0499686386132872E-22   5.0220997547407578E+03
   1.0356770000000000E+09   1.0703575509347494E+06   4.3017499496284697E-11   1.0384731844195111E-22   5.0221243519100635E+03
   1.0376770000000000E+09   1.0758838240924077E+06   4.2548295041071116E-11   1.0271504941030940E-22   5.0221036180522688E+03
   1.0396770000000000E+09   1.0813846963938267E+06   4.2085767842445829E-11   1.0159978347392159E-22   5.0220387462829458E+03
   1.0416770000000000E+09   1.0868599983410013E+06   4.1629823511010460E-11   1.0050124064918000E-22   5.0219309041046354E+03
   1.0436770000000000E+09   1.0923096473791478E+06   4.1180364271622885E-11   9.9419135116547104E-23   5.0217812353180234E+03
   1.0456770000000000E+09   1.0977336385641927E+06   4.0737289722941895E-11   9.8353176933639824E-23   5.0215908616687866E+03
   1.0476770000000000E+09   1.1031320317241899E+06   4.0300497729905486E-11   9.7303074079166266E-23   5.0213608842044359E+03
   1.0496770000000000E+09   1.1085049378297478E+06   3.9869885300428359E-11   9.6268534468158975E-23   5.0210923843592936E+03
   1.0516770000000000E+09   1.1138525062776497E+06   3.9445349360900840E-11   9.5249267731318142E-23   5.0207864248070109E+03
   1.0536770000000000E+09   1.1191749139591835E+06   3.9026787393116726E-11   9.4244986667167733E-23   5.0204440501243871E+03
   1.0556770000000000E+09   1.1244723563999976E+06   3.8614097926802571E-11   9.3255408351933828E-23   5.0200662873071869E+03
   1.0576770000000000E+09   1.1297450409027997E+06   3.8207180899772235E-11   9.2280254935258455E-23   5.0196541461731686E+03
   1.0596770000000000E+09   1.1349931814453122E+06   3.7805937905799157E-11   9.1319254169465985E-23   5.0192086196817872E+03
   1.0616770000000000E+09   1.1402169950239128E+06   3.7410272352257699E-11   9.0372139724964874E-23   5.0187306841938271E+03
   1.0636770000000000E+09   1.1454166991365233E+06   3.7020089548302412E-11   8.9438651341380781E-23   5.0182212996897124E+03
   1.0656770000000000E+09   1.1505925101322313E+06   3.6635296741623526E-11   8.8518534857530715E-23   5.0176814099609001E+03
   1.0676770000000000E+09   1.1557446421991300E+06   3.6255803118678168E-11   8.7611542155857882E-23   5.0171119427853046E+03
   1.0696770000000000E+09   1.1608733068050889E+06   3.5881519780276054E-11   8.6717431049732134E-23   5.0165138100946515E+03
   1.0716770000000000E+09   1.1659787124452896E+06   3.5512359701674579E-11   8.5835965135508180E-23   5.0158879081391669E+03
   1.0736770000000000E+09   1.1710610645845672E+06   3.5148237683974251E-11   8.4966913625576875E-23   5.0152351176530983E+03
   1.0756770000000000E+09   1.1761205657123227E+06   3.4789070301599295E-11   8.4110051173844544E-23   5.0145563040227480E+03
   1.0776770000000000E+09   1.1811574154531348E+06   3.4434775849008023E-11   8.3265157701140216E-23   5.0138523174578022E+03
   1.0796770000000000E+09   1.1861718106968927E+06   3.4085274288501929E-11   8.2432018224992828E-23   5.0131239931657892E+03
   1.0816770000000000E+09   1.1911639457277905E+06   3.3740487200091308E-11   8.1610422696026190E-23   5.0123721515293864E+03
   1.0836770000000000E+09   1.1961340123419540E+06   3.3400337733785288E-11   8.0800165841802050E-23   5.0115975982861055E+03
   1.0856770000000000E+09   1.2010821999495463E+06   3.3064750564345565E-11   8.0001047018152021E-23   5.0108011247097575E+03
   1.0876770000000000E+09   1.2060086956598873E+06   3.2733651848401531E-11   7.9212870067691892E-23   5.0099835077936032E+03
   1.0896770000000000E+09   1.2109136843493029E+06   3.2406969183773976E-11   7.8435443185101092E-23   5.0091455104345296E+03
   1.0916770000000000E+09   1.2157973487116543E+06   3.2084631570861547E-11   7.7668578788761703E-23   5.0082878816180764E+03
   1.0936770000000000E+09   1.2206598692921626E+06   3.1766569375943379E-11   7.6912093398357489E-23   5.0074113566037531E+03
   1.0956770000000000E+09   1.2255014245058177E+06   3.1452714296256263E-11   7.6165807518043525E-23   5.0065166571103427E+03
   1.0976770000000000E+09   1.2303221906426765E+06   3.1142999326695792E-11   7.5429545524780953E-23   5.0056044915006296E+03
   1.0996770000000000E+09   1.2351223418630378E+06   3.0837358727991298E-11   7.4703135561428526E-23   5.0046755549653399E+03
   1.1016770000000000E+09   1.2399020501859663E+06   3.0535727996204761E-11   7.3986409434187835E-23   5.0037305297059056E+03
   1.1036770000000000E+09   1.2446614854744605E+06   3.0238043833419459E-11   7.3279202514034265E-23   5.0027700851159207E+03
   1.1056770000000000E+09   1.2494008154201023E+06   2.9944244119501939E-11   7.2581353641810894E-23   5.0017948779611506E+03
   1.1076770000000000E+09   1.2541202055292439E+06   2.9654267884843034E-11   7.1892705036717661E-23   5.0008055525579193E+03
   1.1096770000000000E+09   1.2588198191118375E+06   2.9368055284006563E-11   7.1213102207982176E-23   4.9998027409499573E+03
   1.1116770000000000E+09   1.2634998172732454E+06   2.9085547570229765E-11   7.0542393869540898E-23   4.9987870630834977E+03
   1.1136770000000000E+09   1.2681603589086202E+06   2.8806687070734591E-11   6.9880431857593592E-23   4.9977591269807372E+03
   1.1156770000000000E+09   1.2728016006989612E+06   2.8531417162815774E-11   6.9227071050915849E-23   4.9967195289114507E+03
   1.1176770000000000E+09   1.2774236971076559E+06   2.8259682250678065E-11   6.8582169293828533E-23   4.9956688535627945E+03
   1.1196770000000000E+09   1.2820268003761650E+06   2.7991427742997280E-11   6.7945587321731139E-23   4.9946076742072319E+03
   1.1216770000000000E+09   1.2866110605175728E+06   2.7726600031180637E-11   6.7317188689111030E-23   4.9935365528683878E+03
   1.1236770000000000E+09   1.2911766253068105E+06   2.7465146468304077E-11   6.6696839699943026E-23   4.9924560404849535E+03
   1.1256770000000000E+09   1.2957236402666357E+06   2.7207015348702002E-11   6.6084409340395363E-23   4.9913666770723030E+03
   1.1276770000000000E+09   1.3002522486486980E+06   2.6952155888187462E-11   6.5479769213758981E-23   4.9902689918819960E+03
   1.1296770000000000E+09   1.3047625914094013E+06   2.6700518204876592E-11   6.4882793477513859E-23   4.9891635035588770E+03
   1.1316770000000000E+09   1.3092548071806363E+06   2.6452053300591744E-11   6.4293358782444439E-23   4.9880507202957770E+03
   1.1336770000000000E+09   1.3137290322358657E+06   2.6206713042814247E-11   6.3711344213709330E-23   4.9869311399858234E+03
   1.1356770000000000E+09   1.3181854004525025E+06   2.5964450147154274E-11   6.3136631233765113E-23   4.9858052503721465E+03
   1.1376770000000000E+09   1.3226240432719383E+06   2.5725218160301819E-11   6.2569103627032903E-23   4.9846735291950654E+03
   1.1396770000000000E+09   1.3270450896590250E+06   2.5488971443419041E-11   6.2008647446189485E-23   4.9835364443367343E+03
   1.1416770000000000E+09   1.3314486660632887E+06   2.5255665155928383E-11   6.1455150959952088E-23   4.9823944539631520E+03
   1.1436770000000000E+09   1.3358348963845139E+06   2.5025255239649301E-11   6.0908504602219709E-23   4.9812480066636954E+03
   1.1456770000000000E+09   1.3402039019457146E+06   2.4797698403232448E-11   6.0368600922426199E-23   4.9800975415882040E+03
   1.1476770000000000E+09   1.3445558014768434E+06   2.4572952106837453E-11   5.9835334536955180E-23   4.9789434885816336E+03
   1.1496770000000000E+09   1.3488907111127747E+06   2.4350974547001778E-11   5.9308602081467257E-23   4.9777862683165131E+03
   1.1516770000000000E+09   1.3532087444092131E+06   2.4131724641649221E-11   5.8788302163995155E-23   4.9766262924233388E+03
   1.1536770000000000E+09   1.3575100123801979E+06   2.3915162015189080E-11   5.8274335318668189E-23   4.9754639636190714E+03
   1.1556770000000000E+09   1.3617946235606510E+06   2.3701246983665285E-11   5.7766603959947300E-23   4.9742996758340159E+03
   1.1576770000000000E+09   1.3660626840971243E+06   2.3489940539920679E-11   5.7265012337266949E-23   4.9731338143373277E+03
   1.1596770000000000E+09   1.3703142978693184E+06   2.3281204338754342E-11   5.6769466490011600E-23   4.9719667558614256E+03
   1.1616770000000000E+09   1.3745495666442434E+06   2.3075000682061366E-11   5.6279874202782295E-23   4.9707988687256711E+03
   1.1636770000000000E+09   1.3787685902639595E+06   2.2871292503959223E-11   5.5796144960947497E-23   4.9696305129595221E+03
   1.1656770000000000E+09   1.3829714668666504E+06   2.2670043355923100E-11   5.5318189906513519E-23   4.9684620404256802E+03
   1.1676770000000000E+09   1.3871582931396018E+06   2.2471217391965775E-11   5.4845921794388255E-23   4.9672937949433626E+03
   1.1696770000000000E+09   1.3913291646011430E+06   2.2274779353918657E-11   5.4379254949159735E-23   4.9661261124121220E+03
   1.1716770000000000E+09   1.3954841759072298E+06   2.2080694556883223E-11   5.3918105222546005E-23   4.9649593209364539E+03
   1.1736770000000000E+09   1.3996234211768510E+06   2.1888928874938308E-11   5.3462389951712540E-23   4.9637937409514052E+03
   1.1756770000000000E+09   1.4037469943290609E+06   2.1699448727199681E-11   5.3012027918681782E-23   4.9626296853494268E+03
   1.1776770000000000E+09   1.4078549894233334E+06   2.1512221064333938E-11   5.2566939311076060E-23   4.9614674596084524E+03
   1.1796770000000000E+09   1.4119475009939603E+06   2.1327213355633072E-11   5.2127045684445143E-23   4.9603073619213847E+03
   1.1816770000000000E+09   1.4160246243686932E+06   2.1144393576752290E-11   5.1692269926424452E-23   4.9591496833268093E+03
   1.1836770000000000E+09   1.4200864559616903E+06   2.0963730198205076E-11   5.1262536222949075E-23   4.9579947078408668E+03
   1.1856770000000000E+09   1.4241330935311671E+06   2.0785192174694897E-11   5.0837770026715878E-23   4.9568427125899643E+03
   1.1876770000000000E+09   1.4281646363929452E+06   2.0608748935344541E-11   5.0417898028040855E-23   4.9556939679440784E+03
   1.1896770000000000E+09   1.4321811855823316E+06   2.0434370374859710E-11   5.0002848128201806E-23   4.9545487376501887E+03
   1.1916770000000000E+09   1.4361828439584521E+06   2.0262026845637325E-11   4.9592549415292310E-23   4.9534072789653746E+03
   1.1936770000000000E+09   1.4401697162471267E+06   2.0091689150800513E-11   4.9186932142543702E-23   4.9522698427891037E+03
   1.1956770000000000E+09   1.4441419090205771E+06   1.9923328538114204E-11   4.8785927709004641E-23   4.9511366737940134E+03
   1.1976770000000000E+09   1.4480995306145146E+06   1.9756916694709949E-11   4.8389468642402119E-23   4.9500080105548723E+03
   1.1996770000000000E+09   1.4520426909855183E+06   1.9592425742522362E-11   4.7997488583948175E-23   4.9488840856749011E+03
   1.2016770000000000E+09   1.4559715015136045E+06   1.9429828234324466E-11   4.7609922274813298E-23   4.9477651259091544E+03
   1.2036770000000000E+09   1.4598860747568859E+06   1.9269097150231762E-11   4.7226705543947336E-23   4.9466513522844125E+03
   1.2056770000000000E+09   1.4637865241666902E+06   1.9110205894538829E-11   4.6847775296910625E-23   4.9455429802152776E+03
   1.2076770000000000E+09   1.4676729637727679E+06   1.8953128292747538E-11   4.6473069505366819E-23   4.9444402196160700E+03
   1.2096770000000000E+09   1.4715455078489378E+06   1.8797838588650147E-11   4.6102527196896249E-23   4.9433432750084039E+03
   1.2116770000000000E+09   1.4754042705699289E+06   1.8644311441337137E-11   4.5736088444803575E-23   4.9422523456243662E+03
   1.2136770000000000E+09   1.4792493656701250E+06   1.8492521922011403E-11   4.5373694357622427E-23   4.9411676255052016E+03
   1.2156770000000000E+09   1.4830809061144951E+06   1.8342445510505689E-11   4.5015287068055130E-23   4.9400893035956178E+03
   1.2176770000000000E+09   1.4868990037911837E+06   1.8194058091418793E-11   4.4660809721131393E-23   4.9390175638337514E+03
   1.2196770000000000E+09   1.4907037692340079E+06   1.8047335949808194E-11   4.4310206461420339E-23   4.9379525852373363E+03
   1.2216770000000000E+09   1.4944953113817109E+06   1.7902255766396926E-11   4.3963422419184935E-23   4.9368945419859801E+03
   1.2236770000000000E+09   1.4982737373789593E+06   1.7758794612279041E-11   4.3620403695427768E-23   4.9358436035001423E+03
   1.2256770000000000E+09   1.5020391524221806E+06   1.7616929943130258E-11   4.3281097345833538E-23   4.9347999345171929E+03
   1.2276770000000000E+09   1.5057916596512713E+06   1.7476639592953209E-11   4.2945451363670970E-23   4.9337636951648828E+03
   1.2296770000000000E+09   1.5095313600861856E+06   1.7337901767407567E-11   4.2613414661767144E-23   4.9327350410327244E+03
   1.2316770000000000E+09   1.5132583526056414E+06   1.7200695036790693E-11   4.2284937053706259E-23   4.9317141232416925E+03
   1.2336770000000000E+09   1.5169727339636297E+06   1.7064998328746924E-11   4.1959969234437368E-23   4.9307010885125601E+03
   1.2356770000000000E+09   1.5206745988382990E+06   1.6930790920789961E-11   4.1638462760490363E-23   4.9296960792333293E+03
   1.2376770000000000E+09   1.5243640399072086E+06   1.6798052432722308E-11   4.1320370030001995E-23   4.9286992335258592E+03
   1.2396770000000000E+09   1.5280411479427239E+06   1.6666762819033017E-11   4.1005644262746042E-23   4.9277106853120185E+03
   1.2416770000000000E+09   1.5317060119215609E+06   1.6536902361345977E-11   4.0694239480341575E-23   4.9267305643794625E+03
   1.2436770000000000E+09   1.5353587191430889E+06   1.6408451660979628E-11   4.0386110486787086E-23   4.9257589964470244E+03
   1.2456770000000000E+09   1.5389993553516581E+06   1.6281391631668771E-11   4.0081212849441624E-23   4.9247961032299063E+03
   1.2476770000000000E+09   1.5426280048590777E+06   1.6155703492485798E-11   3.9779502880543900E-23   4.9238420025045780E+03
   1.2496770000000000E+09   1.5462447506641524E+06   1.6031368760988457E-11   3.9480937619335384E-23   4.9228968081732928E+03
   1.2516770000000000E+09   1.5498496745668545E+06   1.5908369246613213E-11   3.9185474814831348E-23   4.9219606303284145E+03
   1.2536770000000000E+09   1.5534428572754052E+06   1.5786687044323589E-11   3.8893072909263812E-23   4.9210335753163099E+03
   1.2556770000000000E+09   1.5570243785049652E+06   1.5666304528519118E-11   3.8603691022208439E-23   4.9201157458008847E+03
   1.2576770000000000E+09   1.5605943170671877E+06   1.5547204347203177E-11   3.8317288935391183E-23   4.9192072408266149E+03
   1.2596770000000000E+09   1.5641527509501195E+06   1.5429369416407011E-11   3.8033827078165954E-23   4.9183081558812019E+03
   1.2616770000000000E+09   1.5676997573883559E+06   1.5312782914861037E-11   3.7753266513642822E-23   4.9174185829575381E+03
   1.2636770000000000E+09   1.5712354129234203E+06   1.5197428278906053E-11   3.7475568925445837E-23   4.9165386106151891E+03
   1.2656770000000000E+09   1.5747597934545630E+06   1.5083289197633010E-11   3.7200696605073428E-23   4.9156683240411403E+03
   1.2676770000000000E+09   1.5782729742801085E+06   1.4970349608242088E-11   3.6928612439836634E-23   4.9148078051099128E+03
   1.2696770000000000E+09   1.5817750301295191E+06   1.4858593691610540E-11   3.6659279901349484E-23   4.9139571324428825E+03
   1.2716770000000000E+09   1.5852660351862381E+06   1.4748005868060346E-11   3.6392663034547282E-23   4.9131163814669344E+03
   1.2736770000000000E+09   1.5887460631013724E+06   1.4638570793316064E-11   3.6128726447209310E-23   4.9122856244722880E+03
   1.2756770000000000E+09   1.5922151869982546E+06   1.4530273354643742E-11   3.5867435299962194E-23   4.9114649306695092E+03
   1.2776770000000000E+09   1.5956734794679454E+06   1.4423098667161460E-11   3.5608755296739296E-23   4.9106543662457616E+03
   1.2796770000000000E+09   1.5991210125558439E+06   1.4317032070310436E-11   3.5352652675669507E-23   4.9098539944200520E+03
   1.2816770000000000E+09   1.6025578577396215E+06   1.4212059124476210E-11   3.5099094200367063E-23   4.9090638754976608E+03
   1.2836770000000000E+09   1.6059840858987633E+06   1.4108165607748255E-11   3.4848047151593453E-23   4.9082840669236566E+03
   1.2856770000000000E+09   1.6093997672761080E+06   1.4005337512805333E-11   3.4599479319260577E-23   4.9075146233352525E+03
   1.2876770000000000E+09   1.6128049714316980E+06   1.3903561043916015E-11   3.4353358994745347E-23   4.9067555966133814E+03
   1.2896770000000000E+09   1.6161997671893032E+06   1.3802822614042248E-11   3.4109654963487502E-23   4.9060070359331085E+03
   1.2916770000000000E+09   1.6195842225758110E+06   1.3703108842036645E-11   3.3868336497845346E-23   4.9052689878130286E+03
   1.2936770000000000E+09   1.6229584047535346E+06   1.3604406549925141E-11   3.3629373350188063E-23   4.9045414961636106E+03
   1.2956770000000000E+09   1.6263223799452323E+06   1.3506702760269405E-11   3.3392735746209779E-23   4.9038246023344745E+03
   1.2976770000000000E+09   1.6296762133513633E+06   1.3409984693606037E-11   3.3158394378456371E-23   4.9031183451606894E+03
   1.2996770000000000E+09   1.6330199690590154E+06   1.3314239765960673E-11   3.2926320400058871E-23   4.9024227610081780E+03
   1.3016770000000000E+09   1.6363537099421329E+06   1.3219455586434351E-11   3.2696485418666123E-23   4.9017378838182212E+03
   1.3036770000000000E+09   1.6396774975535916E+06   1.3125619954854208E-11   3.2468861490552886E-23   4.9010637451515304E+03
   1.3056770000000000E+09   1.6429913920116543E+06   1.3032720859466190E-11   3.2243421114848665E-23   4.9004003742317509E+03
   1.3076770000000000E+09   1.6462954518867123E+06   1.2940746474626159E-11   3.2020137227775759E-23   4.8997477979887772E+03
   1.3096770000000000E+09   1.6495897340992629E+06   1.2849685158411684E-11   3.1798983196704978E-23   4.8991060411016751E+03
   1.3116770000000000E+09   1.6528742938464419E+06   1.2759525450036816E-11   3.1579932813736957E-23   4.8984751260411776E+03
   1.3136770000000000E+09   1.6561491845814926E+06   1.2670256066908167E-11   3.1362960288412140E-23   4.8978550731110536E+03
   1.3156770000000000E+09   1.6594144580764088E+06   1.2581865901128967E-11   3.1148040239074768E-23   4.8972459004874727E+03
   1.3176770000000000E+09   1.6626701646002450E+06   1.2494344015252757E-11   3.0935147682404455E-23   4.8966476242552653E+03
   1.3196770000000000E+09   1.6659163532409437E+06   1.2407679637132230E-11   3.0724258020736670E-23   4.8960602584400185E+03
   1.3216770000000000E+09   1.6691530723840753E+06   1.2321862153818038E-11   3.0515347027060395E-23   4.8954838150354381E+03
   1.3236770000000000E+09   1.6723803703357966E+06   1.2236881104647054E-11   3.0308390828028482E-23   4.8949183040270464E+03
   1.3256770000000000E+09   1.6755982960411934E+06   1.2152726173900918E-11   3.0103365885904409E-23   4.8943637334150026E+03
   1.3276770000000000E+09   1.6788068998086241E+06   1.2069387183673209E-11   2.9900248980995362E-23   4.8938201092410427E+03
   1.3296770000000000E+09   1.6820062339163516E+06   1.1986854087782942E-11   2.9699017196607346E-23   4.8932874356264183E+03
   1.3316770000000000E+09   1.6851963529637579E+06   1.1905116967618961E-11   2.9499647908681808E-23   4.8927657148270773E+03
   1.3336770000000000E+09   1.6883773138492843E+06   1.1824166030615803E-11   2.9302118781835847E-23   4.8922549473098261E+03
   1.3356770000000000E+09   1.6915491753181082E+06   1.1743991611611768E-11   2.9106407772454190E-23   4.8917551318467113E+03
   1.3376770000000000E+09   1.6947119971191974E+06   1.1664584176679588E-11   2.8912493137889270E-23   4.8912662656170442E+03
   1.3396770000000000E+09   1.6978658389218189E+06   1.1585934328310345E-11   2.8720353449107068E-23   4.8907883442988323E+03
   1.3416770000000000E+09   1.7010107592302496E+06   1.1508032810312368E-11   2.8529967602835092E-23   4.8903213621290424E+03
   1.3436770000000000E+09   1.7041468145631724E+06   1.1430870510702885E-11   2.8341314829022721E-23   4.8898653119170986E+03
   1.3456770000000000E+09   1.7072740591047953E+06   1.1354438461363813E-11   2.8154374690554889E-23   4.8894201850108620E+03
   1.3476770000000000E+09   1.7103925448926056E+06   1.1278727834230220E-11   2.7969127074518622E-23   4.8889859712340785E+03
   1.3496770000000000E+09   1.7135023224245915E+06   1.1203729934964279E-11   2.7785552177172972E-23   4.8885626588304540E+03
   1.3516770000000000E+09   1.7166034414178957E+06   1.1129436195967485E-11   2.7603630486995065E-23   4.8881502344535284E+03
   1.3536770000000000E+09   1.7196959514026456E+06   1.1055838170761107E-11   2.7423342770718330E-23   4.8877486832256754E+03
   1.3556770000000000E+09   1.7227799019226262E+06   1.0982927531065041E-11   2.7244670065727565E-23   4.8873579888581644E+03
   1.3576770000000000E+09   1.7258553423072912E+06   1.0910696066601473E-11   2.7067593679122332E-23   4.8869781337912855E+03
   1.3596770000000000E+09   1.7289223211866159E+06   1.0839135686363345E-11   2.6892095190641213E-23   4.8866090992980990E+03
   1.3616770000000000E+09   1.7319808860329799E+06   1.0768238419498199E-11   2.6718156455072926E-23   4.8862508655110314E+03
   1.3636770000000000E+09   1.7350310829692406E+06   1.0697996414394412E-11   2.6545759600618149E-23   4.8859034113731132E+03
   1.3656770000000000E+09   1.7380729569061487E+06   1.0628401935754400E-11   2.6374887022391590E-23   4.8855667145611051E+03
   1.3676770000000000E+09   1.7411065518740653E+06   1.0559447360655278E-11   2.6205521373184009E-23   4.8852407514465795E+03
   1.3696770000000000E+09   1.7441319113191871E+06   1.0491125175061045E-11   2.6037645554908581E-23   4.8849254971358414E+03
   1.3716770000000000E+09   1.7471490781992646E+06   1.0423427971706220E-11   2.5871242713109276E-23   4.8846209255745416E+03
   1.3736770000000000E+09   1.7501580948819781E+06   1.0356348449172195E-11   2.5706296234419908E-23   4.8843270096570450E+03
   1.3756770000000000E+09   1.7531590029906759E+06   1.0289879411170073E-11   2.5542789744848687E-23   4.8840437212791030E+03
   1.3776770000000000E+09   1.7561518433527532E+06   1.0224013765112197E-11   2.5380707106672032E-23   4.8837710313192965E+03
   1.3796770000000000E+09   1.7591366560903431E+06   1.0158744519851626E-11   2.5220032413403177E-23   4.8835089095913618E+03
   1.3816770000000000E+09   1.7621134807583343E+06   1.0094064783256787E-11   2.5060749984184918E-23   4.8832573248258468E+03
   1.3836770000000000E+09   1.7650823563915950E+06   1.0029967760408207E-11   2.4902844359499281E-23   4.8830162446944241E+03
   1.3856770000000000E+09   1.7680433213761256E+06   9.9664467527023017E-12   2.4746300299259748E-23   4.8827856358082263E+03
   1.3876770000000000E+09   1.7709964130731570E+06   9.9034951578267401E-12   2.4591102783982308E-23   4.8825654635334886E+03
   1.3896770000000000E+09   1.7739416668688564E+06   9.8411064715677448E-12   2.4437237022771987E-23   4.8823556913465072E+03
   1.3916770000000000E+09   1.7768791134452866E+06   9.7792742961276915E-12   2.4284688482441186E-23   4.8821562791657379E+03
   1.3936770000000000E+09   1.7798087708347589E+06   9.7179923691281728E-12   2.4133442978678211E-23   4.8819671794616370E+03
   1.3956770000000000E+09   1.7827306224878728E+06   9.6572546507866154E-12   2.3983486933074300E-23   4.8817883288722524E+03
   1.3976770000000000E+09   1.7856445605776825E+06   9.5970555615636224E-12   2.3834808040679741E-23   4.8816196319766377E+03
   1.3996770000000000E+09   1.7885502493565816E+06   9.5373905789132690E-12   2.3687396877705479E-23   4.8814609345510526E+03
   1.4016770000000000E+09   1.7914468210788523E+06   9.4782576121479469E-12   2.3541250469656265E-23   4.8813119901382015E+03
   1.4036770000000000E+09   1.7943322610928409E+06   9.4196598665283165E-12   2.3396379480514360E-23   4.8811724417739470E+03
   1.4056770000000000E+09   1.7972023050415062E+06   9.3616111065646749E-12   2.3252821045353281E-23   4.8810418696144270E+03
   1.4076770000000000E+09   1.8000487541703419E+06   9.3041438299612077E-12   2.3110658238660789E-23   4.8809199662095216E+03
   1.4096770000000000E+09   1.8028574509148381E+06   9.2473190691297541E-12   2.2970043152397215E-23   4.8808068107408126E+03
   1.4116770000000000E+09   1.8056067442151909E+06   9.1912331784235160E-12   2.2831213576242955E-23   4.8807029206030938E+03
   1.4136770000000000E+09   1.8082675262867240E+06   9.1360150707950335E-12   2.2694490156588749E-23   4.8806084005169305E+03
   1.4156770000000000E+09   1.8108043277618077E+06   9.0818156928066343E-12   2.2560259337097834E-23   4.8805209647917327E+03
   1.4176770000000000E+09   1.8131724597011569E+06   9.0288179005232413E-12   2.2429000212045399E-23   4.8804353621831151E+03
   1.4196770000000000E+09   1.8153033970670013E+06   8.9773162882859167E-12   2.2301448838297251E-23   4.8803507345355592E+03
   1.4216770000000000E+09   1.8170846704259266E+06   8.9278447622726881E-12   2.2178836943615065E-23   4.8802879624812040E+03
   1.4236770000000000E+09   1.8183806862809176E+06   8.8810954974152496E-12   2.2062678914961460E-23   4.8802928316948392E+03
   1.4256770000000000E+09   1.8191540171993787E+06   8.8372650215522489E-12   2.1953402941515273E-23   4.8803797552074675E+03
   1.4276770000000000E+09   1.8196159690314040E+06   8.7952008608598184E-12   2.1848590065375107E-23   4.8804507231568978E+03
   1.4296770000000000E+09   1.8201487203698559E+06   8.7528567364335546E-12   2.1743795357832793E-23   4.8803621968420730E+03
   1.4316770000000000E+09   1.8209394545154849E+06   8.7094116338127373E-12   2.1636782739382195E-23   4.8801561602089814E+03
   1.4336770000000000E+09   1.8219321590002866E+06   8.6651693365664244E-12   2.1528172331002157E-23   4.8798613113975598E+03
   1.4356770000000000E+09   1.8223501302296605E+06   8.6249286097530799E-12   2.1427121664978712E-23   4.8801060495514239E+03
   6.5767700000000000E+08  -2.5569020462861645E+03   1.3430304202208203E-15   5.7529544290725512E-26   1.1238984874674227E+03
   6.5967700000000000E+08  -2.5976030678193256E+03   2.2596943765011745E-15   9.3304348518455384E-26   1.1659501720682601E+03
   6.6167700000000000E+08  -2.5863910999065756E+03   3.6905075685939656E-15   1.4856853014070334E-25   1.1958905786919393E+03
   6.6367700000000000E+08  -2.5339441083938304E+03   5.9151397921702456E-15   2.3390962579585157E-25   1.2174442684945991E+03
   6.6567700000000000E+08  -2.4359841604727972E+03   9.4047052152472911E-15   3.6667155436404712E-25   1.2348100021842911E+03
   6.6767700000000000E+08  -2.5147425181612221E+03   1.5102804928800046E-14   5.8031329226566783E-25   1.2529313197695362E+03
   6.6967700000000000E+08  -3.0323478697126429E+03   2.5384410291588357E-14   9.5727162296635048E-25   1.2766271153877619E+03
   6.7167700000000000E+08  -3.8299728345899339E+03   4.6342462645797704E-14   1.7134898487608157E-24   1.3020562409503254E+03
   6.7367700000000000E+08  -4.1091376652073404E+03   9.0539299324544134E-14   3.3126143620766636E-24   1.3158258668800893E+03
   6.7567700000000000E+08  -3.4874483640758554E+03   1.7635434828253832E-13   6.4599946494804478E-24   1.3142748124514155E+03
   6.7767700000000000E+08  -2.3125959343365216E+03   3.2025409965216259E-13   1.1810603002875619E-23   1.3054336320413267E+03
   6.7967700000000000E+08  -9.8731805896713331E+02   5.2493717961569545E-13   1.9490124561150802E-23   1.2966563455056148E+03
   6.8167700000000000E+08   2.8516503848561501E+02   7.7345121542308341E-13   2.8828814226008256E-23   1.2916305769344699E+03
   6.8367700000000000E+08   1.4363691484766175E+03   1.0357754743859966E-12   3.8570391541521011E-23   1.2928369222449383E+03
   6.8567700000000000E+08   2.4537825958394710E+03   1.2829659540462301E-12   4.7370226711425211E-23   1.3038926562619142E+03
   6.8767700000000000E+08   3.3260267637802276E+03   1.4984616477442143E-12   5.4228091822934405E-23   1.3303119123617610E+03
   6.8967700000000000E+08   4.0126110772698303E+03   1.6801495321189540E-12   5.8708789625126109E-23   1.3777708101122994E+03
   6.9167700000000000E+08   4.4740812204222166E+03   1.8343972938872568E-12   6.0952133500563681E-23   1.4488941539989773E+03
   6.9367700000000000E+08   4.7332353186986848E+03   1.9683622667266518E-12   6.1486304487785045E-23   1.5411993263455422E+03
   6.9567700000000000E+08   4.9004694065102467E+03   2.0855619572726779E-12   6.0924881761624007E-23   1.6480127681767435E+03
   6.9767700000000000E+08   5.1379544354851132E+03   2.1864486149119426E-12   5.9748127603062779E-23   1.7617616263305451E+03
   6.9967700000000000E+08   5.6073428257497853E+03   2.2710189245605106E-12   5.8280203760774070E-23   1.8759958037758061E+03
   7.0167700000000000E+08   6.4352412716132549E+03   2.3399657766273354E-12   5.6713498609486351E-23   1.9863475412264518E+03
   7.0367700000000000E+08   7.6974313361112600E+03   2.3947600773972464E-12   5.5152527864211311E-23   2.0903969239341886E+03
   7.0567700000000000E+08   9.4181072727304399E+03   2.4372489575045179E-12   5.3648578255087978E-23   2.1871262194861129E+03
   7.0767700000000000E+08   1.1577580249039602E+04   2.4692391284608255E-12   5.2221716508277601E-23   2.2763769446508709E+03
   7.0967700000000000E+08   1.4124011339258732E+04   2.4922483620775844E-12   5.0874128172018883E-23   2.3584491138902645E+03
   7.1167700000000000E+08   1.6986076397119592E+04   2.5074299525401048E-12   4.9598394827577808E-23   2.4338474781179416E+03
   7.1367700000000000E+08   2.0084647747555984E+04   2.5156103878115856E-12   4.8382760876917050E-23   2.5031386341440389E+03
   7.1567700000000000E+08   2.3339621212918562E+04   2.5173624296201784E-12   4.7214223332078206E-23   2.5668770506690098E+03
   7.1767700000000000E+08   2.6674789436113035E+04   2.5130782163649907E-12   4.6080227614226533E-23   2.6255697548893440E+03
   7.1967700000000000E+08   3.0023494254292105E+04   2.5030551734250122E-12   4.4969925293732682E-23   2.6796645283794110E+03
   7.2167700000000000E+08   3.3330826146275118E+04   2.4875716076984760E-12   4.3874906359769695E-23   2.7295531766277236E+03
   7.2367700000000000E+08   3.6553908524882041E+04   2.4669289136893642E-12   4.2789292324688899E-23   2.7755796975849398E+03
   7.2567700000000000E+08   3.9661637795782131E+04   2.4414740638868010E-12   4.1709573365445412E-23   2.8180489871758141E+03
   7.2767700000000000E+08   4.2633818976582152E+04   2.4116082481408379E-12   4.0634313695649641E-23   2.8572352696876969E+03
   7.2967700000000000E+08   4.5459936760008408E+04   2.3777847382787472E-12   3.9563781590258973E-23   2.8933895619631076E+03
   7.3167700000000000E+08   4.8137682872867852E+04   2.3404988596696138E-12   3.8499545596129955E-23   2.9267457818436947E+03
   7.3367700000000000E+08   5.0671339362807455E+04   2.3002726680272537E-12   3.7444067935445428E-23   2.9575252797656472E+03
   7.3567700000000000E+08   5.3070122307199839E+04   2.2576368858930093E-12   3.6400321849550057E-23   2.9859397428384341E+03
   7.3767700000000000E+08   5.5346593084044311E+04   2.2131125697601238E-12   3.5371456117362660E-23   3.0121925992556276E+03
   7.3967700000000000E+08   5.7515234023227087E+04   2.1671946344525067E-12   3.4360523861113978E-23   3.0364792046110765E+03
   7.4167700000000000E+08   5.9591261708776969E+04   2.1203387653570939E-12   3.3370284428679321E-23   3.0589861875345032E+03
   7.4367700000000000E+08   6.1589713197813071E+04   2.0729525148667344E-12   3.2403078217127158E-23   3.0798903535138684E+03
   7.4567700000000000E+08   6.3524805420263532E+04   2.0253906492888404E-12   3.1460766397614463E-23   3.0993575000140509E+03
   7.4767700000000000E+08   6.5409539072396925E+04   1.9779542551318201E-12   3.0544722481974585E-23   3.1175414073375541E+03
   7.4967700000000000E+08   6.7255501336538815E+04   1.9308927837966244E-12   2.9655860731274618E-23   3.1345831654262502E+03
   7.5167700000000000E+08   6.9072816056645563E+04   1.8844081088548422E-12   2.8794687128159874E-23   3.1506109004823056E+03
   7.5367700000000000E+08   7.0870193008707545E+04   1.8386597337961599E-12   2.7961361050696430E-23   3.1657398909994113E+03
   7.5567700000000000E+08   7.2655035987291805E+04   1.7937704488705378E-12   2.7155758906787092E-23   3.1800730153479194E+03
   7.5767700000000000E+08   7.4433579373373985E+04   1.7498319296852575E-12   2.6377534049188571E-23   3.1937014503138034E+03
   7.5967700000000000E+08   7.6211032399762917E+04   1.7069099536124278E-12   2.5626169844955161E-23   3.2067055361133698E+03
   7.6167700000000000E+08   7.7991718275094638E+04   1.6650490596947899E-12   2.4901024653770062E-23   3.2191557315994041E+03
   7.6367700000000000E+08   7.9779201265400014E+04   1.6242765866647472E-12   2.4201368700943853E-23   3.2311135976463124E+03
   7.6567700000000000E+08   8.1576398873823040E+04   1.5846060949156671E-12   2.3526413533453411E-23   3.2426327626366669E+03
   7.6767700000000000E+08   8.3385678758630587E+04   1.5460402193661064E-12   2.2875335069412657E-23   3.2537598388201759E+03
   7.6967700000000000E+08   8.5208941402793556E+04   1.5085730196767460E-12   2.2247291328243450E-23   3.2645352707025163E+03
   7.7167700000000000E+08   8.7047690170670016E+04   1.4721918997660437E-12   2.1641435866146641E-23   3.2749941061305990E+03
   7.7367700000000000E+08   8.8903090552647089E+04   1.4368791658428501E-12   2.1056927812603331E-23   3.2851666875309234E+03
   7.7567700000000000E+08   9.0776020314907233E+04   1.4026132852865981E-12   2.0492939254457382E-23   3.2950792652627638E+03
   7.7767700000000000E+08   9.2667112073398195E+04   1.3693699002443695E-12   1.9948660570240399E-23   3.3047545377830243E+03
   7.7967700000000000E+08   9.4576789578410855E+04   1.3371226412814103E-12   1.9423304190874569E-23   3.3142121247704645E+03
   7.8167700000000000E+08   9.6505298771420683E+04   1.3058437785896910E-12   1.8916107157635751E-23   3.3234689799298299E+03
   7.8367700000000000E+08   9.8452734478171507E+04   1.2755047414463176E-12   1.8426332763773940E-23   3.3325397502044539E+03
   7.8567700000000000E+08   1.0041906343709506E+05   1.2460765308800739E-12   1.7953271499941266E-23   3.3414370877972601E+03
   7.8767700000000000E+08   1.0240414422891624E+05   1.2175300457773706E-12   1.7496241472392702E-23   3.3501719208919112E+03
   7.8967700000000000E+08   1.0440774456749484E+05   1.1898363388107990E-12   1.7054588423722667E-23   3.3587536883811099E+03
   7.9167700000000000E+08   1.0642955632868753E+05   1.1629668154627511E-12   1.6627685455988821E-23   3.3671905433122088E+03
   7.9367700000000000E+08   1.0846920862854700E+05   1.1368933869103785E-12   1.6214932533263322E-23   3.3754895291885578E+03
   7.9567700000000000E+08   1.1052627921049934E+05   1.1115885855203764E-12   1.5815755823218489E-23   3.3836567327378630E+03
   7.9767700000000000E+08   1.1260030436009407E+05   1.0870256500756943E-12   1.5429606923972556E-23   3.3916974162851134E+03
   7.9967700000000000E+08   1.1469078753291524E+05   1.0631785865430331E-12   1.5055962012108078E-23   3.3996161324480872E+03
   8.0167700000000000E+08   1.1679720685451494E+05   1.0400222091259829E-12   1.4694320939767795E-23   3.4074168235068596E+03
   8.0367700000000000E+08   1.1891902162923482E+05   1.0175321654846927E-12   1.4344206302492397E-23   3.4151029074799744E+03
   8.0567700000000000E+08   1.2105567797652270E+05   9.9568494929878599E-13   1.4005162494566813E-23   3.4226773526643437E+03
   8.0767700000000000E+08   1.2320661369798509E+05   9.7445790277504906E-13   1.3676754764783566E-23   3.4301427421584981E+03
   8.0967700000000000E+08   1.2537126246547684E+05   9.5382921122909953E-13   1.3358568282464233E-23   3.4375013296842903E+03
   8.1167700000000000E+08   1.2754905740923958E+05   9.3377789148366576E-13   1.3050207221163223E-23   3.4447550878459951E+03
   8.1367700000000000E+08   1.2973943417560683E+05   9.1428377550601338E-13   1.2751293865526826E-23   3.4519057498143293E+03
   8.1567700000000000E+08   1.3194183351528927E+05   8.9532749044459228E-13   1.2461467745245762E-23   3.4589548452923241E+03
   8.1767700000000000E+08   1.3415570345599219E+05   8.7689043600748917E-13   1.2180384798805246E-23   3.4659037315072906E+03
   8.1967700000000000E+08   1.3638050110674897E+05   8.5895475994585207E-13   1.1907716568757425E-23   3.4727536198760513E+03
   8.2167700000000000E+08   1.3861569413574299E+05   8.4150333225767058E-13   1.1643149429472271E-23   3.4795055989064608E+03
   8.2367700000000000E+08   1.4086076195853800E+05   8.2451971860592885E-13   1.1386383847726272E-23   3.4861606538255987E+03
   8.2567700000000000E+08   1.4311519666956004E+05   8.0798815334509650E-13   1.1137133676023957E-23   3.4927196833621233E+03
   8.2767700000000000E+08   1.4537850374606263E+05   7.9189351246930746E-13   1.0895125478213896E-23   3.4991835140558469E+03
   8.2967700000000000E+08   1.4765020255093713E+05   7.7622128672952007E-13   1.0660097886712528E-23   3.5055529124204072E+03
   8.3167700000000000E+08   1.4992982665822320E+05   7.6095755511484256E-13   1.0431800990494369E-23   3.5118285952441634E+03
   8.3367700000000000E+08   1.5221692402325713E+05   7.4608895885117355E-13   1.0209995752907819E-23   3.5180112382791394E+03
   8.3567700000000000E+08   1.5451105701778692E+05   7.3160267603758667E-13   9.9944534583339822E-24   3.5241014835372653E+03
   8.3767700000000000E+08   1.5681180234912672E+05   7.1748639701495957E-13   9.7849551866971220E-24   3.5300999453867921E+03
   8.3967700000000000E+08   1.5911875088125595E+05   7.0372830054147312E-13   9.5812913148596298E-24   3.5360072156186498E+03
   8.4167700000000000E+08   1.6143150737486573E+05   6.9031703083344785E-13   9.3832610439660411E-24   3.5418238676325827E+03
   8.4367700000000000E+08   1.6374969016244612E+05   6.7724167551675515E-13   9.1906719518368319E-24   3.5475504598753191E+03
   8.4567700000000000E+08   1.6607293077340588E+05   6.6449174452343722E-13   9.0033395695543192E-24   3.5531875386474990E+03
   8.4767700000000000E+08   1.6840087352330389E+05   6.5205714995758278E-13   8.8210869813996171E-24   3.5587356403822528E+03
   8.4967700000000000E+08   1.7073317507990447E+05   6.3992818694556457E-13   8.6437444473170769E-24   3.5641952934859637E+03
   8.5167700000000000E+08   1.7306950401746787E+05   6.2809551547623740E-13   8.4711490470752414E-24   3.5695670198202820E+03
   8.5367700000000000E+08   1.7540954036915564E+05   6.1655014322743018E-13   8.3031443452737689E-24   3.5748513358942278E+03
   8.5567700000000000E+08   1.7775297518586199E+05   6.0528340936553798E-13   8.1395800763105313E-24   3.5800487538255238E+03
   8.5767700000000000E+08   1.8009951010797877E+05   5.9428696929617705E-13   7.9803118483860676E-24   3.5851597821215501E+03
   8.5967700000000000E+08   1.8244885695503070E+05   5.8355278033468120E-13   7.8252008655721012E-24   3.5901849263220147E+03
   8.6167700000000000E+08   1.8480073733650558E+05   5.7307308825703189E-13   7.6741136669251414E-24   3.5951246895380937E+03
   8.6367700000000000E+08   1.8715488228557791E+05   5.6284041468507906E-13   7.5269218815936546E-24   3.5999795729157745E+03
   8.6567700000000000E+08   1.8951103191631901E+05   5.5284754525354234E-13   7.3835019988323874E-24   3.6047500760451885E+03
   8.6767700000000000E+08   1.9186893510366898E+05   5.4308751850266143E-13   7.2437351518341070E-24   3.6094366973321767E+03
   8.6967700000000000E+08   1.9422834918479956E+05   5.3355361543736980E-13   7.1075069142881327E-24   3.6140399343438180E+03
   8.7167700000000000E+08   1.9658903967972845E+05   5.2423934969361867E-13   6.9747071086064182E-24   3.6185602841355721E+03
   8.7367700000000000E+08   1.9895078002889978E+05   5.1513845825299501E-13   6.8452296247941577E-24   3.6229982435647289E+03
   8.7567700000000000E+08   2.0131335134509520E+05   5.0624489264989741E-13   6.7189722490094080E-24   3.6273543095921914E+03
   8.7767700000000000E+08   2.0367654217727965E+05   4.9755281061903778E-13   6.5958365009242757E-24   3.6316289795729581E+03
   8.7967700000000000E+08   2.0604014828399915E+05   4.8905656813644532E-13   6.4757274790906921E-24   3.6358227515343387E+03
   8.8167700000000000E+08   2.0840397241450084E+05   4.8075071181223088E-13   6.3585537135967231E-24   3.6399361244401643E+03
   8.8367700000000000E+08   2.1076782409592162E+05   4.7262997159988950E-13   6.2442270253985521E-24   3.6439695984390837E+03
   8.8567700000000000E+08   2.1313151942558333E+05   4.6468925379247850E-13   6.1326623917979012E-24   3.6479236750949244E+03
   8.8767700000000000E+08   2.1549488086822964E+05   4.5692363428151548E-13   6.0237778176164507E-24   3.6517988575974819E+03
   8.8967700000000000E+08   2.1785773705977204E+05   4.4932835205851572E-13   5.9174942116798222E-24   3.6555956509529497E+03
   8.9167700000000000E+08   2.2021992262284536E+05   4.4189880294092594E-13   5.8137352682537818E-24   3.6593145621545077E+03
   8.9367700000000000E+08   2.2258127800832922E+05   4.3463053350106772E-13   5.7124273530367584E-24   3.6629561003366834E+03
   8.9567700000000000E+08   2.2494164939653667E+05   4.2751923516480016E-13   5.6134993931550952E-24   3.6665207769233994E+03
   8.9767700000000000E+08   2.2730088873335547E+05   4.2056073841711999E-13   5.5168827702101619E-24   3.6700091057933309E+03
   8.9967700000000000E+08   2.2965885405519689E+05   4.1375100699622415E-13   5.4225112146707430E-24   3.6734216035140621E+03
   9.0167700000000000E+08   2.3201541038832188E+05   4.0708613186593525E-13   5.3303206986528025E-24   3.6767587897494127E+03
   9.0367700000000000E+08   2.3437043168405339E+05   4.0056232464238347E-13   5.2402493225512767E-24   3.6800211880341712E+03
   9.0567700000000000E+08   2.3672380438792126E+05   3.9417591008424437E-13   5.1522371900028816E-24   3.6832093272398979E+03
   9.0767700000000000E+08   2.3907543309681950E+05   3.8792331741743897E-13   5.0662262676707074E-24   3.6863237441927013E+03
   9.0967700000000000E+08   2.4142524787634483E+05   3.8180107097459433E-13   4.9821602356409177E-24   3.6893649879403724E+03
   9.1167700000000000E+08   2.4377321064745748E+05   3.7580578222555763E-13   4.8999843554428043E-24   3.6923336258777863E+03
   9.1367700000000000E+08   2.4611931456112993E+05   3.6993414768417832E-13   4.8196454151361818E-24   3.6952302510144987E+03
   9.1567700000000000E+08   2.4846356706414593E+05   3.6418295912324968E-13   4.7410918380028585E-24   3.6980554879163724E+03
   9.1767700000000000E+08   2.5080594871171078E+05   3.5854913092912221E-13   4.6642740224207215E-24   3.7008099926678588E+03
   9.1967700000000000E+08   2.5314635145568656E+05   3.5302974042091208E-13   4.5891448637485757E-24   3.7034944410981589E+03
   9.2167700000000000E+08   2.5548452340107167E+05   3.4762206022670958E-13   4.5156601881748395E-24   3.7061095020416478E+03
   9.2367700000000000E+08   2.5782006854004142E+05   3.4232354724210055E-13   4.4437786309918682E-24   3.7086558004204862E+03
   9.2567700000000000E+08   2.6015254150207294E+05   3.3713176036666884E-13   4.3734605813894987E-24   3.7111338861496874E+03
   9.2767700000000000E+08   2.6248161524769315E+05   3.3204422637478794E-13   4.3046664247129379E-24   3.7135442306391001E+03
   9.2967700000000000E+08   2.6480721383952291E+05   3.2705833504956293E-13   4.2373551269341670E-24   3.7158872621017217E+03
   9.3167700000000000E+08   2.6712949234454753E+05   3.2217135918639944E-13   4.1714844195858927E-24   3.7181634239285636E+03
   9.3367700000000000E+08   2.6944864771565964E+05   3.1738063222637399E-13   4.1070130467244333E-24   3.7203732177807615E+03
   9.3567700000000000E+08   2.7176469598212768E+05   3.1268374685339716E-13   4.0439033307695538E-24   3.7225171993186418E+03
   9.3767700000000000E+08   2.7407743531941151E+05   3.0807852880451983E-13   3.9821208678308340E-24   3.7245959328079639E+03
   9.3967700000000000E+08   2.7638665922328964E+05   3.0356282431849798E-13   3.9216318066078751E-24   3.7266099516261015E+03
   9.4167700000000000E+08   2.7869237029083574E+05   2.9913451947886365E-13   3.8624030786273720E-24   3.7285597656410546E+03
   9.4367700000000000E+08   2.8099472145650070E+05   2.9479191642730112E-13   3.8044072032525999E-24   3.7304458991533638E+03
   9.4567700000000000E+08   2.8329375506543071E+05   2.9053392789625414E-13   3.7476247613151476E-24   3.7322689065809559E+03
   9.4767700000000000E+08   2.8558922608522844E+05   2.8635962105709759E-13   3.6920385192000347E-24   3.7340293437395203E+03
   9.4967700000000000E+08   2.8788063937412895E+05   2.8226739343356038E-13   3.6376228434159389E-24   3.7357277220200490E+03
   9.5167700000000000E+08   2.9016735801381606E+05   2.7825445733257404E-13   3.5843370961827783E-24   3.7373644809605507E+03
   9.5367700000000000E+08   2.9244872116481513E+05   2.7431703829754104E-13   3.5321282172876922E-24   3.7389399821328248E+03
   9.5567700000000000E+08   2.9472516026058974E+05   2.7045149632227995E-13   3.4809451637225148E-24   3.7404545125832492E+03
   9.5767700000000000E+08   2.9699796081464528E+05   2.6665588428979206E-13   3.4307587591339983E-24   3.7419084840152259E+03
   9.5967700000000000E+08   2.9926748979382194E+05   2.6292953049267925E-13   3.3815561714466916E-24   3.7433025562966509E+03
   9.6167700000000000E+08   3.0153349709492811E+05   2.5927154534119540E-13   3.3333218713801604E-24   3.7446374398227736E+03
   9.6367700000000000E+08   3.0379583138940460E+05   2.5568066804560791E-13   3.2860357503378045E-24   3.7459137993930194E+03
   9.6567700000000000E+08   3.0605439987813542E+05   2.5215549979763351E-13   3.2396760933496196E-24   3.7471322811864743E+03
   9.6767700000000000E+08   3.0830914286278735E+05   2.4869460418496774E-13   3.1942208590138837E-24   3.7482935202146855E+03
   9.6967700000000000E+08   3.1056001532547461E+05   2.4529654972375818E-13   3.1496482156856464E-24   3.7493981460847876E+03
   9.7167700000000000E+08   3.1280697370934417E+05   2.4195993099510389E-13   3.1059368054351447E-24   3.7504467852883031E+03
   9.7367700000000000E+08   3.1504996488311695E+05   2.3868338219111877E-13   3.0630659123934927E-24   3.7514400611385840E+03
   9.7567700000000000E+08   3.1728891759692057E+05   2.3546558590885704E-13   3.0210155715112653E-24   3.7523785919042389E+03
   9.7767700000000000E+08   3.1952373844457843E+05   2.3230527644961913E-13   2.9797666077224497E-24   3.7532629877571935E+03
   9.7967700000000000E+08   3.2175431457898760E+05   2.2920123652583911E-13   2.9393005907995928E-24   3.7540938474175455E+03
   9.8167700000000000E+08   3.2398052331496374E+05   2.2615228807253968E-13   2.8995997140913514E-24   3.7548717556146453E+03
   9.8367700000000000E+08   3.2620224554643431E+05   2.2315728026710312E-13   2.8606466363394334E-24   3.7555972823451862E+03
   9.8567700000000000E+08   3.2841937832033611E+05   2.2021507882784720E-13   2.8224243386101210E-24   3.7562709842990430E+03
   9.8767700000000000E+08   3.3063184285353735E+05   2.1732455959092603E-13   2.7849160351459630E-24   3.7568934080723548E+03
   9.8967700000000000E+08   3.3283958650514559E+05   2.1448460728539134E-13   2.7481051505786867E-24   3.7574650942910143E+03
   9.9167700000000000E+08   3.3504257942728448E+05   2.1169411845886245E-13   2.7119753507473076E-24   3.7579865816633228E+03
   9.9367700000000000E+08   3.3724080817259348E+05   2.0895200620492053E-13   2.6765105974979143E-24   3.7584584102035487E+03
   9.9567700000000000E+08   3.3943426904735609E+05   2.0625720401107442E-13   2.6416951932846894E-24   3.7588811232849102E+03
   9.9767700000000000E+08   3.4162296378554654E+05   2.0360866655345179E-13   2.6075137875671869E-24   3.7592552686664308E+03
   9.9967700000000000E+08   3.4380690519785666E+05   2.0100536246302847E-13   2.5739512804245244E-24   3.7595813997100649E+03
   1.0016770000000000E+09   3.4598624346566544E+05   1.9844618192454435E-13   2.5409916309313375E-24   3.7598600838869570E+03
   1.0036770000000000E+09   3.4816270487892005E+05   1.9592891515210842E-13   2.5086047621025688E-24   3.7600919236081149E+03
   1.0056770000000000E+09   3.5034309461013495E+05   1.9344785006763822E-13   2.4767157103544340E-24   3.7602777013867599E+03
   1.0076770000000000E+09   3.5253305232709990E+05   1.9099834040109315E-13   2.4452626158076451E-24   3.7604191552889520E+03
   1.0096770000000000E+09   3.5472993341892865E+05   1.8858168776683681E-13   2.4142593858323103E-24   3.7605187693951411E+03
   1.0116770000000000E+09   3.5692623156649474E+05   1.8620296565599413E-13   2.3837686496746621E-24   3.7605785172665796E+03
   1.0136770000000000E+09   3.5911830750282353E+05   1.8386660029847723E-13   2.3538454332096192E-24   3.7605994281873132E+03
   1.0156770000000000E+09   3.6128905187144259E+05   1.8157760819454264E-13   2.3245533742685299E-24   3.7605809306904334E+03
   1.0176770000000000E+09   3.6343961122332263E+05   1.7933593200148336E-13   2.2958899179389964E-24   3.7605245140139818E+03
   1.0196770000000000E+09   3.6558221201871498E+05   1.7713287207755448E-13   2.2677441900074460E-24   3.7604279532759624E+03
   1.0216770000000000E+09   3.6771900823765167E+05   1.7496641064474487E-13   2.2400892071199957E-24   3.7602917323529914E+03
   1.0236770000000000E+09   3.6985042876754678E+05   1.7283558657561496E-13   2.2129116407099378E-24   3.7601161927159665E+03
   1.0256770000000000E+09   3.7197656483358250E+05   1.7073964815161003E-13   2.1862008227858495E-24   3.7599017763855877E+03
   1.0276770000000000E+09   3.7409743479355203E+05   1.6867789044834142E-13   2.1599467112382136E-24   3.7596489475650251E+03
   1.0296770000000000E+09   3.7621304680824559E+05   1.6664961447573723E-13   2.1341393748359512E-24   3.7593581769803727E+03
   1.0316770000000000E+09   3.7832341889080714E+05   1.6465411756598414E-13   2.1087688702339652E-24   3.7590299393477117E+03
   1.0336770000000000E+09   3.8042858916736575E+05   1.6269069282407017E-13   2.0838252331724371E-24   3.7586647139861739E+03
   1.0356770000000000E+09   3.8252862987756578E+05   1.6075862660212548E-13   2.0592984437678516E-24   3.7582629865774775E+03
   1.0376770000000000E+09   3.8462367030563700E+05   1.5885718998665099E-13   2.0351783144248471E-24   3.7578252522811222E+03
   1.0396770000000000E+09   3.8671392067431618E+05   1.5698562903406366E-13   2.0114543605313592E-24   3.7573520211279051E+03
   1.0416770000000000E+09   3.8879967775494029E+05   1.5514316481648805E-13   1.9881157957388973E-24   3.7568438257080757E+03
   1.0436770000000000E+09   3.9088129493866180E+05   1.5332901240740394E-13   1.9651517701376286E-24   3.7563012290329839E+03
   1.0456770000000000E+09   3.9295911647309782E+05   1.5154241781469605E-13   1.9425518408558171E-24   3.7557248287098764E+03
   1.0476770000000000E+09   3.9503339627782773E+05   1.4978270061918787E-13   1.9203065201032688E-24   3.7551152538615775E+03
   1.0496770000000000E+09   3.9710423180378147E+05   1.4804928563932865E-13   1.8984076871968572E-24   3.7544731537300772E+03
   1.0516770000000000E+09   3.9917153689383325E+05   1.4634171176914530E-13   1.8768487110270929E-24   3.7537991802148299E+03
   1.0536770000000000E+09   4.0123506010743679E+05   1.4465961631747732E-13   1.8556242587525532E-24   3.7530939688653843E+03
   1.0556770000000000E+09   4.0329443743307667E+05   1.4300270243687945E-13   1.8347298853196056E-24   3.7523581230667173E+03
   1.0576770000000000E+09   4.0534925900299771E+05   1.4137070138793372E-13   1.8141615528100914E-24   3.7515922045802081E+03
   1.0596770000000000E+09   4.0739913012254366E+05   1.3976334005369177E-13   1.7939152129798330E-24   3.7507967312823389E+03
   1.0616770000000000E+09   4.0944371420363698E+05   1.3818031959145509E-13   1.7739865294112010E-24   3.7499721809508442E+03
   1.0636770000000000E+09   4.1148275401923177E+05   1.3662130622248516E-13   1.7543707535465737E-24   3.7491189988745000E+03
   1.0656770000000000E+09   4.1351607437809632E+05   1.3508593177708427E-13   1.7350627254263893E-24   3.7482376069392385E+03
   1.0676770000000000E+09   4.1554357250744652E+05   1.3357380024210167E-13   1.7160569519899285E-24   3.7473284123524113E+03
   1.0696770000000000E+09   4.1756520261713985E+05   1.3208449676208737E-13   1.6973477179386107E-24   3.7463918149124142E+03
   1.0716770000000000E+09   4.1958095958908781E+05   1.3061759655363299E-13   1.6789291966976593E-24   3.7454282124136239E+03
   1.0736770000000000E+09   4.2159086471793544E+05   1.2917267234453498E-13   1.6607955435388676E-24   3.7444380042524463E+03
   1.0756770000000000E+09   4.2359495469682018E+05   1.2774929986888812E-13   1.6429409646097242E-24   3.7434215935507063E+03
   1.0776770000000000E+09   4.2559327389557008E+05   1.2634706151870922E-13   1.6253597629054186E-24   3.7423793881881579E+03
   1.0796770000000000E+09   4.2758586939662945E+05   1.2496554851468546E-13   1.6080463656192895E-24   3.7413118011063402E+03
   1.0816770000000000E+09   4.2957278807577270E+05   1.2360436201457826E-13   1.5909953380806339E-24   3.7402192501702966E+03
   1.0836770000000000E+09   4.3155407506489055E+05   1.2226311352562500E-13   1.5742013888724764E-24   3.7391021577912375E+03
   1.0856770000000000E+09   4.3352977307598328E+05   1.2094142489784312E-13   1.5576593696163338E-24   3.7379609504420168E+03
   1.0876770000000000E+09   4.3549992222062621E+05   1.1963892808670924E-13   1.5413642718057719E-24   3.7367960581439047E+03
   1.0896770000000000E+09   4.3746456008860492E+05   1.1835526480342447E-13   1.5253112221876198E-24   3.7356079139673561E+03
   1.0916770000000000E+09   4.3942372194436687E+05   1.1709008612134534E-13   1.5094954775637531E-24   3.7343969535670676E+03
   1.0936770000000000E+09   4.4137744096251013E+05   1.1584305207552306E-13   1.4939124194862213E-24   3.7331636147587465E+03
   1.0956770000000000E+09   4.4332574846225692E+05   1.1461383127348924E-13   1.4785575490799389E-24   3.7319083371382412E+03
   1.0976770000000000E+09   4.4526867412276467E+05   1.1340210052527636E-13   1.4634264820980475E-24   3.7306315617403502E+03
   1.0996770000000000E+09   4.4720624617307627E+05   1.1220754449548574E-13   1.4485149442488666E-24   3.7293337307334846E+03
   1.1016770000000000E+09   4.4913849155616487E+05   1.1102985537794233E-13   1.4338187668040669E-24   3.7280152871460327E+03
   1.1036770000000000E+09   4.5106543606910866E+05   1.0986873259250857E-13   1.4193338824849896E-24   3.7266766746205826E+03
   1.1056770000000000E+09   4.5298710448220529E+05   1.0872388250330463E-13   1.4050563216195677E-24   3.7253183371925365E+03
   1.1076770000000000E+09   4.5490352063996077E+05   1.0759501815740981E-13   1.3909822085598027E-24   3.7239407190900583E+03
   1.1096770000000000E+09   4.5681470754644519E+05   1.0648185904307533E-13   1.3771077583488768E-24   3.7225442645528105E+03
   1.1116770000000000E+09   4.5872068743722222E+05   1.0538413086632894E-13   1.3634292736248698E-24   3.7211294176671699E+03
   1.1136770000000000E+09   4.6062148183956154E+05   1.0430156534477431E-13   1.3499431417468131E-24   3.7196966222159840E+03
   1.1156770000000000E+09   4.6251711162213737E+05   1.0323390001732210E-13   1.3366458321278056E-24   3.7182463215411703E+03
   1.1176770000000000E+09   4.6440759703515831E+05   1.0218087806848960E-13   1.3235338937584881E-24   3.7167789584175889E+03
   1.1196770000000000E+09   4.6629295774128940E+05   1.0114224816595745E-13   1.3106039529046940E-24   3.7152949749368399E+03
   1.1216770000000000E+09   4.6817321283780626E+05   1.0011776430995292E-13   1.2978527109614694E-24   3.7137948123996584E+03
   1.1236770000000000E+09   4.7004838086981501E+05   9.9107185693195695E-14   1.2852769424476892E-24   3.7122789112157284E+03
   1.1256770000000000E+09   4.7191847983465868E+05   9.8110276570052497E-14   1.2728734931242590E-24   3.7107477108097632E+03
   1.1276770000000000E+09   4.7378352717728360E+05   9.7126806133720058E-14   1.2606392782210557E-24   3.7092016495327371E+03
   1.1296770000000000E+09   4.7564353977664612E+05   9.6156548400247128E-14   1.2485712807575560E-24   3.7076411645772259E+03
   1.1316770000000000E+09   4.7749853392328130E+05   9.5199282098332185E-14   1.2366665499436640E-24   3.7060666918958605E+03
   1.1336770000000000E+09   4.7934852528846788E+05   9.4254790563898359E-14   1.2249221996480166E-24   3.7044786661219314E+03
   1.1356770000000000E+09   4.8119352888566157E+05   9.3322861638571047E-14   1.2133354069225718E-24   3.7028775204912945E+03
   1.1376770000000000E+09   4.8303355902532808E+05   9.2403287571258557E-14   1.2019034105731800E-24   3.7012636867648016E+03
   1.1396770000000000E+09   4.8486862926465512E+05   9.1495864922163872E-14   1.1906235097674207E-24   3.6996375951506261E+03
   1.1416770000000000E+09   4.8669875235413690E+05   9.0600394468632305E-14   1.1794930626719057E-24   3.6979996742259545E+03
   1.1436770000000000E+09   4.8852394018333789E+05   8.9716681112379679E-14   1.1685094851129866E-24   3.6963503508577314E+03
   1.1456770000000000E+09   4.9034420372864470E+05   8.8844533787706128E-14   1.1576702492555060E-24   3.6946900501223367E+03
   1.1476770000000000E+09   4.9215955300614826E+05   8.7983765370383579E-14   1.1469728822952627E-24   3.6930191952242012E+03
   1.1496770000000000E+09   4.9396999703297816E+05   8.7134192586997237E-14   1.1364149651619517E-24   3.6913382074137353E+03
   1.1516770000000000E+09   4.9577554380044085E+05   8.6295635924601242E-14   1.1259941312303519E-24   3.6896475059050299E+03
   1.1536770000000000E+09   4.9757620026254078E+05   8.5467919540529767E-14   1.1157080650372163E-24   3.6879475077940956E+03
   1.1556770000000000E+09   4.9937197234295553E+05   8.4650871172331775E-14   1.1055545010029186E-24   3.6862386279786188E+03
   1.1576770000000000E+09   5.0116286496341851E+05   8.3844322047762262E-14   1.0955312221564496E-24   3.6845212790803325E+03
   1.1596770000000000E+09   5.0294888209564926E+05   8.3048106794875329E-14   1.0856360588637674E-24   3.6827958713713369E+03
   1.1616770000000000E+09   5.0473002683862043E+05   8.2262063352201247E-14   1.0758668875587012E-24   3.6810628127057971E+03
   1.1636770000000000E+09   5.0650630152169726E+05   8.1486032879146563E-14   1.0662216294776776E-24   3.6793225084584437E+03
   1.1656770000000000E+09   5.0827770783359464E+05   8.0719859666701959E-14   1.0566982493988404E-24   3.6775753614714345E+03
   1.1676770000000000E+09   5.1004424697595328E+05   7.9963391048637878E-14   1.0472947543874599E-24   3.6758217720109456E+03
   1.1696770000000000E+09   5.1180591983912338E+05   7.9216477313461478E-14   1.0380091925507937E-24   3.6740621377348789E+03
   1.1716770000000000E+09   5.1356272719715361E+05   7.8478971617367265E-14   1.0288396518051395E-24   3.6722968536727763E+03
   1.1736770000000000E+09   5.1531466991759569E+05   7.7750729898579692E-14   1.0197842586600447E-24   3.6705263122189608E+03
   1.1756770000000000E+09   5.1706174918128684E+05   7.7031610793441273E-14   1.0108411770242275E-24   3.6687509031394475E+03
   1.1776770000000000E+09   5.1880396670638944E+05   7.6321475554701672E-14   1.0020086070391548E-24   3.6669710135930363E+03
   1.1796770000000000E+09   5.2054132497070689E+05   7.5620187972431383E-14   9.9328478394596111E-25   3.6651870281665592E+03
   1.1816770000000000E+09   5.2227382742595539E+05   7.4927614298018602E-14   9.8466797699196088E-25   3.6633993289238979E+03
   1.1836770000000000E+09   5.2400147869786446E+05   7.4243623171651746E-14   9.7615648838238012E-25   3.6616082954680478E+03
   1.1856770000000000E+09   5.2572428476608195E+05   7.3568085553691340E-14   9.6774865228305455E-25   3.6598143050151339E+03
   1.1876770000000000E+09   5.2744225311869418E+05   7.2900874660207414E-14   9.5944283387824416E-25   3.6580177324789652E+03
   1.1896770000000000E+09   5.2915539287677396E+05   7.2241865902919200E-14   9.5123742848727170E-25   3.6562189505644324E+03
   1.1916770000000000E+09   5.3086371488542180E+05   7.1590936833659618E-14   9.4313086074222625E-25   3.6544183298677922E+03
   1.1936770000000000E+09   5.3256723176890251E+05   7.0947967093387257E-14   9.3512158382767788E-25   3.6526162389817696E+03
   1.1956770000000000E+09   5.3426595794877410E+05   7.0312838365641421E-14   9.2720807878167967E-25   3.6508130446032310E+03
   1.1976770000000000E+09   5.3595990962506644E+05   6.9685434334260011E-14   9.1938885385628995E-25   3.6490091116412327E+03
   1.1996770000000000E+09   5.3764910472198681E+05   6.9065640645043780E-14   9.1166244393402221E-25   3.6472048033231918E+03
   1.2016770000000000E+09   5.3933356280057400E+05   6.8453344871015927E-14   9.0402740999606746E-25   3.6454004812971857E+03
   1.2036770000000000E+09   5.4101330494201556E+05   6.7848436480803540E-14   8.9648233863646951E-25   3.6435965057283929E+03
   1.2056770000000000E+09   5.4268835360594338E+05   6.7250806809677465E-14   8.8902584161642825E-25   3.6417932353880710E+03
   1.2076770000000000E+09   5.4435873246894905E+05   6.6660349032706637E-14   8.8165655545176305E-25   3.6399910277336317E+03
   1.2096770000000000E+09   5.4602446624881180E+05   6.6076958139519340E-14   8.7437314102691011E-25   3.6381902389787688E+03
   1.2116770000000000E+09   5.4768558052034490E+05   6.5500530910142367E-14   8.6717428322845353E-25   3.6363912241528487E+03
   1.2136770000000000E+09   5.4934210152874142E+05   6.4930965891428213E-14   8.6005869059159367E-25   3.6345943371491367E+03
   1.2156770000000000E+09   5.5099405600614776E+05   6.4368163373624509E-14   8.5302509495343109E-25   3.6327999307617811E+03
   1.2176770000000000E+09   5.5264147099676274E+05   6.3812025366702512E-14   8.4607225110769668E-25   3.6310083567117854E+03
   1.2196770000000000E+09   5.5428437369529204E+05   6.3262455576114793E-14   8.3919893645619476E-25   3.6292199656624261E+03
   1.2216770000000000E+09   5.5592279130275233E+05   6.2719359377744598E-14   8.3240395065337939E-25   3.6274351072249215E+03
   1.2236770000000000E+09   5.5755675090264424E+05   6.2182643791907048E-14   8.2568611524175197E-25   3.6256541299552914E+03
   1.2256770000000000E+09   5.5918627935958363E+05   6.1652217456330354E-14   8.1904427327664806E-25   3.6238773813435196E+03
   1.2276770000000000E+09   5.6081140324112028E+05   6.1127990598179198E-14   8.1247728894075788E-25   3.6221052077962254E+03
   1.2296770000000000E+09   5.6243214876264741E+05   6.0609875005214481E-14   8.0598404714916911E-25   3.6203379546141027E+03
   1.2316770000000000E+09   5.6404854175400850E+05   6.0097783996296303E-14   7.9956345314725830E-25   3.6185759659653058E+03
   1.2336770000000000E+09   5.6566060764557531E+05   5.9591632391482004E-14   7.9321443210439222E-25   3.6168195848559672E+03
   1.2356770000000000E+09   5.6726837147104321E+05   5.9091336481974011E-14   7.8693592870651997E-25   3.6150691530987792E+03
   1.2376770000000000E+09   5.6887185788362112E+05   5.8596814000210774E-14   7.8072690675127799E-25   3.6133250112806109E+03
   1.2396770000000000E+09   5.7047109118224483E+05   5.8107984090359752E-14   7.7458634874888042E-25   3.6115874987297366E+03
   1.2416770000000000E+09   5.7206609534460446E+05   5.7624767279428043E-14   7.6851325553150695E-25   3.6098569534832982E+03
   1.2436770000000000E+09   5.7365689406392863E+05   5.7147085449183713E-14   7.6250664587369145E-25   3.6081337122552718E+03
   1.2456770000000000E+09   5.7524351078707236E+05   5.6674861808997869E-14   7.5656555612512695E-25   3.6064181104051968E+03
   1.2476770000000000E+09   5.7682596875167557E+05   5.6208020869703867E-14   7.5068903985716167E-25   3.6047104819077476E+03
   1.2496770000000000E+09   5.7840429102080117E+05   5.5746488418495056E-14   7.4487616752329597E-25   3.6030111593231136E+03
   1.2516770000000000E+09   5.7997850051376421E+05   5.5290191494864292E-14   7.3912602613375066E-25   3.6013204737681131E+03
   1.2536770000000000E+09   5.8154862003218336E+05   5.4839058367562143E-14   7.3343771894384277E-25   3.5996387548878984E+03
   1.2556770000000000E+09   5.8311467228063394E+05   5.4393018512523758E-14   7.2781036515555447E-25   3.5979663308280374E+03
   1.2576770000000000E+09   5.8467667988148669E+05   5.3952002591706471E-14   7.2224309963156530E-25   3.5963035282067876E+03
   1.2596770000000000E+09   5.8623466538376780E+05   5.3515942432763009E-14   7.1673507262079363E-25   3.5946506720873308E+03
   1.2616770000000000E+09   5.8778865126600326E+05   5.3084771009476042E-14   7.1128544949449660E-25   3.5930080859497298E+03
   1.2636770000000000E+09   5.8933865993311489E+05   5.2658422422879478E-14   7.0589341049196978E-25   3.5913760916623810E+03
   1.2656770000000000E+09   5.9088471370768151E+05   5.2236831882971143E-14   7.0055815047459638E-25   3.5897550094527660E+03
   1.2676770000000000E+09   5.9242683481568890E+05   5.1819935690955952E-14   6.9527887868745003E-25   3.5881451578773062E+03
   1.2696770000000000E+09   5.9396504536719411E+05   5.1407671221922598E-14   6.9005481852717770E-25   3.5865468537900852E+03
   1.2716770000000000E+09   5.9549936733206804E+05   5.0999976907903608E-14   6.8488520731547738E-25   3.5849604123103750E+03
   1.2736770000000000E+09   5.9702982251125760E+05   5.0596792221228086E-14   6.7976929607697919E-25   3.5833861467886854E+03
   1.2756770000000000E+09   5.9855643250391330E+05   5.0198057658105695E-14   6.7470634932067537E-25   3.5818243687713248E+03
   1.2776770000000000E+09   6.0007921867084189E+05   4.9803714722363806E-14   6.6969564482385708E-25   3.5802753879632692E+03
   1.2796770000000000E+09   6.0159820209483360E+05   4.9413705909266061E-14   6.6473647341756442E-25   3.5787395121892869E+03
   1.2816770000000000E+09   6.0311340353854722E+05   4.9027974689327484E-14   6.5982813877239247E-25   3.5772170473531992E+03
   1.2836770000000000E+09   6.0462484340059536E+05   4.8646465492058848E-14   6.5496995718370899E-25   3.5757082973952693E+03
   1.2856770000000000E+09   6.0613254167055688E+05   4.8269123689572656E-14   6.5016125735534411E-25   3.5742135642476433E+03
   1.2876770000000000E+09   6.0763651788365503E+05   4.7895895579987524E-14   6.4540138018085117E-25   3.5727331477878715E+03
   1.2896770000000000E+09   6.0913679107559368E+05   4.7526728370606654E-14   6.4068967852197383E-25   3.5712673457904780E+03
   1.2916770000000000E+09   6.1063337973811617E+05   4.7161570160838268E-14   6.3602551698383046E-25   3.5698164538766491E+03
   1.2936770000000000E+09   6.1212630177541089E+05   4.6800369924880679E-14   6.3140827168707652E-25   3.5683807654620528E+03
   1.2956770000000000E+09   6.1361557446130528E+05   4.6443077494210014E-14   6.2683733003750889E-25   3.5669605717028603E+03
   1.2976770000000000E+09   6.1510121439685521E+05   4.6089643539944048E-14   6.2231209049406656E-25   3.5655561614399771E+03
   1.2996770000000000E+09   6.1658323746767186E+05   4.5740019555179604E-14   6.1783196233650262E-25   3.5641678211415456E+03
   1.3016770000000000E+09   6.1806165880026901E+05   4.5394157837415148E-14   6.1339636543422167E-25   3.5627958348436687E+03
   1.3036770000000000E+09   6.1953649271709681E+05   4.5052011471150507E-14   6.0900473001749981E-25   3.5614404840893894E+03
   1.3056770000000000E+09   6.2100775269089162E+05   4.4713534310709390E-14   6.0465649645170109E-25   3.5601020478658616E+03
   1.3076770000000000E+09   6.2247545130088518E+05   4.4378680963220717E-14   6.0035111501361179E-25   3.5587808025397253E+03
   1.3096770000000000E+09   6.2393960019637318E+05   4.4047406771533537E-14   5.9608804566680945E-25   3.5574770217908085E+03
   1.3116770000000000E+09   6.2540021007699054E+05   4.3719667796631140E-14   5.9186675783013204E-25   3.5561909765443875E+03
   1.3136770000000000E+09   6.2685729070336698E+05   4.3395420798886502E-14   5.8768673013018592E-25   3.5549229349027241E+03
   1.3156770000000000E+09   6.2831085095582483E+05   4.3074623217293965E-14   5.8354745012596563E-25   3.5536731620768983E+03
   1.3176770000000000E+09   6.2976089896056172E+05   4.2757233145745194E-14   5.7944841399261712E-25   3.5524419203206153E+03
   1.3196770000000000E+09   6.3120744230068510E+05   4.2443209305562769E-14   5.7538912615322330E-25   3.5512294688683683E+03
   1.3216770000000000E+09   6.3265048832143610E+05   4.2132511013962638E-14   5.7136909885362437E-25   3.5500360638807761E+03
   1.3236770000000000E+09   6.3409004452384333E+05   4.1825098148948017E-14   5.6738785168652963E-25   3.5488619584002577E+03
   1.3256770000000000E+09   6.3552611901944131E+05   4.1520931112273965E-14   5.6344491108667558E-25   3.5477074023200694E+03
   1.3276770000000000E+09   6.3695872099383187E+05   4.1219970793384971E-14   5.5953980983620091E-25   3.5465726423685956E+03
   1.3296770000000000E+09   6.3838786110481597E+05   4.0922178538288254E-14   5.5567208663416490E-25   3.5454579221092245E+03
   1.3316770000000000E+09   6.3981355173057877E+05   4.0627516127691493E-14   5.5184128578964663E-25   3.5443634819535746E+03
   1.3336770000000000E+09   6.4123580699283001E+05   4.0335945768056169E-14   5.4804695708920642E-25   3.5432895591829483E+03
   1.3356770000000000E+09   6.4265464251481718E+05   4.0047430097194510E-14   5.4428865586242983E-25   3.5422363879704662E+03
   1.3376770000000000E+09   6.4407007493154041E+05   3.9761932202936467E-14   5.4056594322729630E-25   3.5412041993948146E+03
   1.3396770000000000E+09   6.4548212123756669E+05   3.9479415649864823E-14   5.3687838644888452E-25   3.5401932214372214E+03
   1.3416770000000000E+09   6.4689079811513296E+05   3.9199844506282999E-14   5.3322555930572462E-25   3.5392036789559838E+03
   1.3436770000000000E+09   6.4829612140694261E+05   3.8923183362740958E-14   5.2960704234565441E-25   3.5382357936378603E+03
   1.3456770000000000E+09   6.4969810586743965E+05   3.8649397335330034E-14   5.2602242293759069E-25   3.5372897839313287E+03
   1.3476770000000000E+09   6.5109676524333318E+05   3.8378452051486525E-14   5.2247129508645373E-25   3.5363658649714885E+03
   1.3496770000000000E+09   6.5249211262312019E+05   3.8110313621841768E-14   5.1895325905719093E-25   3.5354642485083436E+03
   1.3516770000000000E+09   6.5388416089883482E+05   3.7844948606513812E-14   5.1546792092052195E-25   3.5345851428482533E+03
   1.3536770000000000E+09   6.5527292314655299E+05   3.7582323985875497E-14   5.1201489215653647E-25   3.5337287528125244E+03
   1.3556770000000000E+09   6.5665841277845984E+05   3.7322407143223284E-14   5.0859378941799510E-25   3.5328952797102261E+03
   1.3576770000000000E+09   6.5804064343373990E+05   3.7065165860798033E-14   5.0520423447476803E-25   3.5320849213163879E+03
   1.3596770000000000E+09   6.5941962870418746E+05   3.6810568324114946E-14   5.0184585427238896E-25   3.5312978718457571E+03
   1.3616770000000000E+09   6.6079538186665473E+05   3.6558583125859912E-14   4.9851828098656610E-25   3.5305343219155529E+03
   1.3636770000000000E+09   6.6216791577427427E+05   3.6309179261851549E-14   4.9522115197112198E-25   3.5297944584980928E+03
   1.3656770000000000E+09   6.6353724295406940E+05   3.6062326116952457E-14   4.9195410956935111E-25   3.5290784648697063E+03
   1.3676770000000000E+09   6.6490337583338714E+05   3.5817993445135586E-14   4.8871680084472890E-25   3.5283865205648881E+03
   1.3696770000000000E+09   6.6626632695071481E+05   3.5576151351226217E-14   4.8550887733286170E-25   3.5277188013406299E+03
   1.3716770000000000E+09   6.6762610903830186E+05   3.5336770280200653E-14   4.8232999489523257E-25   3.5270754791497384E+03
   1.3736770000000000E+09   6.6898273496567155E+05   3.5099821014827307E-14   4.7917981368651049E-25   3.5264567221169723E+03
   1.3756770000000000E+09   6.7033621762629785E+05   3.4865274677718273E-14   4.7605799818273652E-25   3.5258626945117308E+03
   1.3776770000000000E+09   6.7168656986625993E+05   3.4633102732834947E-14   4.7296421720295373E-25   3.5252935567156946E+03
   1.3796770000000000E+09   6.7303380449001666E+05   3.4403276984314606E-14   4.6989814389466805E-25   3.5247494651885568E+03
   1.3816770000000000E+09   6.7437793429570273E+05   3.4175769574283592E-14   4.6685945570518710E-25   3.5242305724366825E+03
   1.3836770000000000E+09   6.7571897206139972E+05   3.3950552982703895E-14   4.6384783438029696E-25   3.5237370269859075E+03
   1.3856770000000000E+09   6.7705693043339741E+05   3.3727600030797327E-14   4.6086296601192267E-25   3.5232689733546076E+03
   1.3876770000000000E+09   6.7839182168038376E+05   3.3506883888549435E-14   4.5790454114266404E-25   3.5228265520193540E+03
   1.3896770000000000E+09   6.7972365713564085E+05   3.3288378091831258E-14   4.5497225500438267E-25   3.5224098993615344E+03
   1.3916770000000000E+09   6.8105244564522593E+05   3.3072056593432146E-14   4.5206580822601775E-25   3.5220191475704305E+03
   1.3936770000000000E+09   6.8237818905124115E+05   3.2857893919481477E-14   4.4918490899606151E-25   3.5216544244380934E+03
   1.3956770000000000E+09   6.8370086965685419E+05   3.2645865614644563E-14   4.4632927920700573E-25   3.5213158528894487E+03
   1.3976770000000000E+09   6.8502041763969185E+05   3.2435949413667964E-14   4.4349867060738771E-25   3.5210035499143328E+03
   1.3996770000000000E+09   6.8633663204941922E+05   3.2228128103280978E-14   4.4069290422331738E-25   3.5207176242746787E+03
   1.4016770000000000E+09   6.8764900377521024E+05   3.2022395977340567E-14   4.3791195920295454E-25   3.5204581719550897E+03
   1.4036770000000000E+09   6.8895635442046507E+05   3.1818772093806136E-14   4.3515615515125989E-25   3.5202252678855930E+03
   1.4056770000000000E+09   6.9025618119661056E+05   3.1617324502446833E-14   4.3242648521028702E-25   3.5200189520393860E+03
   1.4076770000000000E+09   6.9154363985082100E+05   3.1418208161204068E-14   4.2972513740356663E-25   3.5198392070546247E+03
   1.4096770000000000E+09   6.9281028997222707E+05   3.1221712046730012E-14   4.2705614352540800E-25   3.5196859208270689E+03
   1.4116770000000000E+09   6.9404308461853687E+05   3.1028296855308349E-14   4.2442590298576813E-25   3.5195588174138907E+03
   1.4136770000000000E+09   6.9522428995365149E+05   3.0838594776776015E-14   4.2184319483833456E-25   3.5194573262600725E+03
   1.4156770000000000E+09   6.9633217420569342E+05   3.0653371299358760E-14   4.1931867853487747E-25   3.5193803767219874E+03
   1.4176770000000000E+09   6.9733964180615172E+05   3.0473551165763234E-14   4.1686526723681359E-25   3.5193262258822856E+03
   1.4196770000000000E+09   6.9820589749298815E+05   3.0300511053610707E-14   4.1450210762649964E-25   3.5192926391931874E+03
   1.4216770000000000E+09   6.9886362871383841E+05   3.0136605809123262E-14   4.1226169518165188E-25   3.5192775871590952E+03
   1.4236770000000000E+09   6.9922812800051412E+05   2.9984986538467158E-14   4.1018738691173149E-25   3.5192792364185484E+03
   1.4256770000000000E+09   6.9926685973157000E+05   2.9847117878053528E-14   4.0829982243137804E-25   3.5192926347158791E+03
   1.4276770000000000E+09   6.9909565867301705E+05   2.9718901096068750E-14   4.0654435806433089E-25   3.5193055882662466E+03
   1.4296770000000000E+09   6.9894670506156411E+05   2.9591347683255913E-14   4.0479948722235471E-25   3.5193054489143110E+03
   1.4316770000000000E+09   6.9894820477329020E+05   2.9459120655120168E-14   4.0299145856732156E-25   3.5192985346919536E+03
   1.4336770000000000E+09   6.9907324518322619E+05   2.9322895788150379E-14   4.0113029596939427E-25   3.5192779124960402E+03
   1.4356770000000000E+09   6.9881469229366723E+05   2.9204478126208000E-14   3.9950620431414592E-25   3.5193146108963856E+03
   6.5767700000000000E+08  -1.2782817090945271E+03   3.2196514518680232E-08   1.1574031975904305E-22   1.8353499997622032E+03
   6.5967700000000000E+08  -1.2231531929711171E+03   5.0766362899769280E-08   1.5110366870929041E-22   2.2166736938123017E+03
   6.6167700000000000E+08  -1.1249277340900899E+03   6.1918619529984420E-08   1.6456950274619919E-22   2.4824619842340558E+03
   6.6367700000000000E+08  -9.7180398720308801E+02   6.7309427044537123E-08   1.6504419314701960E-22   2.6908914463737074E+03
   6.6567700000000000E+08  -6.9841327692237030E+02   6.7865850081824963E-08   1.5633174836867575E-22   2.8643897808686179E+03
   6.6767700000000000E+08  -3.3705146452491761E+02   6.5363428446802566E-08   1.4309944879726956E-22   3.0139048541565185E+03
   6.6967700000000000E+08   8.8767372750496776E+01   6.1291997953530684E-08   1.2856591047840192E-22   3.1456664565622682E+03
   6.7167700000000000E+08   5.5545529751058552E+02   5.6658193549133606E-08   1.1455088365204729E-22   3.2636155618304401E+03
   6.7367700000000000E+08   1.0436948793024631E+03   5.2037065611246585E-08   1.0187308026211867E-22   3.3704410824390825E+03
   6.7567700000000000E+08   1.5326967349877384E+03   4.7714720832384582E-08   9.0780917471422182E-23   3.4680806817061066E+03
   6.7767700000000000E+08   1.9951929622857690E+03   4.3810565446243305E-08   8.1246318083963777E-23   3.5579871651267686E+03
   6.7967700000000000E+08   2.3993723755480382E+03   4.0353250580994289E-08   7.3122547308239257E-23   3.6412826429606394E+03
   6.8167700000000000E+08   2.7214711071070897E+03   3.7321920007291553E-08   6.6218636278931841E-23   3.7188544133899413E+03
   6.8367700000000000E+08   2.9552958977882486E+03   3.4664326997687263E-08   6.0326093576824490E-23   3.7914181662995875E+03
   6.8567700000000000E+08   3.1028559967479127E+03   3.2309428675018290E-08   5.5235059073004311E-23   3.8595608053417491E+03
   6.8767700000000000E+08   3.1443809499367549E+03   3.0177240702810953E-08   5.0745715433412735E-23   3.9237700567885322E+03
   6.8967700000000000E+08   3.0205746848194135E+03   2.8203047540208318E-08   4.6703641898767049E-23   3.9844547348691276E+03
   6.9167700000000000E+08   2.6790314612835555E+03   2.6357425525808148E-08   4.3026313365205340E-23   4.0419607317095733E+03
   6.9367700000000000E+08   2.1454571519502065E+03   2.4646893969339351E-08   3.9697370261789548E-23   4.0965853196371554E+03
   6.9567700000000000E+08   1.5501392724375430E+03   2.3094205043167430E-08   3.6729988636323337E-23   4.1485891393775992E+03
   6.9767700000000000E+08   1.0870156148533370E+03   2.1717107035700241E-08   3.4131215281745805E-23   4.1982043808133594E+03
   6.9967700000000000E+08   9.4531768269756799E+02   2.0518781736503078E-08   3.1887171321378439E-23   4.2456391445913314E+03
   7.0167700000000000E+08   1.2568533490815935E+03   1.9488513456200938E-08   2.9964943070105917E-23   4.2910794320457026E+03
   7.0367700000000000E+08   2.0743298907380786E+03   1.8606469401993987E-08   2.8320525177359714E-23   4.3346903189413115E+03
   7.0567700000000000E+08   3.3762675759920303E+03   1.7848696354656741E-08   2.6906567076767503E-23   4.3766172255357069E+03
   7.0767700000000000E+08   5.0870033376546571E+03   1.7190915930280812E-08   2.5677889027677013E-23   4.4169875746800599E+03
   7.0967700000000000E+08   7.1007638468457344E+03   1.6610891592715428E-08   2.4594623396231315E-23   4.4559127756567823E+03
   7.1167700000000000E+08   9.3026625399973163E+03   1.6089609329192144E-08   2.3623504694159764E-23   4.4934903456579132E+03
   7.1367700000000000E+08   1.1584093129868397E+04   1.5611641882322053E-08   2.2737960990162723E-23   4.5298059898359461E+03
   7.1567700000000000E+08   1.3849803418092693E+04   1.5164910232081100E-08   2.1917380588053970E-23   4.5649354952737813E+03
   7.1767700000000000E+08   1.6022143969521134E+04   1.4740431821813584E-08   2.1146426669624339E-23   4.5989463752403135E+03
   7.1967700000000000E+08   1.8045554121297278E+04   1.4332021264841857E-08   2.0414356131726736E-23   4.6318992933676127E+03
   7.2167700000000000E+08   1.9885658892573159E+04   1.3935653752928025E-08   1.9713908401659651E-23   4.6638492684623207E+03
   7.2367700000000000E+08   2.1525819508153869E+04   1.3549003210814528E-08   1.9040506351962882E-23   4.6948466415071889E+03
   7.2567700000000000E+08   2.2964044603604980E+04   1.3170991647691810E-08   1.8391517269561322E-23   4.7249378347528018E+03
   7.2767700000000000E+08   2.4209584962890487E+04   1.2801393369755262E-08   1.7765627454255712E-23   4.7541659422997163E+03
   7.2967700000000000E+08   2.5279514471451777E+04   1.2440500742191087E-08   1.7162330944167507E-23   4.7825711818475284E+03
   7.3167700000000000E+08   2.6195546560869021E+04   1.2088857383821349E-08   1.6581532824672636E-23   4.8101912356985213E+03
   7.3367700000000000E+08   2.6981294010334692E+04   1.1747060865875263E-08   1.6023263266461697E-23   4.8370615069174974E+03
   7.3567700000000000E+08   2.7660116463175593E+04   1.1415631976394455E-08   1.5487492586171281E-23   4.8632153136466104E+03
   7.3767700000000000E+08   2.8253614198599447E+04   1.1094941918796307E-08   1.4974030987647940E-23   4.8886840409791494E+03
   7.3967700000000000E+08   2.8780738863654900E+04   1.0785185380640941E-08   1.4482493198766556E-23   4.9134972656048121E+03
   7.4167700000000000E+08   2.9257426413284746E+04   1.0486385523302155E-08   1.4012306843576007E-23   4.9376828642485689E+03
   7.4367700000000000E+08   2.9696618021920443E+04   1.0198417905678144E-08   1.3562745722273992E-23   4.9612671130904191E+03
   7.4567700000000000E+08   3.0108529591064354E+04   9.9210427293148313E-09   1.3132973157092377E-23   4.9842747822422543E+03
   7.4767700000000000E+08   3.0501048030204005E+04   9.6539379411661338E-09   1.2722085317419583E-23   5.0067292271177475E+03
   7.4967700000000000E+08   3.0880162782102179E+04   9.3967287550202072E-09   1.2329148781326882E-23   5.0286524771191771E+03
   7.5167700000000000E+08   3.1250373501128517E+04   9.1490115809774649E-09   1.1953229952226378E-23   5.0500653213262158E+03
   7.5367700000000000E+08   3.1615042698073608E+04   8.9103720094315873E-09   1.1593416164136803E-23   5.0709873906053163E+03
   7.5567700000000000E+08   3.1976682544384890E+04   8.6803974439081878E-09   1.1248829518873438E-23   5.0914372355757723E+03
   7.5767700000000000E+08   3.2337177774217991E+04   8.4586853878461447E-09   1.0918634973765075E-23   5.1114324000233464E+03
   7.5967700000000000E+08   3.2697953169405602E+04   8.2448484562778782E-09   1.0602044218860822E-23   5.1309894895469652E+03
   7.6167700000000000E+08   3.3060096378490569E+04   8.0385170651423939E-09   1.0298316672162777E-23   5.1501242354040278E+03
   7.6367700000000000E+08   3.3424446555269016E+04   7.8393405607129635E-09   1.0006758631206189E-23   5.1688515536612285E+03
   7.6567700000000000E+08   3.3791657814119069E+04   7.6469873557435624E-09   9.7267213354470878E-24   5.1871855998558240E+03
   7.6767700000000000E+08   3.4162244630867419E+04   7.4611444696998095E-09   9.4575984557876614E-24   5.2051398194316644E+03
   7.6967700000000000E+08   3.4536614532925661E+04   7.2815167384287219E-09   9.1988233458451628E-24   5.2227269942435541E+03
   7.7167700000000000E+08   3.4915091925575965E+04   7.1078258627130503E-09   8.9498662600595851E-24   5.2399592854313687E+03
   7.7367700000000000E+08   3.5297935742916678E+04   6.9398093991920878E-09   8.7102316563667059E-24   5.2568482729592743E+03
   7.7567700000000000E+08   3.5685352764251351E+04   6.7772197537921299E-09   8.4794556450013491E-24   5.2734049921009118E+03
   7.7767700000000000E+08   3.6077507841450053E+04   6.6198232104673343E-09   8.2571036105243144E-24   5.2896399671326362E+03
   7.7967700000000000E+08   3.6474531877673275E+04   6.4673990114591885E-09   8.0427680140350428E-24   5.3055632424763708E+03
   7.8167700000000000E+08   3.6876528128433674E+04   6.3197384956089058E-09   7.8360663714697534E-24   5.3211844115129616E+03
   7.8367700000000000E+08   3.7283577219567487E+04   6.1766442958696006E-09   7.6366393983257688E-24   5.3365126432670995E+03
   7.8567700000000000E+08   3.7695741162019593E+04   6.0379295943389594E-09   7.4441493087940827E-24   5.3515567071462974E+03
   7.8767700000000000E+08   3.8113066568628041E+04   5.9034174317815669E-09   7.2582782566936965E-24   5.3663249958993774E+03
   7.8967700000000000E+08   3.8535587228690216E+04   5.7729400680738969E-09   7.0787269059308266E-24   5.3808255469444030E+03
   7.9167700000000000E+08   3.8963326162512400E+04   5.6463383898976259E-09   6.9052131189643622E-24   5.3950660622018631E+03
   7.9367700000000000E+08   3.9396297254371573E+04   5.5234613621105759E-09   6.7374707526773090E-24   5.4090539265564057E+03
   7.9567700000000000E+08   3.9834506544637356E+04   5.4041655194206231E-09   6.5752485519949672E-24   5.4227962250587698E+03
   7.9767700000000000E+08   4.0277953247984391E+04   5.2883144952164361E-09   6.4183091324876882E-24   5.4362997589695278E+03
   7.9967700000000000E+08   4.0726630553354385E+04   5.1757785846397094E-09   6.2664280440233344E-24   5.4495710607368228E+03
   8.0167700000000000E+08   4.1180526251845433E+04   5.0664343392055337E-09   6.1193929082860782E-24   5.4626164079920254E+03
   8.0367700000000000E+08   4.1639623230589321E+04   4.9601641904856442E-09   5.9770026236563163E-24   5.4754418366397686E+03
   8.0567700000000000E+08   4.2103899863692452E+04   4.8568561005636538E-09   5.8390666315582695E-24   5.4880531531119532E+03
   8.0767700000000000E+08   4.2573330325330477E+04   4.7564032371525898E-09   5.7054042389340638E-24   5.5004559458492386E+03
   8.0967700000000000E+08   4.3047884845003602E+04   4.6587036714349971E-09   5.5758439920033251E-24   5.5126555960680889E+03
   8.1167700000000000E+08   4.3527529920730733E+04   4.5636600968447580E-09   5.4502230969206950E-24   5.5246572878662864E+03
   8.1367700000000000E+08   4.4012228502517348E+04   4.4711795671591762E-09   5.3283868833556389E-24   5.5364660177155129E+03
   8.1567700000000000E+08   4.4501940155690339E+04   4.3811732524094194E-09   5.2101883073931685E-24   5.5480866033852826E+03
   8.1767700000000000E+08   4.4996621211602753E+04   4.2935562112478575E-09   5.0954874904939824E-24   5.5595236923390148E+03
   8.1967700000000000E+08   4.5496224911658908E+04   4.2082471785311490E-09   4.9841512915600991E-24   5.5707817696395032E+03
   8.2167700000000000E+08   4.6000701549497266E+04   4.1251683669887707E-09   4.8760529094300925E-24   5.5818651653981469E+03
   8.2367700000000000E+08   4.6509998615396755E+04   4.0442452819469139E-09   4.7710715133777245E-24   5.5927780617993512E+03
   8.2567700000000000E+08   4.7024060946423349E+04   3.9654065481675393E-09   4.6690918994107306E-24   5.6035244997291902E+03
   8.2767700000000000E+08   4.7542830885398762E+04   3.8885837479413433E-09   4.5700041703645367E-24   5.6141083850349514E+03
   8.2967700000000000E+08   4.8066248451356558E+04   3.8137112696421945E-09   4.4737034379603766E-24   5.6245334944402512E+03
   8.3167700000000000E+08   4.8594251523677282E+04   3.7407261660087082E-09   4.3800895451500279E-24   5.6348034811383677E+03
   8.3367700000000000E+08   4.9126776041482015E+04   3.6695680214678490E-09   4.2890668072029000E-24   5.6449218800847984E+03
   8.3567700000000000E+08   4.9663756219106639E+04   3.6001788278565532E-09   4.2005437701078872E-24   5.6548921130084127E+03
   8.3767700000000000E+08   5.0205124777560952E+04   3.5325028679310485E-09   4.1144329849635579E-24   5.6647174931591489E+03
   8.3967700000000000E+08   5.0750813190803121E+04   3.4664866060832680E-09   4.0306507971211081E-24   5.6744012298088146E+03
   8.4167700000000000E+08   5.1300751944527743E+04   3.4020785857095019E-09   3.9491171489251778E-24   5.6839464325203953E+03
   8.4367700000000000E+08   5.1854870804002159E+04   3.3392293327014217E-09   3.8697553949729646E-24   5.6933561152001112E+03
   8.4567700000000000E+08   5.2413099086408169E+04   3.2778912645547062E-09   3.7924921288831145E-24   5.7026331999454433E+03
   8.4767700000000000E+08   5.2975365932231922E+04   3.2180186046179707E-09   3.7172570206357726E-24   5.7117805207013889E+03
   8.4967700000000000E+08   5.3541600569583941E+04   3.1595673010345408E-09   3.6439826636143333E-24   5.7208008267363712E+03
   8.5167700000000000E+08   5.4111732564994687E+04   3.1024949499632596E-09   3.5726044305496613E-24   5.7296967859483520E+03
   8.5367700000000000E+08   5.4685692054258456E+04   3.0467607227017446E-09   3.5030603376387281E-24   5.7384709880111059E+03
   8.5567700000000000E+08   5.5263409947326210E+04   2.9923252963751844E-09   3.4352909161811090E-24   5.7471259473697064E+03
   8.5767700000000000E+08   5.5844818102038043E+04   2.9391507878962065E-09   3.3692390911483909E-24   5.7556641060938846E+03
   8.5967700000000000E+08   5.6429849462618862E+04   2.8872006909439013E-09   3.3048500661711992E-24   5.7640878365972258E+03
   8.6167700000000000E+08   5.7018438160247410E+04   2.8364398157523397E-09   3.2420712144955024E-24   5.7723994442297098E+03
   8.6367700000000000E+08   5.7610519574570739E+04   2.7868342315386312E-09   3.1808519755219260E-24   5.7806011697504218E+03
   8.6567700000000000E+08   5.8206030356660311E+04   2.7383512114367602E-09   3.1211437565979063E-24   5.7886951916872194E+03
   8.6767700000000000E+08   5.8804908415488717E+04   2.6909591798344345E-09   3.0628998397813321E-24   5.7966836285892714E+03
   8.6967700000000000E+08   5.9407092871443143E+04   2.6446276620356039E-09   3.0060752933351530E-24   5.8045685411783279E+03
   8.7167700000000000E+08   6.0012523981604987E+04   2.5993272361900947E-09   2.9506268877445976E-24   5.8123519344041324E+03
   8.7367700000000000E+08   6.0621143042430194E+04   2.5550294874442477E-09   2.8965130160726732E-24   5.8200357594089646E+03
   8.7567700000000000E+08   6.1232892276038452E+04   2.5117069642728071E-09   2.8436936184856172E-24   5.8276219154062119E+03
   8.7767700000000000E+08   6.1847714706537183E+04   2.4693331369532081E-09   2.7921301107894241E-24   5.8351122514773660E+03
   8.7967700000000000E+08   6.2465554032690161E+04   2.4278823581393377E-09   2.7417853168214436E-24   5.8425085682917907E+03
   8.8167700000000000E+08   6.3086354502799608E+04   2.3873298254852355E-09   2.6926234045409252E-24   5.8498126197530892E+03
   8.8367700000000000E+08   6.3710060797031940E+04   2.3476515462591778E-09   2.6446098256576226E-24   5.8570261145760160E+03
   8.8567700000000000E+08   6.4336617921599682E+04   2.3088243038780556E-09   2.5977112586322374E-24   5.8641507177973253E+03
   8.8767700000000000E+08   6.4965971118461501E+04   2.2708256262798279E-09   2.5518955548747635E-24   5.8711880522239562E+03
   8.8967700000000000E+08   6.5598065793791597E+04   2.2336337560380796E-09   2.5071316879571086E-24   5.8781396998217060E+03
   8.9167700000000000E+08   6.6232847469130633E+04   2.1972276221030422E-09   2.4633897056397254E-24   5.8850072030473248E+03
   8.9367700000000000E+08   6.6870261762342168E+04   2.1615868130187959E-09   2.4206406844783650E-24   5.8917920661268263E+03
   8.9567700000000000E+08   6.7510254414424096E+04   2.1266915513958742E-09   2.3788566867031339E-24   5.8984957562827012E+03
   8.9767700000000000E+08   6.8152771398684650E+04   2.0925226692743077E-09   2.3380107189060713E-24   5.9051197049125221E+03
   8.9967700000000000E+08   6.8797759190061639E+04   2.0590615837365338E-09   2.2980766917715765E-24   5.9116653087214581E+03
   9.0167700000000000E+08   6.9445165344968089E+04   2.0262902716620964E-09   2.2590293795709784E-24   5.9181339308111064E+03
   9.0367700000000000E+08   7.0094939646943647E+04   1.9941912418707151E-09   2.2208443774368743E-24   5.9245269017272203E+03
   9.0567700000000000E+08   7.0747036174416498E+04   1.9627475023459323E-09   2.1834980538381249E-24   5.9308455204691754E+03
   9.0767700000000000E+08   7.1401416622015502E+04   1.9319425205921615E-09   2.1469674961106269E-24   5.9370910554640650E+03
   9.0967700000000000E+08   7.2058054801141989E+04   1.9017601780884528E-09   2.1112304501686514E-24   5.9432647455084225E+03
   9.1167700000000000E+08   7.2716941110965388E+04   1.8721847273513079E-09   2.0762652639091518E-24   5.9493678006796226E+03
   9.1367700000000000E+08   7.3378083754762891E+04   1.8432007729159379E-09   2.0420508579284408E-24   5.9554014032164487E+03
   9.1567700000000000E+08   7.4041501278111027E+04   1.8147933105871592E-09   2.0085667613620584E-24   5.9613667083638984E+03
   9.1767700000000000E+08   7.4707200924110468E+04   1.7869478577386693E-09   1.9757932484736830E-24   5.9672648451719724E+03
   9.1967700000000000E+08   7.5375142894621778E+04   1.7596506693174704E-09   1.9437115690392340E-24   5.9730969172358200E+03
   9.2167700000000000E+08   7.6045203600044842E+04   1.7328889515410438E-09   1.9123041743647253E-24   5.9788640033716747E+03
   9.2367700000000000E+08   7.6717165113751471E+04   1.7066508977160861E-09   1.8815547454047629E-24   5.9845671582422146E+03
   9.2567700000000000E+08   7.7390757107722384E+04   1.6809253870897911E-09   1.8514478498916087E-24   5.9902074129709890E+03
   9.2767700000000000E+08   7.8065745307899706E+04   1.6557013904722049E-09   1.8219682804461129E-24   5.9957857757950733E+03
   9.2967700000000000E+08   7.8742010544352554E+04   1.6309674379767609E-09   1.7931004669239162E-24   6.0013032327766514E+03
   9.3167700000000000E+08   7.9419552356761997E+04   1.6067116165089640E-09   1.7648284744697139E-24   6.0067607485389753E+03
   9.3367700000000000E+08   8.0098408186806293E+04   1.5829220624435540E-09   1.7371365433647391E-24   6.0121592669500369E+03
   9.3567700000000000E+08   8.0778566883561230E+04   1.5595873693962829E-09   1.7100095302828205E-24   6.0174997116993427E+03
   9.3767700000000000E+08   8.1459986463545923E+04   1.5366967445611353E-09   1.6834330704830958E-24   6.0227829868145136E+03
   9.3967700000000000E+08   8.2142692366336792E+04   1.5142401386494117E-09   1.6573937139723110E-24   6.0280099772202475E+03
   9.4167700000000000E+08   8.2826772064642253E+04   1.4922078932673920E-09   1.6318785398533968E-24   6.0331815493242111E+03
   9.4367700000000000E+08   8.3512195129606858E+04   1.4705894128824633E-09   1.6068737062112604E-24   6.0382985514837164E+03
   9.4567700000000000E+08   8.4198655191752943E+04   1.4493721048937827E-09   1.5823632889171776E-24   6.0433618142985324E+03
   9.4767700000000000E+08   8.4885654399418083E+04   1.4285424618520738E-09   1.5583304542034702E-24   6.0483721508820090E+03
   9.4967700000000000E+08   8.5572792356944061E+04   1.4080888069290429E-09   1.5347604445569544E-24   6.0533303573347466E+03
   9.5167700000000000E+08   8.6260018836854098E+04   1.3880031006297218E-09   1.5116425425058821E-24   6.0582372135349924E+03
   9.5367700000000000E+08   8.6948179131458950E+04   1.3682808901877565E-09   1.4889700259268887E-24   6.0630934840409036E+03
   9.5567700000000000E+08   8.7637495338373832E+04   1.3489225515661465E-09   1.4667412747220509E-24   6.0678999185777520E+03
   9.5767700000000000E+08   8.8329063721782179E+04   1.3299294393252272E-09   1.4449563112691739E-24   6.0726572521996732E+03
   9.5967700000000000E+08   8.9022381089454953E+04   1.3112855010435389E-09   1.4235959032050028E-24   6.0773662053127373E+03
   9.6167700000000000E+08   8.9717049645769657E+04   1.2929802727021953E-09   1.4026470206488711E-24   6.0820274838140740E+03
   9.6367700000000000E+08   9.0412907846883652E+04   1.2750050488538863E-09   1.3820986204403319E-24   6.0866417795410216E+03
   9.6567700000000000E+08   9.1109866736054842E+04   1.2573520389975210E-09   1.3619407227344837E-24   6.0912097707004714E+03
   9.6767700000000000E+08   9.1807864546277720E+04   1.2400139151829838E-09   1.3421639107243479E-24   6.0957321222505470E+03
   9.6967700000000000E+08   9.2506853142316657E+04   1.2229836577492490E-09   1.3227591584835688E-24   6.1002094862517151E+03
   9.7167700000000000E+08   9.3206793183392656E+04   1.2062544968164257E-09   1.3037177644394317E-24   6.1046425021978484E+03
   9.7367700000000000E+08   9.3907651366427162E+04   1.1898198804143153E-09   1.2850313143571209E-24   6.1090317973323572E+03
   9.7567700000000000E+08   9.4609398522180214E+04   1.1736734515495767E-09   1.2666916542768100E-24   6.1133779869522086E+03
   9.7767700000000000E+08   9.5312008182173042E+04   1.1578090316154558E-09   1.2486908704806901E-24   6.1176816747013236E+03
   9.7967700000000000E+08   9.6015455589882171E+04   1.1422206083340364E-09   1.2310212744921780E-24   6.1219434528542934E+03
   9.8167700000000000E+08   9.6719717238369820E+04   1.1269023259187650E-09   1.2136753905932745E-24   6.1261639025910390E+03
   9.8367700000000000E+08   9.7424770744853362E+04   1.1118484768608170E-09   1.1966459452037414E-24   6.1303435942630695E+03
   9.8567700000000000E+08   9.8130594787786496E+04   1.0970534956704595E-09   1.1799258584615621E-24   6.1344830876518718E+03
   9.8767700000000000E+08   9.8837169017694003E+04   1.0825119541356618E-09   1.1635082375180568E-24   6.1385829322196514E+03
   9.8967700000000000E+08   9.9544473914411908E+04   1.0682185572815419E-09   1.1473863706601990E-24   6.1426436673527205E+03
   9.9167700000000000E+08   1.0025249056550451E+05   1.0541681396742251E-09   1.1315537218680797E-24   6.1466658225977644E+03
   9.9367700000000000E+08   1.0096120054432984E+05   1.0403556622216053E-09   1.1160039259598121E-24   6.1506499178911781E+03
   9.9567700000000000E+08   1.0167058628732679E+05   1.0267762104356013E-09   1.1007307853482464E-24   6.1545964637818925E+03
   9.9767700000000000E+08   1.0238063230259747E+05   1.0134249960137053E-09   1.0857282703938724E-24   6.1585059616483304E+03
   9.9967700000000000E+08   1.0309132712325458E+05   1.0002973630654197E-09   1.0709905247706232E-24   6.1623789039100375E+03
   1.0016770000000000E+09   1.0380266524429864E+05   9.8738879715106204E-10   1.0565118738828848E-24   6.1662157742345007E+03
   1.0036770000000000E+09   1.0451464808566401E+05   9.7469493207674065E-10   1.0422868309256322E-24   6.1700170477385773E+03
   1.0056770000000000E+09   1.0522728277012578E+05   9.6221154380989729E-10   1.0283100892420956E-24   6.1737831911840649E+03
   1.0076770000000000E+09   1.0594057822038628E+05   9.4993452897913997E-10   1.0145764982936555E-24   6.1775146631657753E+03
   1.0096770000000000E+09   1.0665453923859497E+05   9.3785986722212355E-10   1.0010810224845266E-24   6.1812119142917272E+03
   1.0116770000000000E+09   1.0736916044861582E+05   9.2598357705672674E-10   9.8781869317029958E-25   6.1848753873553851E+03
   1.0136770000000000E+09   1.0808442217198924E+05   9.1430168282186511E-10   9.7478457259401305E-25   6.1885055175007446E+03
   1.0156770000000000E+09   1.0880028388968506E+05   9.0281020595378597E-10   9.6197374365669728E-25   6.1921027323819617E+03
   1.0176770000000000E+09   1.0951669333541232E+05   8.9150515954156245E-10   9.4938130397986702E-25   6.1956674523202491E+03
   1.0196770000000000E+09   1.1023358720565448E+05   8.8038256984212036E-10   9.3700238729289115E-25   6.1992000904595097E+03
   1.0216770000000000E+09   1.1095090046888465E+05   8.6943854549448576E-10   9.2483223682698484E-25   6.2027010529215977E+03
   1.0236770000000000E+09   1.1166857535761256E+05   8.5866931742833307E-10   9.1286624690477014E-25   6.2061707389617441E+03
   1.0256770000000000E+09   1.1238656778804470E+05   8.4807127206085589E-10   9.0109999742198874E-25   6.2096095411228898E+03
   1.0276770000000000E+09   1.1310485065513845E+05   8.3764096633656792E-10   8.8952926899638724E-25   6.2130178453875287E+03
   1.0296770000000000E+09   1.1382341378706973E+05   8.2737512390069050E-10   8.7815003806530700E-25   6.2163960313252428E+03
   1.0316770000000000E+09   1.1454226122436949E+05   8.1727061674451912E-10   8.6695845657932282E-25   6.2197444722349119E+03
   1.0336770000000000E+09   1.1526140696046305E+05   8.0732443905244082E-10   8.5595082346970016E-25   6.2230635352810195E+03
   1.0356770000000000E+09   1.1598087032171607E+05   7.9753367992264971E-10   8.4512355499017090E-25   6.2263535816240501E+03
   1.0376770000000000E+09   1.1670067189458564E+05   7.8789549991657620E-10   8.3447315919451255E-25   6.2296149665455341E+03
   1.0396770000000000E+09   1.1742083051039417E+05   7.7840711401262891E-10   8.2399621727409834E-25   6.2328480395684455E+03
   1.0416770000000000E+09   1.1814136142440070E+05   7.6906578136570614E-10   8.1368937216667502E-25   6.2360531445736297E+03
   1.0436770000000000E+09   1.1886227555478016E+05   7.5986880081305311E-10   8.0354932329717973E-25   6.2392306199130589E+03
   1.0456770000000000E+09   1.1958357950472723E+05   7.5081351041034604E-10   7.9357282561766534E-25   6.2423807985202384E+03
   1.0476770000000000E+09   1.2030527606384315E+05   7.4189728924678073E-10   7.8375669108033174E-25   6.2455040080181752E+03
   1.0496770000000000E+09   1.2102736493095056E+05   7.3311756012021616E-10   7.7409779103416538E-25   6.2486005708251450E+03
   1.0516770000000000E+09   1.2174984347445870E+05   7.2447179212731683E-10   7.6459305854132917E-25   6.2516708042581677E+03
   1.0536770000000000E+09   1.2247270742081518E+05   7.1595750266915571E-10   7.5523949008364892E-25   6.2547150206343149E+03
   1.0556770000000000E+09   1.2319595142219700E+05   7.0757225870241336E-10   7.4603414647991428E-25   6.2577335273699100E+03
   1.0576770000000000E+09   1.2391956949450931E+05   6.9931367726983465E-10   7.3697415305067676E-25   6.2607266270775144E+03
   1.0596770000000000E+09   1.2464355533831817E+05   6.9117942544188971E-10   7.2805669917119908E-25   6.2636946176606280E+03
   1.0616770000000000E+09   1.2536790256447019E+05   6.8316721982572944E-10   7.1927903737843932E-25   6.2666377924063836E+03
   1.0636770000000000E+09   1.2609260484710841E+05   6.7527482578267548E-10   7.1063848218196853E-25   6.2695564400759977E+03
   1.0656770000000000E+09   1.2681765602379513E+05   6.6750005646579285E-10   7.0213240869697115E-25   6.2724508449930490E+03
   1.0676770000000000E+09   1.2754305015851736E+05   6.5984077175773428E-10   6.9375825118402440E-25   6.2753212871298847E+03
   1.0696770000000000E+09   1.2826878157947022E+05   6.5229487716357581E-10   6.8551350155334030E-25   6.2781680421917763E+03
   1.0716770000000000E+09   1.2899484490040508E+05   6.4486032269495636E-10   6.7739570787147260E-25   6.2809913816991975E+03
   1.0736770000000000E+09   1.2972123503194663E+05   6.3753510176886923E-10   6.6940247289476944E-25   6.2837915730682107E+03
   1.0756770000000000E+09   1.3044794718732622E+05   6.3031725013552962E-10   6.6153145264439130E-25   6.2865688796888917E+03
   1.0776770000000000E+09   1.3117497688540304E+05   6.2320484484281123E-10   6.5378035503035577E-25   6.2893235610020593E+03
   1.0796770000000000E+09   1.3190231995245523E+05   6.1619600323953321E-10   6.4614693852663322E-25   6.2920558725740248E+03
   1.0816770000000000E+09   1.3262997252319782E+05   6.0928888201601922E-10   6.3862901089520170E-25   6.2947660661698083E+03
   1.0836770000000000E+09   1.3335793104078909E+05   6.0248167627820641E-10   6.3122442795478809E-25   6.2974543898245847E+03
   1.0856770000000000E+09   1.3408619225530972E+05   5.9577261865107655E-10   6.2393109238948471E-25   6.3001210879134896E+03
   1.0876770000000000E+09   1.3481475322023887E+05   5.8915997840787044E-10   6.1674695259316248E-25   6.3027664012198475E+03
   1.0896770000000000E+09   1.3554361128665644E+05   5.8264206062296176E-10   6.0967000154711516E-25   6.3053905670018958E+03
   1.0916770000000000E+09   1.3627276409517109E+05   5.7621720534749233E-10   6.0269827572968173E-25   6.3079938190578650E+03
   1.0936770000000000E+09   1.3700220956572378E+05   5.6988378680787200E-10   5.9582985405760830E-25   6.3105763877897998E+03
   1.0956770000000000E+09   1.3773194588548996E+05   5.6364021262731850E-10   5.8906285685908020E-25   6.3131385002657207E+03
   1.0976770000000000E+09   1.3846197149501627E+05   5.5748492307050769E-10   5.8239544487817585E-25   6.3156803802805298E+03
   1.0996770000000000E+09   1.3919228507259878E+05   5.5141639031085002E-10   5.7582581830997143E-25   6.3182022484155850E+03
   1.1016770000000000E+09   1.3992288551676090E+05   5.4543311771940865E-10   5.6935221586502504E-25   6.3207043220967807E+03
   1.1036770000000000E+09   1.4065377192655651E+05   5.3953363917425359E-10   5.6297291386168896E-25   6.3231868156515957E+03
   1.1056770000000000E+09   1.4138494357933718E+05   5.3371651838890849E-10   5.5668622534465077E-25   6.3256499403646239E+03
   1.1076770000000000E+09   1.4211639990558833E+05   5.2798034825876008E-10   5.5049049922825747E-25   6.3280939045320220E+03
   1.1096770000000000E+09   1.4284814046041577E+05   5.2232375022456244E-10   5.4438411946350252E-25   6.3305189135148257E+03
   1.1116770000000000E+09   1.4358016489128803E+05   5.1674537365244841E-10   5.3836550422786684E-25   6.3329251697909231E+03
   1.1136770000000000E+09   1.4431247290164267E+05   5.1124389523021798E-10   5.3243310513754425E-25   6.3353128730060671E+03
   1.1156770000000000E+09   1.4504506421000900E+05   5.0581801837979760E-10   5.2658540648176605E-25   6.3376822200236020E+03
   1.1176770000000000E+09   1.4577793850432447E+05   5.0046647268598586E-10   5.2082092447912364E-25   6.3400334049733247E+03
   1.1196770000000000E+09   1.4651109539117198E+05   4.9518801334154823E-10   5.1513820655580041E-25   6.3423666192991404E+03
   1.1216770000000000E+09   1.4724453433973272E+05   4.8998142060875532E-10   5.0953583064561524E-25   6.3446820518056902E+03
   1.1236770000000000E+09   1.4797825462033931E+05   4.8484549929733793E-10   5.0401240451167150E-25   6.3469798887040597E+03
   1.1256770000000000E+09   1.4871225523762120E+05   4.7977907825868628E-10   4.9856656508926986E-25   6.3492603136564912E+03
   1.1276770000000000E+09   1.4944653485838664E+05   4.7478100989592449E-10   4.9319697784954412E-25   6.3515235078200549E+03
   1.1296770000000000E+09   1.5018109173455642E+05   4.6985016968926797E-10   4.8790233618303695E-25   6.3537696498894520E+03
   1.1316770000000000E+09   1.5091592362166522E+05   4.6498545573582098E-10   4.8268136080219115E-25   6.3559989161389494E+03
   1.1336770000000000E+09   1.5165102769368820E+05   4.6018578830263965E-10   4.7753279916140289E-25   6.3582114804633011E+03
   1.1356770000000000E+09   1.5238640045519275E+05   4.5545010939165414E-10   4.7245542489302546E-25   6.3604075144179751E+03
   1.1376770000000000E+09   1.5312203765210393E+05   4.5077738231465875E-10   4.6744803725735792E-25   6.3625871872583475E+03
   1.1396770000000000E+09   1.5385793418266033E+05   4.4616659127633098E-10   4.6250946060436522E-25   6.3647506659781902E+03
   1.1416770000000000E+09   1.5459408401043483E+05   4.4161674096291948E-10   4.5763854384458483E-25   6.3668981153472914E+03
   1.1436770000000000E+09   1.5533048008158139E+05   4.3712685613402323E-10   4.5283415992643356E-25   6.3690296979484001E+03
   1.1456770000000000E+09   1.5606711424875306E+05   4.3269598121464261E-10   4.4809520531692683E-25   6.3711455742131993E+03
   1.1476770000000000E+09   1.5680397720437089E+05   4.2832317988461629E-10   4.4342059948270608E-25   6.3732459024577920E+03
   1.1496770000000000E+09   1.5754105842611345E+05   4.2400753466245633E-10   4.3880928436824369E-25   6.3753308389171898E+03
   1.1516770000000000E+09   1.5827834613762045E+05   4.1974814648073305E-10   4.3426022386817908E-25   6.3774005377793947E+03
   1.1536770000000000E+09   1.5901582728744426E+05   4.1554413425025700E-10   4.2977240329092228E-25   6.3794551512184726E+03
   1.1556770000000000E+09   1.5975348754919649E+05   4.1139463441073693E-10   4.2534482881104098E-25   6.3814948294272735E+03
   1.1576770000000000E+09   1.6049131134566377E+05   4.0729880046593157E-10   4.2097652690837522E-25   6.3835197206492430E+03
   1.1596770000000000E+09   1.6122928189930980E+05   4.0325580250203944E-10   4.1666654379251705E-25   6.3855299712099040E+03
   1.1616770000000000E+09   1.6196738131111418E+05   3.9926482668871100E-10   4.1241394481203299E-25   6.3875257255473434E+03
   1.1636770000000000E+09   1.6270559066906653E+05   3.9532507476305680E-10   4.0821781384873287E-25   6.3895071262425554E+03
   1.1656770000000000E+09   1.6344389018685598E+05   3.9143576349789558E-10   4.0407725269829948E-25   6.3914743140488317E+03
   1.1676770000000000E+09   1.6418225937236886E+05   3.8759612415670176E-10   3.9999138043973766E-25   6.3934274279209585E+03
   1.1696770000000000E+09   1.6492067722462147E+05   3.8380540193866958E-10   3.9595933279718251E-25   6.3953666050435486E+03
   1.1716770000000000E+09   1.6565912245661474E+05   3.8006285541855202E-10   3.9198026149878703E-25   6.3972919808591796E+03
   1.1736770000000000E+09   1.6639757374049709E+05   3.7636775598686410E-10   3.8805333363843722E-25   6.3992036890958361E+03
   1.1756770000000000E+09   1.6713600997030060E+05   3.7271938729697513E-10   3.8417773104694460E-25   6.4011018617938998E+03
   1.1776770000000000E+09   1.6787441053648831E+05   3.6911704472631316E-10   3.8035264968008149E-25   6.4029866293327823E+03
   1.1796770000000000E+09   1.6861275560567141E+05   3.6556003485928559E-10   3.7657729903121571E-25   6.4048581204570310E+03
   1.1816770000000000E+09   1.6935102639816940E+05   3.6204767499968912E-10   3.7285090157644089E-25   6.4067164623020326E+03
   1.1836770000000000E+09   1.7008920545569417E+05   3.5857929272006103E-10   3.6917269225976801E-25   6.4085617804191870E+03
   1.1856770000000000E+09   1.7082727689130598E+05   3.5515422545488519E-10   3.6554191802534658E-25   6.4103941988008282E+03
   1.1876770000000000E+09   1.7156522661406628E+05   3.5177182014349134E-10   3.6195783740260497E-25   6.4122138399045461E+03
   1.1896770000000000E+09   1.7230304252136970E+05   3.4843143292723121E-10   3.5841972014885103E-25   6.4140208246773236E+03
   1.1916770000000000E+09   1.7304071465286432E+05   3.4513242890386828E-10   3.5492684695222826E-25   6.4158152725789632E+03
   1.1936770000000000E+09   1.7377823530110525E+05   3.4187418194035245E-10   3.5147850919604156E-25   6.4175973016054077E+03
   1.1956770000000000E+09   1.7451559907551584E+05   3.3865607454323220E-10   3.4807400878356048E-25   6.4193670283113870E+03
   1.1976770000000000E+09   1.7525280291787095E+05   3.3547749778409439E-10   3.4471265802044248E-25   6.4211245678328905E+03
   1.1996770000000000E+09   1.7598984606921024E+05   3.3233785127559047E-10   3.4139377955009634E-25   6.4228700339090801E+03
   1.2016770000000000E+09   1.7672672998977377E+05   3.2923654319208206E-10   3.3811670633572073E-25   6.4246035389038452E+03
   1.2036770000000000E+09   1.7746345823516423E+05   3.2617299032757904E-10   3.3488078168138724E-25   6.4263251938269550E+03
   1.2056770000000000E+09   1.7820003629336759E+05   3.2314661818269076E-10   3.3168535928358270E-25   6.4280351083547748E+03
   1.2076770000000000E+09   1.7893647138848991E+05   3.2015686107169249E-10   3.2852980330400018E-25   6.4297333908506007E+03
   1.2096770000000000E+09   1.7967277225803930E+05   3.1720316224052655E-10   3.2541348845411133E-25   6.4314201483846655E+03
   1.2116770000000000E+09   1.8040894891125729E+05   3.1428497398664875E-10   3.2233580008217293E-25   6.4330954867535556E+03
   1.2136770000000000E+09   1.8114501237638446E+05   3.1140175777209589E-10   3.1929613425378943E-25   6.4347595104995271E+03
   1.2156770000000000E+09   1.8188097444483789E+05   3.0855298432177124E-10   3.1629389781786328E-25   6.4364123229290590E+03
   1.2176770000000000E+09   1.8261684742002861E+05   3.0573813370004440E-10   3.1332850845083785E-25   6.4380540261314045E+03
   1.2196770000000000E+09   1.8335264387802535E+05   3.0295669535984442E-10   3.1039939467333058E-25   6.4396847209965481E+03
   1.2216770000000000E+09   1.8408837644640057E+05   3.0020816815994480E-10   3.0750599583477515E-25   6.4413045072329041E+03
   1.2236770000000000E+09   1.8482405760653113E+05   2.9749206034757038E-10   3.0464776206318888E-25   6.4429134833846010E+03
   1.2256770000000000E+09   1.8555969952323139E+05   2.9480788950515874E-10   3.0182415417892202E-25   6.4445117468484050E+03
   1.2276770000000000E+09   1.8629531390413543E+05   2.9215518246169104E-10   2.9903464357285523E-25   6.4460993938904712E+03
   1.2296770000000000E+09   1.8703091188968092E+05   2.8953347517051589E-10   2.9627871205107930E-25   6.4476765196626347E+03
   1.2316770000000000E+09   1.8776650397301139E+05   2.8694231255697491E-10   2.9355585164947758E-25   6.4492432182184230E+03
   1.2336770000000000E+09   1.8850209994781757E+05   2.8438124834013677E-10   2.9086556442265311E-25   6.4507995825288026E+03
   1.2356770000000000E+09   1.8923770888101886E+05   2.8184984483370578E-10   2.8820736221240769E-25   6.4523457044976358E+03
   1.2376770000000000E+09   1.8997333910648513E+05   2.7934767273145945E-10   2.8558076640126364E-25   6.4538816749768894E+03
   1.2396770000000000E+09   1.9070899823564489E+05   2.7687431088251725E-10   2.8298530765645874E-25   6.4554075837814444E+03
   1.2416770000000000E+09   1.9144469318079142E+05   2.7442934606140743E-10   2.8042052566946724E-25   6.4569235197039443E+03
   1.2436770000000000E+09   1.9218043018719633E+05   2.7201237273724020E-10   2.7788596889546508E-25   6.4584295705289951E+03
   1.2456770000000000E+09   1.9291621487061298E+05   2.6962299284560339E-10   2.7538119429638401E-25   6.4599258230474288E+03
   1.2476770000000000E+09   1.9365205225733283E+05   2.6726081556597318E-10   2.7290576709039414E-25   6.4614123630702343E+03
   1.2496770000000000E+09   1.9438794682453858E+05   2.6492545710672030E-10   2.7045926050991330E-25   6.4628892754421922E+03
   1.2516770000000000E+09   1.9512390253927867E+05   2.6261654049912059E-10   2.6804125556954119E-25   6.4643566440553423E+03
   1.2536770000000000E+09   1.9585992289485323E+05   2.6033369540124959E-10   2.6565134084478313E-25   6.4658145518623187E+03
   1.2556770000000000E+09   1.9659601094381802E+05   2.5807655791218143E-10   2.6328911226197728E-25   6.4672630808891381E+03
   1.2576770000000000E+09   1.9733216932718080E+05   2.5584477039659549E-10   2.6095417289946096E-25   6.4687023122483570E+03
   1.2596770000000000E+09   1.9806840029962521E+05   2.5363798131955730E-10   2.5864613279975998E-25   6.4701323261512607E+03
   1.2616770000000000E+09   1.9880470575083149E+05   2.5145584509114530E-10   2.5636460879237895E-25   6.4715532019205466E+03
   1.2636770000000000E+09   1.9954108722313415E+05   2.4929802192034671E-10   2.5410922432662165E-25   6.4729650180023446E+03
   1.2656770000000000E+09   2.0027754592580957E+05   2.4716417767769727E-10   2.5187960931384878E-25   6.4743678519783316E+03
   1.2676770000000000E+09   2.0101408274631205E+05   2.4505398376605582E-10   2.4967539997855531E-25   6.4757617805772952E+03
   1.2696770000000000E+09   2.0175069825870526E+05   2.4296711699904435E-10   2.4749623871773245E-25   6.4771468796869385E+03
   1.2716770000000000E+09   2.0248739272944033E+05   2.4090325948669034E-10   2.4534177396805064E-25   6.4785232243651999E+03
   1.2736770000000000E+09   2.0322416612052539E+05   2.3886209852793748E-10   2.4321166008048986E-25   6.4798908888514115E+03
   1.2756770000000000E+09   2.0396101809005122E+05   2.3684332650973160E-10   2.4110555720209248E-25   6.4812499465774681E+03
   1.2776770000000000E+09   2.0469794798997653E+05   2.3484664081240401E-10   2.3902313116455550E-25   6.4826004701784841E+03
   1.2796770000000000E+09   2.0543495486105632E+05   2.3287174372110568E-10   2.3696405337936870E-25   6.4839425315036797E+03
   1.2816770000000000E+09   2.0617203742477158E+05   2.3091834234299499E-10   2.3492800073920440E-25   6.4852762016267352E+03
   1.2836770000000000E+09   2.0690919407210851E+05   2.2898614852990480E-10   2.3291465552524298E-25   6.4866015508561713E+03
   1.2856770000000000E+09   2.0764642284899298E+05   2.2707487880618908E-10   2.3092370532012571E-25   6.4879186487455227E+03
   1.2876770000000000E+09   2.0838372143811287E+05   2.2518425430147658E-10   2.2895484292623842E-25   6.4892275641033193E+03
   1.2896770000000000E+09   2.0912108713676844E+05   2.2331400068809889E-10   2.2700776628907530E-25   6.4905283650029651E+03
   1.2916770000000000E+09   2.0985851683022571E+05   2.2146384812302306E-10   2.2508217842550485E-25   6.4918211187922952E+03
   1.2936770000000000E+09   2.1059600695985986E+05   2.1963353119424248E-10   2.2317778735685960E-25   6.4931058921032991E+03
   1.2956770000000000E+09   2.1133355348510222E+05   2.1782278887168193E-10   2.2129430604692056E-25   6.4943827508613231E+03
   1.2976770000000000E+09   2.1207115183792653E+05   2.1603136446287113E-10   2.1943145234502100E-25   6.4956517602943431E+03
   1.2996770000000000E+09   2.1280879686841596E+05   2.1425900557370989E-10   2.1758894893459621E-25   6.4969129849419987E+03
   1.3016770000000000E+09   2.1354648278001160E+05   2.1250546407462029E-10   2.1576652328746136E-25   6.4981664886645058E+03
   1.3036770000000000E+09   2.1428420305365889E+05   2.1077049607201444E-10   2.1396390762372950E-25   6.4994123346514916E+03
   1.3056770000000000E+09   2.1502195036160684E+05   2.0905386188413049E-10   2.1218083887639868E-25   6.5006505854305078E+03
   1.3076770000000000E+09   2.1575971647446640E+05   2.0735532601873455E-10   2.1041705865803935E-25   6.5018813028756176E+03
   1.3096770000000000E+09   2.1649749216961447E+05   2.0567465714775084E-10   2.0867231322457146E-25   6.5031045482155760E+03
   1.3116770000000000E+09   2.1723526715512932E+05   2.0401162807073235E-10   2.0694635342789572E-25   6.5043203820422377E+03
   1.3136770000000000E+09   2.1797303003068594E+05   2.0236601565541987E-10   2.0523893464548530E-25   6.5055288643184022E+03
   1.3156770000000000E+09   2.1871076831390898E+05   2.0073760074040087E-10   2.0354981667173397E-25   6.5067300543858737E+03
   1.3176770000000000E+09   2.1944846856538090E+05   1.9912616798311644E-10   2.0187876355413643E-25   6.5079240109732500E+03
   1.3196770000000000E+09   2.2018611664472072E+05   1.9753150563796483E-10   2.0022554335891495E-25   6.5091107922036572E+03
   1.3216770000000000E+09   2.2092369812060078E+05   1.9595340525552726E-10   1.9858992785711138E-25   6.5102904556023386E+03
   1.3236770000000000E+09   2.2166119883658329E+05   1.9439166130620508E-10   1.9697169213461440E-25   6.5114630581041974E+03
   1.3256770000000000E+09   2.2239860560196408E+05   1.9284607074951591E-10   1.9537061414778809E-25   6.5126286560614062E+03
   1.3276770000000000E+09   2.2313590693607935E+05   1.9131643259155865E-10   1.9378647426789017E-25   6.5137873052506593E+03
   1.3296770000000000E+09   2.2387309375444640E+05   1.8980254749282409E-10   1.9221905487726554E-25   6.5149390608808280E+03
   1.3316770000000000E+09   2.2461015985893359E+05   1.8830421749939342E-10   1.9066814009123226E-25   6.5160839775999957E+03
   1.3336770000000000E+09   2.2534710209691178E+05   1.8682124596530894E-10   1.8913351567402399E-25   6.5172221095030955E+03
   1.3356770000000000E+09   2.2608392009755509E+05   1.8535343770709009E-10   1.8761496918994913E-25   6.5183535101385969E+03
   1.3376770000000000E+09   2.2682061557825367E+05   1.8390059938403281E-10   1.8611229038282454E-25   6.5194782325161841E+03
   1.3396770000000000E+09   2.2755719132581208E+05   1.8246254003865482E-10   1.8462527171691051E-25   6.5205963291128719E+03
   1.3416770000000000E+09   2.2829365006420587E+05   1.8103907167813297E-10   1.8315370895843372E-25   6.5217078518802864E+03
   1.3436770000000000E+09   2.2902999348182167E+05   1.7963000975058847E-10   1.8169740164990458E-25   6.5228128522508205E+03
   1.3456770000000000E+09   2.2976622167044072E+05   1.7823517338725173E-10   1.8025615334703325E-25   6.5239113811440957E+03
   1.3476770000000000E+09   2.3050233311398677E+05   1.7685438534630207E-10   1.7882977155386742E-25   6.5250034889731196E+03
   1.3496770000000000E+09   2.3123832518458512E+05   1.7548747169025464E-10   1.7741806738899153E-25   6.5260892256503912E+03
   1.3516770000000000E+09   2.3197419492130599E+05   1.7413426132157499E-10   1.7602085510930479E-25   6.5271686405939927E+03
   1.3536770000000000E+09   2.3270993976336636E+05   1.7279458555010937E-10   1.7463795166698808E-25   6.5282417827334948E+03
   1.3556770000000000E+09   2.3344555794222798E+05   1.7146827784368432E-10   1.7326917645235518E-25   6.5293087005160914E+03
   1.3576770000000000E+09   2.3418104840397672E+05   1.7015517382378636E-10   1.7191435128463428E-25   6.5303694419123185E+03
   1.3596770000000000E+09   2.3491641036150520E+05   1.6885511145091358E-10   1.7057330059413697E-25   6.5314240544217473E+03
   1.3616770000000000E+09   2.3565164274937910E+05   1.6756793125780934E-10   1.6924585165229179E-25   6.5324725850785762E+03
   1.3636770000000000E+09   2.3638674387656801E+05   1.6629347648019170E-10   1.6793183469774306E-25   6.5335150804573059E+03
   1.3656770000000000E+09   2.3712171142892525E+05   1.6503159300865330E-10   1.6663108288185189E-25   6.5345515866780588E+03
   1.3676770000000000E+09   2.3785654275134485E+05   1.6378212919720150E-10   1.6534343206983918E-25   6.5355821494122802E+03
   1.3696770000000000E+09   2.3859123517953162E+05   1.6254493564352413E-10   1.6406872061397058E-25   6.5366068138884420E+03
   1.3716770000000000E+09   2.3932578619564846E+05   1.6131986505419445E-10   1.6280678921291815E-25   6.5376256248979198E+03
   1.3736770000000000E+09   2.4006019333889597E+05   1.6010677223147230E-10   1.6155748089395524E-25   6.5386386268008091E+03
   1.3756770000000000E+09   2.4079445398926610E+05   1.5890551412695920E-10   1.6032064106246978E-25   6.5396458635312983E+03
   1.3776770000000000E+09   2.4152856521810687E+05   1.5771594986967307E-10   1.5909611752551315E-25   6.5406473786026381E+03
   1.3796770000000000E+09   2.4226252381321555E+05   1.5653794071570620E-10   1.5788376043631865E-25   6.5416432151109957E+03
   1.3816770000000000E+09   2.4299632642250310E+05   1.5537134994376159E-10   1.5668342218454260E-25   6.5426334157378997E+03
   1.3836770000000000E+09   2.4372996965991720E+05   1.5421604276838029E-10   1.5549495730469949E-25   6.5436180227520390E+03
   1.3856770000000000E+09   2.4446345004508871E+05   1.5307188632847390E-10   1.5431822246076742E-25   6.5445970780106809E+03
   1.3876770000000000E+09   2.4519676371240884E+05   1.5193874977184687E-10   1.5315307652770798E-25   6.5455706229625439E+03
   1.3896770000000000E+09   2.4592990570273375E+05   1.5081650449088550E-10   1.5199938082575402E-25   6.5465386986549511E+03
   1.3916770000000000E+09   2.4666286802194460E+05   1.4970502479329267E-10   1.5085699979459814E-25   6.5475013457463238E+03
   1.3936770000000000E+09   2.4739563393672812E+05   1.4860418991654736E-10   1.4972580302559600E-25   6.5484586045257602E+03
   1.3956770000000000E+09   2.4812816180271958E+05   1.4751388979448020E-10   1.4860567108405003E-25   6.5494105149350944E+03
   1.3976770000000000E+09   2.4886034200051814E+05   1.4643404045301033E-10   1.4749651105315821E-25   6.5503571165851572E+03
   1.3996770000000000E+09   2.4959188967706464E+05   1.4536462236265725E-10   1.4639829524294297E-25   6.5512984487475860E+03
   1.4016770000000000E+09   2.5032209664008612E+05   1.4430576915747334E-10   1.4531115069166941E-25   6.5522345502967000E+03
   1.4036770000000000E+09   2.5104930536669647E+05   1.4325795586641756E-10   1.4423554894998456E-25   6.5531654595729387E+03
   1.4056770000000000E+09   2.5176990739069539E+05   1.4222235801715457E-10   1.4317266790444394E-25   6.5540912141463432E+03
   1.4076770000000000E+09   2.5247668368377158E+05   1.4120144856753609E-10   1.4212499273075009E-25   6.5550118504892498E+03
   1.4096770000000000E+09   2.5315654536664349E+05   1.4019981427059722E-10   1.4109713681295766E-25   6.5559274036266534E+03
   1.4116770000000000E+09   2.5378832126157967E+05   1.3922495783122516E-10   1.4009664669637537E-25   6.5568379069192360E+03
   1.4136770000000000E+09   2.5434188512994093E+05   1.3828759690041203E-10   1.3913429913030282E-25   6.5577433921955371E+03
   1.4156770000000000E+09   2.5477931534617394E+05   1.3740113049358519E-10   1.3822356159027809E-25   6.5586438903381259E+03
   1.4176770000000000E+09   2.5505492611659525E+05   1.3658128989952678E-10   1.3738024530002854E-25   6.5595394318595345E+03
   1.4196770000000000E+09   2.5510514969613016E+05   1.3584931486032533E-10   1.3662571214752733E-25   6.5604300457636027E+03
   1.4216770000000000E+09   2.5482379472060673E+05   1.3524115714516056E-10   1.3599612910930337E-25   6.5613157536469653E+03
   1.4236770000000000E+09   2.5405375048405811E+05   1.3481316041965903E-10   1.3554811510092535E-25   6.5621965571612818E+03
   1.4256770000000000E+09   2.5267428772472686E+05   1.3461476852335048E-10   1.3533117308373508E-25   6.5630724258459186E+03
   1.4276770000000000E+09   2.5079931557447879E+05   1.3461410487144160E-10   1.3531287428142923E-25   6.5639433126496406E+03
   1.4296770000000000E+09   2.4884739858729189E+05   1.3465679629795934E-10   1.3533782747681945E-25   6.5648092381401502E+03
   1.4316770000000000E+09   2.4719910796568848E+05   1.3458220706398090E-10   1.3524485751809734E-25   6.5656704317378662E+03
   1.4336770000000000E+09   2.4581951349252299E+05   1.3440260638962362E-10   1.3504667050080554E-25   6.5665273561937674E+03
   1.4356770000000000E+09   2.4432586259509600E+05   1.3415796466386204E-10   1.3478335707811457E-25   6.5673784676820933E+03
