  99.9999999999964615   5.0000000000000003E-02 390 2001
  79.7819675929972476   1.1230865243698092E+02
   6.5767700000000000E+08  -1.3851854747041691E+03   1.7484752209633257E-08   3.0794173692532143E-18   1.0922901024651301E+03
   6.5967700000000000E+08  -1.3227592657210382E+03   2.4642655239076532E-08   4.2045713711178312E-18   1.1274903765957940E+03
   6.6167700000000000E+08  -1.2170611401395597E+03   2.8049975455683584E-08   4.6841535527242586E-18   1.1519892693652048E+03
   6.6367700000000000E+08  -1.0484062781520520E+03   2.8843511802696407E-08   4.7489675274908199E-18   1.1684119974752216E+03
   6.6567700000000000E+08  -7.6041415215005441E+02   2.7731930380103882E-08   4.5212349231167512E-18   1.1799676455799711E+03
   6.6767700000000000E+08  -3.8656758905950284E+02   2.5625716685541152E-08   4.1487189573805039E-18   1.1882534283864945E+03
   6.6967700000000000E+08   5.1446636017752525E+01   2.3170220043919491E-08   3.7317423170267999E-18   1.1944434201639519E+03
   6.7167700000000000E+08   5.3071099232819824E+02   2.0740533469997205E-08   3.3266972887110382E-18   1.1993714593701156E+03
   6.7367700000000000E+08   1.0311196482723851E+03   1.8515307114573620E-08   2.9591875453684549E-18   1.2036646364204901E+03
   6.7567700000000000E+08   1.5303078858038857E+03   1.6558245455288736E-08   2.6373381822296087E-18   1.2078015019715083E+03
   6.7767700000000000E+08   1.9992813900941728E+03   1.4874942086533500E-08   2.3606781150077121E-18   1.2121757210894948E+03
   6.7967700000000000E+08   2.4058886297633571E+03   1.3445846041215443E-08   2.1250222247452812E-18   1.2172274260712450E+03
   6.8167700000000000E+08   2.7298500904071852E+03   1.2243835147409896E-08   1.9247468085848161E-18   1.2237450183502535E+03
   6.8367700000000000E+08   2.9715350058435874E+03   1.1246263920765152E-08   1.7535919118638510E-18   1.2337489863822891E+03
   6.8567700000000000E+08   3.1360523821609208E+03   1.0442931479908484E-08   1.6051675181061268E-18   1.2515526874347897E+03
   6.8767700000000000E+08   3.1969096319416731E+03   9.8326165157249843E-09   1.4734758622427035E-18   1.2837283937936527E+03
   6.8967700000000000E+08   3.0849813994451724E+03   9.4086145116171955E-09   1.3541330975670142E-18   1.3366305815019323E+03
   6.9167700000000000E+08   2.7501893307181404E+03   9.1445284579149699E-09   1.2451373478802857E-18   1.4128339662198382E+03
   6.9367700000000000E+08   2.2370333393195906E+03   8.9959108584615652E-09   1.1464284779208345E-18   1.5095421677961956E+03
   6.9567700000000000E+08   1.6973395451524132E+03   8.9157670899161774E-09   1.0585843639200981E-18   1.6202435877536200E+03
   6.9767700000000000E+08   1.3339228386417976E+03   8.8686387732392304E-09   9.8178927947532887E-19   1.7377438174136071E+03
   6.9967700000000000E+08   1.3283583948598462E+03   8.8341159350188340E-09   9.1553103288813205E-19   1.8562526907729300E+03
   7.0167700000000000E+08   1.7937134634205966E+03   8.8026950889243245E-09   8.5874929692387065E-19   1.9719519839073666E+03
   7.0367700000000000E+08   2.7605012371021626E+03   8.7702292638893811E-09   8.1009837784442457E-19   2.0826690131139967E+03
   7.0567700000000000E+08   4.1873309334963751E+03   8.7342196626372671E-09   7.6817106895678756E-19   2.1873245880710779E+03
   7.0767700000000000E+08   5.9837784537609141E+03   8.6922320286762910E-09   7.3164760914406719E-19   2.2854747340537783E+03
   7.0967700000000000E+08   8.0349915230747365E+03   8.6416199587491003E-09   6.9937579833905281E-19   2.3770134267285293E+03
   7.1167700000000000E+08   1.0221855777434408E+04   8.5797794133599022E-09   6.7040050635891922E-19   2.4620046004965361E+03
   7.1367700000000000E+08   1.2434445965913426E+04   8.5044805003186735E-09   6.4396064816035313E-19   2.5405955459940410E+03
   7.1567700000000000E+08   1.4579170145453440E+04   8.4141080681089959E-09   6.1946957951538382E-19   2.6129745089881008E+03
   7.1767700000000000E+08   1.6583190136923771E+04   8.3078244672833914E-09   5.9649173655785673E-19   2.6793531045163941E+03
   7.1967700000000000E+08   1.8396083391368855E+04   8.1856435883848392E-09   5.7471852003663812E-19   2.7399630761629551E+03
   7.2167700000000000E+08   1.9988064249760308E+04   8.0483780981090222E-09   5.5394242766734328E-19   2.7950579211795384E+03
   7.2367700000000000E+08   2.1347364914783986E+04   7.8974994250150070E-09   5.3403229273018952E-19   2.8449140822061308E+03
   7.2567700000000000E+08   2.2476980931823276E+04   7.7349634943958441E-09   5.1491189770324095E-19   2.8898307833551935E+03
   7.2767700000000000E+08   2.3391120333032024E+04   7.5630216018957969E-09   4.9654183231023358E-19   2.9301278469841714E+03
   7.2967700000000000E+08   2.4111632712886509E+04   7.3840369942317176E-09   4.7890469787494352E-19   2.9661413142012698E+03
   7.3167700000000000E+08   2.4664674817872372E+04   7.2003244682931919E-09   4.6199370106233899E-19   2.9982171545322240E+03
   7.3367700000000000E+08   2.5077837489272093E+04   7.0140252768770483E-09   4.4580453997538557E-19   3.0267037248703659E+03
   7.3567700000000000E+08   2.5377895912302949E+04   6.8270233125171440E-09   4.3033029239858992E-19   3.0519438471898538E+03
   7.3767700000000000E+08   2.5589253140380682E+04   6.6409018100830097E-09   4.1555880718874321E-19   3.0742673978673406E+03
   7.3967700000000000E+08   2.5733049703307202E+04   6.4569347669233984E-09   4.0147198845991727E-19   3.0939851243584772E+03
   7.4167700000000000E+08   2.5826837293424065E+04   6.2761040740421082E-09   3.8804632554688991E-19   3.1113841342533124E+03
   7.4367700000000000E+08   2.5884669857183042E+04   6.0991327308262916E-09   3.7525409724558920E-19   3.1267251963861645E+03
   7.4567700000000000E+08   2.5917458560284507E+04   5.9265255775685361E-09   3.6306480688896985E-19   3.1402417351938939E+03
   7.4767700000000000E+08   2.5933456373554567E+04   5.7586110643880546E-09   3.5144655404191369E-19   3.1521402275524333E+03
   7.4967700000000000E+08   2.5938771736999359E+04   5.5955798746999152E-09   3.4036718290789990E-19   3.1626016329498038E+03
   7.5167700000000000E+08   2.5937846984659554E+04   5.4375182324136570E-09   3.2979514954755240E-19   3.1717834867597121E+03
   7.5367700000000000E+08   2.5933868332673668E+04   5.2844352055942722E-09   3.1970011549784483E-19   3.1798223355467130E+03
   7.5567700000000000E+08   2.5929096869039106E+04   5.1362842543739790E-09   3.1005330951354499E-19   3.1868362660215666E+03
   7.5767700000000000E+08   2.5925124026025900E+04   4.9929797546336795E-09   3.0082771084692266E-19   3.1929273550834546E+03
   7.5967700000000000E+08   2.5923062104436747E+04   4.8544093979026230E-09   2.9199810566684265E-19   3.1981839349859406E+03
   7.6167700000000000E+08   2.5923682728248234E+04   4.7204433484856086E-09   2.8354105989485384E-19   3.2026826196590387E+03
   7.6367700000000000E+08   2.5927515613300337E+04   4.5909409265201414E-09   2.7543484151371967E-19   3.2064900750031393E+03
   7.6567700000000000E+08   2.5934918206153052E+04   4.4657554424568340E-09   2.6765931583140087E-19   3.2096645395563946E+03
   7.6767700000000000E+08   2.5946124530371275E+04   4.3447376689802052E-09   2.6019582935588586E-19   3.2122571153384979E+03
   7.6967700000000000E+08   2.5961279481853133E+04   4.2277383164439510E-09   2.5302709207699977E-19   3.2143128549075054E+03
   7.7167700000000000E+08   2.5980463065644501E+04   4.1146097819975138E-09   2.4613706384939203E-19   3.2158716722702679E+03
   7.7367700000000000E+08   2.6003707714932472E+04   4.0052073694091297E-09   2.3951084785711283E-19   3.2169691041727456E+03
   7.7567700000000000E+08   2.6031010842842119E+04   3.8993901224461491E-09   2.3313459243808262E-19   3.2176369457868500E+03
   7.7767700000000000E+08   2.6062344080577859E+04   3.7970213753707240E-09   2.2699540153799260E-19   3.2179037817536191E+03
   7.7967700000000000E+08   2.6097660178885235E+04   3.6979690958793786E-09   2.2108125350609877E-19   3.2177954304389718E+03
   7.8167700000000000E+08   2.6136898230901381E+04   3.6021060756089018E-09   2.1538092766881369E-19   3.2173353163746579E+03
   7.8367700000000000E+08   2.6179987663993921E+04   3.5093100088396840E-09   2.0988393800660774E-19   3.2165447833107032E+03
   7.8567700000000000E+08   2.6226851310185244E+04   3.4194634895700800E-09   2.0458047324227705E-19   3.2154433581283292E+03
   7.8767700000000000E+08   2.6277407774117673E+04   3.3324539495209748E-09   1.9946134267940241E-19   3.2140489740374969E+03
   7.8967700000000000E+08   2.6331573257376131E+04   3.2481735540276303E-09   1.9451792718252540E-19   3.2123781599739382E+03
   7.9167700000000000E+08   2.6389262957328145E+04   3.1665190686106192E-09   1.8974213475056558E-19   3.2104462018721097E+03
   7.9367700000000000E+08   2.6450392130432767E+04   3.0873917058891096E-09   1.8512636019458740E-19   3.2082672804783847E+03
   7.9567700000000000E+08   2.6514876889771876E+04   3.0106969601305784E-09   1.8066344848657709E-19   3.2058545895437082E+03
   7.9767700000000000E+08   2.6582634791642715E+04   2.9363444349244460E-09   1.7634666139599694E-19   3.2032204375620918E+03
   7.9967700000000000E+08   2.6653585254702950E+04   2.8642476680824544E-09   1.7216964707526872E-19   3.2003763356721815E+03
   8.0167700000000000E+08   2.6727649846314158E+04   2.7943239568049907E-09   1.6812641229435742E-19   3.1973330738903501E+03
   8.0367700000000000E+08   2.6804752463748653E+04   2.7264941853343386E-09   1.6421129705880409E-19   3.1941007874760162E+03
   8.0567700000000000E+08   2.6884819432357108E+04   2.6606826566865475E-09   1.6041895137544975E-19   3.1906890149279984E+03
   8.0767700000000000E+08   2.6967779538350460E+04   2.5968169295719310E-09   1.5674431395634866E-19   3.1871067488622843E+03
   8.0967700000000000E+08   2.7053564010360056E+04   2.5348276612460024E-09   1.5318259267440391E-19   3.1833624808167060E+03
   8.1167700000000000E+08   2.7142106461218900E+04   2.4746484567540768E-09   1.4972924660458323E-19   3.1794642408587997E+03
   8.1367700000000000E+08   2.7233342799362425E+04   2.4162157248229855E-09   1.4637996950250351E-19   3.1754196327329432E+03
   8.1567700000000000E+08   2.7327211117758918E+04   2.3594685404978010E-09   1.4313067458804553E-19   3.1712358651669592E+03
   8.1767700000000000E+08   2.7423651567264631E+04   2.3043485145071554E-09   1.3997748051571646E-19   3.1669197798619266E+03
   8.1967700000000000E+08   2.7522606220644873E+04   2.2507996692585617E-09   1.3691669842593282E-19   3.1624778766091931E+03
   8.2167700000000000E+08   2.7624018933129275E+04   2.1987683213066900E-09   1.3394481998240962E-19   3.1579163359121198E+03
   8.2367700000000000E+08   2.7727835205161504E+04   2.1482029700972796E-09   1.3105850631057975E-19   3.1532410394350286E+03
   8.2567700000000000E+08   2.7834002052859760E+04   2.0990541927616959E-09   1.2825457776053001E-19   3.1484575885557833E+03
   8.2767700000000000E+08   2.7942467891539160E+04   2.0512745447189414E-09   1.2553000442546186E-19   3.1435713212602509E+03
   8.2967700000000000E+08   2.8053182437354550E+04   2.0048184658293013E-09   1.2288189735322590E-19   3.1385873275846616E+03
   8.3167700000000000E+08   2.8166096631626842E+04   1.9596421918359362E-09   1.2030750039419989E-19   3.1335104637849372E+03
   8.3367700000000000E+08   2.8281162591687349E+04   1.9157036708246849E-09   1.1780418263370790E-19   3.1283453653888027E+03
   8.3567700000000000E+08   2.8398333591058195E+04   1.8729624844284342E-09   1.1536943136145753E-19   3.1230964592668270E+03
   8.3767700000000000E+08   2.8517564070515284E+04   1.8313797734999043E-09   1.1300084553421132E-19   3.1177679748409255E+03
   8.3967700000000000E+08   2.8638809680085546E+04   1.7909181679752746E-09   1.1069612969116050E-19   3.1123639545335500E+03
   8.4167700000000000E+08   2.8762027350381930E+04   1.7515417206517260E-09   1.0845308828440035E-19   3.1068882635467262E+03
   8.4367700000000000E+08   2.8887175389990036E+04   1.7132158446045787E-09   1.0626962038956124E-19   3.1013445990473665E+03
   8.4567700000000000E+08   2.9014213603980723E+04   1.6759072539751606E-09   1.0414371476414592E-19   3.0957364988235477E+03
   8.4767700000000000E+08   2.9143103427189653E+04   1.6395839078689281E-09   1.0207344522351231E-19   3.0900673494655857E+03
   8.4967700000000000E+08   2.9273808064751582E+04   1.6042149571152620E-09   1.0005696630679513E-19   3.0843403941157726E+03
   8.5167700000000000E+08   2.9406292631646669E+04   1.5697706936555262E-09   9.8092509207396331E-20   3.0785587398217021E+03
   8.5367700000000000E+08   2.9540524282739905E+04   1.5362225023443108E-09   9.6178377945019914E-20   3.0727253645200303E+03
   8.5567700000000000E+08   2.9676472325040239E+04   1.5035428149696534E-09   9.4312945758563504E-20   3.0668431236706815E+03
   8.5767700000000000E+08   2.9814108304643938E+04   1.4717050663209281E-09   9.2494651701499784E-20   3.0609147565557905E+03
   8.5967700000000000E+08   2.9953406062032616E+04   1.4406836521567715E-09   9.0721997423630453E-20   3.0549428922531624E+03
   8.6167700000000000E+08   3.0094341750982428E+04   1.4104538889493321E-09   8.8993544125252308E-20   3.0489300552909076E+03
   8.6367700000000000E+08   3.0236893818198492E+04   1.3809919753036338E-09   8.7307909671763117E-20   3.0428786709878391E+03
   8.6567700000000000E+08   3.0381042942791188E+04   1.3522749549718717E-09   8.5663765858552709E-20   3.0367910704834662E+03
   8.6767700000000000E+08   3.0526771936726127E+04   1.3242806814003072E-09   8.4059835817589277E-20   3.0306694954615705E+03
   8.6967700000000000E+08   3.0674065609268047E+04   1.2969877837612460E-09   8.2494891558435059E-20   3.0245161025724242E+03
   8.7167700000000000E+08   3.0822910600092291E+04   1.2703756344336520E-09   8.0967751637479220E-20   3.0183329675603213E+03
   8.7367700000000000E+08   3.0973295187054140E+04   1.2444243179032834E-09   7.9477278949960218E-20   3.0121220891052885E+03
   8.7567700000000000E+08   3.1125209075521212E+04   1.2191146010570958E-09   7.8022378639894575E-20   3.0058853923900847E+03
   8.7767700000000000E+08   3.1278643176662994E+04   1.1944279048472512E-09   7.6601996123344174E-20   2.9996247324059659E+03
   8.7967700000000000E+08   3.1433589382148701E+04   1.1703462772981185E-09   7.5215115220595972E-20   2.9933418970126963E+03
   8.8167700000000000E+08   3.1590040342372278E+04   1.1468523678255298E-09   7.3860756392809196E-20   2.9870386097701980E+03
   8.8367700000000000E+08   3.1747989254646134E+04   1.1239294028323430E-09   7.2537975078590884E-20   2.9807165325604533E+03
   8.8567700000000000E+08   3.1907429666928649E+04   1.1015611625381020E-09   7.1245860125778222E-20   2.9743772680191332E+03
   8.8767700000000000E+08   3.2068355301684620E+04   1.0797319589939987E-09   6.9983532313491016E-20   2.9680223617967176E+03
   8.8967700000000000E+08   3.2230759903752314E+04   1.0584266152271468E-09   6.8750142959238840E-20   2.9616533046688928E+03
   8.9167700000000000E+08   3.2394637116189970E+04   1.0376304454485803E-09   6.7544872605411532E-20   2.9552715345156976E+03
   8.9367700000000000E+08   3.2559980390240537E+04   1.0173292362438175E-09   6.6366929778588390E-20   2.9488784381893151E+03
   8.9567700000000000E+08   3.2726782942385911E+04   9.9750922863422026E-10   6.5215549813153238E-20   2.9424753532923714E+03
   8.9767700000000000E+08   3.2895037787820285E+04   9.7815710083557750E-10   6.4089993726560255E-20   2.9360635698952638E+03
   8.9967700000000000E+08   3.3064737913316152E+04   9.5925995142235013E-10   6.2989547125496520E-20   2.9296443322364862E+03
   9.0167700000000000E+08   3.3235876712445046E+04   9.4080528240652653E-10   6.1913519108240563E-20   2.9232188404822632E+03
   9.0367700000000000E+08   3.3408448894088586E+04   9.2278098146589382E-10   6.0861241108934103E-20   2.9167882526789672E+03
   9.0567700000000000E+08   3.3582452162543668E+04   9.0517530232675455E-10   5.9832065612024356E-20   2.9103536871169213E+03
   9.0767700000000000E+08   3.3757889954625527E+04   8.8797684248236153E-10   5.8825364674300178E-20   2.9039162254165212E+03
   9.0967700000000000E+08   3.3934775193875423E+04   8.7117451872266116E-10   5.7840528277076526E-20   2.8974769166735828E+03
   9.1167700000000000E+08   3.4113134088262304E+04   8.5475754426552780E-10   5.6876962756697451E-20   2.8910367828059711E+03
   9.1367700000000000E+08   3.4293007310273999E+04   8.3871541684903469E-10   5.5934089949832702E-20   2.8845968246139350E+03
   9.1567700000000000E+08   3.4474444012714004E+04   8.2303793272095724E-10   5.5011348095475163E-20   2.8781580268792004E+03
   9.1767700000000000E+08   3.4657483957664634E+04   8.0771524047804595E-10   5.4108195511304712E-20   2.8717213593823672E+03
   9.1967700000000000E+08   3.4842127595915517E+04   7.9273793155488911E-10   5.3224116932835193E-20   2.8652877700945164E+03
   9.2167700000000000E+08   3.5028304847808009E+04   7.7809712760393018E-10   5.2358629898262394E-20   2.8588581687138690E+03
   9.2367700000000000E+08   3.5215865462770715E+04   7.6378448684177941E-10   5.1511285839020824E-20   2.8524334041779575E+03
   9.2567700000000000E+08   3.5404613670508363E+04   7.4979206056485334E-10   5.0681660943881231E-20   2.8460142466778748E+03
   9.2767700000000000E+08   3.5594382619986987E+04   7.3611202239746829E-10   4.9869337950766327E-20   2.8396013869306462E+03
   9.2967700000000000E+08   3.5785101427423069E+04   7.2273643163862199E-10   4.9073889644735890E-20   2.8331954567943940E+03
   9.3167700000000000E+08   3.5976799724853852E+04   7.0965724246479682E-10   4.8294878746256673E-20   2.8267970592552442E+03
   9.3367700000000000E+08   3.6169538435231916E+04   6.9686653914277380E-10   4.7531873444887111E-20   2.8204067880257617E+03
   9.3567700000000000E+08   3.6363337194655018E+04   6.8435674712348893E-10   4.6784461870114029E-20   2.8140252267764081E+03
   9.3767700000000000E+08   3.6558222961130210E+04   6.7212080193710190E-10   4.6052263982063441E-20   2.8076529414758697E+03
   9.3967700000000000E+08   3.6754379408875357E+04   6.6015237456875432E-10   4.5334947094549871E-20   2.8012904973382815E+03
   9.4167700000000000E+08   3.6952143592724977E+04   6.4844573670974200E-10   4.4632216350399867E-20   2.7949385070234111E+03
   9.4367700000000000E+08   3.7151709518046526E+04   6.3699481321209329E-10   4.3943749409346298E-20   2.7885976570110274E+03
   9.4567700000000000E+08   3.7352809442972248E+04   6.2579213712744346E-10   4.3269124870702087E-20   2.7822686485793570E+03
   9.4767700000000000E+08   3.7554760966592694E+04   6.1482902736734732E-10   4.2607835390515916E-20   2.7759520716601551E+03
   9.4967700000000000E+08   3.7756894062757463E+04   6.0409704936719887E-10   4.1959389369523973E-20   2.7696483152391002E+03
   9.5167700000000000E+08   3.7958984711867255E+04   5.9358940232945199E-10   4.1323407017934817E-20   2.7633575976553152E+03
   9.5367700000000000E+08   3.8161365736479907E+04   5.8330119608697084E-10   4.0699638879430209E-20   2.7570800939022179E+03
   9.5567700000000000E+08   3.8364853860672993E+04   5.7322871586748970E-10   4.0087913861882447E-20   2.7508160725791813E+03
   9.5767700000000000E+08   3.8570088884056509E+04   5.6336819446663416E-10   3.9488053234330834E-20   2.7445659612387367E+03
   9.5967700000000000E+08   3.8777042780654883E+04   5.5371497328542445E-10   3.8899812564317525E-20   2.7383302903550293E+03
   9.6167700000000000E+08   3.8985484957734210E+04   5.4426382469046056E-10   3.8322905357587031E-20   2.7321095799636742E+03
   9.6367700000000000E+08   3.9195270546061089E+04   5.3500959251617799E-10   3.7757048405879719E-20   2.7259042931231456E+03
   9.6567700000000000E+08   3.9406312502864101E+04   5.2594733682068786E-10   3.7201971799957203E-20   2.7197148505294945E+03
   9.6767700000000000E+08   3.9618556521436098E+04   5.1707231107477191E-10   3.6657417258569511E-20   2.7135416423863498E+03
   9.6967700000000000E+08   3.9831966436747556E+04   5.0837993567823700E-10   3.6123136246407065E-20   2.7073850360367210E+03
   9.7167700000000000E+08   4.0046516941002083E+04   4.9986578149077403E-10   3.5598888830073335E-20   2.7012453805473015E+03
   9.7367700000000000E+08   4.0262189813035475E+04   4.9152555805623571E-10   3.5084442880808101E-20   2.6951230096771460E+03
   9.7567700000000000E+08   4.0478971673539563E+04   4.8335510375693571E-10   3.4579573419985462E-20   2.6890182439591199E+03
   9.7767700000000000E+08   4.0696852284357403E+04   4.7535037783064373E-10   3.4084062099583937E-20   2.6829313922009096E+03
   9.7967700000000000E+08   4.0915823244576117E+04   4.6750745391203034E-10   3.3597696792784460E-20   2.6768627525495258E+03
   9.8167700000000000E+08   4.1135877207700993E+04   4.5982251438202056E-10   3.3120271242553116E-20   2.6708126132511647E+03
   9.8367700000000000E+08   4.1357007499560481E+04   4.5229184541330084E-10   3.2651584759097570E-20   2.6647812532301336E+03
   9.8567700000000000E+08   4.1579207904186514E+04   4.4491183291001654E-10   3.2191441980106007E-20   2.6587689425631256E+03
   9.8767700000000000E+08   4.1802472508543353E+04   4.3767895916919019E-10   3.1739652681653021E-20   2.6527759428853424E+03
   9.8967700000000000E+08   4.2026795520847532E+04   4.3058979989047730E-10   3.1296031613127372E-20   2.6468025077445295E+03
   9.9167700000000000E+08   4.2252170978661641E+04   4.2364102130875957E-10   3.0860398340107232E-20   2.6408488828969266E+03
   9.9367700000000000E+08   4.2478592498337166E+04   4.1682937742228862E-10   3.0432577093341242E-20   2.6349153065343089E+03
   9.9567700000000000E+08   4.2706053541995258E+04   4.1015170769463201E-10   3.0012396651092466E-20   2.6290020094781994E+03
   9.9767700000000000E+08   4.2934548763527484E+04   4.0360493612811088E-10   2.9599690319712080E-20   2.6231092154683538E+03
   9.9967700000000000E+08   4.3164076652619733E+04   3.9718607257616915E-10   2.9194296075493491E-20   2.6172371417544059E+03
   1.0016770000000000E+09   4.3394642817756743E+04   3.9089221591591763E-10   2.8796056840488135E-20   2.6113860001925736E+03
   1.0036770000000000E+09   4.3626262793185277E+04   3.8472055782593666E-10   2.8404820801632296E-20   2.6055559988969835E+03
   1.0056770000000000E+09   4.3858962377114374E+04   3.7866838317477939E-10   2.8020441480566084E-20   2.5997473442738265E+03
   1.0076770000000000E+09   4.4092773867066338E+04   3.7273305958750808E-10   2.7642777004479555E-20   2.5939602429472761E+03
   1.0096770000000000E+09   4.4327728276881717E+04   3.6691201925181641E-10   2.7271688801735497E-20   2.5881949027324076E+03
   1.0116770000000000E+09   4.4563845866520998E+04   3.6120274138909010E-10   2.6907040346831793E-20   2.5824515320005626E+03
   1.0136770000000000E+09   4.4801127972525253E+04   3.5560273956200362E-10   2.6548696266117545E-20   2.5767303373794475E+03
   1.0156770000000000E+09   4.5039552999556312E+04   3.5010955435631062E-10   2.6196521843807843E-20   2.5710315202727693E+03
   1.0176770000000000E+09   4.5279075245166176E+04   3.4472075121811905E-10   2.5850382909762839E-20   2.5653552729429766E+03
   1.0196770000000000E+09   4.5519628679496127E+04   3.3943392618602422E-10   2.5510146314755408E-20   2.5597017747494660E+03
   1.0216770000000000E+09   4.5761137969389478E+04   3.3424672045619634E-10   2.5175681064412129E-20   2.5540711894428632E+03
   1.0236770000000000E+09   4.6003530442720548E+04   3.2915683836834722E-10   2.4846859705373709E-20   2.5484636644468219E+03
   1.0256770000000000E+09   4.6246745741224579E+04   3.2416206106122043E-10   2.4523559382180780E-20   2.5428793321909438E+03
   1.0276770000000000E+09   4.6490741841928786E+04   3.1926025346577108E-10   2.4205662389966208E-20   2.5373183129291879E+03
   1.0296770000000000E+09   4.6735496736848909E+04   3.1444936431801771E-10   2.3893056198889920E-20   2.5317807183196041E+03
   1.0316770000000000E+09   4.6981006324726739E+04   3.0972742049691067E-10   2.3585633049084692E-20   2.5262666550101662E+03
   1.0336770000000000E+09   4.7227279856308247E+04   3.0509251799809815E-10   2.3283289291178834E-20   2.5207762276421608E+03
   1.0356770000000000E+09   4.7474334477000593E+04   3.0054281198017240E-10   2.2985924657268570E-20   2.5153095409470502E+03
   1.0376770000000000E+09   4.7722190148702299E+04   2.9607650778618524E-10   2.2693441606925131E-20   2.5098667008768925E+03
   1.0396770000000000E+09   4.7970865740123743E+04   2.9169185400737690E-10   2.2405744829386513E-20   2.5044478149044489E+03
   1.0416770000000000E+09   4.8220376566711559E+04   2.8738713785390875E-10   2.2122740921985235E-20   2.4990529917321037E+03
   1.0436770000000000E+09   4.8470733271454141E+04   2.8316068253947396E-10   2.1844338222228761E-20   2.4936823406667081E+03
   1.0456770000000000E+09   4.8721941719719231E+04   2.7901084612241827E-10   2.1570446750684879E-20   2.4883359708779790E+03
   1.0476770000000000E+09   4.8974003523345593E+04   2.7493602121294088E-10   2.1300978219258098E-20   2.4830139906920190E+03
   1.0496770000000000E+09   4.9226916857676777E+04   2.7093463505987891E-10   2.1035846067407582E-20   2.4777165070046822E+03
   1.0516770000000000E+09   4.9480677329791273E+04   2.6700514968762630E-10   2.0774965500937976E-20   2.4724436248459210E+03
   1.0536770000000000E+09   4.9735278755356587E+04   2.6314606190244292E-10   2.0518253519462768E-20   2.4671954470909282E+03
   1.0556770000000000E+09   4.9990713782487459E+04   2.5935590309779357E-10   2.0265628927170709E-20   2.4619720742951622E+03
   1.0576770000000000E+09   5.0246974354336933E+04   2.5563323885806407E-10   2.0017012326920663E-20   2.4567736046242026E+03
   1.0596770000000000E+09   5.0504052030587402E+04   2.5197666839590550E-10   1.9772326100474018E-20   2.4516001338505530E+03
   1.0616770000000000E+09   5.0761938198950636E+04   2.4838482386990958E-10   1.9531494378560954E-20   2.4464517553944020E+03
   1.0636770000000000E+09   5.1020624207704299E+04   2.4485636962716042E-10   1.9294443004306485E-20   2.4413285603911363E+03
   1.0656770000000000E+09   5.1280101445032313E+04   2.4139000140692605E-10   1.9061099492893732E-20   2.4362306377737150E+03
   1.0676770000000000E+09   5.1540361384535812E+04   2.3798444553173376E-10   1.8831392989556899E-20   2.4311580743621721E+03
   1.0696770000000000E+09   5.1801395610440297E+04   2.3463845810338600E-10   1.8605254227313878E-20   2.4261109549555954E+03
   1.0716770000000000E+09   5.2063195831615769E+04   2.3135082421487786E-10   1.8382615485329727E-20   2.4210893624239084E+03
   1.0736770000000000E+09   5.2325753890452892E+04   2.2812035718449656E-10   1.8163410548432007E-20   2.4160933777982150E+03
   1.0756770000000000E+09   5.2589061770393768E+04   2.2494589781527967E-10   1.7947574668053740E-20   2.4111230803591829E+03
   1.0776770000000000E+09   5.2853111604236772E+04   2.2182631368074970E-10   1.7735044524699239E-20   2.4061785477235021E+03
   1.0796770000000000E+09   5.3117895683931223E+04   2.1876049843627255E-10   1.7525758191902266E-20   2.4012598559286653E+03
   1.0816770000000000E+09   5.3383406471533279E+04   2.1574737115433233E-10   1.7319655101560782E-20   2.3963670795163152E+03
   1.0836770000000000E+09   5.3649636610363872E+04   2.1278587568152455E-10   1.7116676010491435E-20   2.3915002916143917E+03
   1.0856770000000000E+09   5.3916578935246427E+04   2.0987498001510424E-10   1.6916762968048954E-20   2.3866595640180453E+03
   1.0876770000000000E+09   5.4184226480935009E+04   2.0701367569734973E-10   1.6719859284687672E-20   2.3818449672692464E+03
   1.0896770000000000E+09   5.4452572488279671E+04   2.0420097722660162E-10   1.6525909501390009E-20   2.3770565707348214E+03
   1.0916770000000000E+09   5.4721610408125300E+04   2.0143592148438013E-10   1.6334859359929426E-20   2.3722944426826552E+03
   1.0936770000000000E+09   5.4991333903230996E+04   1.9871756717834943E-10   1.6146655773964280E-20   2.3675586503558156E+03
   1.0956770000000000E+09   5.5261736848571825E+04   1.9604499430099795E-10   1.5961246800966626E-20   2.3628492600443851E+03
   1.0976770000000000E+09   5.5532813330265330E+04   1.9341730360383956E-10   1.5778581614984449E-20   2.3581663371548498E+03
   1.0996770000000000E+09   5.5804557643134169E+04   1.9083361608676119E-10   1.5598610480220672E-20   2.3535099462769194E+03
   1.1016770000000000E+09   5.6076964286670787E+04   1.8829307250198476E-10   1.5421284725399062E-20   2.3488801512476753E+03
   1.1036770000000000E+09   5.6350027958982711E+04   1.8579483287199414E-10   1.5246556718877215E-20   2.3442770152128696E+03
   1.1056770000000000E+09   5.6623743548190665E+04   1.8333807602076116E-10   1.5074379844464898E-20   2.3397006006852007E+03
   1.1076770000000000E+09   5.6898106120731994E+04   1.8092199911766084E-10   1.4904708477910327E-20   2.3351509695992986E+03
   1.1096770000000000E+09   5.7173110906072703E+04   1.7854581723356931E-10   1.4737497964024975E-20   2.3306281833631210E+03
   1.1116770000000000E+09   5.7448753277409705E+04   1.7620876290874347E-10   1.4572704594426013E-20   2.3261323029053933E+03
   1.1136770000000000E+09   5.7725028728036137E+04   1.7391008573220209E-10   1.4410285585885027E-20   2.3216633887187350E+03
   1.1156770000000000E+09   5.8001932843137853E+04   1.7164905193238824E-10   1.4250199059276476E-20   2.3172215008980475E+03
   1.1176770000000000E+09   5.8279461266862214E+04   1.6942494397896320E-10   1.4092404019124915E-20   2.3128066991737769E+03
   1.1196770000000000E+09   5.8557609664587988E+04   1.6723706019557860E-10   1.3936860333749466E-20   2.3084190429396322E+03
   1.1216770000000000E+09   5.8836373680386387E+04   1.6508471438348122E-10   1.3783528716004400E-20   2.3040585912743854E+03
   1.1236770000000000E+09   5.9115748889746254E+04   1.6296723545576878E-10   1.3632370704611381E-20   2.2997254029573551E+03
   1.1256770000000000E+09   5.9395730747731097E+04   1.6088396708207140E-10   1.3483348646074686E-20   2.2954195364772750E+03
   1.1276770000000000E+09   5.9676314532833872E+04   1.5883426734336479E-10   1.3336425677164772E-20   2.2911410500341858E+03
   1.1296770000000000E+09   5.9957495286920399E+04   1.5681750839655733E-10   1.3191565707949170E-20   2.2868900015341483E+03
   1.1316770000000000E+09   6.0239267751792788E+04   1.5483307614840625E-10   1.3048733405341876E-20   2.2826664485765514E+03
   1.1336770000000000E+09   6.0521626303066419E+04   1.5288036993823071E-10   1.2907894177134054E-20   2.2784704484338940E+03
   1.1356770000000000E+09   6.0804564882227336E+04   1.5095880222879374E-10   1.2769014156459556E-20   2.2743020580240232E+03
   1.1376770000000000E+09   6.1088076927925336E+04   1.4906779830464454E-10   1.2632060186640923E-20   2.2701613338748798E+03
   1.1396770000000000E+09   6.1372155307759982E+04   1.4720679597711004E-10   1.2496999806351220E-20   2.2660483320819549E+03
   1.1416770000000000E+09   6.1656792252011423E+04   1.4537524529505929E-10   1.2363801235020149E-20   2.2619631082587798E+03
   1.1436770000000000E+09   6.1941979290968557E+04   1.4357260826049402E-10   1.2232433358405137E-20   2.2579057174809250E+03
   1.1456770000000000E+09   6.2227707197684969E+04   1.4179835854797064E-10   1.2102865714242421E-20   2.2538762142241353E+03
   1.1476770000000000E+09   6.2513965938139969E+04   1.4005198122685206E-10   1.1975068477890528E-20   2.2498746522974461E+03
   1.1496770000000000E+09   6.2800744630904504E+04   1.3833297248538631E-10   1.1849012447876948E-20   2.2459010847722561E+03
   1.1516770000000000E+09   6.3088031518469914E+04   1.3664083935565717E-10   1.1724669031261186E-20   2.2419555639085329E+03
   1.1536770000000000E+09   6.3375813952391502E+04   1.3497509943854475E-10   1.1602010228733682E-20   2.2380381410795317E+03
   1.1556770000000000E+09   6.3664078394323515E+04   1.3333528062795072E-10   1.1481008619379037E-20   2.2341488666965433E+03
   1.1576770000000000E+09   6.3952810434844687E+04   1.3172092083372209E-10   1.1361637345046268E-20   2.2302877901353695E+03
   1.1596770000000000E+09   6.4241994831707241E+04   1.3013156770292071E-10   1.1243870094286875E-20   2.2264549596663019E+03
   1.1616770000000000E+09   6.4531615568772533E+04   1.2856677833934324E-10   1.1127681085843291E-20   2.2226504223895508E+03
   1.1636770000000000E+09   6.4821655936415438E+04   1.2702611902149474E-10   1.1013045051696973E-20   2.2188742241780160E+03
   1.1656770000000000E+09   6.5112098633614740E+04   1.2550916491954091E-10   1.0899937219713950E-20   2.2151264096293799E+03
   1.1676770000000000E+09   6.5402925891281244E+04   1.2401549981210907E-10   1.0788333295957598E-20   2.2114070220293752E+03
   1.1696770000000000E+09   6.5694119615651085E+04   1.2254471580415807E-10   1.0678209446770866E-20   2.2077161033280026E+03
   1.1716770000000000E+09   6.5985661549797558E+04   1.2109641304747230E-10   1.0569542280762653E-20   2.2040536941302275E+03
   1.1736770000000000E+09   6.6277533450541276E+04   1.1967019946563682E-10   1.0462308830862510E-20   2.2004198337025036E+03
   1.1756770000000000E+09   6.6569717277266041E+04   1.1826569048560806E-10   1.0356486536634669E-20   2.1968145599960835E+03
   1.1776770000000000E+09   6.6862195388478256E+04   1.1688250877816545E-10   1.0252053227061558E-20   2.1932379096877362E+03
   1.1796770000000000E+09   6.7154950741348963E+04   1.1552028400962281E-10   1.0148987104019688E-20   2.1896899182380921E+03
   1.1816770000000000E+09   6.7447967089061262E+04   1.1417865260715441E-10   1.0047266726673476E-20   2.1861706199673231E+03
   1.1836770000000000E+09   6.7741229170534556E+04   1.1285725753995357E-10   9.9468709970046960E-21   2.1826800481474670E+03
   1.1856770000000000E+09   6.8034722887076292E+04   1.1155574811818925E-10   9.8477791466771521E-21   2.1792182351101928E+03
   1.1876770000000000E+09   6.8328435460721361E+04   1.1027377981134816E-10   9.7499707254061522E-21   2.1757852123683756E+03
   1.1896770000000000E+09   6.8622355569462656E+04   1.0901101408708579E-10   9.6534255909639091E-21   2.1723810107494496E+03
   1.1916770000000000E+09   6.8916473455248706E+04   1.0776711827115179E-10   9.5581239009043432E-21   2.1690056605381446E+03
   1.1936770000000000E+09   6.9210781001493553E+04   1.0654176542836033E-10   9.4640461060383414E-21   2.1656591916259813E+03
   1.1956770000000000E+09   6.9505271777871676E+04   1.0533463426394458E-10   9.3711729456342421E-21   2.1623416336646696E+03
   1.1976770000000000E+09   6.9799941051287897E+04   1.0414540904404533E-10   9.2794854442638899E-21   2.1590530162205159E+03
   1.1996770000000000E+09   7.0094785763103675E+04   1.0297377953351292E-10   9.1889649101612486E-21   2.1557933689269362E+03
   1.2016770000000000E+09   7.0389804473842058E+04   1.0181944094873115E-10   9.0995929349148692E-21   2.1525627216322905E+03
   1.2036770000000000E+09   7.0684997277689341E+04   1.0068209392279922E-10   9.0113513942777223E-21   2.1493611045404632E+03
   1.2056770000000000E+09   7.0980365690088729E+04   9.9561444480135704E-11   8.9242224498487275E-21   2.1461885483418778E+03
   1.2076770000000000E+09   7.1275912512520954E+04   9.8457204017439478E-11   8.8381885513632426E-21   2.1430450843330168E+03
   1.2096770000000000E+09   7.1571641679223612E+04   9.7369089287913221E-11   8.7532324393217876E-21   2.1399307445228915E+03
   1.2116770000000000E+09   7.1867558091024170E+04   9.6296822385756603E-11   8.6693371476900633E-21   2.1368455617253317E+03
   1.2136770000000000E+09   7.2163667441708967E+04   9.5240130728127501E-11   8.5864860064153530E-21   2.1337895696364471E+03
   1.2156770000000000E+09   7.2459976042367722E+04   9.4198747032063604E-11   8.5046626435263194E-21   2.1307628028970262E+03
   1.2176770000000000E+09   7.2756490648970881E+04   9.3172409284216920E-11   8.4238509866116878E-21   2.1277652971400826E+03
   1.2196770000000000E+09   7.3053218298037027E+04   9.2160860701693941E-11   8.3440352635097204E-21   2.1247970890241504E+03
   1.2216770000000000E+09   7.3350166154659819E+04   9.1163849682767005E-11   8.2652000020807276E-21   2.1218582162532743E+03
   1.2236770000000000E+09   7.3647341376369281E+04   9.0181129746752592E-11   8.1873300289812243E-21   2.1189487175849299E+03
   1.2256770000000000E+09   7.3944750995385461E+04   8.9212459462873856E-11   8.1104104674049752E-21   2.1160686328273068E+03
   1.2276770000000000E+09   7.4242401820792133E+04   8.8257602368450168E-11   8.0344267338040416E-21   2.1132180028275507E+03
   1.2296770000000000E+09   7.4540300361084534E+04   8.7316326877233390E-11   7.9593645336473992E-21   2.1103968694525611E+03
   1.2316770000000000E+09   7.4838452766537957E+04   8.6388406179126901E-11   7.8852098563143425E-21   2.1076052755639707E+03
   1.2336770000000000E+09   7.5136864789952655E+04   8.5473618132817468E-11   7.8119489692490980E-21   2.1048432649887668E+03
   1.2356770000000000E+09   7.5435541763609042E+04   8.4571745153067566E-11   7.7395684115256224E-21   2.1021108824869111E+03
   1.2376770000000000E+09   7.5734488589826346E+04   8.3682574094464855E-11   7.6680549869791058E-21   2.0994081737170832E+03
   1.2396770000000000E+09   7.6033709742292704E+04   8.2805896133384533E-11   7.5973957570598710E-21   2.0967351852014435E+03
   1.2416770000000000E+09   7.6333209275379384E+04   8.1941506649763742E-11   7.5275780335537656E-21   2.0940919642901140E+03
   1.2436770000000000E+09   7.6632990838850616E+04   8.1089205110071659E-11   7.4585893712958000E-21   2.0914785591258415E+03
   1.2456770000000000E+09   7.6933057695749070E+04   8.0248794952590224E-11   7.3904175609812190E-21   2.0888950186091197E+03
   1.2476770000000000E+09   7.7233412741637614E+04   7.9420083475859169E-11   7.3230506221556064E-21   2.0863413923639064E+03
   1.2496770000000000E+09   7.7534058523788262E+04   7.8602881730888383E-11   7.2564767964437464E-21   2.0838177307039346E+03
   1.2516770000000000E+09   7.7834997259302618E+04   7.7797004417523364E-11   7.1906845410577450E-21   2.0813240845995242E+03
   1.2536770000000000E+09   7.8136230851473738E+04   7.7002269785173657E-11   7.1256625226089843E-21   2.0788605056447495E+03
   1.2556770000000000E+09   7.8437760903968403E+04   7.6218499537972798E-11   7.0613996112356506E-21   2.0764270460247749E+03
   1.2576770000000000E+09   7.8739588732654214E+04   7.5445518744328619E-11   6.9978848750474693E-21   2.0740237584831370E+03
   1.2596770000000000E+09   7.9041715375078857E+04   7.4683155750735708E-11   6.9351075748809157E-21   2.0716506962887606E+03
   1.2616770000000000E+09   7.9344141597744863E+04   7.3931242099669903E-11   6.8730571593531540E-21   2.0693079132025041E+03
   1.2636770000000000E+09   7.9646867901434613E+04   7.3189612451342200E-11   6.8117232601986586E-21   2.0669954634430283E+03
   1.2656770000000000E+09   7.9949894524875184E+04   7.2458104509078361E-11   6.7510956878710727E-21   2.0647134016518144E+03
   1.2676770000000000E+09   8.0253221447030344E+04   7.1736558948100297E-11   6.6911644273933147E-21   2.0624617828571859E+03
   1.2696770000000000E+09   8.0556848388258164E+04   7.1024819347501936E-11   6.6319196344402647E-21   2.0602406624371893E+03
   1.2716770000000000E+09   8.0860774810496194E+04   7.0322732125247962E-11   6.5733516316412558E-21   2.0580500960812310E+03
   1.2736770000000000E+09   8.1164999916565052E+04   6.9630146476046116E-11   6.5154509050915529E-21   2.0558901397503419E+03
   1.2756770000000000E+09   8.1469522648613798E+04   6.8946914311968215E-11   6.4582081010639450E-21   2.0537608496359917E+03
   1.2776770000000000E+09   8.1774341685680265E+04   6.8272890205705874E-11   6.4016140229124828E-21   2.0516622821173469E+03
   1.2796770000000000E+09   8.2079455440319784E+04   6.7607931336348078E-11   6.3456596281603473E-21   2.0495944937168701E+03
   1.2816770000000000E+09   8.2384862054225174E+04   6.6951897437566914E-11   6.2903360257635188E-21   2.0475575410541803E+03
   1.2836770000000000E+09   8.2690559392729265E+04   6.6304650748096138E-11   6.2356344735416986E-21   2.0455514807980633E+03
   1.2856770000000000E+09   8.2996545038040000E+04   6.5666055964387977E-11   6.1815463757678322E-21   2.0435763696165318E+03
   1.2876770000000000E+09   8.3302816280982646E+04   6.5035980195342380E-11   6.1280632809082138E-21   2.0416322641248446E+03
   1.2896770000000000E+09   8.3609370110939199E+04   6.4414292919014265E-11   6.0751768795062304E-21   2.0397192208313484E+03
   1.2916770000000000E+09   8.3916203203553829E+04   6.3800865941228182E-11   6.0228790022048660E-21   2.0378372960810250E+03
   1.2936770000000000E+09   8.4223311905605602E+04   6.3195573356063729E-11   5.9711616179062445E-21   2.0359865459966031E+03
   1.2956770000000000E+09   8.4530692216277472E+04   6.2598291508213795E-11   5.9200168320702566E-21   2.0341670264170300E+03
   1.2976770000000000E+09   8.4838339763835771E+04   6.2008898957271228E-11   5.8694368851592242E-21   2.0323787928331208E+03
   1.2996770000000000E+09   8.5146249776622994E+04   6.1427276444022338E-11   5.8194141512380045E-21   2.0306219003201006E+03
   1.3016770000000000E+09   8.5454417047312410E+04   6.0853306858815034E-11   5.7699411367378940E-21   2.0288964034667401E+03
   1.3036770000000000E+09   8.5762835889808790E+04   6.0286875211958652E-11   5.7210104793822824E-21   2.0272023563007417E+03
   1.3056770000000000E+09   8.6071500089257228E+04   5.9727868605845337E-11   5.6726149472465049E-21   2.0255398122100219E+03
   1.3076770000000000E+09   8.6380402847554375E+04   5.9176176208009104E-11   5.6247474378787767E-21   2.0239088238596225E+03
   1.3096770000000000E+09   8.6689536729777814E+04   5.8631689223613397E-11   5.5774009773391061E-21   2.0223094431041513E+03
   1.3116770000000000E+09   8.6998893621008290E+04   5.8094300864910857E-11   5.5305687189208860E-21   2.0207417208960430E+03
   1.3136770000000000E+09   8.7308464707793944E+04   5.7563906314142309E-11   5.4842439412145641E-21   2.0192057071904665E+03
   1.3156770000000000E+09   8.7618240503065812E+04   5.7040402675385626E-11   5.4384200450775691E-21   2.0177014508485508E+03
   1.3176770000000000E+09   8.7928210936198418E+04   5.6523688910394438E-11   5.3930905490251969E-21   2.0162289995415849E+03
   1.3196770000000000E+09   8.8238365529102521E+04   5.6013665753956955E-11   5.3482490825993342E-21   2.0147883996599128E+03
   1.3216770000000000E+09   8.8548693672533336E+04   5.5510235606263157E-11   5.3038893774553974E-21   2.0133796962311710E+03
   1.3236770000000000E+09   8.8859185002637052E+04   5.5013302403492491E-11   5.2600052562630427E-21   2.0120029328529408E+03
   1.3256770000000000E+09   8.9169829856050070E+04   5.4522771473251683E-11   5.2165906200379486E-21   2.0106581516444853E+03
   1.3276770000000000E+09   8.9480619755270935E+04   5.4038549387839926E-11   5.1736394351386688E-21   2.0093453932206476E+03
   1.3296770000000000E+09   8.9791547850363961E+04   5.3560543834119912E-11   5.1311457217330841E-21   2.0080646966881168E+03
   1.3316770000000000E+09   9.0102609227140696E+04   5.3088663521869546E-11   5.0891035458549583E-21   2.0068160996602642E+03
   1.3336770000000000E+09   9.0413800995422687E+04   5.2622818150666231E-11   5.0475070170163649E-21   2.0055996382823005E+03
   1.3356770000000000E+09   9.0725122100959881E+04   5.2162918447107511E-11   5.0063502925658342E-21   2.0044153472546973E+03
   1.3376770000000000E+09   9.1036572861105655E+04   5.1708876269769795E-11   4.9656275886046939E-21   2.0032632598409273E+03
   1.3396770000000000E+09   9.1348154297127330E+04   5.1260604761533600E-11   4.9253331955573211E-21   2.0021434078467680E+03
   1.3416770000000000E+09   9.1659867404047211E+04   5.0818018512953773E-11   4.8854614949328416E-21   2.0010558215631665E+03
   1.3436770000000000E+09   9.1971712535368046E+04   5.0381033692616706E-11   4.8460069730353273E-21   2.0000005296723150E+03
   1.3456770000000000E+09   9.2283689062488775E+04   4.9949568105987591E-11   4.8069642278761331E-21   1.9989775591252369E+03
   1.3476770000000000E+09   9.2595795391209816E+04   4.9523541164067594E-11   4.7683279674216940E-21   1.9979869350060424E+03
   1.3496770000000000E+09   9.2908029299778515E+04   4.9102873772226249E-11   4.7300930001005192E-21   1.9970286804005152E+03
   1.3516770000000000E+09   9.3220388447435049E+04   4.8687488177353371E-11   4.6922542211884547E-21   1.9961028162832711E+03
   1.3536770000000000E+09   9.3532870840719072E+04   4.8277307825835484E-11   4.6548066001139371E-21   1.9952093614293976E+03
   1.3556770000000000E+09   9.3845475071919020E+04   4.7872257277740815E-11   4.6177451730818794E-21   1.9943483323462415E+03
   1.3576770000000000E+09   9.4158200255498086E+04   4.7472262195381947E-11   4.5810650428199004E-21   1.9935197432132170E+03
   1.3596770000000000E+09   9.4471045734465079E+04   4.7077249389073858E-11   4.5447613838434930E-21   1.9927236058156871E+03
   1.3616770000000000E+09   9.4784010734765601E+04   4.6687146877114627E-11   4.5088294491247178E-21   1.9919599294638499E+03
   1.3636770000000000E+09   9.5097094152768739E+04   4.6301883914758811E-11   4.4732645737951123E-21   1.9912287208964422E+03
   1.3656770000000000E+09   9.5410294564147189E+04   4.5921390969484412E-11   4.4380621736603174E-21   1.9905299841770620E+03
   1.3676770000000000E+09   9.5723610401064507E+04   4.5545599653522676E-11   4.4032177395495041E-21   1.9898637205936013E+03
   1.3696770000000000E+09   9.6037040148558313E+04   4.5174442648415078E-11   4.3687268308386004E-21   1.9892299285675051E+03
   1.3716770000000000E+09   9.6350582421461702E+04   4.4807853655579597E-11   4.3345850714372927E-21   1.9886286035723483E+03
   1.3736770000000000E+09   9.6664235887122442E+04   4.4445767383726293E-11   4.3007881493104387E-21   1.9880597380555710E+03
   1.3756770000000000E+09   9.6977999115838771E+04   4.4088119556512498E-11   4.2673318179487745E-21   1.9875233213568274E+03
   1.3776770000000000E+09   9.7291870482068625E+04   4.3734846912635943E-11   4.2342118971048446E-21   1.9870193396209463E+03
   1.3796770000000000E+09   9.7605848179483670E+04   4.3385887182570331E-11   4.2014242712550358E-21   1.9865477757089241E+03
   1.3816770000000000E+09   9.7919930309133284E+04   4.3041179049332434E-11   4.1689648864882546E-21   1.9861086091123088E+03
   1.3836770000000000E+09   9.8234114940981250E+04   4.2700662114851552E-11   4.1368297479042440E-21   1.9857018158736362E+03
   1.3856770000000000E+09   9.8548400070068819E+04   4.2364276889136753E-11   4.1050149191947049E-21   1.9853273685107499E+03
   1.3876770000000000E+09   9.8862783425582791E+04   4.2031964808209961E-11   4.0735165250011088E-21   1.9849852359394167E+03
   1.3896770000000000E+09   9.9177262000268340E+04   4.1703668296785347E-11   4.0423307576181274E-21   1.9846753833859266E+03
   1.3916770000000000E+09   9.9491830743024300E+04   4.1379330959295119E-11   4.0114538961856782E-21   1.9843977722718189E+03
   1.3936770000000000E+09   9.9806478716603247E+04   4.1058898167499287E-11   3.9808823644861033E-21   1.9841523600189735E+03
   1.3956770000000000E+09   1.0012117825099340E+05   4.0742318755764462E-11   3.9506128966004551E-21   1.9839390996300269E+03
   1.3976770000000000E+09   1.0043585619898116E+05   4.0429549559319556E-11   3.9206429794658584E-21   1.9837579386721891E+03
   1.3996770000000000E+09   1.0075032271010040E+05   4.0120566731781805E-11   3.8909719558461213E-21   1.9836088167802673E+03
   1.4016770000000000E+09   1.0106410744844725E+05   3.9815391940658561E-11   3.8616035769676616E-21   1.9834916597248639E+03
   1.4036770000000000E+09   1.0137611486403429E+05   3.9514147968824847E-11   3.8325514213069629E-21   1.9834063660774059E+03
   1.4056770000000000E+09   1.0168397372039115E+05   3.9217164827128551E-11   3.8038492394740011E-21   1.9833527792214870E+03
   1.4076770000000000E+09   1.0198297248615616E+05   3.8925156185873387E-11   3.7755681655275095E-21   1.9833306332047403E+03
   1.4096770000000000E+09   1.0226463657560214E+05   3.8639460636975892E-11   3.7478402842674237E-21   1.9833394576646056E+03
   1.4116770000000000E+09   1.0251538289660799E+05   3.8362278372236866E-11   3.7208818350728362E-21   1.9833784294817276E+03
   1.4136770000000000E+09   1.0271606613051736E+05   3.8096757698423990E-11   3.6950019178820999E-21   1.9834461732959364E+03
   1.4156770000000000E+09   1.0284274421329930E+05   3.7846832312975130E-11   3.6705870350654592E-21   1.9835405404134108E+03
   1.4176770000000000E+09   1.0286642602696327E+05   3.7617109915523437E-11   3.6480905448714679E-21   1.9836584138539915E+03
   1.4196770000000000E+09   1.0274605228870283E+05   3.7413807162187704E-11   3.6281235438646394E-21   1.9837955323872368E+03
   1.4216770000000000E+09   1.0241282209856169E+05   3.7247487720807413E-11   3.6117208945347099E-21   1.9839461295589608E+03
   1.4236770000000000E+09   1.0176747629113450E+05   3.7134779873811431E-11   3.6005092782846385E-21   1.9841019821079929E+03
   1.4256770000000000E+09   1.0073986006141007E+05   3.7090286790835222E-11   3.5959252345615578E-21   1.9842510075009443E+03
   1.4276770000000000E+09   9.9411954968507707E+04   3.7104383522199040E-11   3.5970618162965241E-21   1.9843779404026718E+03
   1.4296770000000000E+09   9.8047427289882486E+04   3.7130855469430666E-11   3.5994591331581588E-21   1.9844711043564153E+03
   1.4316770000000000E+09   9.6865851313802035E+04   3.7121602264840431E-11   3.5984534398451703E-21   1.9845310441304287E+03
   1.4336770000000000E+09   9.5846247953366896E+04   3.7080528009528763E-11   3.5944054208249121E-21   1.9845677088744021E+03
   1.4356770000000000E+09   9.4622352048256449E+04   3.7018287675849366E-11   3.5883377719296528E-21   1.9845867201617382E+03
   6.5767700000000000E+08  -5.6894751597946406E+03   3.2743911207933207E-13   3.4457879609883467E-24   1.1520719185989449E+03
   6.5967700000000000E+08  -4.8357519318301347E+03   6.0196710918563113E-13   6.0432162710492628E-24   1.2076531320790361E+03
   6.6167700000000000E+08  -4.0376626101584347E+03   9.0978448396326000E-13   8.7951683815800218E-24   1.2540993818880868E+03
   6.6367700000000000E+08  -3.1786374354478517E+03   1.2416554705635054E-12   1.1694596732468001E-23   1.2872219656050922E+03
   6.6567700000000000E+08  -2.1975560221938113E+03   1.5817276375849781E-12   1.4599993711431118E-23   1.3134593024923970E+03
   6.6767700000000000E+08  -1.2257507444546425E+03   1.9326455514071644E-12   1.7540283442429260E-23   1.3358361457422752E+03
   6.6967700000000000E+08  -4.2442244487034878E+02   2.3132638837108629E-12   2.0600599239916425E-23   1.3613911096622537E+03
   6.7167700000000000E+08  -2.2497104788360838E+02   2.7753734007531238E-12   2.3787184307980344E-23   1.4145424023699163E+03
   6.7367700000000000E+08  -2.0943216547740149E+03   3.4485257640466626E-12   2.6212443982172503E-23   1.5950104983424817E+03
   6.7567700000000000E+08  -9.2883456497423067E+03   4.6112910254713084E-12   2.7175859529475564E-23   2.0572014859681508E+03
   6.7767700000000000E+08  -2.2991417505947866E+04   6.4359167342020725E-12   2.9482445933935758E-23   2.6465767457429429E+03
   6.7967700000000000E+08  -4.0027130313230417E+04   9.0336059722362151E-12   3.5258064335735565E-23   3.1062775935992308E+03
   6.8167700000000000E+08  -5.6133726790599714E+04   1.2729420582337145E-11   4.5955686763027222E-23   3.3582031264200355E+03
   6.8367700000000000E+08  -6.7354303831598794E+04   1.8003823000148362E-11   6.3539014287572051E-23   3.4352776813854994E+03
   6.8567700000000000E+08  -7.2102964965958861E+04   2.5413328487454790E-11   9.0519098464592657E-23   3.4037598921597446E+03
   6.8767700000000000E+08  -7.1268078282272982E+04   3.5516614566360989E-11   1.2962975687804675E-22   3.3217308661653642E+03
   6.8967700000000000E+08  -6.6839053446181992E+04   4.8779719660762844E-11   1.8324410894883077E-22   3.2273559335826189E+03
   6.9167700000000000E+08  -6.0701947813822735E+04   6.5455491607043528E-11   2.5263552499371754E-22   3.1411541915267990E+03
   6.9367700000000000E+08  -5.4112704689461527E+04   8.5466986119756568E-11   3.3734019943098372E-22   3.0716227701329271E+03
   6.9567700000000000E+08  -4.7667963629207341E+04   1.0835505317075523E-10   4.3493904374625264E-22   3.0203575695205200E+03
   6.9767700000000000E+08  -4.1509057547926197E+04   1.3333386888113978E-10   5.4141341737806031E-22   2.9857198330753890E+03
   6.9967700000000000E+08  -3.5552514124294466E+04   1.5943726040128839E-10   6.5192944781158864E-22   2.9650144275517050E+03
   7.0167700000000000E+08  -2.9648805090050908E+04   1.8569203236171408E-10   7.6171634683194906E-22   2.9555450259487106E+03
   7.0367700000000000E+08  -2.3663784621444520E+04   2.1125562327114574E-10   8.6673803452039848E-22   2.9550035668186151E+03
   7.0567700000000000E+08  -1.7509467600731561E+04   2.3548795584901158E-10   9.6402596383744684E-22   2.9615396763462172E+03
   7.0767700000000000E+08  -1.1147496992304574E+04   2.5796150884696132E-10   1.0517059397179034E-21   2.9737069518896778E+03
   7.0967700000000000E+08  -4.5799955945680658E+03   2.7843222151953611E-10   1.1288361737890215E-21   2.9903784944980152E+03
   7.1167700000000000E+08   2.1653260467428281E+03   2.9679659432206617E-10   1.1951808140030154E-21   3.0106681393119566E+03
   7.1367700000000000E+08   9.0648420668935742E+03   3.1306016219302247E-10   1.2510321357788818E-21   3.0338697133483370E+03
   7.1567700000000000E+08   1.6046839625905544E+04   3.2721753816876438E-10   1.2966564963260516E-21   3.0594912747095577E+03
   7.1767700000000000E+08   2.3025036541283429E+04   3.3938262380316445E-10   1.3328735818691560E-21   3.0870113702018707E+03
   7.1967700000000000E+08   2.9960607303850687E+04   3.4968768134520109E-10   1.3605955237491169E-21   3.1159385329971428E+03
   7.2167700000000000E+08   3.6828054373292536E+04   3.5825264016327543E-10   1.3806496839508941E-21   3.1458896757331154E+03
   7.2367700000000000E+08   4.3604721794582467E+04   3.6519346213654477E-10   1.3938097228201321E-21   3.1765602028872804E+03
   7.2567700000000000E+08   5.0272744575399651E+04   3.7062213768454541E-10   1.4007949311967364E-21   3.2077047068483453E+03
   7.2767700000000000E+08   5.6819994882730454E+04   3.7464771632732953E-10   1.4022746213979005E-21   3.2391242078310056E+03
   7.2967700000000000E+08   6.3240312968303435E+04   3.7737761401014343E-10   1.3988741853287498E-21   3.2706574787092723E+03
   7.3167700000000000E+08   6.9533221186721872E+04   3.7891866693196202E-10   1.3911806400018207E-21   3.3021748223774771E+03
   7.3367700000000000E+08   7.5703245405282782E+04   3.7937760667689861E-10   1.3797464106474286E-21   3.3335732754206192E+03
   7.3567700000000000E+08   8.1758964666213244E+04   3.7886083429006725E-10   1.3650909162526698E-21   3.3647726159650247E+03
   7.3767700000000000E+08   8.7711922416999223E+04   3.7747355742563581E-10   1.3477001980771342E-21   3.3957118342613117E+03
   7.3967700000000000E+08   9.3575532643631101E+04   3.7531848810976843E-10   1.3280252684782157E-21   3.4263459145663473E+03
   7.4167700000000000E+08   9.9364095000307396E+04   3.7249436087304442E-10   1.3064800249997991E-21   3.4566428921106531E+03
   7.4367700000000000E+08   1.0509199027138281E+05   3.6909452204910700E-10   1.2834395002640358E-21   3.4865812038396625E+03
   7.4567700000000000E+08   1.1077308569882259E+05   3.6520577868012098E-10   1.2592389794858096E-21   3.5161473643565550E+03
   7.4767700000000000E+08   1.1642034287705751E+05   3.6090761186274224E-10   1.2341742304400838E-21   3.5453339871081753E+03
   7.4967700000000000E+08   1.2204559778711542E+05   3.5627177920393836E-10   1.2085028356707400E-21   3.5741381501523219E+03
   7.5167700000000000E+08   1.2765947247408386E+05   3.5136227111830781E-10   1.1824464423346926E-21   3.6025600857880790E+03
   7.5367700000000000E+08   1.3327137793866143E+05   3.4623555115712147E-10   1.1561936598939464E-21   3.6306021589167972E+03
   7.5567700000000000E+08   1.3888957376735759E+05   3.4094099868953748E-10   1.1299033239523698E-21   3.6582680915140545E+03
   7.5767700000000000E+08   1.4452125825938251E+05   3.3552147638973819E-10   1.1037078797374828E-21   3.6855623891229434E+03
   7.5967700000000000E+08   1.5017267089974208E+05   3.3001395795598267E-10   1.0777166959905831E-21   3.7124899280258023E+03
   7.6167700000000000E+08   1.5584919574674426E+05   3.2445016754661424E-10   1.0520191808439678E-21   3.7390556668719728E+03
   7.6367700000000000E+08   1.6155545927734056E+05   3.1885719783764954E-10   1.0266876247668078E-21   3.7652644525635878E+03
   7.6567700000000000E+08   1.6729541959023505E+05   3.1325808648956034E-10   1.0017797372558320E-21   3.7911208961473235E+03
   7.6767700000000000E+08   1.7307244593985376E+05   3.0767234056676148E-10   9.7734087316056312E-22   3.8166292997804967E+03
   7.6967700000000000E+08   1.7888938873449041E+05   3.0211640525812889E-10   9.5340596306122734E-22   3.8417936203079744E+03
   7.7167700000000000E+08   1.8474864069843816E+05   2.9660407762613580E-10   9.3000117243738390E-22   3.8666174585773911E+03
   7.7367700000000000E+08   1.9065219011084587E+05   2.9114686867507580E-10   9.0714531892156036E-22   3.8911040664184475E+03
   7.7567700000000000E+08   1.9660166705703206E+05   2.8575431832813360E-10   8.8485107776237616E-22   3.9152563653459424E+03
   7.7767700000000000E+08   2.0259838356334323E+05   2.8043426838007340E-10   8.6312600425340797E-22   3.9390769726501835E+03
   7.7967700000000000E+08   2.0864336839268758E+05   2.7519309847043155E-10   8.4197339937432881E-22   3.9625682317339142E+03
   7.8167700000000000E+08   2.1473739718409206E+05   2.7003592982308979E-10   8.2139304192098301E-22   3.9857322444421229E+03
   7.8367700000000000E+08   2.2088101853801764E+05   2.6496680106541295E-10   8.0138180737902808E-22   4.0085709037888664E+03
   7.8567700000000000E+08   2.2707457658216241E+05   2.5998881996145640E-10   7.8193419094479880E-22   4.0310859259731624E+03
   7.8767700000000000E+08   2.3331823049799041E+05   2.5510429441924811E-10   7.6304274952257053E-22   4.0532788809381659E+03
   7.8967700000000000E+08   2.3961197144257944E+05   2.5031484568815028E-10   7.4469847526470645E-22   4.0751512209964412E+03
   7.9167700000000000E+08   2.4595563726003352E+05   2.4562150626065759E-10   7.2689111126664081E-22   4.0967043072425358E+03
   7.9367700000000000E+08   2.5234892533891724E+05   2.4102480463715439E-10   7.0960941835894295E-22   4.1179394336194200E+03
   7.9567700000000000E+08   2.5879140393514535E+05   2.3652483880119328E-10   6.9284140052282380E-22   4.1388578486101596E+03
   7.9767700000000000E+08   2.6528252224282024E+05   2.3212133998354636E-10   6.7657449526042102E-22   4.1594607746000756E+03
   7.9967700000000000E+08   2.7182161945850961E+05   2.2781372806155859E-10   6.6079573424591378E-22   4.1797494250046957E+03
   8.0167700000000000E+08   2.7840793304790073E+05   2.2360115974189202E-10   6.4549187873964978E-22   4.1997250192907968E+03
   8.0367700000000000E+08   2.8504060638837854E+05   2.1948257050544010E-10   6.3064953354018241E-22   4.2193887960361117E+03
   8.0567700000000000E+08   2.9171869592757517E+05   2.1545671114918897E-10   6.1625524265696052E-22   4.2387420241814834E+03
   8.0767700000000000E+08   2.9844117796712188E+05   2.1152217963760874E-10   6.0229556939091421E-22   4.2577860126301603E+03
   8.0967700000000000E+08   3.0520695515321480E+05   2.0767744887267061E-10   5.8875716309566942E-22   4.2765221183447793E+03
   8.1167700000000000E+08   3.1201486273164616E+05   2.0392089090405657E-10   5.7562681454526693E-22   4.2949517530852154E+03
   8.1367700000000000E+08   3.1886367460475664E+05   2.0025079802716370E-10   5.6289150154388621E-22   4.3130763889211266E+03
   8.1567700000000000E+08   3.2575210921145428E+05   1.9666540115398174E-10   5.5053842616960881E-22   4.3308975626428673E+03
   8.1767700000000000E+08   3.3267883523881336E+05   1.9316288578906799E-10   5.3855504483990478E-22   4.3484168791840002E+03
   8.1967700000000000E+08   3.3964247716457309E+05   1.8974140589810759E-10   5.2692909221462642E-22   4.3656360141587465E+03
   8.2167700000000000E+08   3.4664162062381394E+05   1.8639909591862282E-10   5.1564859980740793E-22   4.3825567156082852E+03
   8.2367700000000000E+08   3.5367481758967374E+05   1.8313408113021329E-10   5.0470191005402197E-22   4.3991808050414320E+03
   8.2567700000000000E+08   3.6074059135687910E+05   1.7994448657432816E-10   4.9407768648265432E-22   4.4155101778476692E+03
   8.2767700000000000E+08   3.6783744131754659E+05   1.7682844469027023E-10   4.8376492054327171E-22   4.4315468031538649E+03
   8.2967700000000000E+08   3.7496384752069606E+05   1.7378410181427192E-10   4.7375293557873074E-22   4.4472927231902650E+03
   8.3167700000000000E+08   3.8211827500983462E+05   1.7080962367152587E-10   4.6403138835689915E-22   4.4627500522261917E+03
   8.3367700000000000E+08   3.8929917793631862E+05   1.6790319997658409E-10   4.5459026852916240E-22   4.4779209751314547E+03
   8.3567700000000000E+08   3.9650500344959536E+05   1.6506304824516341E-10   4.4541989633477408E-22   4.4928077456152932E+03
   8.3767700000000000E+08   4.0373419536858256E+05   1.6228741690978199E-10   4.3651091883129860E-22   4.5074126841909383E+03
   8.3967700000000000E+08   4.1098519764104055E+05   1.5957458782250657E-10   4.2785430489780874E-22   4.5217381759101672E+03
   8.4167700000000000E+08   4.1825645759960514E+05   1.5692287822016436E-10   4.1944133922860471E-22   4.5357866679086537E+03
   8.4367700000000000E+08   4.2554642902416911E+05   1.5433064222039930E-10   4.1126361551008710E-22   4.5495606667993679E+03
   8.4567700000000000E+08   4.3285357502033899E+05   1.5179627191075166E-10   4.0331302895140659E-22   4.5630627359475302E+03
   8.4767700000000000E+08   4.4017637072293693E+05   1.4931819808730774E-10   3.9558176831991074E-22   4.5762954926570455E+03
   8.4967700000000000E+08   4.4751330583200353E+05   1.4689489069425725E-10   3.8806230761473080E-22   4.5892616052945787E+03
   8.5167700000000000E+08   4.5486288698674529E+05   1.4452485901077972E-10   3.8074739749563464E-22   4.6019637903737539E+03
   8.5367700000000000E+08   4.6222363998053374E+05   1.4220665162698148E-10   3.7363005656923784E-22   4.6144048096184406E+03
   8.5567700000000000E+08   4.6959411181768414E+05   1.3993885624605500E-10   3.6670356262056391E-22   4.6265874670206294E+03
   8.5767700000000000E+08   4.7697287261059741E+05   1.3772009934541326E-10   3.5996144386465792E-22   4.6385146059053368E+03
   8.5967700000000000E+08   4.8435851731411810E+05   1.3554904572526203E-10   3.5339747028043412E-22   4.6501891060121698E+03
   8.6167700000000000E+08   4.9174966729286773E+05   1.3342439796895204E-10   3.4700564507722296E-22   4.6616138806007775E+03
   8.6367700000000000E+08   4.9914497171697073E+05   1.3134489583552686E-10   3.4078019633359924E-22   4.6727918735855164E+03
   8.6567700000000000E+08   5.0654310878201190E+05   1.2930931560121957E-10   3.3471556883815302E-22   4.6837260567031408E+03
   8.6767700000000000E+08   5.1394278675030143E+05   1.2731646936329287E-10   3.2880641615297626E-22   4.6944194267162893E+03
   8.6967700000000000E+08   5.2134274481240654E+05   1.2536520431662527E-10   3.2304759291289067E-22   4.7048750026550169E+03
   8.7167700000000000E+08   5.2874175377034093E+05   1.2345440201084865E-10   3.1743414736688712E-22   4.7150958230982787E+03
   8.7367700000000000E+08   5.3613861654660746E+05   1.2158297759366286E-10   3.1196131416288797E-22   4.7250849434974616E+03
   8.7567700000000000E+08   5.4353216852617264E+05   1.1974987904421814E-10   3.0662450737283434E-22   4.7348454335443030E+03
   8.7767700000000000E+08   5.5092127774132625E+05   1.1795408639911959E-10   3.0141931375207796E-22   4.7443803745860705E+03
   8.7967700000000000E+08   5.5830484491196682E+05   1.1619461097267027E-10   2.9634148622511341E-22   4.7536928570913324E+03
   8.8167700000000000E+08   5.6568180335605040E+05   1.1447049457237200E-10   2.9138693758862702E-22   4.7627859781702618E+03
   8.8367700000000000E+08   5.7305111878669925E+05   1.1278080871038010E-10   2.8655173442250397E-22   4.7716628391538470E+03
   8.8567700000000000E+08   5.8041178901406389E+05   1.1112465381146652E-10   2.8183209119955199E-22   4.7803265432367416E+03
   8.8767700000000000E+08   5.8776284357192472E+05   1.0950115841796554E-10   2.7722436458496592E-22   4.7887801931888553E+03
   8.8967700000000000E+08   5.9510334329301363E+05   1.0790947839190307E-10   2.7272504791632527E-22   4.7970268891409096E+03
   8.9167700000000000E+08   6.0243237986668572E+05   1.0634879611363146E-10   2.6833076585312640E-22   4.8050697264497485E+03
   8.9367700000000000E+08   6.0974907543572632E+05   1.0481831967398372E-10   2.6403826917945893E-22   4.8129117936499915E+03
   8.9567700000000000E+08   6.1705258234061801E+05   1.0331728205180683E-10   2.5984442973088256E-22   4.8205561705007367E+03
   8.9767700000000000E+08   6.2434208322407131E+05   1.0184494025856972E-10   2.5574623539147433E-22   4.8280059261402648E+03
   8.9967700000000000E+08   6.3161679189797351E+05   1.0040057441413544E-10   2.5174078506343204E-22   4.8352641173691427E+03
   9.0167700000000000E+08   6.3887595566759480E+05   9.8983486692382251E-11   2.4782528344883119E-22   4.8423337870938940E+03
   9.0367700000000000E+08   6.4611886014945165E+05   9.7593000049564942E-11   2.4399703541994303E-22   4.8492179629786551E+03
   9.0567700000000000E+08   6.5334483776152926E+05   9.6228456647876743E-11   2.4025343975532900E-22   4.8559196563672922E+03
   9.0767700000000000E+08   6.6055328040837438E+05   9.4889215967175555E-11   2.3659198222173556E-22   4.8624418615448276E+03
   9.0967700000000000E+08   6.6774365443657455E+05   9.3574652842258529E-11   2.3301022859120559E-22   4.8687875553916347E+03
   9.1167700000000000E+08   6.7491551076516660E+05   9.2284156132821953E-11   2.2950581934738545E-22   4.8749596974292435E+03
   9.1367700000000000E+08   6.8206847576314933E+05   9.1017129337889234E-11   2.2607646932525667E-22   4.8809612301349653E+03
   9.1567700000000000E+08   6.8920220337983209E+05   8.9772994773927126E-11   2.2271997627235428E-22   4.8867950791599687E+03
   9.1767700000000000E+08   6.9631627590778645E+05   8.8551202107080226E-11   2.1943424025170703E-22   4.8924641526362284E+03
   9.1967700000000000E+08   7.0341007012083218E+05   8.7351239270076162E-11   2.1621728899077510E-22   4.8979713381080155E+03
   9.2167700000000000E+08   7.1048265491417528E+05   8.6172639567666722E-11   2.1306729389503236E-22   4.9033194951634232E+03
   9.2367700000000000E+08   7.1753282115442527E+05   8.5014976301402801E-11   2.0998255541271346E-22   4.9085114429861824E+03
   9.2567700000000000E+08   7.2455930611053982E+05   8.3877840354003801E-11   2.0696144657729019E-22   4.9135499459243210E+03
   9.2767700000000000E+08   7.3156113214443263E+05   8.2760809146158280E-11   2.0400233533851924E-22   4.9184377067130572E+03
   9.2967700000000000E+08   7.3853782653637766E+05   8.1663427769913774E-11   2.0110353653849286E-22   4.9231773799655930E+03
   9.3167700000000000E+08   7.4548936982526083E+05   8.0585213745864738E-11   1.9826332168080045E-22   4.9277716023336679E+03
   9.3367700000000000E+08   7.5241603203003271E+05   7.9525669212695067E-11   1.9547994695503919E-22   4.9322230243411668E+03
   9.3567700000000000E+08   7.5931861992559000E+05   7.8484242957233984E-11   1.9275155837534844E-22   4.9365343334929985E+03
   9.3767700000000000E+08   7.6619996185920283E+05   7.7460143211399908E-11   1.9007573325133298E-22   4.9407082263680677E+03
   9.3967700000000000E+08   7.7306749956361577E+05   7.6452036279144833E-11   1.8744874505817769E-22   4.9447473490499324E+03
   9.4167700000000000E+08   7.7993420012286329E+05   7.5457996260696501E-11   1.8486544022676521E-22   4.9486544070957962E+03
   9.4367700000000000E+08   7.8681431678981893E+05   7.4476087979924612E-11   1.8232065580778869E-22   4.9524325378750018E+03
   9.4567700000000000E+08   7.9371506254012347E+05   7.3505350769800739E-11   1.7981161613864448E-22   4.9560855710935903E+03
   9.4767700000000000E+08   8.0063065194460831E+05   7.2546370675953252E-11   1.7733933499323693E-22   4.9596177009675903E+03
   9.4967700000000000E+08   8.0754411301173316E+05   7.1600902320337435E-11   1.7490770728775329E-22   4.9630326770028960E+03
   9.5167700000000000E+08   8.1443541530845512E+05   7.0670869580853546E-11   1.7252108766707004E-22   4.9663329738353987E+03
   9.5367700000000000E+08   8.2129482624822215E+05   6.9757859179137398E-11   1.7018292864912231E-22   4.9695233685866524E+03
   9.5567700000000000E+08   8.2807084510545444E+05   6.8865472612992611E-11   1.6790216595146276E-22   4.9725919210064922E+03
   9.5767700000000000E+08   8.3472106983024476E+05   6.7998165769228266E-11   1.6568835398977156E-22   4.9755695428545605E+03
   9.5967700000000000E+08   8.4131674935357354E+05   6.7147573391267245E-11   1.6352194597282244E-22   4.9784237764101454E+03
   9.6167700000000000E+08   8.4787575204421219E+05   6.6311641394154314E-11   1.6139716317760111E-22   4.9811711872136048E+03
   9.6367700000000000E+08   8.5440392251859140E+05   6.5489488499513537E-11   1.5931162261369035E-22   4.9838128294987382E+03
   9.6567700000000000E+08   8.6090287205896073E+05   6.4680677014379914E-11   1.5726401836507695E-22   4.9863501817958313E+03
   9.6767700000000000E+08   8.6737305793416034E+05   6.3884890167529557E-11   1.5525333450955124E-22   4.9887851657891079E+03
   9.6967700000000000E+08   8.7381460145365680E+05   6.3101850177734103E-11   1.5327865614589090E-22   4.9911198132829459E+03
   9.7167700000000000E+08   8.8022751472147461E+05   6.2331297296632072E-11   1.5133912134776685E-22   4.9933561607461743E+03
   9.7367700000000000E+08   8.8661177665587631E+05   6.1572982475705705E-11   1.4943390368720851E-22   4.9954962241954800E+03
   9.7567700000000000E+08   8.9296736339547881E+05   6.0826663992402435E-11   1.4756220379879473E-22   4.9975419934640040E+03
   9.7767700000000000E+08   8.9929426095742604E+05   6.0092105957171713E-11   1.4572324540054962E-22   4.9994954309468212E+03
   9.7967700000000000E+08   9.0559246989168588E+05   5.9369077787641574E-11   1.4391627365093901E-22   5.0013584714241279E+03
   9.8167700000000000E+08   9.1186200629663037E+05   5.8657354077819322E-11   1.4214055447414419E-22   5.0031330221350918E+03
   9.8367700000000000E+08   9.1810290096052270E+05   5.7956714594990455E-11   1.4039537420662464E-22   5.0048209629850144E+03
   9.8567700000000000E+08   9.2431519759550039E+05   5.7266944296168296E-11   1.3868003930460726E-22   5.0064241467916090E+03
   9.8767700000000000E+08   9.3049895106399781E+05   5.6587833307402344E-11   1.3699387597829990E-22   5.0079443994373487E+03
   9.8967700000000000E+08   9.3665422563499201E+05   5.5919176887108144E-11   1.3533622980317031E-22   5.0093835199383184E+03
   9.9167700000000000E+08   9.4278109183566447E+05   5.5260775500301078E-11   1.3370646561196400E-22   5.0107432805290700E+03
   9.9367700000000000E+08   9.4887961952955090E+05   5.4612435175581444E-11   1.3210396808036410E-22   5.0120254268322424E+03
   9.9567700000000000E+08   9.5494986547894031E+05   5.3973968222863051E-11   1.3052814319308784E-22   5.0132316781296204E+03
   9.9767700000000000E+08   9.6099185671930516E+05   5.3345194121645930E-11   1.2897842013161682E-22   5.0143637276404961E+03
   9.9967700000000000E+08   9.6700557640904107E+05   5.2725940019343332E-11   1.2745425223730508E-22   5.0154232424471047E+03
   1.0016770000000000E+09   9.7299096267896076E+05   5.2116040109807734E-11   1.2595511528691313E-22   5.0164118630565217E+03
   1.0036770000000000E+09   9.7894793269837752E+05   5.1515333219290105E-11   1.2448050146854368E-22   5.0173312021550792E+03
   1.0056770000000000E+09   9.8487643574512657E+05   5.0923658653145943E-11   1.2302990917137966E-22   5.0181828432919347E+03
   1.0076770000000000E+09   9.9077652477978740E+05   5.0340851349802988E-11   1.2160283108848513E-22   5.0189683407814282E+03
   1.0096770000000000E+09   9.9664842514596798E+05   4.9766737963662263E-11   1.2019874453852923E-22   5.0196892213271167E+03
   1.0116770000000000E+09   1.0024925739163733E+06   4.9201135481739725E-11   1.1881710786324746E-22   5.0203469880713674E+03
   1.0136770000000000E+09   1.0083096134052686E+06   4.8643852979111383E-11   1.1745736436786145E-22   5.0209431266707361E+03
   1.0156770000000000E+09   1.0141003495284932E+06   4.8094695527581884E-11   1.1611895158514065E-22   5.0214791063346111E+03
   1.0176770000000000E+09   1.0198656633555215E+06   4.7553470924665599E-11   1.1480131728161372E-22   5.0219563836880361E+03
   1.0196770000000000E+09   1.0256063813091379E+06   4.7019997949230570E-11   1.1350393910094040E-22   5.0223764088196403E+03
   1.0216770000000000E+09   1.0313231657643841E+06   4.6494112208112788E-11   1.1222633864712402E-22   5.0227406202178117E+03
   1.0236770000000000E+09   1.0370164487085412E+06   4.5975668931980402E-11   1.1096808821117195E-22   5.0230504391992126E+03
   1.0256770000000000E+09   1.0426864072418122E+06   4.5464542916962133E-11   1.0972881056928618E-22   5.0233072661716442E+03
   1.0276770000000000E+09   1.0483329827204293E+06   4.4960625870619031E-11   1.0850817255024943E-22   5.0235124756249761E+03
   1.0296770000000000E+09   1.0539559323235280E+06   4.4463822128018850E-11   1.0730587464730957E-22   5.0236674123928169E+03
   1.0316770000000000E+09   1.0595548971855594E+06   4.3974043823693302E-11   1.0612163928755085E-22   5.0237733895879219E+03
   1.0336770000000000E+09   1.0651294716756868E+06   4.3491206440310251E-11   1.0495519998285637E-22   5.0238316881475494E+03
   1.0356770000000000E+09   1.0706792623657570E+06   4.3015225323732177E-11   1.0380629279244595E-22   5.0238435576553966E+03
   1.0376770000000000E+09   1.0762039305548863E+06   4.2546013396822092E-11   1.0267465066688774E-22   5.0238102179851012E+03
   1.0396770000000000E+09   1.0817032171252146E+06   4.2083480018251079E-11   1.0156000055254684E-22   5.0237328613268046E+03
   1.0416770000000000E+09   1.0871769519538188E+06   4.1627530759598313E-11   1.0046206271592249E-22   5.0236126542597394E+03
   1.0436770000000000E+09   1.0926250518396294E+06   4.1178067810248228E-11   9.9380551590816997E-23   5.0234507396616427E+03
   1.0456770000000000E+09   1.0980475112181909E+06   4.0734990734546028E-11   9.8315177485203860E-23   5.0232482383548077E+03
   1.0476770000000000E+09   1.1034443893564809E+06   4.0298197362789925E-11   9.7265648621023033E-23   5.0230062504629022E+03
   1.0496770000000000E+09   1.1088157967431154E+06   3.9867584667213920E-11   9.6231673147155638E-23   5.0227258564964877E+03
   1.0516770000000000E+09   1.1141618823799125E+06   3.9443049537337409E-11   9.5212960917966328E-23   5.0224081182064228E+03
   1.0536770000000000E+09   1.1194828228488714E+06   3.9024489417091598E-11   9.4209224945617550E-23   5.0220540792488700E+03
   1.0556770000000000E+09   1.1247788134440691E+06   3.8611802797706070E-11   9.3220182510616105E-23   5.0216647657021686E+03
   1.0576770000000000E+09   1.1300500613021888E+06   3.8204889578246190E-11   9.2245555958364940E-23   5.0212411864710602E+03
   1.0596770000000000E+09   1.1352967802862134E+06   3.7803651313805314E-11   9.1285073229211533E-23   5.0207843336072810E+03
   1.0616770000000000E+09   1.1405191873142170E+06   3.7407991373371350E-11   9.0338468174473049E-23   5.0202951825700438E+03
   1.0636770000000000E+09   1.1457174998280767E+06   3.7017815028130265E-11   8.9405480708005028E-23   5.0197746924449302E+03
   1.0656770000000000E+09   1.1508919341303827E+06   3.6633029488266334E-11   8.8485856836455965E-23   5.0192238061357366E+03
   1.0676770000000000E+09   1.1560427043615920E+06   3.6253543903187887E-11   8.7579348603886307E-23   5.0186434505401894E+03
   1.0696770000000000E+09   1.1611700219324455E+06   3.5879269337087119E-11   8.6685713979219716E-23   5.0180345367173677E+03
   1.0716770000000000E+09   1.1662740952655496E+06   3.5510118729017880E-11   8.5804716708477148E-23   5.0173979600524799E+03
   1.0736770000000000E+09   1.1713551297341215E+06   3.5146006844298396E-11   8.4936126148066193E-23   5.0167346004222709E+03
   1.0756770000000000E+09   1.1764133277154283E+06   3.4786850222035479E-11   8.4079717090581128E-23   5.0160453223630084E+03
   1.0776770000000000E+09   1.1814488887017635E+06   3.4432567121913885E-11   8.3235269590612576E-23   5.0153309752416253E+03
   1.0796770000000000E+09   1.1864620094323652E+06   3.4083077472116203E-11   8.2402568794994757E-23   5.0145923934301063E+03
   1.0816770000000000E+09   1.1914528840252184E+06   3.3738302819319883E-11   8.1581404779713406E-23   5.0138303964827001E+03
   1.0836770000000000E+09   1.1964217040981343E+06   3.3398166281125432E-11   8.0771572394271551E-23   5.0130457893154498E+03
   1.0856770000000000E+09   1.2013686588744991E+06   3.3062592500946244E-11   7.9972871113528143E-23   5.0122393623877515E+03
   1.0876770000000000E+09   1.2062939352720117E+06   3.2731507605241130E-11   7.9185104896670676E-23   5.0114118918853737E+03
   1.0896770000000000E+09   1.2111977179737783E+06   3.2404839162933469E-11   7.8408082052889774E-23   5.0105641399047481E+03
   1.0916770000000000E+09   1.2160801894816204E+06   3.2082516146861361E-11   7.7641615113332092E-23   5.0096968546379985E+03
   1.0936770000000000E+09   1.2209415301520596E+06   3.1764468897113631E-11   7.6885520708932612E-23   5.0088107705583652E+03
   1.0956770000000000E+09   1.2257819182162727E+06   3.1450629086108500E-11   7.6139619453736206E-23   5.0079066086055354E+03
   1.0976770000000000E+09   1.2306015297863202E+06   3.1140929685269127E-11   7.5403735833312113E-23   5.0069850763704708E+03
   1.0996770000000000E+09   1.2354005388507331E+06   3.0835304933149897E-11   7.4677698097865123E-23   5.0060468682794153E+03
   1.1016770000000000E+09   1.2401791172629774E+06   3.0533690304870211E-11   7.3961338159655499E-23   5.0050926657767241E+03
   1.1036770000000000E+09   1.2449374347262515E+06   3.0236022482726160E-11   7.3254491494372145E-23   5.0041231375063344E+03
   1.1056770000000000E+09   1.2496756587775287E+06   2.9942239327870170E-11   7.2556997046150815E-23   5.0031389394918087E+03
   1.1076770000000000E+09   1.2543939547729758E+06   2.9652279852969713E-11   7.1868697135983639E-23   5.0021407153147429E+03
   1.1096770000000000E+09   1.2590924858760168E+06   2.9366084195774806E-11   7.1189437373309920E-23   5.0011290962915455E+03
   1.1116770000000000E+09   1.2637714130483659E+06   2.9083593593544474E-11   7.0519066570629367E-23   5.0001047016485736E+03
   1.1136770000000000E+09   1.2684308950437084E+06   2.8804750358290628E-11   6.9857436661002903E-23   4.9990681386954711E+03
   1.1156770000000000E+09   1.2730710884031632E+06   2.8529497852807163E-11   6.9204402618326134E-23   4.9980200029968028E+03
   1.1176770000000000E+09   1.2776921474513575E+06   2.8257780467455677E-11   6.8559822380277109E-23   4.9969608785416849E+03
   1.1196770000000000E+09   1.2822942242917463E+06   2.7989543597684169E-11   6.7923556773843896E-23   4.9958913379117294E+03
   1.1216770000000000E+09   1.2868774687999401E+06   2.7724733622250420E-11   6.7295469443340410E-23   4.9948119424467468E+03
   1.1236770000000000E+09   1.2914420286137930E+06   2.7463297882129272E-11   6.6675426780825048E-23   4.9937232424085587E+03
   1.1256770000000000E+09   1.2959880491193228E+06   2.7205184660077606E-11   6.6063297858834989E-23   4.9926257771425753E+03
   1.1276770000000000E+09   1.3005156734318188E+06   2.6950343160832147E-11   6.5458954365348568E-23   4.9915200752371084E+03
   1.1296770000000000E+09   1.3050250423717615E+06   2.6698723491916095E-11   6.4862270540890668E-23   4.9904066546804470E+03
   1.1316770000000000E+09   1.3095162944356787E+06   2.6450276645025251E-11   6.4273123117688234E-23   4.9892860230154174E+03
   1.1336770000000000E+09   1.3139895657623636E+06   2.6204954477965923E-11   6.3691391260782100E-23   4.9881586774915768E+03
   1.1356770000000000E+09   1.3184449900953907E+06   2.5962709697110723E-11   6.3116956510991613E-23   4.9870251052148606E+03
   1.1376770000000000E+09   1.3228826987432889E+06   2.5723495840336116E-11   6.2549702729622189E-23   4.9858857832946442E+03
   1.1396770000000000E+09   1.3273028205391818E+06   2.5487267260400870E-11   6.1989516044794194E-23   4.9847411789882335E+03
   1.1416770000000000E+09   1.3317054818021185E+06   2.5253979108721866E-11   6.1436284799265309E-23   4.9835917498428644E+03
   1.1436770000000000E+09   1.3360908063027833E+06   2.5023587319497449E-11   6.0889899499606740E-23   4.9824379438350697E+03
   1.1456770000000000E+09   1.3404589152365751E+06   2.4796048594128657E-11   6.0350252766589271E-23   4.9812801995076788E+03
   1.1476770000000000E+09   1.3448099272074117E+06   2.4571320385883913E-11   5.9817239286629198E-23   4.9801189461043405E+03
   1.1496770000000000E+09   1.3491439582257776E+06   2.4349360884755496E-11   5.9290755764145646E-23   4.9789546037019309E+03
   1.1516770000000000E+09   1.3534611217247015E+06   2.4130129002455035E-11   5.8770700874683424E-23   4.9777875833408225E+03
   1.1536770000000000E+09   1.3577615285973046E+06   2.3913584357500119E-11   5.8256975218664721E-23   4.9766182871532474E+03
   1.1556770000000000E+09   1.3620452872593722E+06   2.3699687260351508E-11   5.7749481275650286E-23   4.9754471084901306E+03
   1.1576770000000000E+09   1.3663125037401065E+06   2.3488398698565505E-11   5.7248123359006776E-23   4.9742744320464744E+03
   1.1596770000000000E+09   1.3705632818036592E+06   2.3279680321939291E-11   5.6752807570906888E-23   4.9731006339856767E+03
   1.1616770000000000E+09   1.3747977231032739E+06   2.3073494427639531E-11   5.6263441757620177E-23   4.9719260820630980E+03
   1.1636770000000000E+09   1.3790159273689750E+06   2.2869803945318461E-11   5.5779935465088238E-23   4.9707511357491712E+03
   1.1656770000000000E+09   1.3832179926286300E+06   2.2668572422237924E-11   5.5302199894816557E-23   4.9695761463524323E+03
   1.1676770000000000E+09   1.3874040154608486E+06   2.2469764008439947E-11   5.4830147860162733E-23   4.9684014571426915E+03
   1.1696770000000000E+09   1.3915740912768899E+06   2.2273343442017203E-11   5.4363693743135086E-23   4.9672274034747943E+03
   1.1716770000000000E+09   1.3957283146271592E+06   2.2079276034555927E-11   5.3902753451866116E-23   4.9660543129131438E+03
   1.1736770000000000E+09   1.3998667795265343E+06   2.1887527656834219E-11   5.3447244378951135E-23   4.9648825053572482E+03
   1.1756770000000000E+09   1.4039895797913428E+06   2.1698064724872456E-11   5.2997085360877730E-23   4.9637122931684526E+03
   1.1776770000000000E+09   1.4080968093796282E+06   2.1510854186439431E-11   5.2552196638789554E-23   4.9625439812980121E+03
   1.1796770000000000E+09   1.4121885627254739E+06   2.1325863508118906E-11   5.2112499820833574E-23   4.9613778674164923E+03
   1.1816770000000000E+09   1.4162649350575742E+06   2.1143060663039683E-11   5.1677917846337273E-23   4.9602142420444025E+03
   1.1836770000000000E+09   1.4203260226921223E+06   2.0962414119363156E-11   5.1248374952040390E-23   4.9590533886840230E+03
   1.1856770000000000E+09   1.4243719232904073E+06   2.0783892829607822E-11   5.0823796640574184E-23   4.9578955839520777E+03
   1.1876770000000000E+09   1.4284027360723107E+06   2.0607466220871646E-11   5.0404109651335346E-23   4.9567410977129830E+03
   1.1896770000000000E+09   1.4324185619781583E+06   2.0433104185988675E-11   4.9989241933843749E-23   4.9555901932122151E+03
   1.1916770000000000E+09   1.4364195037730362E+06   2.0260777075630538E-11   4.9579122623610496E-23   4.9544431272093861E+03
   1.1936770000000000E+09   1.4404056660896563E+06   2.0090455691334789E-11   4.9173682020473511E-23   4.9533001501104391E+03
   1.1956770000000000E+09   1.4443771554080546E+06   1.9922111279414400E-11   4.8772851569289626E-23   4.9521615060984832E+03
   1.1976770000000000E+09   1.4483340799727193E+06   1.9755715525675486E-11   4.8376563842806540E-23   4.9510274332626041E+03
   1.1996770000000000E+09   1.4522765496499692E+06   1.9591240550848200E-11   4.7984752526481322E-23   4.9498981637242059E+03
   1.2016770000000000E+09   1.4562046757305698E+06   1.9428658906615738E-11   4.7597352404963587E-23   4.9487739237603546E+03
   1.2036770000000000E+09   1.4601185706844293E+06   1.9267943572112365E-11   4.7214299349926289E-23   4.9476549339235817E+03
   1.2056770000000000E+09   1.4640183478757606E+06   1.9109067950754478E-11   4.6835530308906424E-23   4.9465414091579833E+03
   1.2076770000000000E+09   1.4679041212483426E+06   1.8952005867263036E-11   4.6460983294807200E-23   4.9454335589110005E+03
   1.2096770000000000E+09   1.4717760049912001E+06   1.8796731564741839E-11   4.6090597375720674E-23   4.9443315872410822E+03
   1.2116770000000000E+09   1.4756341131955045E+06   1.8643219701679733E-11   4.5724312664744772E-23   4.9432356929206553E+03
   1.2136770000000000E+09   1.4794785595133591E+06   1.8491445348760190E-11   4.5362070309497192E-23   4.9421460695348569E+03
   1.2156770000000000E+09   1.4833094568287721E+06   1.8341383985374089E-11   4.5003812481065081E-23   4.9410629055757299E+03
   1.2176770000000000E+09   1.4871269169502617E+06   1.8193011495752002E-11   4.4649482362174055E-23   4.9399863845322225E+03
   1.2196770000000000E+09   1.4909310503334005E+06   1.8046304164652260E-11   4.4299024134410323E-23   4.9389166849761859E+03
   1.2216770000000000E+09   1.4947219658400724E+06   1.7901238672564476E-11   4.3952382964386506E-23   4.9378539806446561E+03
   1.2236770000000000E+09   1.4984997705394852E+06   1.7757792090411452E-11   4.3609504988798542E-23   4.9367984405187653E+03
   1.2256770000000000E+09   1.5022645695540030E+06   1.7615941873756780E-11   4.3270337298380040E-23   4.9357502288997712E+03
   1.2276770000000000E+09   1.5060164659508509E+06   1.7475665856546913E-11   4.2934827920816260E-23   4.9347095054824103E+03
   1.2296770000000000E+09   1.5097555606786977E+06   1.7336942244438518E-11   4.2602925802730609E-23   4.9336764254262207E+03
   1.2316770000000000E+09   1.5134819525463253E+06   1.7199749607776994E-11   4.2274580790896371E-23   4.9326511394252520E+03
   1.2336770000000000E+09   1.5171957382391205E+06   1.7064066874303110E-11   4.1949743612856864E-23   4.9316337937762846E+03
   1.2356770000000000E+09   1.5208970123679328E+06   1.6929873321673216E-11   4.1628365857153922E-23   4.9306245304462254E+03
   1.2376770000000000E+09   1.5245858675442950E+06   1.6797148569876565E-11   4.1310399953366569E-23   4.9296234871386596E+03
   1.2396770000000000E+09   1.5282623944757681E+06   1.6665872573631357E-11   4.0995799152153802E-23   4.9286307973599996E+03
   1.2416770000000000E+09   1.5319266820754763E+06   1.6536025614830562E-11   4.0684517505474248E-23   4.9276465904851302E+03
   1.2436770000000000E+09   1.5355788175803537E+06   1.6407588295100298E-11   4.0376509847132605E-23   4.9266709918228435E+03
   1.2456770000000000E+09   1.5392188866734521E+06   1.6280541528519368E-11   4.0071731773771571E-23   4.9257041226809151E+03
   1.2476770000000000E+09   1.5428469736063797E+06   1.6154866534538873E-11   3.9770139626402400E-23   4.9247461004309507E+03
   1.2496770000000000E+09   1.5464631613188062E+06   1.6030544831128231E-11   3.9471690472538086E-23   4.9237970385729250E+03
   1.2516770000000000E+09   1.5500675315526172E+06   1.5907558228166604E-11   3.9176342088974536E-23   4.9228570467994141E+03
   1.2536770000000000E+09   1.5536601649589560E+06   1.5785888821089628E-11   3.8884052945243451E-23   4.9219262310594531E+03
   1.2556770000000000E+09   1.5572411411969089E+06   1.5665518984796324E-11   3.8594782187748003E-23   4.9210046936220015E+03
   1.2576770000000000E+09   1.5608105390230210E+06   1.5546431367815723E-11   3.8308489624578843E-23   4.9200925331390335E+03
   1.2596770000000000E+09   1.5643684363711926E+06   1.5428608886728702E-11   3.8025135710999987E-23   4.9191898447080403E+03
   1.2616770000000000E+09   1.5679149104228087E+06   1.5312034720837983E-11   3.7744681535585341E-23   4.9182967199340555E+03
   1.2636770000000000E+09   1.5714500376671194E+06   1.5196692307077309E-11   3.7467088806984106E-23   4.9174132469910073E+03
   1.2656770000000000E+09   1.5749738939520072E+06   1.5082565335150144E-11   3.7192319841289214E-23   4.9165395106825445E+03
   1.2676770000000000E+09   1.5784865545253409E+06   1.4969637742886758E-11   3.6920337549982584E-23   4.9156755925020198E+03
   1.2696770000000000E+09   1.5819880940670194E+06   1.4857893711810889E-11   3.6651105428432784E-23   4.9148215706918554E+03
   1.2716770000000000E+09   1.5854785867118139E+06   1.4747317662905719E-11   3.6384587544920209E-23   4.9139775203020909E+03
   1.2736770000000000E+09   1.5889581060630365E+06   1.4637894252570601E-11   3.6120748530166507E-23   4.9131435132482684E+03
   1.2756770000000000E+09   1.5924267251971005E+06   1.4529608368758447E-11   3.5859553567344621E-23   4.9123196183683394E+03
   1.2776770000000000E+09   1.5958845166590125E+06   1.4422445127285123E-11   3.5600968382544527E-23   4.9115059014789367E+03
   1.2796770000000000E+09   1.5993315524489793E+06   1.4316389868299331E-11   3.5344959235668338E-23   4.9107024254305761E+03
   1.2816770000000000E+09   1.6027679040003242E+06   1.4211428152902818E-11   3.5091492911726511E-23   4.9099092501621008E+03
   1.2836770000000000E+09   1.6061936421490414E+06   1.4107545759908495E-11   3.4840536712505660E-23   4.9091264327540421E+03
   1.2856770000000000E+09   1.6096088370953030E+06   1.4004728682725449E-11   3.4592058448577870E-23   4.9083540274811558E+03
   1.2876770000000000E+09   1.6130135583573238E+06   1.3902963126357986E-11   3.4346026431621094E-23   4.9075920858638137E+03
   1.2896770000000000E+09   1.6164078747178582E+06   1.3802235504508729E-11   3.4102409467023159E-23   4.9068406567184802E+03
   1.2916770000000000E+09   1.6197918541635976E+06   1.3702532436774726E-11   3.3861176846742901E-23   4.9060997862070144E+03
   1.2936770000000000E+09   1.6231655638174564E+06   1.3603840745929747E-11   3.3622298342408558E-23   4.9053695178850840E+03
   1.2956770000000000E+09   1.6265290698635851E+06   1.3506147455285787E-11   3.3385744198637458E-23   4.9046498927493494E+03
   1.2976770000000000E+09   1.6298824374646118E+06   1.3409439786131758E-11   3.3151485126568322E-23   4.9039409492838122E+03
   1.2996770000000000E+09   1.6332257306705702E+06   1.3313705155246749E-11   3.2919492297600309E-23   4.9032427235050873E+03
   1.3016770000000000E+09   1.6365590123191071E+06   1.3218931172486177E-11   3.2689737337330979E-23   4.9025552490070359E+03
   1.3036770000000000E+09   1.6398823439275471E+06   1.3125105638431733E-11   3.2462192319669990E-23   4.9018785570047057E+03
   1.3056770000000000E+09   1.6431957855793410E+06   1.3032216542083684E-11   3.2236829761072842E-23   4.9012126763778915E+03
   1.3076770000000000E+09   1.6464993958107978E+06   1.2940252058551457E-11   3.2013622614784539E-23   4.9005576337143557E+03
   1.3096770000000000E+09   1.6497932315090394E+06   1.2849200546665291E-11   3.1792544264900371E-23   4.8999134533528568E+03
   1.3116770000000000E+09   1.6530773478385282E+06   1.2759050546390325E-11   3.1573568519952575E-23   4.8992801574255045E+03
   1.3136770000000000E+09   1.6563517982205139E+06   1.2669790775882606E-11   3.1356669605625973E-23   4.8986577658991591E+03
   1.3156770000000000E+09   1.6596166343956420E+06   1.2581410127993273E-11   3.1141822156128273E-23   4.8980462966148389E+03
   1.3176770000000000E+09   1.6628719066022187E+06   1.2493897666022306E-11   3.0929001203728486E-23   4.8974457653239215E+03
   1.3196770000000000E+09   1.6661176638980086E+06   1.2407242618567433E-11   3.0718182166084605E-23   4.8968561857201712E+03
   1.3216770000000000E+09   1.6693539546388790E+06   1.2321434373424038E-11   3.0509340831250270E-23   4.8962775694671882E+03
   1.3236770000000000E+09   1.6725808271016970E+06   1.2236462470673917E-11   3.0302453340693861E-23   4.8957099262220336E+03
   1.3256770000000000E+09   1.6757983302025795E+06   1.2152316595344758E-11   3.0097496171254675E-23   4.8951532636580368E+03
   1.3276770000000000E+09   1.6790065142211490E+06   1.2068986570278300E-11   2.9894446117585431E-23   4.8946075874917233E+03
   1.3296770000000000E+09   1.6822054314071024E+06   1.1986462350044364E-11   2.9693280277114783E-23   4.8940729015207935E+03
   1.3316770000000000E+09   1.6853951363313883E+06   1.1904734016785296E-11   2.9493976039689988E-23   4.8935492076792352E+03
   1.3336770000000000E+09   1.6885756858641328E+06   1.1823791778691537E-11   2.9296511083620625E-23   4.8930365061135244E+03
   1.3356770000000000E+09   1.6917471387223601E+06   1.1743625971358651E-11   2.9100863378770722E-23   4.8925347952770726E+03
   1.3376770000000000E+09   1.6949095546271375E+06   1.1664227061616082E-11   2.8907011195756754E-23   4.8920440720321913E+03
   1.3396770000000000E+09   1.6980629932201612E+06   1.1585585652709535E-11   2.8714933118590276E-23   4.8915643317416798E+03
   1.3416770000000000E+09   1.7012075129785961E+06   1.1507692489197407E-11   2.8524608056822290E-23   4.8910955683289385E+03
   1.3436770000000000E+09   1.7043431703945375E+06   1.1430538459841209E-11   2.8336015253002378E-23   4.8906377742915283E+03
   1.3456770000000000E+09   1.7074700196261557E+06   1.1354114597260670E-11   2.8149134282394103E-23   4.8901909406671439E+03
   1.3476770000000000E+09   1.7105881126854462E+06   1.1278412074121966E-11   2.7963945044246252E-23   4.8897550569709310E+03
   1.3496770000000000E+09   1.7136975000453808E+06   1.1203422196812562E-11   2.7780427746770315E-23   4.8893301111395804E+03
   1.3516770000000000E+09   1.7167982313984805E+06   1.1129136398454303E-11   2.7598562890194862E-23   4.8889160895211353E+03
   1.3536770000000000E+09   1.7198903562505832E+06   1.1055546233284592E-11   2.7418331252810656E-23   4.8885129769340092E+03
   1.3556770000000000E+09   1.7229739241214793E+06   1.0982643373735545E-11   2.7239713883370617E-23   4.8881207567870624E+03
   1.3576770000000000E+09   1.7260489843169313E+06   1.0910419610237308E-11   2.7062692100155181E-23   4.8877394112197771E+03
   1.3596770000000000E+09   1.7291155854435603E+06   1.0838866852485902E-11   2.6887247493897264E-23   4.8873689212060444E+03
   1.3616770000000000E+09   1.7321737749507539E+06   1.0767977130326502E-11   2.6713361930194142E-23   4.8870092665807961E+03
   1.3636770000000000E+09   1.7352235989387687E+06   1.0697742592839002E-11   2.6541017547871235E-23   4.8866604259911092E+03
   1.3656770000000000E+09   1.7382651022961184E+06   1.0628155505411601E-11   2.6370196752488519E-23   4.8863223768193548E+03
   1.3676770000000000E+09   1.7412983290312565E+06   1.0559208245801778E-11   2.6200882207107343E-23   4.8859950951442734E+03
   1.3696770000000000E+09   1.7443233225687754E+06   1.0490893300648698E-11   2.6033056823741735E-23   4.8856785557807862E+03
   1.3716770000000000E+09   1.7473401258450851E+06   1.0423203263357357E-11   2.5866703757870684E-23   4.8853727323847452E+03
   1.3736770000000000E+09   1.7503487812067966E+06   1.0356130833174676E-11   2.5701806405899743E-23   4.8850775975622419E+03
   1.3756770000000000E+09   1.7533493302564605E+06   1.0289668814472339E-11   2.5538348403447790E-23   4.8847931229223504E+03
   1.3776770000000000E+09   1.7563418138009384E+06   1.0223810115318256E-11   2.5376313622243713E-23   4.8845192790585243E+03
   1.3796770000000000E+09   1.7593262719420916E+06   1.0158547745216153E-11   2.5215686165098102E-23   4.8842560355009355E+03
   1.3816770000000000E+09   1.7623027442147823E+06   1.0093874812680214E-11   2.5056450360299643E-23   4.8840033606980141E+03
   1.3836770000000000E+09   1.7652712696340792E+06   1.0029784523432128E-11   2.4898590757327857E-23   4.8837612220408510E+03
   1.3856770000000000E+09   1.7682318865664285E+06   9.9662701795045302E-12   2.4742092124947402E-23   4.8835295858614172E+03
   1.3876770000000000E+09   1.7711846323537906E+06   9.9033251792158815E-12   2.4586939452379944E-23   4.8833084172481440E+03
   1.3896770000000000E+09   1.7741295423634665E+06   9.8409430189761582E-12   2.4433117957289006E-23   4.8830976794004573E+03
   1.3916770000000000E+09   1.7770666472593939E+06   9.7791173016003054E-12   2.4280613114888253E-23   4.8828973319600418E+03
   1.3936770000000000E+09   1.7799959650574506E+06   9.7178417653000152E-12   2.4129410749076761E-23   4.8827073271186646E+03
   1.3956770000000000E+09   1.7829174791959648E+06   9.6571103708320797E-12   2.3979497289371852E-23   4.8825276012296881E+03
   1.3976770000000000E+09   1.7858310818459010E+06   9.5969175390787623E-12   2.3830860438223167E-23   4.8823580585739628E+03
   1.3996770000000000E+09   1.7887364372814719E+06   9.5372587476492215E-12   2.3683490778139183E-23   4.8821985446042299E+03
   1.4016770000000000E+09   1.7916326778314444E+06   9.4781319054380776E-12   2.3537385338564886E-23   4.8820488125002430E+03
   1.4036770000000000E+09   1.7945177890259260E+06   9.4195402161412125E-12   2.3392554782576892E-23   4.8819085048888610E+03
   1.4056770000000000E+09   1.7973875068887714E+06   9.3614974405953819E-12   2.3249036235125999E-23   4.8817772014910515E+03
   1.4076770000000000E+09   1.8002336333768379E+06   9.3040360693408799E-12   2.3106912744829614E-23   4.8816545944631389E+03
   1.4096770000000000E+09   1.8030420121162266E+06   9.2472171225443114E-12   2.2966336354380184E-23   4.8815407627340628E+03
   1.4116770000000000E+09   1.8057909938302278E+06   9.1911369359912502E-12   2.2827544775230968E-23   4.8814362235991621E+03
   1.4136770000000000E+09   1.8084514731421534E+06   9.1359243974598283E-12   2.2690858547087370E-23   4.8813410815392690E+03
   1.4156770000000000E+09   1.8109879837420045E+06   9.0817304219731787E-12   2.2556663983032026E-23   4.8812530498721253E+03
   1.4176770000000000E+09   1.8133558406963437E+06   9.0287378257067864E-12   2.2425440013559397E-23   4.8811668755959672E+03
   1.4196770000000000E+09   1.8154865247196904E+06   8.9772411471334602E-12   2.2297922448316415E-23   4.8810817006664192E+03
   1.4216770000000000E+09   1.8172675744342417E+06   8.9277742122347845E-12   2.2175342615295604E-23   4.8810184132563827E+03
   1.4236770000000000E+09   1.8185634045782774E+06   8.8810291071101348E-12   2.2059214419693673E-23   4.8810228146631762E+03
   1.4256770000000000E+09   1.8193365892409708E+06   8.8372023314269673E-12   2.1949965903960645E-23   4.8811093239042339E+03
   1.4276770000000000E+09   1.8197984213585975E+06   8.7951415322572211E-12   2.1845178841364932E-23   4.8811799011892854E+03
   1.4296770000000000E+09   1.8203310548806235E+06   8.7528006756626904E-12   2.1740409705043697E-23   4.8810909569881269E+03
   1.4316770000000000E+09   1.8211216555969841E+06   8.7093589083586130E-12   2.1633423211743651E-23   4.8808844678937276E+03
   1.4336770000000000E+09   1.8221142026512290E+06   8.6651201071722745E-12   2.1524839446316629E-23   4.8805891760285695E+03
   1.4356770000000000E+09   1.8225320880507545E+06   8.6248821325223449E-12   2.1423812539418505E-23   4.8808335299900100E+03
   6.5767700000000000E+08  -2.7532324082613218E+03   3.8451029498652025E-16   1.6772938684137570E-26   1.1036490244173337E+03
   6.5967700000000000E+08  -2.7730398604745969E+03   6.5227116854159353E-16   2.7441090780592198E-26   1.1443502866620317E+03
   6.6167700000000000E+08  -2.7386346378603662E+03   1.0746545664288811E-15   4.4091287663400512E-26   1.1734059253486048E+03
   6.6367700000000000E+08  -2.7054031747550271E+03   1.7424159440048519E-15   7.0173989284269233E-26   1.1953851079314475E+03
   6.6567700000000000E+08  -2.8904431600447724E+03   2.8466244117303692E-15   1.1247130545117361E-25   1.2184861700418835E+03
   6.6767700000000000E+08  -4.0245206952701869E+03   4.9985859696414578E-15   1.9152173441252845E-25   1.2564964638061128E+03
   6.6967700000000000E+08  -6.1914632566305245E+03   1.0444874483076679E-14   3.8431792900474673E-25   1.3084126997633596E+03
   6.7167700000000000E+08  -7.2284779711676729E+03   2.5800116339943637E-14   9.3062554592137373E-25   1.3346852633683736E+03
   6.7367700000000000E+08  -6.2571259106564003E+03   6.4996592238200762E-14   2.3609519604807755E-24   1.3253653360637043E+03
   6.7567700000000000E+08  -4.4664874438353800E+03   1.4792288970298078E-13   5.4581107872323057E-24   1.3047436939578597E+03
   6.7767700000000000E+08  -2.6529973645813188E+03   2.9080104324623517E-13   1.0880536406089730E-23   1.2867015515584392E+03
   6.7967700000000000E+08  -1.0435112987525015E+03   4.9359293125564567E-13   1.8641812485600197E-23   1.2747146210734390E+03
   6.8167700000000000E+08   3.3748085207633449E+02   7.3615428548001353E-13   2.7919748218162342E-23   1.2693737644875696E+03
   6.8367700000000000E+08   1.5173388170555738E+03   9.8752070756594663E-13   3.7377417630340411E-23   1.2719472157422367E+03
   6.8567700000000000E+08   2.5272670576847672E+03   1.2207492370056903E-12   4.5697974294222104E-23   1.2860613404352755E+03
   6.8767700000000000E+08   3.3688821505723995E+03   1.4227258702702883E-12   5.1980468965595316E-23   1.3176898666267869E+03
   6.8967700000000000E+08   4.0011158168387146E+03   1.5941098693415273E-12   5.5913130065951581E-23   1.3725766810317120E+03
   6.9167700000000000E+08   4.3897044105752975E+03   1.7421248611039451E-12   5.7741467135883844E-23   1.4525250628748911E+03
   6.9367700000000000E+08   4.5757131290312955E+03   1.8730271859194074E-12   5.8037010602218443E-23   1.5537144947359893E+03
   6.9567700000000000E+08   4.6926268400204581E+03   1.9890974590518183E-12   5.7398140482509072E-23   1.6683624655008921E+03
   6.9767700000000000E+08   4.9185121161923180E+03   2.0899989444348209E-12   5.6264335393649124E-23   1.7883192208779369E+03
   6.9967700000000000E+08   5.4190514678637319E+03   2.1753882893997365E-12   5.4913923645897265E-23   1.9071571552658625E+03
   7.0167700000000000E+08   6.3154855487045170E+03   2.2458466443868403E-12   5.3504627694201134E-23   2.0207887804200507E+03
   7.0367700000000000E+08   7.6732740715861264E+03   2.3027703974901366E-12   5.2118058181878298E-23   2.1271326922428980E+03
   7.0567700000000000E+08   9.5049352212582380E+03   2.3479035940574886E-12   5.0791557229558112E-23   2.2254656908781485E+03
   7.0767700000000000E+08   1.1780139744503394E+04   2.3829243312117990E-12   4.9537212961175570E-23   2.3158522793748580E+03
   7.0967700000000000E+08   1.4438725744692643E+04   2.4092199046532953E-12   4.8353026770898613E-23   2.3987497833158527E+03
   7.1167700000000000E+08   1.7403819613351094E+04   2.4278316578217091E-12   4.7229776113108449E-23   2.4747700650328611E+03
   7.1367700000000000E+08   2.0593046836550377E+04   2.4394984842120780E-12   4.6155292081427212E-23   2.5445513518338657E+03
   7.1567700000000000E+08   2.3924369219647768E+04   2.4447258168355624E-12   4.5116879793230849E-23   2.6086948012994326E+03
   7.1767700000000000E+08   2.7321415992902359E+04   2.4438608867752619E-12   4.4102748794793487E-23   2.6677368814545875E+03
   7.1967700000000000E+08   3.0718835406434464E+04   2.4371780449395695E-12   4.3103081104628045E-23   2.7221441065691329E+03
   7.2167700000000000E+08   3.4063245499226869E+04   2.4249449797970320E-12   4.2110524169464458E-23   2.7723203493301025E+03
   7.2367700000000000E+08   3.7313518616587295E+04   2.4074582087739626E-12   4.1120170831612917E-23   2.8186166791569999E+03
   7.2567700000000000E+08   4.0440305602859611E+04   2.3850628455274021E-12   4.0129366019293275E-23   2.8613415362080868E+03
   7.2767700000000000E+08   4.3425076443629281E+04   2.3581594555715471E-12   3.9137402902527033E-23   2.9007702711290708E+03
   7.2967700000000000E+08   4.6258841863521753E+04   2.3272010325672884E-12   3.8145159170290446E-23   2.9371534754572604E+03
   7.3167700000000000E+08   4.8940656864406606E+04   2.2926825988433840E-12   3.7154706643498522E-23   2.9707237545474391E+03
   7.3367700000000000E+08   5.1475993090879645E+04   2.2551257842958609E-12   3.6168920602439622E-23   3.0017007464580206E+03
   7.3567700000000000E+08   5.3875078355925732E+04   2.2150607934319688E-12   3.5191113089192299E-23   3.0302943584706632E+03
   7.3767700000000000E+08   5.6151308676393193E+04   2.1730081536027536E-12   3.4224712133384785E-23   3.0567063757272499E+03
   7.3967700000000000E+08   5.8319829669013721E+04   2.1294623351320075E-12   3.3273003442149275E-23   3.0811307536308063E+03
   7.4167700000000000E+08   6.0396360360027284E+04   2.0848787576830886E-12   3.2338943145265774E-23   3.1037530010868186E+03
   7.4367700000000000E+08   6.2396294205595521E+04   2.0396649692502836E-12   3.1425041447662523E-23   3.1247490792155809E+03
   7.4567700000000000E+08   6.4334076342312575E+04   1.9941760584445282E-12   3.0533309290537251E-23   3.1442841886744432E+03
   7.4767700000000000E+08   6.6222826899266511E+04   1.9487138051016419E-12   2.9665255179877377E-23   3.1625117239298652E+03
   7.4967700000000000E+08   6.8074163274428618E+04   1.9035287469364301E-12   2.8821917450712470E-23   3.1795725632551216E+03
   7.5167700000000000E+08   6.9898168881534191E+04   1.8588242376594467E-12   2.8003917970537547E-23   3.1955947628751760E+03
   7.5367700000000000E+08   7.1703459270075633E+04   1.8147616377088195E-12   2.7211525686413563E-23   3.2106936466727057E+03
   7.5567700000000000E+08   7.3497304962905793E+04   1.7714659405860039E-12   2.6444721506446355E-23   3.2249722337779190E+03
   7.5767700000000000E+08   7.5285780573803771E+04   1.7290313319835304E-12   2.5703259022417780E-23   3.2385219227465586E+03
   7.5967700000000000E+08   7.7073919497387382E+04   1.6875263617869771E-12   2.4986718088718968E-23   3.2514233467733725E+03
   7.6167700000000000E+08   7.8865861507718364E+04   1.6469985578353976E-12   2.4294550113496973E-23   3.2637473224969976E+03
   7.6367700000000000E+08   8.0664986583387072E+04   1.6074784183688370E-12   2.3626115117693650E-23   3.2755558292995388E+03
   7.6567700000000000E+08   8.2474032327719935E+04   1.5689827905435968E-12   2.2980711297176554E-23   3.2869029720942267E+03
   7.6767700000000000E+08   8.4295194843210702E+04   1.5315176829009657E-12   2.2357598129319331E-23   3.2978358956301618E+03
   7.6967700000000000E+08   8.6130214274961036E+04   1.4950805787700540E-12   2.1756014131809604E-23   3.3083956309190485E+03
   7.7167700000000000E+08   8.7980446839737502E+04   1.4596623227878272E-12   2.1175190312047880E-23   3.3186178640738890E+03
   7.7367700000000000E+08   8.9846925301918993E+04   1.4252486498073391E-12   2.0614360212244894E-23   3.3285336247916721E+03
   7.7567700000000000E+08   9.1730409754121967E+04   1.3918214184591012E-12   2.0072767303203262E-23   3.3381698963406329E+03
   7.7767700000000000E+08   9.3631430343708693E+04   1.3593596030916297E-12   1.9549670333791883E-23   3.3475501517427142E+03
   7.7967700000000000E+08   9.5550323336620990E+04   1.3278400892321358E-12   1.9044347115041010E-23   3.3566948223593881E+03
   7.8167700000000000E+08   9.7487261669606814E+04   1.2972383098404793E-12   1.8556097111329664E-23   3.3656217057049312E+03
   7.8367700000000000E+08   9.9442280930054796E+04   1.2675287527929562E-12   1.8084243125718842E-23   3.3743463193423272E+03
   7.8567700000000000E+08   1.0141530152507754E+05   1.2386853642841488E-12   1.7628132299514742E-23   3.3828822073959300E+03
   7.8767700000000000E+08   1.0340614765696702E+05   1.2106818681019528E-12   1.7187136594434890E-23   3.3912412057032243E+03
   7.8967700000000000E+08   1.0541456360650442E+05   1.1834920168834730E-12   1.6760652886179474E-23   3.3994336710320672E+03
   7.9167700000000000E+08   1.0744022773383673E+05   1.1570897883551347E-12   1.6348102768062008E-23   3.4074686791772501E+03
   7.9367700000000000E+08   1.0948276453386463E+05   1.1314495370663198E-12   1.5948932140430700E-23   3.4153541961605119E+03
   7.9567700000000000E+08   1.1154175502535500E+05   1.1065461101227350E-12   1.5562610644135915E-23   3.4230972262126675E+03
   7.9767700000000000E+08   1.1361674570678560E+05   1.0823549338178343E-12   1.5188630982958384E-23   3.4307039397249928E+03
   7.9967700000000000E+08   1.1570725627480772E+05   1.0588520767665153E-12   1.4826508169670104E-23   3.4381797839215665E+03
   8.0167700000000000E+08   1.1781278627103023E+05   1.0360142941018167E-12   1.4475778722503709E-23   3.4455295786232077E+03
   8.0367700000000000E+08   1.1993282079811103E+05   1.0138190564518923E-12   1.4135999832692124E-23   3.4527575991428489E+03
   8.0567700000000000E+08   1.2206683542578886E+05   9.9224456672967217E-13   1.3806748518966711E-23   3.4598676480667186E+03
   8.0767700000000000E+08   1.2421430039041080E+05   9.7126976721146327E-13   1.3487620781179003E-23   3.4668631174300490E+03
   8.0967700000000000E+08   1.2637468417728624E+05   9.5087433892615333E-13   1.3178230762271101E-23   3.4737470425854294E+03
   8.1167700000000000E+08   1.2854745656303795E+05   9.3103869500554253E-13   1.2878209925509730E-23   3.4805221488813572E+03
   8.1367700000000000E+08   1.3073209118478477E+05   9.1174396934192142E-13   1.2587206252070119E-23   3.4871908921135969E+03
   8.1567700000000000E+08   1.3292806769421315E+05   8.9297200164851060E-13   1.2304883462599148E-23   3.4937554935796425E+03
   8.1767700000000000E+08   1.3513487354689703E+05   8.7470531981311645E-13   1.2030920265244949E-23   3.5002179704527939E+03
   8.1967700000000000E+08   1.3735200547071747E+05   8.5692712026593279E-13   1.1765009631730766E-23   3.5065801620948641E+03
   8.2167700000000000E+08   1.3957897065157507E+05   8.3962124694345124E-13   1.1506858102341986E-23   3.5128437528428785E+03
   8.2367700000000000E+08   1.4181528766973689E+05   8.2277216931664192E-13   1.1256185120149333E-23   3.5190102917331560E+03
   8.2567700000000000E+08   1.4406048721615758E+05   8.0636495985805444E-13   1.1012722394369029E-23   3.5250812095644969E+03
   8.2767700000000000E+08   1.4631411261462606E+05   7.9038527124719427E-13   1.0776213292459447E-23   3.5310578336489939E+03
   8.2967700000000000E+08   1.4857572017281383E+05   7.7481931355248952E-13   1.0546412260337358E-23   3.5369414005535173E+03
   8.3167700000000000E+08   1.5084487938305427E+05   7.5965383157934136E-13   1.0323084269956221E-23   3.5427330670955726E+03
   8.3367700000000000E+08   1.5312117299189552E+05   7.4487608253516414E-13   1.0106004293408836E-23   3.5484339198238495E+03
   8.3567700000000000E+08   1.5540419695601906E+05   7.3047381413224525E-13   9.8949568026880276E-24   3.5540449831846522E+03
   8.3767700000000000E+08   1.5769356030111108E+05   7.1643524322521792E-13   9.6897352942355308E-24   3.5595672265508297E+03
   8.3967700000000000E+08   1.5998888489927168E+05   7.0274903506184926E-13   9.4901418374407326E-24   3.5650015702682463E+03
   8.4167700000000000E+08   1.6228980517989551E+05   6.8940428321069595E-13   9.2959866462817760E-24   3.5703488908565400E+03
   8.4367700000000000E+08   1.6459596778809206E+05   6.7639049021754245E-13   9.1070876733472597E-24   3.5756100254846892E+03
   8.4567700000000000E+08   1.6690703120401665E+05   6.6369754903185788E-13   8.9232702255070624E-24   3.5807857758279620E+03
   8.4767700000000000E+08   1.6922266533552393E+05   6.5131572523523136E-13   8.7443666005270531E-24   3.5858769114001971E+03
   8.4967700000000000E+08   1.7154255109552923E+05   6.3923564009459458E-13   8.5702157439304016E-24   3.5908841724442609E+03
   8.5167700000000000E+08   1.7386637997423185E+05   6.2744825445400401E-13   8.4006629254015896E-24   3.5958082724533097E+03
   8.5367700000000000E+08   1.7619385361501441E+05   6.1594485346943134E-13   8.2355594340048539E-24   3.6006499003861891E+03
   8.5567700000000000E+08   1.7852468340130404E+05   6.0471703218182116E-13   8.0747622914545822E-24   3.6054097226316935E+03
   8.5767700000000000E+08   1.8085859006023544E+05   5.9375668191395349E-13   7.9181339826239831E-24   3.6100883847684527E+03
   8.5967700000000000E+08   1.8319530328723555E+05   5.8305597746803779E-13   7.7655422024333653E-24   3.6146865131597979E+03
   8.6167700000000000E+08   1.8553456139418366E+05   5.7260736509248543E-13   7.6168596182087232E-24   3.6192047164161368E+03
   8.6367700000000000E+08   1.8787611098253378E+05   5.6240355117844918E-13   7.4719636465520896E-24   3.6236435867511618E+03
   8.6567700000000000E+08   1.9021970664128463E+05   5.5243749164131001E-13   7.3307362437426658E-24   3.6280037012525436E+03
   8.6767700000000000E+08   1.9256511066887827E+05   5.4270238193717197E-13   7.1930637086633721E-24   3.6322856230828334E+03
   8.6967700000000000E+08   1.9491209281718699E+05   5.3319164766188193E-13   7.0588364972522451E-24   3.6364899026219809E+03
   8.7167700000000000E+08   1.9726043005528819E+05   5.2389893567879014E-13   6.9279490474947187E-24   3.6406170785592331E+03
   8.7367700000000000E+08   1.9960990635029186E+05   5.1481810572241522E-13   6.8002996140147592E-24   3.6446676789392086E+03
   8.7567700000000000E+08   2.0196031246248461E+05   5.0594322242719194E-13   6.6757901113747681E-24   3.6486422221647081E+03
   8.7767700000000000E+08   2.0431144575211062E+05   4.9726854773407627E-13   6.5543259652635956E-24   3.6525412179570121E+03
   8.7967700000000000E+08   2.0666310999528953E+05   4.8878853363252426E-13   6.4358159708330251E-24   3.6563651682733639E+03
   8.8167700000000000E+08   2.0901511520693349E+05   4.8049781520062643E-13   6.3201721575283102E-24   3.6601145681805679E+03
   8.8367700000000000E+08   2.1136727746894371E+05   4.7239120391186006E-13   6.2073096598462798E-24   3.6637899066834611E+03
   8.8567700000000000E+08   2.1371941876256975E+05   4.6446368118246243E-13   6.0971465935388485E-24   3.6673916675069208E+03
   8.8767700000000000E+08   2.1607136680460733E+05   4.5671039213871659E-13   5.9896039368584305E-24   3.6709203298306052E+03
   8.8967700000000000E+08   2.1842295488887202E+05   4.4912663958723518E-13   5.8846054164994184E-24   3.6743763689762804E+03
   8.9167700000000000E+08   2.2077402173823729E+05   4.4170787817279071E-13   5.7820773979150797E-24   3.6777602570490603E+03
   8.9367700000000000E+08   2.2312441138123992E+05   4.3444970870517850E-13   5.6819487796523882E-24   3.6810724635369215E+03
   8.9567700000000000E+08   2.2547397308698256E+05   4.2734787262420473E-13   5.5841508911842861E-24   3.6843134558791080E+03
   8.9767700000000000E+08   2.2782256143348693E+05   4.2039824654259573E-13   5.4886173933263570E-24   3.6874837000276934E+03
   8.9967700000000000E+08   2.3017003666353843E+05   4.1359683675023375E-13   5.3952841795636114E-24   3.6905836610543079E+03
   9.0167700000000000E+08   2.3251626561359619E+05   4.0693977347178321E-13   5.3040892753711889E-24   3.6936138039065913E+03
   9.0367700000000000E+08   2.3486112367778656E+05   4.0042330455509220E-13   5.2149727310331195E-24   3.6965745945082767E+03
   9.0567700000000000E+08   2.3720449840640897E+05   3.9404378820039087E-13   5.1278765024705322E-24   3.6994665015257324E+03
   9.0767700000000000E+08   2.3954629519654365E+05   3.8779768449993613E-13   5.0427443165657306E-24   3.7022899992607095E+03
   9.0967700000000000E+08   2.4188644465281282E+05   3.8168154626530501E-13   4.9595215267016933E-24   3.7050455721664862E+03
   9.1167700000000000E+08   2.4422490903344174E+05   3.7569201121487656E-13   4.8781549853590883E-24   3.7077337211993367E+03
   9.1367700000000000E+08   2.4656168169512099E+05   3.6982580001055857E-13   4.7985929930168814E-24   3.7103549712984927E+03
   9.1567700000000000E+08   2.4889677020151718E+05   3.6407972660336369E-13   4.7207854099171646E-24   3.7129098775418706E+03
   9.1767700000000000E+08   2.5123015506552148E+05   3.5845072578247511E-13   4.6446839988724970E-24   3.7153990253386346E+03
   9.1967700000000000E+08   2.5356172776483060E+05   3.5293589382220424E-13   4.5702429511276570E-24   3.7178230188998104E+03
   9.2167700000000000E+08   2.5589123508856885E+05   3.4753252128722136E-13   4.4974193259458156E-24   3.7201824547275878E+03
   9.2367700000000000E+08   2.5821827870206031E+05   3.4223808226590473E-13   4.4261729348325145E-24   3.7224778848726360E+03
   9.2567700000000000E+08   2.6054241056319594E+05   3.3705015179877760E-13   4.3564652881243001E-24   3.7247097859675091E+03
   9.2767700000000000E+08   2.6286330208284210E+05   3.3196627086882083E-13   4.2882578337686103E-24   3.7268785559023090E+03
   9.2967700000000000E+08   2.6518087782139424E+05   3.2698384092970158E-13   4.2215105399870738E-24   3.7289845494247675E+03
   9.3167700000000000E+08   2.6749529406999430E+05   3.2210014501848050E-13   4.1561820945679295E-24   3.7310281367843268E+03
   9.3367700000000000E+08   2.6980674631396215E+05   3.1731252835358825E-13   4.0922321834467848E-24   3.7330097467451246E+03
   9.3567700000000000E+08   2.7211524506377248E+05   3.1261859773712312E-13   4.0296240602177493E-24   3.7349298617999825E+03
   9.3767700000000000E+08   2.7442058284360019E+05   3.0801619129328692E-13   3.9683241921552831E-24   3.7367889724197207E+03
   9.3967700000000000E+08   2.7672255210264400E+05   3.0350316274383933E-13   3.9082995082597644E-24   3.7385875380130146E+03
   9.4167700000000000E+08   2.7902115703070274E+05   2.9907740613917692E-13   3.8495176984160482E-24   3.7403259951932273E+03
   9.4367700000000000E+08   2.8131654944484564E+05   2.9473723714131460E-13   3.7919520696413012E-24   3.7420047960923807E+03
   9.4567700000000000E+08   2.8360876764185418E+05   2.9048158076940033E-13   3.7355839272303258E-24   3.7436244240693918E+03
   9.4767700000000000E+08   2.8589756075477373E+05   2.8630950874889757E-13   3.6803966353915374E-24   3.7451853653339326E+03
   9.4967700000000000E+08   2.8818242346310307E+05   2.8221941455955608E-13   3.6263650530904412E-24   3.7466880630502214E+03
   9.5167700000000000E+08   2.9046270970305824E+05   2.7820849245706715E-13   3.5734488789716493E-24   3.7481328886122110E+03
   9.5367700000000000E+08   2.9273776742526161E+05   2.7427295146442648E-13   3.5215954233079244E-24   3.7495201347149018E+03
   9.5567700000000000E+08   2.9500807285573083E+05   2.7040917999452465E-13   3.4707545606052339E-24   3.7508500206521153E+03
   9.5767700000000000E+08   2.9727490384883870E+05   2.6661528051354266E-13   3.4208982158118965E-24   3.7521228971064024E+03
   9.5967700000000000E+08   2.9953858497057686E+05   2.6289058938043921E-13   3.3720140671634482E-24   3.7533393606930808E+03
   9.6167700000000000E+08   3.0179886693704035E+05   2.5923420379576517E-13   3.3240868219639571E-24   3.7545000528013238E+03
   9.6367700000000000E+08   3.0405559792947461E+05   2.5564486002705171E-13   3.2770967357449646E-24   3.7556055720579470E+03
   9.6567700000000000E+08   3.0630868396649550E+05   2.5212116048978072E-13   3.2310225001299145E-24   3.7566564998906611E+03
   9.6767700000000000E+08   3.0855806360392395E+05   2.4866167137723622E-13   3.1858424841347479E-24   3.7576534078513810E+03
   9.6967700000000000E+08   3.1080368985699449E+05   2.4526496411564130E-13   3.1415352558310984E-24   3.7585968632023087E+03
   9.7167700000000000E+08   3.1304551708835136E+05   2.4192963620142570E-13   3.0980798424340875E-24   3.7594874311362564E+03
   9.7367700000000000E+08   3.1528348999601998E+05   2.3865432467079037E-13   3.0554558978665820E-24   3.7603256746839752E+03
   9.7567700000000000E+08   3.1751753508786374E+05   2.3543771486193714E-13   3.0136438114479142E-24   3.7611121528374538E+03
   9.7767700000000000E+08   3.1974755667725549E+05   2.3227854368480143E-13   2.9726247471650119E-24   3.7618474175012966E+03
   9.7967700000000000E+08   3.2197343964113231E+05   2.2917559630076159E-13   2.9323805988352826E-24   3.7625320101489006E+03
   9.8167700000000000E+08   3.2419505906274129E+05   2.2612769691798550E-13   2.8928938694308435E-24   3.7631664592956467E+03
   9.8367700000000000E+08   3.2641229367588059E+05   2.2313369681059537E-13   2.8541475137208235E-24   3.7637512797626837E+03
   9.8567700000000000E+08   3.2862503844967281E+05   2.2019246362940544E-13   2.8161247961167443E-24   3.7642869740976266E+03
   9.8767700000000000E+08   3.3083321260285546E+05   2.1730287499746031E-13   2.7788092023694962E-24   3.7647740357717357E+03
   9.8967700000000000E+08   3.3303676156520157E+05   2.1446381730456389E-13   2.7421844174721385E-24   3.7652129532802419E+03
   9.9167700000000000E+08   3.3523565361363057E+05   2.1167418865065709E-13   2.7062343570175462E-24   3.7656042141696089E+03
   9.9367700000000000E+08   3.3742987346215325E+05   2.0893290359046717E-13   2.6709432224728599E-24   3.7659483082373968E+03
   9.9567700000000000E+08   3.3961941559710994E+05   2.0623889699916510E-13   2.6362955462736013E-24   3.7662457295642148E+03
   9.9767700000000000E+08   3.4180427991076210E+05   2.0359112490224111E-13   2.6022761990064503E-24   3.7664969775166055E+03
   9.9967700000000000E+08   3.4398447683736280E+05   2.0098855761542171E-13   2.5688702983770978E-24   3.7667025578526836E+03
   1.0016770000000000E+09   3.4616014153247088E+05   1.9843009604288882E-13   2.5360621318153461E-24   3.7668629904331397E+03
   1.0036770000000000E+09   3.4833281903342233E+05   1.9591366051387921E-13   2.5038234952457260E-24   3.7669788309849746E+03
   1.0056770000000000E+09   3.5050915211546887E+05   1.9343365259524292E-13   2.4720811780207756E-24   3.7670507885192778E+03
   1.0076770000000000E+09   3.5269501553585898E+05   1.9098525577687383E-13   2.4407714274707937E-24   3.7670804996592997E+03
   1.0096770000000000E+09   3.5488816060781089E+05   1.8856948523249219E-13   2.4099046074095198E-24   3.7670703817120088E+03
   1.0116770000000000E+09   3.5708114068248961E+05   1.8619128456112258E-13   2.3795416836221743E-24   3.7670223951581243E+03
   1.0136770000000000E+09   3.5927010995227355E+05   1.8385531066005866E-13   2.3497406008681776E-24   3.7669376232684954E+03
   1.0156770000000000E+09   3.6143944589950342E+05   1.8156578525320650E-13   2.3205550111963615E-24   3.7668152053666713E+03
   1.0176770000000000E+09   3.6358736645054485E+05   1.7932441100759387E-13   2.2920046562742944E-24   3.7666571227484815E+03
   1.0196770000000000E+09   3.6572708575345122E+05   1.7712180343267750E-13   2.2639703968267546E-24   3.7664608063628411E+03
   1.0216770000000000E+09   3.6786099739963259E+05   1.7495580735423101E-13   2.2364236393276876E-24   3.7662267130809473E+03
   1.0236770000000000E+09   3.6998958254479378E+05   1.7282544009013744E-13   2.2093509119758791E-24   3.7659551350729007E+03
   1.0256770000000000E+09   3.7211294257448980E+05   1.7072994528585002E-13   2.1827416057362279E-24   3.7656464748341896E+03
   1.0276770000000000E+09   3.7423109690912307E+05   1.6866861621289786E-13   2.1565857672991291E-24   3.7653011599729225E+03
   1.0296770000000000E+09   3.7634405302334862E+05   1.6664075336782455E-13   2.1308735663945361E-24   3.7649196258146435E+03
   1.0316770000000000E+09   3.7845182782392006E+05   1.6464565418200427E-13   2.1055951646663257E-24   3.7645023125104422E+03
   1.0336770000000000E+09   3.8055445816968009E+05   1.6268261208633920E-13   2.0807407021424866E-24   3.7640496655325360E+03
   1.0356770000000000E+09   3.8265201507704076E+05   1.6075091383818738E-13   2.0563002608425289E-24   3.7635621373703989E+03
   1.0376770000000000E+09   3.8474462683139218E+05   1.5884983095229139E-13   2.0322637522528155E-24   3.7630401906103011E+03
   1.0396770000000000E+09   3.8683250296024722E+05   1.5697860990885457E-13   2.0086207879520874E-24   3.7624843033068746E+03
   1.0416770000000000E+09   3.8891593977992906E+05   1.5513647219987078E-13   1.9853606749931166E-24   3.7618949766518149E+03
   1.0436770000000000E+09   3.9099529027634673E+05   1.5332263334420745E-13   1.9624726542256801E-24   3.7612727428140156E+03
   1.0456770000000000E+09   3.9307089810284582E+05   1.5153633985925230E-13   1.9399463708825993E-24   3.7606181690938333E+03
   1.0476770000000000E+09   3.9514301621308911E+05   1.4977691191854732E-13   1.9177724223052896E-24   3.7599318548313390E+03
   1.0496770000000000E+09   3.9721174066762411E+05   1.4804377499890471E-13   1.8959427693998556E-24   3.7592144200151179E+03
   1.0516770000000000E+09   3.9927698357810057E+05   1.4633646866943478E-13   1.8744508585205892E-24   3.7584664878440972E+03
   1.0536770000000000E+09   4.0133849160026095E+05   1.4465463087217341E-13   1.8532914298399418E-24   3.7576886657559135E+03
   1.0556770000000000E+09   4.0339589882746956E+05   1.4299796530557584E-13   1.8324601069486058E-24   3.7568815296490161E+03
   1.0576770000000000E+09   4.0544879364222003E+05   1.4136620366976029E-13   1.8119529166605775E-24   3.7560456144503073E+03
   1.0596770000000000E+09   4.0749677981477225E+05   1.3975907318786947E-13   1.7917658722232432E-24   3.7551814118634670E+03
   1.0616770000000000E+09   4.0953951944439835E+05   1.3817627528185934E-13   1.7718946961640389E-24   3.7542893741466432E+03
   1.0636770000000000E+09   4.1157675418227509E+05   1.3661747639180692E-13   1.7523346968929664E-24   3.7533699216994569E+03
   1.0656770000000000E+09   4.1360830785920925E+05   1.3508230854724054E-13   1.7330807698181802E-24   3.7524234521179710E+03
   1.0676770000000000E+09   4.1563407682280376E+05   1.3357037593306624E-13   1.7141274758384202E-24   3.7514503488855530E+03
   1.0696770000000000E+09   4.1765401446628425E+05   1.3208126390063440E-13   1.6954691522584140E-24   3.7504509886111541E+03
   1.0716770000000000E+09   4.1966811489443114E+05   1.3061454788508076E-13   1.6771000237201954E-24   3.7494257464074230E+03
   1.0736770000000000E+09   4.2167639865028934E+05   1.2916980084314398E-13   1.6590142952642069E-24   3.7483749994750683E+03
   1.0756770000000000E+09   4.2367890169355756E+05   1.2774659874467331E-13   1.6412062212970391E-24   3.7472991292091565E+03
   1.0776770000000000E+09   4.2567566767526715E+05   1.2634452422002188E-13   1.6236701515195287E-24   3.7461985222181638E+03
   1.0796770000000000E+09   4.2766674297174846E+05   1.2496316872705201E-13   1.6064005582589356E-24   3.7450735706168912E+03
   1.0816770000000000E+09   4.2965217376441613E+05   1.2360213365652151E-13   1.5893920504106128E-24   3.7439246718787317E+03
   1.0836770000000000E+09   4.3163200450195791E+05   1.2226103074242409E-13   1.5726393785792158E-24   3.7427522284498596E+03
   1.0856770000000000E+09   4.3360627722404327E+05   1.2093948205406758E-13   1.5561374349010573E-24   3.7415566472565965E+03
   1.0876770000000000E+09   4.3557503138083540E+05   1.1963711975818636E-13   1.5398812499245164E-24   3.7403383391843395E+03
   1.0896770000000000E+09   4.3753830391192075E+05   1.1835358576913608E-13   1.5238659880437608E-24   3.7390977185705665E+03
   1.0916770000000000E+09   4.3949612944323098E+05   1.1708853135557526E-13   1.5080869423556132E-24   3.7378352027321848E+03
   1.0936770000000000E+09   4.4144854052312666E+05   1.1584161674040599E-13   1.4925395294097285E-24   3.7365512115346974E+03
   1.0956770000000000E+09   4.4339556785739691E+05   1.1461251071202522E-13   1.4772192840850883E-24   3.7352461670037269E+03
   1.0976770000000000E+09   4.4533724052501807E+05   1.1340089025475766E-13   1.4621218546963533E-24   3.7339204929763810E+03
   1.0996770000000000E+09   4.4727358616823464E+05   1.1220644020129321E-13   1.4472429983692257E-24   3.7325746147884729E+03
   1.1016770000000000E+09   4.4920463115653774E+05   1.1102885290758559E-13   1.4325785766934363E-24   3.7312089589935717E+03
   1.1036770000000000E+09   4.5113040072651725E+05   1.0986782794980860E-13   1.4181245516507150E-24   3.7298239531099348E+03
   1.1056770000000000E+09   4.5305091910036048E+05   1.0872307184265878E-13   1.4038769818108063E-24   3.7284200253918975E+03
   1.1076770000000000E+09   4.5496620958612137E+05   1.0759429777805987E-13   1.3898320187853192E-24   3.7269976046226739E+03
   1.1096770000000000E+09   4.5687629466220975E+05   1.0648122538337083E-13   1.3759859039295261E-24   3.7255571199259443E+03
   1.1116770000000000E+09   4.5878119604848436E+05   1.0538358049797719E-13   1.3623349652791184E-24   3.7240990005940080E+03
   1.1136770000000000E+09   4.6068093476565444E+05   1.0430109496711574E-13   1.3488756147083528E-24   3.7226236759305366E+03
   1.1156770000000000E+09   4.6257553118432191E+05   1.0323350645166964E-13   1.3356043452943882E-24   3.7211315751062375E+03
   1.1176770000000000E+09   4.6446500506450946E+05   1.0218055825262318E-13   1.3225177288718443E-24   3.7196231270259068E+03
   1.1196770000000000E+09   4.6634937558631611E+05   1.0114199914878097E-13   1.3096124137603994E-24   3.7180987602054879E+03
   1.1216770000000000E+09   4.6822866137183271E+05   1.0011758324641852E-13   1.2968851226489337E-24   3.7165589026578755E+03
   1.1236770000000000E+09   4.7010288049838808E+05   9.9107069839503400E-14   1.2843326506192455E-24   3.7150039817862994E+03
   1.1256770000000000E+09   4.7197205050300452E+05   9.8110223279190990E-14   1.2719518632931600E-24   3.7134344242840871E+03
   1.1276770000000000E+09   4.7383618837801489E+05   9.7126812851327902E-14   1.2597396950870869E-24   3.7118506560397868E+03
   1.1296770000000000E+09   4.7569531055770855E+05   9.6156612660817605E-14   1.2476931475596160E-24   3.7102531020465553E+03
   1.1316770000000000E+09   4.7754943289619917E+05   9.5199401521735981E-14   1.2358092878380792E-24   3.7086421863148030E+03
   1.1336770000000000E+09   4.7939857063681533E+05   9.4254962852222799E-14   1.2240852471116989E-24   3.7070183317872047E+03
   1.1356770000000000E+09   4.8124273837379477E+05   9.3323084573224477E-14   1.2125182191795534E-24   3.7053819602551207E+03
   1.1376770000000000E+09   4.8308195000731637E+05   9.2403559010313302E-14   1.2011054590433865E-24   3.7037334922757595E+03
   1.1396770000000000E+09   4.8491621869330551E+05   9.1496182797915786E-14   1.1898442815366781E-24   3.7020733470893188E+03
   1.1416770000000000E+09   4.8674555679010064E+05   9.0600756785330749E-14   1.1787320599818653E-24   3.7004019425356864E+03
   1.1436770000000000E+09   4.8856997580422636E+05   8.9717085944103174E-14   1.1677662248699813E-24   3.6987196949703025E+03
   1.1456770000000000E+09   4.9038948633810668E+05   8.8844979276354266E-14   1.1569442625573203E-24   3.6970270191790714E+03
   1.1476770000000000E+09   4.9220409804284031E+05   8.7984249723770180E-14   1.1462637139750034E-24   3.6953243282923522E+03
   1.1496770000000000E+09   4.9401381957936828E+05   8.7134714077032078E-14   1.1357221733482733E-24   3.6936120336983549E+03
   1.1516770000000000E+09   4.9581865859151306E+05   8.6296192885520107E-14   1.1253172869229509E-24   3.6918905449564263E+03
   1.1536770000000000E+09   4.9761862169428886E+05   8.5468510367186180E-14   1.1150467516972287E-24   3.6901602697109770E+03
   1.1556770000000000E+09   4.9941371448069008E+05   8.4651494318533710E-14   1.1049083141574928E-24   3.6884216136070086E+03
   1.1576770000000000E+09   5.0120394154983090E+05   8.3844976024660170E-14   1.0948997690170751E-24   3.6866749802083627E+03
   1.1596770000000000E+09   5.0298930655876122E+05   8.3048790169362946E-14   1.0850189579573799E-24   3.6849207709200246E+03
   1.1616770000000000E+09   5.0476981229943532E+05   8.2262774745377125E-14   1.0752637683717360E-24   3.6831593849158580E+03
   1.1636770000000000E+09   5.0654546080172050E+05   8.1486770964789726E-14   1.0656321321120154E-24   3.6813912190732708E+03
   1.1656770000000000E+09   5.0831625346216443E+05   8.0720623169782232E-14   1.0561220242394897E-24   3.6796166679163034E+03
   1.1676770000000000E+09   5.1008219119730999E+05   7.9964178743875096E-14   1.0467314617817543E-24   3.6778361235685302E+03
   1.1696770000000000E+09   5.1184327461940527E+05   7.9217288023893358E-14   1.0374585024981777E-24   3.6760499757171638E+03
   1.1716770000000000E+09   5.1359950423117320E+05   7.8479804212961768E-14   1.0283012436576216E-24   3.6742586115894769E+03
   1.1736770000000000E+09   5.1535088063546666E+05   7.7751583294874953E-14   1.0192578208327440E-24   3.6724624159424516E+03
   1.1756770000000000E+09   5.1709740475488961E+05   7.7032483950221105E-14   1.0103264067157354E-24   3.6706617710663650E+03
   1.1776770000000000E+09   5.1883907805571094E+05   7.6322367474696236E-14   1.0015052099612431E-24   3.6688570568025721E+03
   1.1796770000000000E+09   5.2057590277003404E+05   7.5621097700049476E-14   9.9279247406237519E-25   3.6670486505755352E+03
   1.1816770000000000E+09   5.2230788210992108E+05   7.4928540918112496E-14   9.8418647626598327E-25   3.6652369274386974E+03
   1.1836770000000000E+09   5.2403502046732785E+05   7.4244565808318380E-14   9.7568552653289815E-25   3.6634222601334614E+03
   1.1856770000000000E+09   5.2575732359394897E+05   7.3569043369085385E-14   9.6728796654850238E-25   3.6616050191601794E+03
   1.1876770000000000E+09   5.2747479875556426E+05   7.2901846853392384E-14   9.5899216878846390E-25   3.6597855728597647E+03
   1.1896770000000000E+09   5.2918745485646627E+05   7.2242851708743322E-14   9.5079653564283166E-25   3.6579642875041882E+03
   1.1916770000000000E+09   5.3089530253037042E+05   7.1591935521659959E-14   9.4269949860096617E-25   3.6561415273939324E+03
   1.1936770000000000E+09   5.3259835419539979E+05   7.0948977966722816E-14   9.3469951749822954E-25   3.6543176549602963E+03
   1.1956770000000000E+09   5.3429662407211179E+05   7.0313860760048529E-14   9.2679507982361206E-25   3.6524930308703538E+03
   1.1976770000000000E+09   5.3599012816457101E+05   6.9686467617026644E-14   9.1898470008660125E-25   3.6506680141323031E+03
   1.1996770000000000E+09   5.3767888420586882E+05   6.9066684214022388E-14   9.1126691923999375E-25   3.6488429621990313E+03
   1.2016770000000000E+09   5.3936291157070454E+05   6.8454398153648463E-14   9.0364030415392235E-25   3.6470182310678133E+03
   1.2036770000000000E+09   5.4104223115853372E+05   6.7849498933180557E-14   8.9610344713591309E-25   3.6451941753742053E+03
   1.2056770000000000E+09   5.4271686525179085E+05   6.7251877915611049E-14   8.8865496549059851E-25   3.6433711484785513E+03
   1.2076770000000000E+09   5.4438683735420939E+05   6.6661428302842993E-14   8.8129350111274898E-25   3.6415495025436007E+03
   1.2096770000000000E+09   5.4605217201498640E+05   6.6078045110462564E-14   8.7401772010628785E-25   3.6397295886022130E+03
   1.2116770000000000E+09   5.4771289464446018E+05   6.5501625143612080E-14   8.6682631242296672E-25   3.6379117566143827E+03
   1.2136770000000000E+09   5.4936903132738778E+05   6.4932066973432560E-14   8.5971799151356758E-25   3.6360963555131693E+03
   1.2156770000000000E+09   5.5102060863933084E+05   6.4369270913669442E-14   8.5269149398605805E-25   3.6342837332393742E+03
   1.2176770000000000E+09   5.5266765347169980E+05   6.3813138997014399E-14   8.4574557926473680E-25   3.6324742367652802E+03
   1.2196770000000000E+09   5.5431019287008594E+05   6.3263574950887786E-14   8.3887902924610568E-25   3.6306682121078757E+03
   1.2216770000000000E+09   5.5594825388991681E+05   6.2720484172419092E-14   8.3209064794783024E-25   3.6288660043323666E+03
   1.2236770000000000E+09   5.5758186347258766E+05   6.2183773702458538E-14   8.2537926114811770E-25   3.6270679575469248E+03
   1.2256770000000000E+09   5.5921104834390723E+05   6.1653352198595086E-14   8.1874371601470999E-25   3.6252744148897973E+03
   1.2276770000000000E+09   5.6083583493588376E+05   6.1129129907190495E-14   8.1218288072315273E-25   3.6234857185099363E+03
   1.2296770000000000E+09   5.6245624933151936E+05   6.0611018634562905E-14   8.0569564406563979E-25   3.6217022095424641E+03
   1.2316770000000000E+09   5.6407231723130494E+05   6.0098931717513675E-14   7.9928091505259394E-25   3.6199242280801354E+03
   1.2336770000000000E+09   5.6568406393922446E+05   5.9592783993442085E-14   7.9293762250986020E-25   3.6181521131419372E+03
   1.2356770000000000E+09   5.6729151436546922E+05   5.9092491770312226E-14   7.8666471467470375E-25   3.6163862026398433E+03
   1.2376770000000000E+09   5.6889469304253964E+05   5.8597972796763281E-14   7.8046115879422865E-25   3.6146268333446078E+03
   1.2396770000000000E+09   5.7049362415137771E+05   5.8109146232620535E-14   7.7432594072945186E-25   3.6128743408512555E+03
   1.2416770000000000E+09   5.7208833155430236E+05   5.7625932620025679E-14   7.6825806456781452E-25   3.6111290595447722E+03
   1.2436770000000000E+09   5.7367883883176814E+05   5.7148253855367680E-14   7.6225655224644293E-25   3.6093913225664232E+03
   1.2456770000000000E+09   5.7526516932031629E+05   5.6676033162151418E-14   7.5632044318796658E-25   3.6076614617808323E+03
   1.2476770000000000E+09   5.7684734614971664E+05   5.6209195064864127E-14   7.5044879394968256E-25   3.6059398077439314E+03
   1.2496770000000000E+09   5.7842539227752422E+05   5.5747665363891596E-14   7.4464067788677717E-25   3.6042266896717747E+03
   1.2516770000000000E+09   5.7999933051984443E+05   5.5291371111472404E-14   7.3889518482948439E-25   3.6025224354101233E+03
   1.2536770000000000E+09   5.8156918357731646E+05   5.4840240588671179E-14   7.3321142077397871E-25   3.6008273714046377E+03
   1.2556770000000000E+09   5.8313497405571747E+05   5.4394203283318879E-14   7.2758850758635929E-25   3.5991418226714864E+03
   1.2576770000000000E+09   5.8469672448075598E+05   5.3953189868861524E-14   7.2202558271898565E-25   3.5974661127682098E+03
   1.2596770000000000E+09   5.8625445730686246E+05   5.3517132184049593E-14   7.1652179893832802E-25   3.5958005637645224E+03
   1.2616770000000000E+09   5.8780819491998095E+05   5.3085963213384507E-14   7.1107632406324666E-25   3.5941454962128901E+03
   1.2636770000000000E+09   5.8935795963444258E+05   5.2659617068249285E-14   7.0568834071276208E-25   3.5925012291186645E+03
   1.2656770000000000E+09   5.9090377368413145E+05   5.2238028968639556E-14   7.0035704606224128E-25   3.5908680799094973E+03
   1.2676770000000000E+09   5.9244565920823626E+05   5.1821135225410754E-14   6.9508165160688338E-25   3.5892463644038858E+03
   1.2696770000000000E+09   5.9398363823184988E+05   5.1408873222970462E-14   6.8986138293157219E-25   3.5876363967786720E+03
   1.2716770000000000E+09   5.9551773264165525E+05   5.1001181402349492E-14   6.8469547948622019E-25   3.5860384895352822E+03
   1.2736770000000000E+09   5.9704796415718901E+05   5.0597999244560141E-14   6.7958319436537654E-25   3.5844529534645781E+03
   1.2756770000000000E+09   5.9857435429788276E+05   5.0199267254196091E-14   6.7452379409147281E-25   3.5828800976102348E+03
   1.2776770000000000E+09   6.0009692434649856E+05   4.9804926943176338E-14   6.6951655840040847E-25   3.5813202292304136E+03
   1.2796770000000000E+09   6.0161569530943211E+05   4.9414920814571194E-14   6.6456078002860510E-25   3.5797736537577493E+03
   1.2816770000000000E+09   6.0313068787456246E+05   4.9029192346425907E-14   6.5965576450038566E-25   3.5782406747574760E+03
   1.2836770000000000E+09   6.0464192236726824E+05   4.8647685975518856E-14   6.5480082991479111E-25   3.5767215938837212E+03
   1.2856770000000000E+09   6.0614941870546504E+05   4.8270347080966966E-14   6.4999530673064022E-25   3.5752167108338240E+03
   1.2876770000000000E+09   6.0765319635420095E+05   4.7897121967645000E-14   6.4523853754931632E-25   3.5737263233008102E+03
   1.2896770000000000E+09   6.0915327428049792E+05   4.7527957849366665E-14   6.4052987689456443E-25   3.5722507269238927E+03
   1.2916770000000000E+09   6.1064967090888089E+05   4.7162802831811420E-14   6.3586869098901483E-25   3.5707902152371134E+03
   1.2936770000000000E+09   6.1214240407774912E+05   4.6801605895217576E-14   6.3125435752766660E-25   3.5693450796161624E+03
   1.2956770000000000E+09   6.1363149099654797E+05   4.6444316876875998E-14   6.2668626544875477E-25   3.5679156092233707E+03
   1.2976770000000000E+09   6.1511694820332353E+05   4.6090886453500048E-14   6.2216381470297828E-25   3.5665020909509517E+03
   1.2996770000000000E+09   6.1659879152204096E+05   4.5741266123567262E-14   6.1768641602233807E-25   3.5651048093625309E+03
   1.3016770000000000E+09   6.1807703601891722E+05   4.5395408189745775E-14   6.1325349069010747E-25   3.5637240466328817E+03
   1.3036770000000000E+09   6.1955169595741329E+05   4.5053265741501666E-14   6.0886447031319290E-25   3.5623600824859832E+03
   1.3056770000000000E+09   6.2102278475257056E+05   4.4714792637924666E-14   6.0451879659740999E-25   3.5610131941312220E+03
   1.3076770000000000E+09   6.2249031492718693E+05   4.4379943490716032E-14   6.0021592112488292E-25   3.5596836561978666E+03
   1.3096770000000000E+09   6.2395429807538597E+05   4.4048673647104801E-14   5.9595530513039012E-25   3.5583717406678179E+03
   1.3116770000000000E+09   6.2541474484284734E+05   4.3720939172268829E-14   5.9173641927084576E-25   3.5570777168069990E+03
   1.3136770000000000E+09   6.2687166493744426E+05   4.3396696830594101E-14   5.8755874337876629E-25   3.5558018510959814E+03
   1.3156770000000000E+09   6.2832506718794524E+05   4.3075904064907113E-14   5.8342176618778248E-25   3.5545444071609231E+03
   1.3176770000000000E+09   6.2977495967014902E+05   4.2758518972758235E-14   5.7932498501736090E-25   3.5533056457065568E+03
   1.3196770000000000E+09   6.3122134991790750E+05   4.2444500278956833E-14   5.7526790540546884E-25   3.5520858244534538E+03
   1.3216770000000000E+09   6.3266424522834073E+05   4.2133807304036322E-14   5.7125004068426639E-25   3.5508851980825348E+03
   1.3236770000000000E+09   6.3410365305546508E+05   4.1826399929151432E-14   5.6727091150508688E-25   3.5497040181899333E+03
   1.3256770000000000E+09   6.3553958146492764E+05   4.1522238559041979E-14   5.6333004533439501E-25   3.5485425332551949E+03
   1.3276770000000000E+09   6.3697203959750629E+05   4.1221284085976621E-14   5.5942697596002243E-25   3.5474009886247804E+03
   1.3296770000000000E+09   6.3840103806727775E+05   4.0923497858622796E-14   5.5556124306138119E-25   3.5462796265111660E+03
   1.3316770000000000E+09   6.3982658920973854E+05   4.0628841660190705E-14   5.5173239190334041E-25   3.5451786860052716E+03
   1.3336770000000000E+09   6.4124870710496395E+05   4.0337277699484100E-14   5.4793997320428240E-25   3.5440984030971672E+03
   1.3356770000000000E+09   6.4266740733555879E+05   4.0048768616502855E-14   5.4418354320229574E-25   3.5430390106974169E+03
   1.3376770000000000E+09   6.4408270649681974E+05   3.9763277501115202E-14   5.4046266390112392E-25   3.5420007386501079E+03
   1.3396770000000000E+09   6.4549462154455052E+05   3.9480767919791286E-14   5.3677690342933509E-25   3.5409838137290062E+03
   1.3416770000000000E+09   6.4690316912308487E+05   3.9201203942579696E-14   5.3312583640724937E-25   3.5399884596113802E+03
   1.3436770000000000E+09   6.4830836503804871E+05   3.8924550161636925E-14   5.2950904420332175E-25   3.5390148968286176E+03
   1.3456770000000000E+09   6.4971022400764341E+05   3.8650771694521223E-14   5.2592611498641453E-25   3.5380633426987079E+03
   1.3476770000000000E+09   6.5110875974313682E+05   3.8379834170000946E-14   5.2237664354132566E-25   3.5371340112504431E+03
   1.3496770000000000E+09   6.5250398529836815E+05   3.8111703699906454E-14   5.1886023089341109E-25   3.5362271131509524E+03
   1.3516770000000000E+09   6.5389591353150643E+05   3.7846346845421992E-14   5.1537648385490244E-25   3.5353428556464441E+03
   1.3536770000000000E+09   6.5528455748554785E+05   3.7583730587853934E-14   5.1192501462904689E-25   3.5344814425201062E+03
   1.3556770000000000E+09   6.5666993054038065E+05   3.7323822311300605E-14   5.0850544057391030E-25   3.5336430740642418E+03
   1.3576770000000000E+09   6.5805204630362580E+05   3.7066589798677284E-14   5.0511738414731072E-25   3.5328279470578045E+03
   1.3596770000000000E+09   6.5943091833623371E+05   3.6812001236047752E-14   5.0176047296579804E-25   3.5320362547394748E+03
   1.3616770000000000E+09   6.6080655988491862E+05   3.6560025216521997E-14   4.9843433985957145E-25   3.5312681867697847E+03
   1.3636770000000000E+09   6.6217898377333744E+05   3.6310630736222911E-14   4.9513862282089268E-25   3.5305239291830367E+03
   1.3656770000000000E+09   6.6354820249974215E+05   3.6063787180194113E-14   4.9187296481581046E-25   3.5298036643356313E+03
   1.3676770000000000E+09   6.6491422846334230E+05   3.5819464302473720E-14   4.8863701351540063E-25   3.5291075708595286E+03
   1.3696770000000000E+09   6.6627707417513605E+05   3.5577632207835252E-14   4.8543042104810360E-25   3.5284358236260091E+03
   1.3716770000000000E+09   6.6763675234053808E+05   3.5338261341086335E-14   4.8225284385384968E-25   3.5277885937183451E+03
   1.3736770000000000E+09   6.6899327580286411E+05   3.5101322484712565E-14   4.7910394265174718E-25   3.5271660484073445E+03
   1.3756770000000000E+09   6.7034665742991283E+05   3.4866786760938358E-14   4.7598338246871029E-25   3.5265683511234874E+03
   1.3776770000000000E+09   6.7169691004269791E+05   3.4634625633225704E-14   4.7289083266131817E-25   3.5259956614239040E+03
   1.3796770000000000E+09   6.7304404642112495E+05   3.4404810905110985E-14   4.6982596690171478E-25   3.5254481349576163E+03
   1.3816770000000000E+09   6.7438807933931390E+05   3.4177314718015892E-14   4.6678846314923130E-25   3.5249259234335641E+03
   1.3836770000000000E+09   6.7572902155184268E+05   3.3952109551097410E-14   4.6377800364939210E-25   3.5244291745929077E+03
   1.3856770000000000E+09   6.7706688568198064E+05   3.3729168224675730E-14   4.6079427498190103E-25   3.5239580321815374E+03
   1.3876770000000000E+09   6.7840168397589982E+05   3.3508463907737087E-14   4.5783696816541972E-25   3.5235126359151700E+03
   1.3896770000000000E+09   6.7973342774482514E+05   3.3289970135061464E-14   4.5490577889645162E-25   3.5230931214254738E+03
   1.3916770000000000E+09   6.8106212581326207E+05   3.3073660858255972E-14   4.5200040825729115E-25   3.5226996201626025E+03
   1.3936770000000000E+09   6.8238778000230284E+05   3.2859510602182656E-14   4.4912056487843651E-25   3.5223322591894130E+03
   1.3956770000000000E+09   6.8371037259461603E+05   3.2647494910180185E-14   4.4626597108247964E-25   3.5219911607108938E+03
   1.3976770000000000E+09   6.8502983374783746E+05   3.2437591515662025E-14   4.4343637903409332E-25   3.5216764410052597E+03
   1.3996770000000000E+09   6.8634596249160729E+05   3.2229783204180590E-14   4.4063161015663724E-25   3.5213882081298957E+03
   1.4016770000000000E+09   6.8765824969310139E+05   3.2024064268973983E-14   4.3785164396569375E-25   3.5211265573706828E+03
   1.4036770000000000E+09   6.8896551692609338E+05   3.1820453768859234E-14   4.3509680038233397E-25   3.5208915629645762E+03
   1.4056770000000000E+09   6.9026526135125896E+05   3.1619019757814112E-14   4.3236807277649835E-25   3.5206832642013646E+03
   1.4076770000000000E+09   6.9155263861768623E+05   3.1419917204633847E-14   4.2966764925810908E-25   3.5205016430589098E+03
   1.4096770000000000E+09   6.9281920813070470E+05   3.1223435108128254E-14   4.2699956150729096E-25   3.5203465868228386E+03
   1.4116770000000000E+09   6.9405192264583509E+05   3.1030034202568444E-14   4.2437020858192313E-25   3.5202178190241184E+03
   1.4136770000000000E+09   6.9523304792257445E+05   3.0840346732663652E-14   4.2178836895922991E-25   3.5201147686755512E+03
   1.4156770000000000E+09   6.9634085177775472E+05   3.0655138254074317E-14   4.1926470133006616E-25   3.5200363647498411E+03
   1.4176770000000000E+09   6.9734823829007416E+05   3.0475333588821678E-14   4.1681211783341730E-25   3.5199808639734365E+03
   1.4196770000000000E+09   6.9821441157799540E+05   3.0302309535540359E-14   4.1444976350035261E-25   3.5199460318166648E+03
   1.4216770000000000E+09   6.9887205725286482E+05   3.0138421177376042E-14   4.1221013112070366E-25   3.5199298402226195E+03
   1.4236770000000000E+09   6.9923646436003759E+05   2.9986819998819061E-14   4.1013657471669852E-25   3.5199304594554774E+03
   1.4256770000000000E+09   6.9927509500858735E+05   2.9848970912777217E-14   4.0824973373460654E-25   3.5199429406667623E+03
   1.4276770000000000E+09   6.9910378843988164E+05   2.9720774885479117E-14   4.0649497078944071E-25   3.5199550884366672E+03
   1.4296770000000000E+09   6.9895473495825112E+05   2.9593242548049451E-14   4.0475079048852514E-25   3.5199542504906385E+03
   1.4316770000000000E+09   6.9895614391301095E+05   2.9461036498222079E-14   4.0294344879614351E-25   3.5199467520652356E+03
   1.4336770000000000E+09   6.9908109553797357E+05   2.9324832745548430E-14   4.0108297165351196E-25   3.5199256541550994E+03
   1.4356770000000000E+09   6.9882245527584373E+05   2.9206438163635784E-14   3.9945952806861480E-25   3.5199620613737043E+03
   6.5767700000000000E+08  -1.3856801439255280E+03   2.9293493389893625E-08   1.0561684293570764E-22   1.8299015919257754E+03
   6.5967700000000000E+08  -1.3231429420288177E+03   4.8387884817502784E-08   1.4420773339752382E-22   2.2138234982890026E+03
   6.6167700000000000E+08  -1.2174152117069266E+03   6.0401016336616827E-08   1.6065749266329227E-22   2.4805579320600696E+03
   6.6367700000000000E+08  -1.0487535045380637E+03   6.6392452509188286E-08   1.6288200298253232E-22   2.6894484472971853E+03
   6.6567700000000000E+08  -7.6076269021385622E+02   6.7292057378974094E-08   1.5507303089748885E-22   2.8632137130508318E+03
   6.6767700000000000E+08  -3.8692122335624418E+02   6.4976209705830281E-08   1.4229843905969498E-22   3.0129071814089675E+03
   6.6967700000000000E+08   5.1075521417335686E+01   6.1005090751905885E-08   1.2799905765972259E-22   3.1448010391777161E+03
   6.7167700000000000E+08   5.3025320231802630E+02   5.6426570203048695E-08   1.1410901265074132E-22   3.2628545908018032E+03
   6.7367700000000000E+08   1.0302523054666044E+03   5.1839251209032236E-08   1.0150602443270376E-22   3.3697653712580445E+03
   6.7567700000000000E+08   1.5280394648260469E+03   4.7542269421966859E-08   9.0468485946119076E-23   3.4674755146821885E+03
   6.7767700000000000E+08   1.9937458517223249E+03   4.3661299220833152E-08   8.0981857138148490E-23   3.5574404104786613E+03
   6.7967700000000000E+08   2.3940507338654779E+03   4.0227040092915530E-08   7.2903759504715104E-23   3.6407838774401544E+03
   6.8167700000000000E+08   2.7068197068329000E+03   3.7217790257643986E-08   6.6041994608086059E-23   3.7183945850791915E+03
   6.8367700000000000E+08   2.9303515160139659E+03   3.4578070272914674E-08   6.0182749844044716E-23   3.7909895737277252E+03
   6.8567700000000000E+08   3.0680193425957837E+03   3.2231772306434008E-08   5.5108052495786663E-23   3.8591570932775339E+03
   6.8767700000000000E+08   3.0923802426022917E+03   3.0095701808488919E-08   5.0613561146182640E-23   3.9233858723581188E+03
   6.8967700000000000E+08   2.9345128900086229E+03   2.8107762247905288E-08   4.6550171484615699E-23   3.9840852766547691E+03
   6.9167700000000000E+08   2.5460158147608167E+03   2.6247069362586590E-08   4.2849951668131511E-23   4.0416017150936941E+03
   6.9367700000000000E+08   1.9747258052812927E+03   2.4528903462989304E-08   3.9510665153369313E-23   4.0962335126818489E+03
   6.9567700000000000E+08   1.3772808394954977E+03   2.2979741379985387E-08   3.6550896911536800E-23   4.1482429888781890E+03
   6.9767700000000000E+08   9.6209699861115757E+02   2.1615932571347590E-08   3.3974840231241018E-23   4.1978641837474970E+03
   6.9967700000000000E+08   9.1621203391380914E+02   2.0436936749277264E-08   3.1762335945815291E-23   4.2453066775673587E+03
   7.0167700000000000E+08   1.3573139333383990E+03   1.9428280668246878E-08   2.9874443253001374E-23   4.2907573013348583E+03
   7.0367700000000000E+08   2.3194634269152348E+03   1.8567314107329402E-08   2.8262823522694628E-23   4.3343813174009592E+03
   7.0567700000000000E+08   3.7638711090180382E+03   1.7828354818732779E-08   2.6877603306222384E-23   4.3763238539340055E+03
   7.0767700000000000E+08   5.6020015969621209E+03   1.7186288614923094E-08   2.5672500377283297E-23   4.4167117638218624E+03
   7.0967700000000000E+08   7.7203553012655229E+03   1.6618659077737890E-08   2.4607484855464878E-23   4.4556557786573330E+03
   7.1167700000000000E+08   1.0000771302801228E+04   1.6106603957158595E-08   2.3649668965674722E-23   4.4932527477072017E+03
   7.1367700000000000E+08   1.2334456641010202E+04   1.5635033725763103E-08   2.2773107119182957E-23   4.5295877843525905E+03
   7.1567700000000000E+08   1.4627406721220108E+04   1.5192232838999305E-08   2.1957822357518543E-23   4.5647361844056550E+03
   7.1767700000000000E+08   1.6805169299086188E+04   1.4769744783922753E-08   2.1189320585643420E-23   4.5987650811707645E+03
   7.1967700000000000E+08   1.8816565997160018E+04   1.4361798744171377E-08   2.0457512801532600E-23   4.6317348763270129E+03
   7.2167700000000000E+08   2.0630953497067847E+04   1.3964756795107867E-08   1.9755731537561708E-23   4.6637004303154617E+03
   7.2367700000000000E+08   2.2235188443148225E+04   1.3576625882948351E-08   1.9079898521798434E-23   4.6947120066784173E+03
   7.2567700000000000E+08   2.3630421151693601E+04   1.3196607701796120E-08   1.8427790798524910E-23   4.7248160143503846E+03
   7.2767700000000000E+08   2.4828634251374799E+04   1.2824704136742842E-08   1.7798420860572054E-23   4.7540555827467560E+03
   7.2967700000000000E+08   2.5849195137312126E+04   1.2461385758440622E-08   1.7191532449194633E-23   4.7824709997301643E+03
   7.3167700000000000E+08   2.6715666240949402E+04   1.2107329142470394E-08   1.6607212317340198E-23   4.8101000407036890E+03
   7.3367700000000000E+08   2.7453079421167775E+04   1.1763224974877446E-08   1.6045613951881291E-23   4.8369782148341073E+03
   7.3567700000000000E+08   2.8085817028185138E+04   1.1429653647114511E-08   1.5506783068003183E-23   4.8631389514370194E+03
   7.3767700000000000E+08   2.8636154543086330E+04   1.1107019219506882E-08   1.4990567895446288E-23   4.8886137458620260E+03
   7.3967700000000000E+08   2.9123430002317313E+04   1.0795529079646175E-08   1.4496593694168972E-23   4.9134322799316815E+03
   7.4167700000000000E+08   2.9563738700675549E+04   1.0495204873538904E-08   1.4024279769699166E-23   4.9376225277091926E+03
   7.4367700000000000E+08   2.9970013069671168E+04   1.0205911400926740E-08   1.3572879806671081E-23   4.9612108534857052E+03
   7.4567700000000000E+08   3.0352344040886845E+04   9.9273927445912815E-09   1.3141530600142837E-23   4.9842221057570578E+03
   7.4767700000000000E+08   3.0718419829794540E+04   9.6593082122012545E-09   1.2729299225415981E-23   5.0066797087434716E+03
   7.4967700000000000E+08   3.1073990172466667E+04   9.4012637967627747E-09   1.2335223154432049E-23   5.0286057516388046E+03
   7.5167700000000000E+08   3.1423297746149972E+04   9.1528373331699264E-09   1.1958341230567236E-23   5.0500210750908554E+03
   7.5367700000000000E+08   3.1769447068943569E+04   8.9135971848537591E-09   1.1597715613688006E-23   5.0709453541996863E+03
   7.5567700000000000E+08   3.2114701736138024E+04   8.6831152168156978E-09   1.1252445971923434E-23   5.0913971773825242E+03
   7.5767700000000000E+08   3.2460713478159887E+04   8.4609751870294349E-09   1.0921677617266522E-23   5.1113941206428190E+03
   7.5967700000000000E+08   3.2808692810973836E+04   8.2467777196104700E-09   1.0604605251377752E-23   5.1309528170001959E+03
   7.6167700000000000E+08   3.3159533021326912E+04   8.0401428759612798E-09   1.0300473735840890E-23   5.1500890210344924E+03
   7.6367700000000000E+08   3.3513898695522148E+04   7.8407111277661861E-09   1.0008576979811881E-23   5.1688176686487641E+03
   7.6567700000000000E+08   3.3872288294922684E+04   7.6481433241190029E-09   9.7282557324247346E-24   5.1871529322600945E+03
   7.6767700000000000E+08   3.4235078249028615E+04   7.4621200652210417E-09   9.4588948147943110E-24   5.2051082716895762E+03
   7.6967700000000000E+08   3.4602554134468483E+04   7.2823407562065559E-09   9.1999201355928026E-24   5.2226964810532245E+03
   7.7167700000000000E+08   3.4974932930003015E+04   7.1085225144577797E-09   8.9507956990992180E-24   5.2399297319638208E+03
   7.7367700000000000E+08   3.5352379124313564E+04   6.9403990352278168E-09   8.7110207240075231E-24   5.2568196133469764E+03
   7.7567700000000000E+08   3.5735016569189291E+04   6.7777194755630526E-09   8.4801269333326471E-24   5.2733771681597209E+03
   7.7767700000000000E+08   3.6122937351683089E+04   6.6202473883676065E-09   8.2576760403914495E-24   5.2896129272801918E+03
   7.7967700000000000E+08   3.6516208538369807E+04   6.4677597214705067E-09   8.0432574353461277E-24   5.3055369408157158E+03
   7.8167700000000000E+08   3.6914877365759108E+04   6.3200458867399327E-09   7.8364860656817346E-24   5.3211588070550479E+03
   7.8367700000000000E+08   3.7318975268541137E+04   6.1769068989041112E-09   7.6370004985469038E-24   5.3364876992700883E+03
   7.8567700000000000E+08   3.7728521019143554E+04   6.0381545809929079E-09   7.4444611507276119E-24   5.3515323905530804E+03
   7.8767700000000000E+08   3.8143523175400136E+04   5.9036108320837174E-09   7.2585486716708377E-24   5.3663012768577983E+03
   7.8967700000000000E+08   3.8563981982801146E+04   5.7731069526356100E-09   7.0789624655457174E-24   5.3808023983971425E+03
   7.9167700000000000E+08   3.8989890843946487E+04   5.6464830227272430E-09   6.9054193393197393E-24   5.3950434595351562E+03
   7.9367700000000000E+08   3.9421237444206236E+04   5.5235873287498727E-09   6.7376522649592365E-24   5.4090318472984336E+03
   7.9567700000000000E+08   3.9858004605326176E+04   5.4042758344251562E-09   6.5754092449958624E-24   5.4227746486201368E+03
   7.9767700000000000E+08   4.0300170925483952E+04   5.2884116923560815E-09   6.4184522717669682E-24   5.4362786664194600E+03
   7.9967700000000000E+08   4.0747711253701542E+04   5.1758647926471463E-09   6.2665563716116719E-24   5.4495504346096986E+03
   8.0167700000000000E+08   4.1200597037744286E+04   5.0665113454369621E-09   6.1195087261822584E-24   5.4625962321198094E+03
   8.0367700000000000E+08   4.1658796577251080E+04   4.9602334944682100E-09   5.9771078638170358E-24   5.4754220960065268E+03
   8.0567700000000000E+08   4.2122275207567203E+04   4.8569189590764551E-09   5.8391629146230950E-24   5.4880338337272860E+03
   8.0767700000000000E+08   4.2590995434430042E+04   4.7564607022149235E-09   5.7054929235477768E-24   5.5004370346380001E+03
   8.0967700000000000E+08   4.3064917035227358E+04   4.6587566223467862E-09   5.5759262162816698E-24   5.5126370807740423E+03
   8.1167700000000000E+08   4.3543997138895160E+04   4.5637092672341686E-09   5.4502998133439921E-24   5.5246391569678572E+03
   8.1367700000000000E+08   4.4028190293610183E+04   4.4712255678340147E-09   5.3284588881578902E-24   5.5364482603519227E+03
   8.1567700000000000E+08   4.4517448529170899E+04   4.3812165906775521E-09   5.2102562653348825E-24   5.5480692092917470E+03
   8.1767700000000000E+08   4.5011721419287838E+04   4.2935973072624474E-09   5.0955519557584030E-24   5.5595066517897521E+03
   8.1967700000000000E+08   4.5510956147810626E+04   4.2082863791259920E-09   4.9842127253898995E-24   5.5707650733975661E+03
   8.2167700000000000E+08   4.6015097582132228E+04   4.1252059573934578E-09   4.8761116950196927E-24   5.5818488046711809E+03
   8.2367700000000000E+08   4.6524088356501954E+04   4.0442814957089022E-09   4.7711279684521626E-24   5.5927620282005382E+03
   8.2567700000000000E+08   4.7037868967653507E+04   3.9654415755559712E-09   4.6691462868520612E-24   5.6035087852426987E+03
   8.2767700000000000E+08   4.7556377884915128E+04   3.8886177430642401E-09   4.5700567071888769E-24   5.6140929819853664E+03
   8.2967700000000000E+08   4.8079551676712654E+04   3.8137443564719031E-09   4.4737543028999506E-24   5.6245183954654294E+03
   8.3167700000000000E+08   4.8607325155018181E+04   3.7407584434806059E-09   4.3801388850547478E-24   5.6347886791653527E+03
   8.3367700000000000E+08   4.9139631538810288E+04   3.6695995677917989E-09   4.2891147424423060E-24   5.6449073683083743E+03
   8.3567700000000000E+08   4.9676402636929954E+04   3.6002097041589572E-09   4.2005903991257315E-24   5.6548778848720140E+03
   8.3767700000000000E+08   5.0217569049863392E+04   3.5325331213279924E-09   4.1144783881144464E-24   5.6647035423377984E+03
   8.3967700000000000E+08   5.0763060388982871E+04   3.4665162722697041E-09   4.0306950398982074E-24   5.6743875501938846E+03
   8.4167700000000000E+08   5.1312805510671409E+04   3.4021076911368987E-09   3.9491602846716906E-24   5.6839330182059330E+03
   8.4367700000000000E+08   5.1866732761646665E+04   3.3392578964054300E-09   3.8697974671558279E-24   5.6933429604705743E+03
   8.4567700000000000E+08   5.2424770230737304E+04   3.2779192996854054E-09   3.7925331729957374E-24   5.7026202992646486E+03
   8.4767700000000000E+08   5.2986846001489117E+04   3.2180461197173166E-09   3.7172970657863296E-24   5.7117678687025564E+03
   8.4967700000000000E+08   5.3552888399323609E+04   3.1595943010991737E-09   3.6440217338478200E-24   5.7207884182131183E+03
   8.5167700000000000E+08   5.4122826226661557E+04   3.1025214373252403E-09   3.5726425459446555E-24   5.7296846158465269E+03
   8.5367700000000000E+08   5.4696588979461492E+04   3.0467866977549063E-09   3.5030975152136608E-24   5.7384590514213405E+03
   8.5567700000000000E+08   5.5274107039062044E+04   2.9923507581708369E-09   3.4353271706396580E-24   5.7471142395206480E+03
   8.5767700000000000E+08   5.5855311834018496E+04   2.9391757346283721E-09   3.3692744354891573E-24   5.7556526223460160E+03
   8.5967700000000000E+08   5.6440135967762479E+04   2.8872251203412744E-09   3.3048845121830909E-24   5.7640765724371959E+03
   8.6167700000000000E+08   5.7028513309311718E+04   2.8364637253917634E-09   3.2421047731570963E-24   5.7723883952650594E+03
   8.6367700000000000E+08   5.7620379045824608E+04   2.7868576190925314E-09   3.1808846573201698E-24   5.7805903317048096E+03
   8.6567700000000000E+08   5.8215669697420642E+04   2.7383740748652713E-09   3.1211755717794130E-24   5.7886845603959255E+03
   8.6767700000000000E+08   5.8814323096280896E+04   2.6909815175313418E-09   3.0629307985474256E-24   5.7966731999950598E+03
   8.6967700000000000E+08   5.9416278333483431E+04   2.6446494729357941E-09   3.0061054059901062E-24   5.8045583113275725E+03
   8.7167700000000000E+08   6.0021475678242583E+04   2.5993485198451842E-09   2.9506561648051820E-24   5.8123418994432050E+03
   8.7367700000000000E+08   6.0629856475137582E+04   2.5550502440719620E-09   2.8965414683457959E-24   5.8200259155808562E+03
   8.7567700000000000E+08   6.1241363025487379E+04   2.5117271947849223E-09   2.8437212571199126E-24   5.8276122590473142E+03
   8.7767700000000000E+08   6.1855938459253681E+04   2.4693528429659973E-09   2.7921569473054957E-24   5.8351027790145145E+03
   8.7967700000000000E+08   6.2473526603732229E+04   2.4279015419701532E-09   2.7418113631252220E-24   5.8424992762393758E+03
   8.8167700000000000E+08   6.3094071854879512E+04   2.3873484901379002E-09   2.6926486729232709E-24   5.8498035047103986E+03
   8.8367700000000000E+08   6.3717519056446472E+04   2.3476696954007851E-09   2.6446343287833545E-24   5.8570171732246490E+03
   8.8567700000000000E+08   6.4343813391315802E+04   2.3088419418091970E-09   2.5977350095209479E-24   5.8641419468987733E+03
   8.8767700000000000E+08   6.4972900288665245E+04   2.2708427578999364E-09   2.5519185668754707E-24   5.8711794486172657E+03
   8.8967700000000000E+08   6.5604725350179608E+04   2.2336503868073743E-09   2.5071539747184830E-24   5.8781312604212480E+03
   8.9167700000000000E+08   6.6239234299192438E+04   2.1972437580023083E-09   2.4634112810773639E-24   5.8849989248406691E+03
   8.9367700000000000E+08   6.6876372959851491E+04   2.1616024605080529E-09   2.4206615627403431E-24   5.8917839461726871E+03
   8.9567700000000000E+08   6.7516087282304623E+04   2.1267067173730177E-09   2.3788768821351134E-24   5.8984877917089680E+03
   8.9767700000000000E+08   6.8158323450343712E+04   2.0925373610350438E-09   2.3380302460174494E-24   5.9051118929143786E+03
   8.9967700000000000E+08   6.8803028149169375E+04   2.0590758089373414E-09   2.2980955652046814E-24   5.9116576465595263E+03
   9.0167700000000000E+08   6.9450149143493065E+04   2.0263040382888505E-09   2.2590476140762053E-24   5.9181264158096992E+03
   9.0367700000000000E+08   7.0099636421172065E+04   1.9942045582158567E-09   2.2208619878569814E-24   5.9245195312726319E+03
   9.0567700000000000E+08   7.0751444259055832E+04   1.9627603769940769E-09   2.1835150551014723E-24   5.9308382920080194E+03
   9.0767700000000000E+08   7.1405534544159775E+04   1.9319549624026982E-09   2.1469839032204682E-24   5.9370839665016620E+03
   9.0967700000000000E+08   7.2061881279921101E+04   1.9017721961369135E-09   2.1112462781459030E-24   5.9432577936072494E+03
   9.1167700000000000E+08   7.2720475074773654E+04   1.8721963307524455E-09   2.0762805276033795E-24   5.9493609834578383E+03
   9.1367700000000000E+08   7.3381324390748996E+04   1.8432119704355629E-09   2.0420655715952884E-24   5.9553947183464570E+03
   9.1567700000000000E+08   7.4044448114501458E+04   1.8148041100438839E-09   2.0085809380110901E-24   5.9613601535710723E+03
   9.1767700000000000E+08   7.4709853899929745E+04   1.7869582654958284E-09   1.9758068993220359E-24   5.9672584182334722E+03
   9.1967700000000000E+08   7.5377502305190836E+04   1.7596606905816619E-09   1.9437247038624947E-24   5.9730906159795077E+03
   9.2167700000000000E+08   7.6047269801513932E+04   1.7328985922383621E-09   1.9123168035864626E-24   5.9788578256748506E+03
   9.2367700000000000E+08   7.6718938038433815E+04   1.7066601675692445E-09   1.8815668834899402E-24   5.9845611020300703E+03
   9.2567700000000000E+08   7.7392235988166532E+04   1.6809343015144023E-09   1.8514595174072236E-24   5.9902014762146600E+03
   9.2767700000000000E+08   7.8066929109100718E+04   1.6557099678420375E-09   1.8219795010141122E-24   5.9957799565098012E+03
   9.2967700000000000E+08   7.8742899012673792E+04   1.6309756926277203E-09   1.7931112595279533E-24   6.0012975290205914E+03
   9.3167700000000000E+08   7.9420146693165763E+04   1.6067195548318941E-09   1.7648388492194131E-24   6.0067551584129487E+03
   9.3367700000000000E+08   8.0098710213473300E+04   1.5829296866854866E-09   1.7371465057356957E-24   6.0121537885973985E+03
   9.3567700000000000E+08   8.0778577542617131E+04   1.5595946849788929E-09   1.7100190891353187E-24   6.0174943433047956E+03
   9.3767700000000000E+08   8.1459706011893271E+04   1.5367037638470947E-09   1.6834422421199962E-24   6.0227777266021649E+03
   9.3967700000000000E+08   8.2142122052206090E+04   1.5142468808160004E-09   1.6574025219875426E-24   6.0280048234526575E+03
   9.4167700000000000E+08   8.2825913931579955E+04   1.4922143767431935E-09   1.6318870069524281E-24   6.0331765003023229E+03
   9.4367700000000000E+08   8.3511048968347182E+04   1.4705956315491317E-09   1.6068818283048088E-24   6.0382936055449209E+03
   9.4567700000000000E+08   8.4197216578318039E+04   1.4493780143797750E-09   1.5823710201346346E-24   6.0433569698124165E+03
   9.4767700000000000E+08   8.4883916169206481E+04   1.4285480021093308E-09   1.5583377314612906E-24   6.0483674062459395E+03
   9.4967700000000000E+08   8.5570747628327212E+04   1.4080939302296869E-09   1.5347672180810294E-24   6.0533257109722717E+03
   9.5167700000000000E+08   8.6257667659449929E+04   1.3880078110368471E-09   1.5116488186375906E-24   6.0582326639042712E+03
   9.5367700000000000E+08   8.6945541832956893E+04   1.3682852308650720E-09   1.4889758491856378E-24   6.0630890296470388E+03
   9.5567700000000000E+08   8.7634610740286254E+04   1.3489271150254702E-09   1.4667472978038755E-24   6.0678955579737321E+03
   9.5767700000000000E+08   8.8325925678713349E+04   1.3299339452010639E-09   1.4449622303050607E-24   6.0726529839722098E+03
   9.5967700000000000E+08   8.9018977046661603E+04   1.3112898617134105E-09   1.4236016241294484E-24   6.0773620280709547E+03
   9.6167700000000000E+08   8.9713377383362254E+04   1.2929844530016641E-09   1.4026525064323131E-24   6.0820233961911754E+03
   9.6367700000000000E+08   9.0408968506722042E+04   1.2750090413546652E-09   1.3821038644499228E-24   6.0866377801964682E+03
   9.6567700000000000E+08   9.1105662199813756E+04   1.2573558446169636E-09   1.3619457274760490E-24   6.0912058583206181E+03
   9.6767700000000000E+08   9.1803396709636174E+04   1.2400175373318702E-09   1.3421686813835607E-24   6.0957282955483852E+03
   9.6967700000000000E+08   9.2502123965270133E+04   1.2229871008714671E-09   1.3227637013063346E-24   6.1002057439664113E+03
   9.7167700000000000E+08   9.3201804802175946E+04   1.2062577659847991E-09   1.3037220862909674E-24   6.1046388430942170E+03
   9.7367700000000000E+08   9.3902406101589077E+04   1.1898229810889522E-09   1.2850354224645877E-24   6.1090282202003618E+03
   9.7567700000000000E+08   9.4603898830258186E+04   1.1736763893736568E-09   1.2666955560114081E-24   6.1133744906063966E+03
   9.7767700000000000E+08   9.5306256604633003E+04   1.1578118122626597E-09   1.2486945731942893E-24   6.1176782579802966E+03
   9.7967700000000000E+08   9.6009454716309221E+04   1.1422232374108777E-09   1.2310247854131726E-24   6.1219401146200507E+03
   9.8167700000000000E+08   9.6713469682495794E+04   1.1269048089095855E-09   1.2136787167687681E-24   6.1261606417284838E+03
   9.8367700000000000E+08   9.7418279129619928E+04   1.1118508191008675E-09   1.1966490934722904E-24   6.1303404096794038E+03
   9.8567700000000000E+08   9.8123861737306259E+04   1.0970557023354020E-09   1.1799288354436906E-24   6.1344799782760647E+03
   9.8767700000000000E+08   9.8830197154961541E+04   1.0825140302387990E-09   1.1635110496151158E-24   6.1385798970018805E+03
   9.8967700000000000E+08   9.9537265863714754E+04   1.0682205076725616E-09   1.1473890240548443E-24   6.1426407052638597E+03
   9.9167700000000000E+08   1.0024504895790423E+05   1.0541699690371435E-09   1.1315562225238988E-24   6.1466629326288821E+03
   9.9367700000000000E+08   1.0095352802328434E+05   1.0403573750744375E-09   1.1160062796228391E-24   6.1506470990530297E+03
   9.9567700000000000E+08   1.0166268551094978E+05   1.0267778111413033E-09   1.1007329975605493E-24   6.1545937151044573E+03
   9.9767700000000000E+08   1.0237250593964834E+05   1.0134264887997317E-09   1.0857303465162778E-24   6.1585032821803325E+03
   9.9967700000000000E+08   1.0308297784875489E+05   1.0002987520538799E-09   1.0709924700164738E-24   6.1623762927185726E+03
   1.0016770000000000E+09   1.0379409573897113E+05   9.8739008634832622E-10   1.0565136933083337E-24   6.1662132304044972E+03
   1.0036770000000000E+09   1.0450586103968004E+05   9.7469612537101011E-10   1.0422885294284118E-24   6.1700145703724620E+03
   1.0056770000000000E+09   1.0521828089355456E+05   9.6221264499157436E-10   1.0283116715845660E-24   6.1737807794012870E+03
   1.0076770000000000E+09   1.0593136425815249E+05   9.4993554177267836E-10   1.0145779691377928E-24   6.1775123161024712E+03
   1.0096770000000000E+09   1.0664511597503503E+05   9.3786079534866286E-10   1.0010823864602077E-24   6.1812096311002861E+03
   1.0116770000000000E+09   1.0735953063531757E+05   9.2598442407379988E-10   9.8781995470779860E-25   6.1848731672041167E+03
   1.0136770000000000E+09   1.0807458856245270E+05   9.1430245213729862E-10   9.7478573594462047E-25   6.1885033595735094E+03
   1.0156770000000000E+09   1.0879024930922732E+05   9.0281089913944977E-10   9.6197481106786682E-25   6.1921006358777931E+03
   1.0176770000000000E+09   1.0950646046559005E+05   8.9150578090719749E-10   9.4938228061072566E-25   6.1956654164529864E+03
   1.0196770000000000E+09   1.1022315880999542E+05   8.8038312282554584E-10   9.3700327734680319E-25   6.1991981144574729E+03
   1.0216770000000000E+09   1.1094027927733389E+05   8.6943903334874255E-10   9.2483304428759446E-25   6.2026991360272386E+03
   1.0236770000000000E+09   1.1165776406574990E+05   8.5866974323138858E-10   9.1286697554773637E-25   6.2061688804313035E+03
   1.0256770000000000E+09   1.1237556904841628E+05   8.4807163870333102E-10   9.0110065080319630E-25   6.2096077402260944E+03
   1.0276770000000000E+09   1.1309366707510817E+05   8.3764127651319283E-10   8.8952985044382963E-25   6.2130161014072455E+03
   1.0296770000000000E+09   1.1381204793097217E+05   8.2737538011505419E-10   8.7815055068510792E-25   6.2163943435571582E+03
   1.0316770000000000E+09   1.1453071561787483E+05   8.1727082132542287E-10   8.6695890327405278E-25   6.2197428399872433E+03
   1.0336770000000000E+09   1.1524968409595745E+05   8.0732459417821918E-10   8.5595120696509711E-25   6.2230619578742135E+03
   1.0356770000000000E+09   1.1596897266373954E+05   7.9753378764892653E-10   8.4512387786541987E-25   6.2263520583904956E+03
   1.0376770000000000E+09   1.1668860188453659E+05   7.8789556220307915E-10   8.3447342391144786E-25   6.2296134968293063E+03
   1.0396770000000000E+09   1.1740859057004901E+05   7.7840713274590012E-10   8.2399642620197643E-25   6.2328466227250337E+03
   1.0416770000000000E+09   1.1812895395819255E+05   7.6906575837613252E-10   8.1368952760085167E-25   6.2360517799697082E+03
   1.0436770000000000E+09   1.1884970295108615E+05   7.5986873788602637E-10   8.0354942747152197E-25   6.2392293069261696E+03
   1.0456770000000000E+09   1.1957084413656255E+05   7.5081340929238515E-10   7.9357288071156192E-25   6.2423795365386359E+03
   1.0476770000000000E+09   1.2029238028936772E+05   7.4189715164786704E-10   7.8375669922166859E-25   6.2455027964405672E+03
   1.0496770000000000E+09   1.2101431109409695E+05   7.3311738771369006E-10   7.7409775429970096E-25   6.2485994090604318E+03
   1.0516770000000000E+09   1.2173663390583413E+05   7.2447158654849990E-10   7.6459297895569473E-25   6.2516696917252384E+03
   1.0536770000000000E+09   1.2245934443887316E+05   7.1595726551353512E-10   7.5523936961787664E-25   6.2547139567618460E+03
   1.0556770000000000E+09   1.2318243733454369E+05   7.0757199152391364E-10   7.4603398705004609E-25   6.2577325115961712E+03
   1.0576770000000000E+09   1.2390590659913131E+05   6.9931338157941897E-10   7.3697395651672942E-25   6.2607256588500886E+03
   1.0596770000000000E+09   1.2462974592449839E+05   6.9117910270658688E-10   7.2805646733654495E-25   6.2636936964363158E+03
   1.0616770000000000E+09   1.2535394891317828E+05   6.8316687146800834E-10   7.1927877198956618E-25   6.2666369176509561E+03
   1.0636770000000000E+09   1.2607850923071652E+05   6.7527445318009561E-10   7.1063818492851590E-25   6.2695556112639979E+03
   1.0656770000000000E+09   1.2680342070504728E+05   6.6749966095085007E-10   7.0213208121195277E-25   6.2724500616076530E+03
   1.0676770000000000E+09   1.2752867738876730E+05   6.5984035461782146E-10   6.9375789504417197E-25   6.2753205486626630E+03
   1.0696770000000000E+09   1.2825427359628533E+05   6.5229443964102777E-10   6.8551311827950861E-25   6.2781673481425660E+03
   1.0716770000000000E+09   1.2898020392468675E+05   6.4485986598716655E-10   6.7739529892911482E-25   6.2809907315759046E+03
   1.0736770000000000E+09   1.2970646326476816E+05   6.3753462702849212E-10   6.6940203969448220E-25   6.2837909663866494E+03
   1.0756770000000000E+09   1.3043304680670015E+05   6.3031675847078695E-10   6.6153099654255153E-25   6.2865683159726650E+03
   1.0776770000000000E+09   1.3115995004318270E+05   6.2320433731793239E-10   6.5377987732989886E-25   6.2893230397822863E+03
   1.0796770000000000E+09   1.3188716877155588E+05   6.1619548087536009E-10   6.4614644047797081E-25   6.2920553933892779E+03
   1.0816770000000000E+09   1.3261469909527357E+05   6.0928834579078884E-10   6.3862849369732314E-25   6.2947656285659341E+03
   1.0836770000000000E+09   1.3334253742445944E+05   6.0248112712851534E-10   6.3122389275654471E-25   6.2974539933545175E+03
   1.0856770000000000E+09   1.3407068047497803E+05   5.9577205747302731E-10   6.2393054029104223E-25   6.3001207321371476E+03
   1.0876770000000000E+09   1.3479912526549419E+05   5.8915940605837449E-10   6.1674638464761764E-25   6.3027660857039600E+03
   1.0896770000000000E+09   1.3552786911221620E+05   5.8264147792116364E-10   6.0966941876222744E-25   6.3053902913198490E+03
   1.0916770000000000E+09   1.3625690962128196E+05   5.7621661307630093E-10   6.0269767906970024E-25   6.3079935827896188E+03
   1.0936770000000000E+09   1.3698624467893076E+05   5.6988318571552097E-10   5.9582924444513630E-25   6.3105761905216577E+03
   1.0956770000000000E+09   1.3771587243966496E+05   5.6363960342895885E-10   5.8906223517694858E-25   6.3131383415902774E+03
   1.0976770000000000E+09   1.3844579131254551E+05   5.5748430644977658E-10   5.8239481197129055E-25   6.3156802597965288E+03
   1.0996770000000000E+09   1.3917599994563812E+05   5.5141576692137885E-10   5.7582517498709029E-25   6.3182021657277910E+03
   1.1016770000000000E+09   1.3990649720847668E+05   5.4543248818626462E-10   5.6935156290045510E-25   6.3207042768158644E+03
   1.1036770000000000E+09   1.4063728217229122E+05   5.3953300409529224E-10   5.6297225199688879E-25   6.3231868073939550E+03
   1.1056770000000000E+09   1.4136835408766067E+05   5.3371587833603608E-10   5.5668555528972018E-25   6.3256499687523319E+03
   1.1076770000000000E+09   1.4209971235920518E+05   5.2797970377909858E-10   5.5048982166332159E-25   6.3280939691927460E+03
   1.1096770000000000E+09   1.4283135651692172E+05   5.2232310184151515E-10   5.4438343503999084E-25   6.3305190140816512E+03
   1.1116770000000000E+09   1.4356328618377619E+05   5.1674472186668438E-10   5.3836481356969567E-25   6.3329253059022813E+03
   1.1136770000000000E+09   1.4429550103917439E+05   5.1124324052057427E-10   5.3243240884221048E-25   6.3353130443055707E+03
   1.1156770000000000E+09   1.4502800077796643E+05   5.0581736120412355E-10   5.2658470512136268E-25   6.3376824261600468E+03
   1.1176770000000000E+09   1.4576078506466368E+05   5.0046581348192081E-10   5.2082021860129318E-25   6.3400336456005234E+03
   1.1196770000000000E+09   1.4649385348260336E+05   4.9518735252725546E-10   5.1513749668463160E-25   6.3423668940758225E+03
   1.1216770000000000E+09   1.4722720547785136E+05   4.8998075858361458E-10   5.0953511728248948E-25   6.3446823603954144E+03
   1.1236770000000000E+09   1.4796084029771958E+05   4.8484483644261176E-10   5.0401168813607350E-25   6.3469802307751734E+03
   1.1256770000000000E+09   1.4869475692389644E+05   4.7977841493815547E-10   4.9856584615957022E-25   6.3492606888819782E+03
   1.1276770000000000E+09   1.4942895400032841E+05   4.7478034645650456E-10   4.9319625680375049E-25   6.3515239158774639E+03
   1.1296770000000000E+09   1.5016342975616161E+05   4.6984950646160907E-10   4.8790161343952505E-25   6.3537700904608264E+03
   1.1316770000000000E+09   1.5089818192426141E+05   4.6498479303488453E-10   4.8268063676040846E-25   6.3559993889107045E+03
   1.1336770000000000E+09   1.5163320765605694E+05   4.6018512642828045E-10   4.7753207420256563E-25   6.3582119851262432E+03
   1.1356770000000000E+09   1.5236850343371916E+05   4.5544944862916190E-10   4.7245469938078668E-25   6.3604080506670834E+03
   1.1376770000000000E+09   1.5310406498095096E+05   4.5077672293530866E-10   4.6744731153846530E-25   6.3625877547927676E+03
   1.1396770000000000E+09   1.5383988717396872E+05   4.4616593353791350E-10   4.6250873500929752E-25   6.3647512645011775E+03
   1.1416770000000000E+09   1.5457596395454384E+05   4.4161608511025630E-10   4.5763781868817425E-25   6.3668987445660987E+03
   1.1436770000000000E+09   1.5531228824727182E+05   4.3712620239947321E-10   4.5283343550847294E-25   6.3690303575741964E+03
   1.1456770000000000E+09   1.5604885188351190E+05   4.3269532981859272E-10   4.4809448192275217E-25   6.3711462639610709E+03
   1.1476770000000000E+09   1.5678564553466960E+05   4.2832253103594908E-10   4.4341987738376485E-25   6.3732466220465403E+03
   1.1496770000000000E+09   1.5752265865769883E+05   4.2400688855902570E-10   4.3880856382264917E-25   6.3753315880694354E+03
   1.1516770000000000E+09   1.5825987945581900E+05   4.1974750330979422E-10   4.3425950512123786E-25   6.3774013162213196E+03
   1.1536770000000000E+09   1.5899729485746945E+05   4.1554349418891374E-10   4.2977168657565315E-25   6.3794559586799360E+03
   1.1556770000000000E+09   1.5973489051646579E+05   4.1139399762634572E-10   4.2534411434866454E-25   6.3814956656416325E+03
   1.1576770000000000E+09   1.6047265083611300E+05   4.0729816711650768E-10   4.2097581490879215E-25   6.3835205853533616E+03
   1.1596770000000000E+09   1.6121055901970604E+05   4.0325517273663410E-10   4.1666583445476701E-25   6.3855308641439642E+03
   1.1616770000000000E+09   1.6194859714936721E+05   3.9926420064778982E-10   4.1241323832473020E-25   6.3875266464549677E+03
   1.1636770000000000E+09   1.6268674629453098E+05   3.9532445257883922E-10   4.0821711039048443E-25   6.3895080748705923E+03
   1.1656770000000000E+09   1.6342498665062012E+05   3.9143514529470292E-10   4.0407655243811134E-25   6.3914752901473821E+03
   1.1676770000000000E+09   1.6416329770753777E+05   3.8759551005127273E-10   3.9999068353739386E-25   6.3934284312433219E+03
   1.1696770000000000E+09   1.6490165844658011E+05   3.8380479204046431E-10   3.9595863940360821E-25   6.3953676353461533E+03
   1.1716770000000000E+09   1.6564004756327448E+05   3.8006224983004289E-10   3.9197957175640002E-25   6.3972930379014942E+03
   1.1736770000000000E+09   1.6637844371252763E+05   3.7636715480380843E-10   3.8805264768147447E-25   6.3992047726403262E+03
   1.1756770000000000E+09   1.6711682577133807E+05   3.7271879060868294E-10   3.8417704900177900E-25   6.4011029716060493E+03
   1.1776770000000000E+09   1.6785517311332643E+05   3.6911645261588778E-10   3.8035197166551667E-25   6.4029877651809829E+03
   1.1796770000000000E+09   1.6859346588842999E+05   3.6555944740386010E-10   3.7657662515877317E-25   6.4048592821125067E+03
   1.1816770000000000E+09   1.6933168530044710E+05   3.6204709227064833E-10   3.7285023195062639E-25   6.4067176495388403E+03
   1.1836770000000000E+09   1.7006981387469874E+05   3.5857871478325581E-10   3.6917202697833015E-25   6.4085629930141831E+03
   1.1856770000000000E+09   1.7080783570797101E+05   3.5515365237083031E-10   3.6554125717952121E-25   6.4103954365335749E+03
   1.1876770000000000E+09   1.7154573669315243E+05   3.5177125196755771E-10   3.6195718107734797E-25   6.4122151025572966E+03
   1.1896770000000000E+09   1.7228350471155171E+05   3.4843086970983063E-10   3.5841906842306584E-25   6.4140221120349370E+03
   1.1916770000000000E+09   1.7302112978681349E+05   3.4513187069062936E-10   3.5492619989897779E-25   6.4158165844289160E+03
   1.1936770000000000E+09   1.7375860419556088E+05   3.4187362877229385E-10   3.5147786688276194E-25   6.4175986377377067E+03
   1.1956770000000000E+09   1.7449592253135951E+05   3.3865552645692662E-10   3.4807337127225936E-25   6.4193683885185610E+03
   1.1976770000000000E+09   1.7523308172019810E+05   3.3547695481183000E-10   3.4471202536789559E-25   6.4211259519099667E+03
   1.1996770000000000E+09   1.7597008098740646E+05   3.3233731344553101E-10   3.4139315180804430E-25   6.4228714416534767E+03
   1.2016770000000000E+09   1.7670692177760121E+05   3.2923601052841973E-10   3.3811608355105228E-25   6.4246049701153916E+03
   1.2036770000000000E+09   1.7744360763085374E+05   3.2617246285068754E-10   3.3488016389632539E-25   6.4263266483078287E+03
   1.2056770000000000E+09   1.7818014401972614E+05   3.2314609590927626E-10   3.3168474653586739E-25   6.4280365859094336E+03
   1.2076770000000000E+09   1.7891653815302183E+05   3.2015634401494934E-10   3.2852919562706761E-25   6.4297348912858815E+03
   1.2096770000000000E+09   1.7965279875308377E+05   3.1720265041027374E-10   3.2541288587726791E-25   6.4314216715095572E+03
   1.2116770000000000E+09   1.8038893581413958E+05   3.1428446738948652E-10   3.2233520263077411E-25   6.4330970323792753E+03
   1.2136770000000000E+09   1.8112496034958778E+05   3.1140125641154374E-10   3.1929554194940687E-25   6.4347610784394401E+03
   1.2156770000000000E+09   1.8186088413618968E+05   3.0855248819841754E-10   3.1629331067845766E-25   6.4364139129986843E+03
   1.2176770000000000E+09   1.8259671946290566E+05   3.0573764281168053E-10   3.1332792649091845E-25   6.4380556381483730E+03
   1.2196770000000000E+09   1.8333247889156535E+05   3.0295620970161344E-10   3.1039881790412745E-25   6.4396863547805824E+03
   1.2216770000000000E+09   1.8406817503573943E+05   3.0020768772446671E-10   3.0750542426438978E-25   6.4413061626057170E+03
   1.2236770000000000E+09   1.8480382036304174E+05   2.9749158512508258E-10   3.0464719569675370E-25   6.4429151601699423E+03
   1.2256770000000000E+09   1.8553942702477364E+05   2.9480741948364488E-10   3.0182359301875149E-25   6.4445134448720119E+03
   1.2276770000000000E+09   1.8627500671531807E+05   2.9215471762700536E-10   2.9903408761859052E-25   6.4461011129800199E+03
   1.2296770000000000E+09   1.8701057056212303E+05   2.8953301550650355E-10   2.9627816129982970E-25   6.4476782596476951E+03
   1.2316770000000000E+09   1.8774612904560732E+05   2.8694185804559365E-10   2.9355530609595852E-25   6.4492449789304801E+03
   1.2336770000000000E+09   1.8848169194700403E+05   2.8438079896156832E-10   2.9086502405931592E-25   6.4508013638012171E+03
   1.2356770000000000E+09   1.8921726832103851E+05   2.8184940056646184E-10   2.8820682702956649E-25   6.4523475061655490E+03
   1.2376770000000000E+09   1.8995286648965252E+05   2.7934723355248791E-10   2.8558023638721281E-25   6.4538834968773053E+03
   1.2396770000000000E+09   1.9068849405259977E+05   2.7687387676729965E-10   2.8298478279759027E-25   6.4554094257531269E+03
   1.2416770000000000E+09   1.9142415791075258E+05   2.7442891698405363E-10   2.8042000595038018E-25   6.4569253815874035E+03
   1.2436770000000000E+09   1.9215986429820751E+05   2.7201194867057799E-10   2.7788545429907013E-25   6.4584314521664628E+03
   1.2456770000000000E+09   1.9289561881978286E+05   2.6962257376126300E-10   2.7538068480400101E-25   6.4599277242828493E+03
   1.2476770000000000E+09   1.9363142649106742E+05   2.6726040143446859E-10   2.7290526268184876E-25   6.4614142837492200E+03
   1.2496770000000000E+09   1.9436729177876725E+05   2.6492504789752382E-10   2.7045876116362465E-25   6.4628912154119980E+03
   1.2516770000000000E+09   1.9510321863967049E+05   2.6261613618073758E-10   2.6804076126260807E-25   6.4643586031648638E+03
   1.2536770000000000E+09   1.9583921055702673E+05   2.6033329594128792E-10   2.6565085155306741E-25   6.4658165299620396E+03
   1.2556770000000000E+09   1.9657527057354810E+05   2.5807616327741796E-10   2.6328862796017718E-25   6.4672650778312300E+03
   1.2576770000000000E+09   1.9731140132059235E+05   2.5584438055302947E-10   2.6095369356118676E-25   6.4687043278863775E+03
   1.2596770000000000E+09   1.9804760504338404E+05   2.5363759623248071E-10   2.5864565839760366E-25   6.4701343603404348E+03
   1.2616770000000000E+09   1.9878388362232968E+05   2.5145546472518950E-10   2.5636413929797739E-25   6.4715552545175888E+03
   1.2636770000000000E+09   1.9952023859066665E+05   2.4929764623953843E-10   2.5410875971072240E-25   6.4729670888654400E+03
   1.2656770000000000E+09   2.0025667114874723E+05   2.4716380664550615E-10   2.5187914954636731E-25   6.4743699409671372E+03
   1.2676770000000000E+09   2.0099318217526851E+05   2.4505361734544470E-10   2.4967494502863269E-25   6.4757638875529519E+03
   1.2696770000000000E+09   2.0172977223570025E+05   2.4296675515250978E-10   2.4749578855378769E-25   6.4771490045119954E+03
   1.2716770000000000E+09   2.0246644158805616E+05   2.4090290217630822E-10   2.4534132855783309E-25   6.4785253669036447E+03
   1.2736770000000000E+09   2.0320319018606059E+05   2.3886174571540148E-10   2.4321121939112659E-25   6.4798930489686372E+03
   1.2756770000000000E+09   2.0394001767967269E+05   2.3684297815638773E-10   2.4110512120013397E-25   6.4812521241401673E+03
   1.2776770000000000E+09   2.0467692341286701E+05   2.3484629687929072E-10   2.3902269981601821E-25   6.4826026650547847E+03
   1.2796770000000000E+09   2.0541390641855722E+05   2.3287140416898551E-10   2.3696362664977810E-25   6.4839447435630291E+03
   1.2816770000000000E+09   2.0615096541052542E+05   2.3091800713238647E-10   2.3492757859363374E-25   6.4852784307398761E+03
   1.2836770000000000E+09   2.0688809877219924E+05   2.2898581762111347E-10   2.3291423792835162E-25   6.4866037968951359E+03
   1.2856770000000000E+09   2.0762530454208591E+05   2.2707455215933824E-10   2.3092329223619383E-25   6.4879209115836820E+03
   1.2876770000000000E+09   2.0836258039559342E+05   2.2518393187653142E-10   2.2895443431920161E-25   6.4892298436152623E+03
   1.2896770000000000E+09   2.0909992362287815E+05   2.2331368244489593E-10   2.2700736212255849E-25   6.4905306610645366E+03
   1.2916770000000000E+09   2.0983733110220311E+05   2.2146353402129643E-10   2.2508177866285241E-25   6.4918234312806326E+03
   1.2936770000000000E+09   2.1057479926807783E+05   2.1963322119364610E-10   2.2317739196116665E-25   6.4931082208967318E+03
   1.2956770000000000E+09   2.1131232407321042E+05   2.1782248293181149E-10   2.2129391498106068E-25   6.4943850958393587E+03
   1.2976770000000000E+09   2.1204990094299157E+05   2.1603106254328887E-10   2.1943106557167536E-25   6.4956541213376740E+03
   1.2996770000000000E+09   2.1278752472106548E+05   2.1425870763396784E-10   2.1758856641628170E-25   6.4969153619324979E+03
   1.3016770000000000E+09   2.1352518960458340E+05   2.1250517007427928E-10   2.1576614498655573E-25   6.4981688814851841E+03
   1.3036770000000000E+09   2.1426288906835075E+05   2.1077020597066778E-10   2.1396353350249717E-25   6.4994147431865649E+03
   1.3056770000000000E+09   2.1500061577862996E+05   2.0905357564141931E-10   2.1218046889701633E-25   6.5006530095652170E+03
   1.3076770000000000E+09   2.1573836150020483E+05   2.0735504359437539E-10   2.1041669278262117E-25   6.5018837424964158E+03
   1.3096770000000000E+09   2.1647611700478839E+05   2.0567437850154983E-10   2.0867195141519242E-25   6.5031070032099688E+03
   1.3116770000000000E+09   2.1721387199495899E+05   2.0401135316260642E-10   2.0694599564661618E-25   6.5043228522988020E+03
   1.3136770000000000E+09   2.1795161506505625E+05   2.0236574444541747E-10   2.0523858085437512E-25   6.5055313497267834E+03
   1.3156770000000000E+09   2.1868933372753664E+05   2.0073733318871922E-10   2.0354946683289211E-25   6.5067325548368208E+03
   1.3176770000000000E+09   2.1942701453796658E+05   1.9912590405011784E-10   2.0187841762971468E-25   6.5079265263584948E+03
   1.3196770000000000E+09   2.2016464335109334E+05   1.9753124528419321E-10   2.0022520131113490E-25   6.5091133224159921E+03
   1.3216770000000000E+09   2.2090220573083853E+05   1.9595314844171761E-10   1.9858958964827979E-25   6.5102930005355356E+03
   1.3236770000000000E+09   2.2163968751610824E+05   1.9439140799329270E-10   1.9697135772713244E-25   6.5114656176531107E+03
   1.3256770000000000E+09   2.2237707551159765E+05   1.9284582089863679E-10   1.9537028350416016E-25   6.5126312301217977E+03
   1.3276770000000000E+09   2.2311435823206839E+05   1.9131618616405008E-10   1.9378614735072246E-25   6.5137898937193677E+03
   1.3296770000000000E+09   2.2385152658845083E+05   1.8980230445020902E-10   1.9221873164926165E-25   6.5149416636555043E+03
   1.3316770000000000E+09   2.2458857437798916E+05   1.8830397780338074E-10   1.9066782051518769E-25   6.5160865945794003E+03
   1.3336770000000000E+09   2.2532549844338140E+05   1.8682100957777580E-10   1.8913319971282004E-25   6.5172247405868102E+03
   1.3356770000000000E+09   2.2606229840908680E+05   1.8535320459008457E-10   1.8761465680655149E-25   6.5183561552272768E+03
   1.3376770000000000E+09   2.2679897598777295E+05   1.8390036949976464E-10   1.8611198154028549E-25   6.5194808915112453E+03
   1.3396770000000000E+09   2.2753553396155572E+05   1.8246231334951107E-10   1.8462496637837995E-25   6.5205990019167648E+03
   1.3416770000000000E+09   2.2827197504980181E+05   1.8103884814669462E-10   1.8315340708718331E-25   6.5217105383963144E+03
   1.3436770000000000E+09   2.2900830093642720E+05   1.7962978933964964E-10   1.8169710320934863E-25   6.5228155523831538E+03
   1.3456770000000000E+09   2.2974451170889864E+05   1.7823495605984950E-10   1.8025585830075860E-25   6.5239140947978394E+03
   1.3476770000000000E+09   2.3048060584699555E+05   1.7685417106573082E-10   1.7882947986565470E-25   6.5250062160541456E+03
   1.3496770000000000E+09   2.3121658071885188E+05   1.7548726042008223E-10   1.7741777902282809E-25   6.5260919660654945E+03
   1.3516770000000000E+09   2.3195243335966588E+05   1.7413405302564348E-10   1.7602057002939003E-25   6.5271713942508159E+03
   1.3536770000000000E+09   2.3268816120486535E+05   1.7279438019253115E-10   1.7463766983773062E-25   6.5282445495405382E+03
   1.3556770000000000E+09   2.3342376248217979E+05   1.7146807538883722E-10   1.7326889783837156E-25   6.5293114803826666E+03
   1.3576770000000000E+09   2.3415923613401881E+05   1.7015497423630936E-10   1.7191407585074627E-25   6.5303722347485336E+03
   1.3596770000000000E+09   2.3489458136966213E+05   1.6885491469571219E-10   1.7057302830537951E-25   6.5314268601384947E+03
   1.3616770000000000E+09   2.3562979712014907E+05   1.6756773730006706E-10   1.6924558247392414E-25   6.5324754035875985E+03
   1.3636770000000000E+09   2.3636488169102441E+05   1.6629328528538003E-10   1.6793156859526268E-25   6.5335179116711088E+03
   1.3656770000000000E+09   2.3709983276482858E+05   1.6503140454253875E-10   1.6663081982100330E-25   6.5345544305098947E+03
   1.3676770000000000E+09   2.3783464768323564E+05   1.6378194342585144E-10   1.6534317201662040E-25   6.5355850057761736E+03
   1.3696770000000000E+09   2.3856932377881426E+05   1.6254475253330807E-10   1.6406846353463420E-25   6.5366096826992534E+03
   1.3716770000000000E+09   2.3930385853066313E+05   1.6131968457177877E-10   1.6280653507396995E-25   6.5376285060712562E+03
   1.3736770000000000E+09   2.4003824947498130E+05   1.6010659434382066E-10   1.6155722966215805E-25   6.5386415202529251E+03
   1.3756770000000000E+09   2.4077249398883301E+05   1.5890533880133753E-10   1.6032039270484662E-25   6.5396487691792254E+03
   1.3776770000000000E+09   2.4150658914070847E+05   1.5771577707365626E-10   1.5909587200935589E-25   6.5406502963641606E+03
   1.3796770000000000E+09   2.4224053171562505E+05   1.5653777041717970E-10   1.5788351772919193E-25   6.5416461449045973E+03
   1.3816770000000000E+09   2.4297431835878859E+05   1.5537118211092040E-10   1.5668318225428413E-25   6.5426363574827565E+03
   1.3836770000000000E+09   2.4370794568150555E+05   1.5421587736973136E-10   1.5549472011942182E-25   6.5436209763680963E+03
   1.3856770000000000E+09   2.4444141020083812E+05   1.5307172333283092E-10   1.5431798798885743E-25   6.5446000434184934E+03
   1.3876770000000000E+09   2.4517470804869931E+05   1.5193858914833044E-10   1.5315284473782452E-25   6.5455736000834331E+03
   1.3896770000000000E+09   2.4590783426360550E+05   1.5081634620891535E-10   1.5199915168682400E-25   6.5465416874108541E+03
   1.3916770000000000E+09   2.4664078084938819E+05   1.4970486882256619E-10   1.5085677327579296E-25   6.5475043460599109E+03
   1.3936770000000000E+09   2.4737353107137632E+05   1.4860403622697641E-10   1.4972557909627104E-25   6.5484616163202581E+03
   1.3956770000000000E+09   2.4810604328563632E+05   1.4751373835604797E-10   1.4860544971359153E-25   6.5494135381345095E+03
   1.3976770000000000E+09   2.4883820787770773E+05   1.4643389123546855E-10   1.4749629221067043E-25   6.5503601511141287E+03
   1.3996770000000000E+09   2.4956974001039180E+05   1.4536447533498272E-10   1.4639807889667293E-25   6.5513014945313034E+03
   1.4016770000000000E+09   2.5029993153203966E+05   1.4430562428716880E-10   1.4531093680822772E-25   6.5522376072610923E+03
   1.4036770000000000E+09   2.5102712501245455E+05   1.4325781311928886E-10   1.4423533749396697E-25   6.5531685276445633E+03
   1.4056770000000000E+09   2.5174771217821955E+05   1.4222221735970337E-10   1.4317245884052295E-25   6.5540942932523349E+03
   1.4076770000000000E+09   2.5245447436711472E+05   1.4120130997661129E-10   1.4212478603279873E-25   6.5550149405574484E+03
   1.4096770000000000E+09   2.5313432333133378E+05   1.4019967775705974E-10   1.4109693248689901E-25   6.5559305045855272E+03
   1.4116770000000000E+09   2.5376608887805676E+05   1.3922482348078861E-10   1.4009644481989106E-25   6.5568410186979954E+03
   1.4136770000000000E+09   2.5431964616416433E+05   1.3828746491734803E-10   1.3913409989515294E-25   6.5577465147241792E+03
   1.4156770000000000E+09   2.5475707541382615E+05   1.3740100120418329E-10   1.3822336530419021E-25   6.5586470235477673E+03
   1.4176770000000000E+09   2.5503269327816652E+05   1.3658116367800476E-10   1.3738005231078304E-25   6.5595425756821423E+03
   1.4196770000000000E+09   2.5508293540231165E+05   1.3584919207811165E-10   1.3662552278972493E-25   6.5604332001324110E+03
   1.4216770000000000E+09   2.5480161505720243E+05   1.3524103850698019E-10   1.3599594403684327E-25   6.5613189184965449E+03
   1.4236770000000000E+09   2.5403162669903084E+05   1.3481304794746806E-10   1.3554793626714486E-25   6.5621997324276563E+03
   1.4256770000000000E+09   2.5265224401649661E+05   1.3461466614901902E-10   1.3533100433520198E-25   6.5630756114666065E+03
   1.4276770000000000E+09   2.5077737282594855E+05   1.3461401617260024E-10   1.3531271911133819E-25   6.5639465085640086E+03
   1.4296770000000000E+09   2.4882556594777119E+05   1.3465672003626305E-10   1.3533768460302027E-25   6.5648124442896251E+03
   1.4316770000000000E+09   2.4717737855523516E+05   1.3458213775739294E-10   1.3524472148349272E-25   6.5656736480655054E+03
   1.4336770000000000E+09   2.4579787302694152E+05   1.3440254168296241E-10   1.3504653900025102E-25   6.5665305826420381E+03
   1.4356770000000000E+09   2.4430429294374253E+05   1.3415790854271414E-10   1.3478323414964758E-25   6.5673817041894790E+03
