  99.9999999999964615   5.0000000000000003E-02 390 2001
  70.2566475946719464  19.9410055213452644
   6.5767700000000000E+08  -7.5655187835727975E+02   3.0602239247890762E-08   5.2442375444420911E-18   1.1225816071022809E+03
   6.5967700000000000E+08  -6.9842943587502259E+02   3.3415346026337831E-08   5.5342942656084389E-18   1.1615309510300472E+03
   6.6167700000000000E+08  -6.3883298902639194E+02   3.3158214354670231E-08   5.3646225129344158E-18   1.1890470464098919E+03
   6.6367700000000000E+08  -5.8260041604980336E+02   3.1877818152514659E-08   5.0786282742063014E-18   1.2075058242385737E+03
   6.6567700000000000E+08  -4.0064691331661214E+02   2.9666751251713767E-08   4.6760612548898839E-18   1.2204974321970249E+03
   6.6767700000000000E+08  -1.1740905030325540E+02   2.6959312210883652E-08   4.2170372714432261E-18   1.2298395075866988E+03
   6.6967700000000000E+08   2.3314245460479640E+02   2.4161935423182508E-08   3.7582995227475712E-18   1.2367656139159503E+03
   6.7167700000000000E+08   6.2204084355801172E+02   2.1528521283309499E-08   3.3341631919716092E-18   1.2421510748563408E+03
   6.7367700000000000E+08   1.0295179334476331E+03   1.9173722187610433E-08   2.9587710109056040E-18   1.2466431270325356E+03
   6.7567700000000000E+08   1.4389404972663046E+03   1.7126207864841130E-08   2.6341751353558056E-18   1.2507301998319799E+03
   6.7767700000000000E+08   1.8292332043522356E+03   1.5372590897684822E-08   2.3568004957036942E-18   1.2547907841922533E+03
   6.7967700000000000E+08   2.1735810089206007E+03   1.3883342695607933E-08   2.1210371062357315E-18   1.2591945899640232E+03
   6.8167700000000000E+08   2.4485065186674765E+03   1.2625187877299753E-08   1.9208193452732218E-18   1.2644405067219029E+03
   6.8367700000000000E+08   2.6460412445111128E+03   1.1568805695545609E-08   1.7501092766686132E-18   1.2716583040338103E+03
   6.8567700000000000E+08   2.7714307382317238E+03   1.0695180048687848E-08   1.6029790861825900E-18   1.2835338169827335E+03
   6.8767700000000000E+08   2.8177133217477608E+03   9.9971250314501218E-09   1.4737998819434083E-18   1.3049193702827158E+03
   6.8967700000000000E+08   2.7417049609825349E+03   9.4715986284101334E-09   1.3578406471254156E-18   1.3419043238964525E+03
   6.9167700000000000E+08   2.4835745493431505E+03   9.1064257716215117E-09   1.2520630036393393E-18   1.3991647023180187E+03
   6.9367700000000000E+08   2.0302753591227277E+03   8.8729800855759038E-09   1.1553701227141723E-18   1.4773909882312132E+03
   6.9567700000000000E+08   1.4640435519028522E+03   8.7319993973976963E-09   1.0679412016793620E-18   1.5729445987687006E+03
   6.9767700000000000E+08   9.4958188320101181E+02   8.6462945553416352E-09   9.9020037430194067E-19   1.6797862113918306E+03
   6.9967700000000000E+08   6.7550774447312938E+02   8.5892732107517245E-09   9.2215196188122198E-19   1.7918472896455185E+03
   7.0167700000000000E+08   7.9421033986257191E+02   8.5455640724294672E-09   8.6323630027989655E-19   1.9043997312784734E+03
   7.0367700000000000E+08   1.3872693932707193E+03   8.5072557627118082E-09   8.1247347924670782E-19   2.0143149105771331E+03
   7.0567700000000000E+08   2.4598426884956334E+03   8.4699466302516463E-09   7.6867584357092530E-19   2.1197493569874641E+03
   7.0767700000000000E+08   3.9550717741844060E+03   8.4303590138911008E-09   7.3062704948296409E-19   2.2197159083701495E+03
   7.0967700000000000E+08   5.7769375503903120E+03   8.3854263804271338E-09   6.9720015721949571E-19   2.3137410165959063E+03
   7.1167700000000000E+08   7.8126521853131790E+03   8.3322083071180215E-09   6.6741933182522366E-19   2.4016427664828743E+03
   7.1367700000000000E+08   9.9500310383594006E+03   8.2681067864859559E-09   6.4048061097292692E-19   2.4834027721370362E+03
   7.1567700000000000E+08   1.2088568348813789E+04   8.1910919473445160E-09   6.1574670335265096E-19   2.5590971738775156E+03
   7.1767700000000000E+08   1.4144760980329529E+04   8.0998376978433227E-09   5.9272870509131343E-19   2.6288598170695568E+03
   7.1967700000000000E+08   1.6055441835872452E+04   7.9938023294702732E-09   5.7106557438052386E-19   2.6928644687611677E+03
   7.2167700000000000E+08   1.7778883006436809E+04   7.8732471575699341E-09   5.5050338943738896E-19   2.7513190760044135E+03
   7.2367700000000000E+08   1.9292495950588091E+04   7.7391484766237949E-09   5.3087268051052063E-19   2.8044640276622990E+03
   7.2567700000000000E+08   2.0589853834323567E+04   7.5930372884065997E-09   5.1206648598023836E-19   2.8525696115067813E+03
   7.2767700000000000E+08   2.1677249459693590E+04   7.4368207229606360E-09   4.9402166181034724E-19   2.8959322107416592E+03
   7.2967700000000000E+08   2.2570139458626629E+04   7.2726028884752416E-09   4.7670337924194672E-19   2.9348689600861721E+03
   7.3167700000000000E+08   2.3289763470940903E+04   7.1025229165089634E-09   4.6009289928456978E-19   2.9697109780460914E+03
   7.3367700000000000E+08   2.3860171296580658E+04   6.9286231211591016E-09   4.4417855769470491E-19   3.0007956439491722E+03
   7.3567700000000000E+08   2.4305824883863181E+04   6.7527544064480454E-09   4.2894971596107253E-19   3.0284586056768621E+03
   7.3767700000000000E+08   2.4649855865732501E+04   6.5765197794850207E-09   4.1439323905654145E-19   3.0530262682567231E+03
   7.3967700000000000E+08   2.4912968635312904E+04   6.4012519055790394E-09   4.0049194923469259E-19   3.0748093951805381E+03
   7.4167700000000000E+08   2.5112906634171733E+04   6.2280171985005351E-09   3.8722445353000152E-19   3.0940982428008051E+03
   7.4367700000000000E+08   2.5264352583404023E+04   6.0576378438123713E-09   3.7456579535272959E-19   3.1111593882091620E+03
   7.4567700000000000E+08   2.5379120974943595E+04   5.8907236840938305E-09   3.6248848618146360E-19   3.1262341781225905E+03
   7.4767700000000000E+08   2.5466513915362902E+04   5.7277075295556516E-09   3.5096360603426822E-19   3.1395385611072475E+03
   7.4967700000000000E+08   2.5533739558063022E+04   5.5688794571294132E-09   3.3996178699974829E-19   3.1512639804539153E+03
   7.5167700000000000E+08   2.5586324895675782E+04   5.4144175247706824E-09   3.2945399429625214E-19   3.1615789904659300E+03
   7.5367700000000000E+08   2.5628484055846420E+04   5.2644137814389120E-09   3.1941208757059578E-19   3.1706312933072631E+03
   7.5567700000000000E+08   2.5663425623195908E+04   5.1188954300095029E-09   3.0980918421279419E-19   3.1785499535755253E+03
   7.5767700000000000E+08   2.5693597192348090E+04   4.9778415577943599E-09   3.0061986347940209E-19   3.1854476144706573E+03
   7.5967700000000000E+08   2.5720873469022998E+04   4.8411960972349352E-09   2.9182025309164858E-19   3.1914226005415944E+03
   7.6167700000000000E+08   2.5746697612373056E+04   4.7088777298555102E-09   2.8338803530657222E-19   3.1965608414619305E+03
   7.6367700000000000E+08   2.5772185948168280E+04   4.5807873898966124E-09   2.7530240184801750E-19   3.2009375876225436E+03
   7.6567700000000000E+08   2.5798205088034283E+04   4.4568139220071725E-09   2.6754397925023851E-19   3.2046189127341427E+03
   7.6767700000000000E+08   2.5825428809643188E+04   4.3368383367904161E-09   2.6009473942672971E-19   3.2076630134923412E+03
   7.6967700000000000E+08   2.5854380333482452E+04   4.2207370075052222E-09   2.5293790505674822E-19   3.2101213242667036E+03
   7.7167700000000000E+08   2.5885464136026949E+04   4.1083840679441104E-09   2.4605785562835219E-19   3.2120394680163922E+03
   7.7367700000000000E+08   2.5918990252884178E+04   3.9996532062211382E-09   2.3944003743246398E-19   3.2134580649886911E+03
   7.7567700000000000E+08   2.5955193140666674E+04   3.8944189997564974E-09   2.3307087916478918E-19   3.2144134194931439E+03
   7.7767700000000000E+08   2.5994246534287464E+04   3.7925579000522953E-09   2.2693771379005738E-19   3.2149381030044096E+03
   7.7967700000000000E+08   2.6036275298527147E+04   3.6939489488905979E-09   2.2102870674225927E-19   3.2150614495504515E+03
   7.8167700000000000E+08   2.6081364975486289E+04   3.5984742878048374E-09   2.1533279022090602E-19   3.2148099770833464E+03
   7.8367700000000000E+08   2.6129569529906268E+04   3.5060195080996220E-09   2.0983960319154322E-19   3.2142077464569793E+03
   7.8567700000000000E+08   2.6180917660321647E+04   3.4164738778579519E-09   2.0453943664062758E-19   3.2132766678090616E+03
   7.8767700000000000E+08   2.6235417953145425E+04   3.3297304742287633E-09   1.9942318362811327E-19   3.2120367625742920E+03
   7.8967700000000000E+08   2.6293063093939938E+04   3.2456862430896623E-09   1.9448229370043590E-19   3.2105063880254406E+03
   7.9167700000000000E+08   2.6353833305375098E+04   3.1642420034092072E-09   1.8970873125760528E-19   3.2087024301226684E+03
   7.9367700000000000E+08   2.6417699148417079E+04   3.0853024099247806E-09   1.8509493750301574E-19   3.2066404695185638E+03
   7.9567700000000000E+08   2.6484623798164219E+04   3.0087758848448877E-09   1.8063379563926190E-19   3.2043349247886690E+03
   7.9767700000000000E+08   2.6554564885983298E+04   2.9345745269923873E-09   1.7631859900593377E-19   3.2017991763089449E+03
   7.9967700000000000E+08   2.6627475983680059E+04   2.8626140049892109E-09   1.7214302188528507E-19   3.1990456736607407E+03
   8.0167700000000000E+08   2.6703307792390086E+04   2.7928134396413961E-09   1.6810109272873801E-19   3.1960860289919992E+03
   8.0367700000000000E+08   2.6782009088080071E+04   2.7250952795372103E-09   1.6418716958153992E-19   3.1929310983852479E+03
   8.0567700000000000E+08   2.6863527466596461E+04   2.6593851729602772E-09   1.6039591750475271E-19   3.1895910529659295E+03
   8.0767700000000000E+08   2.6947809923770845E+04   2.5956118384968625E-09   1.5672228781342387E-19   3.1860754412186307E+03
   8.0967700000000000E+08   2.7034803299981690E+04   2.5337069361437948E-09   1.5316149896748202E-19   3.1823932437548924E+03
   8.1167700000000000E+08   2.7124454613592719E+04   2.4736049402717660E-09   1.4970901896786782E-19   3.1785529215881852E+03
   8.1367700000000000E+08   2.7216711303687793E+04   2.4152430154429729E-09   1.4636054912480195E-19   3.1745624588129813E+03
   8.1567700000000000E+08   2.7311521399357433E+04   2.3585608958038704E-09   1.4311200907810443E-19   3.1704294004513822E+03
   8.1767700000000000E+08   2.7408833630342448E+04   2.3035007685565558E-09   1.3995952296120326E-19   3.1661608861181599E+03
   8.1967700000000000E+08   2.7508597491966812E+04   2.2500071618440271E-09   1.3689940661105129E-19   3.1617636800602045E+03
   8.2167700000000000E+08   2.7610763275880516E+04   2.1980268372540045E-09   1.3392815573564744E-19   3.1572441980464769E+03
   8.2367700000000000E+08   2.7715282077038755E+04   2.1475086870459415E-09   1.3104243495938188E-19   3.1526085315172591E+03
   8.2567700000000000E+08   2.7822105786467186E+04   2.0984036361277816E-09   1.2823906767397128E-19   3.1478624693446050E+03
   8.2767700000000000E+08   2.7931187078557821E+04   2.0506645487491220E-09   1.2551502662946943E-19   3.1430115175079241E+03
   8.2967700000000000E+08   2.8042479400817330E+04   2.0042461398303334E-09   1.2286742520573779E-19   3.1380609169480690E+03
   8.3167700000000000E+08   2.8155936973053023E+04   1.9591048908099021E-09   1.2029350930993097E-19   3.1330156598286094E+03
   8.3367700000000000E+08   2.8271514801862177E+04   1.9151989698624592E-09   1.1779064985006623E-19   3.1278805044033325E+03
   8.3567700000000000E+08   2.8389168714969921E+04   1.8724881563159552E-09   1.1535633573868137E-19   3.1226599886634217E+03
   8.3767700000000000E+08   2.8508855418412495E+04   1.8309337690769912E-09   1.1298816738402369E-19   3.1173584429152788E+03
   8.3967700000000000E+08   2.8630532577841321E+04   1.7904985988582628E-09   1.1068385062925864E-19   3.1119800014201660E+03
   8.4167700000000000E+08   2.8754158923392250E+04   1.7511468439909619E-09   1.0844119110291823E-19   3.1065286132090337E+03
   8.4367700000000000E+08   2.8879694375705440E+04   1.7128440495979663E-09   1.0625808894631810E-19   3.1010080521698983E+03
   8.4567700000000000E+08   2.9007100188913260E+04   1.6755570499010663E-09   1.0413253388604658E-19   3.0954219264905059E+03
   8.4767700000000000E+08   2.9136339104862112E+04   1.6392539134371312E-09   1.0206260062191920E-19   3.0897736875256796E+03
   8.4967700000000000E+08   2.9267375511590955E+04   1.6039038909643648E-09   1.0004644450305905E-19   3.0840666381467527E+03
   8.5167700000000000E+08   2.9400175598268343E+04   1.5694773658503572E-09   9.8082297467042933E-20   3.0783039406195612E+03
   8.5367700000000000E+08   2.9534707498455158E+04   1.5359458067479206E-09   9.6168464219334897E-20   3.0724886240479095E+03
   8.5567700000000000E+08   2.9670941413738059E+04   1.5032817223824400E-09   9.4303318632530586E-20   3.0666235914111830E+03
   8.5767700000000000E+08   2.9808849710475555E+04   1.4714586182944767E-09   9.2485300347213024E-20   3.0607116262178515E+03
   8.5967700000000000E+08   2.9948406983558696E+04   1.4404509554028150E-09   9.0712911558444771E-20   3.0547553987911278E+03
   8.6167700000000000E+08   3.0089590082639723E+04   1.4102341102750645E-09   8.8984713974051217E-20   3.0487574721989736E+03
   8.6367700000000000E+08   3.0232378098111531E+04   1.3807843370138509E-09   8.7299325932818884E-20   3.0427203078378952E+03
   8.6567700000000000E+08   3.0376752306092545E+04   1.3520787306862792E-09   8.5655419672535637E-20   3.0366462706785096E+03
   8.6767700000000000E+08   3.0522696073673545E+04   1.3240951922410094E-09   8.4051718739346985E-20   3.0305376341804472E+03
   8.6967700000000000E+08   3.0670194727546794E+04   1.2968123948711668E-09   8.2486995531219331E-20   3.0243965848847520E+03
   8.7167700000000000E+08   3.0819235390777994E+04   1.2702097517915349E-09   8.0960068969341577E-20   3.0182252266931941E+03
   8.7367700000000000E+08   3.0969806793783457E+04   1.2442673854051538E-09   7.9469802292079239E-20   3.0120255848456168E+03
   8.7567700000000000E+08   3.1121899066481830E+04   1.2189660978376570E-09   7.8015100966626816E-20   3.0057996096084817E+03
   8.7767700000000000E+08   3.1275503519067104E+04   1.1942873428178474E-09   7.6594910713821105E-20   2.9995491796898041E+03
   8.7967700000000000E+08   3.1430612418901386E+04   1.1702131988805428E-09   7.5208215641706491E-20   2.9932761053975159E+03
   8.8167700000000000E+08   3.1587218770677366E+04   1.1467263438633829E-09   7.3854036483434957E-20   2.9869821315598947E+03
   8.8367700000000000E+08   3.1745316106335948E+04   1.1238100306636160E-09   7.2531428934971405E-20   2.9806689402278585E+03
   8.8567700000000000E+08   3.1904898290325378E+04   1.1014480642144286E-09   7.1239482087898812E-20   2.9743381531795440E+03
   8.8767700000000000E+08   3.2065959344827290E+04   1.0796247796336591E-09   6.9977316952401934E-20   2.9679913342478617E+03
   8.8967700000000000E+08   3.2228493298850295E+04   1.0583250214901162E-09   6.8744085065218095E-20   2.9616299914914580E+03
   8.9167700000000000E+08   3.2392494065183713E+04   1.0375341241232263E-09   6.7538967176898299E-20   2.9552555792292983E+03
   8.9367700000000000E+08   3.2557955351389370E+04   1.0172378929357215E-09   6.6361172011811429E-20   2.9488694999592803E+03
   8.9567700000000000E+08   3.2724870617863868E+04   9.9742258654842347E-10   6.5209935092377845E-20   2.9424731061833127E+03
   8.9767700000000000E+08   3.2893233112425769E+04   9.7807489964394489E-10   6.4084517614855625E-20   2.9360677021677825E+03
   8.9967700000000000E+08   3.3063036044630753E+04   9.5918194620774126E-10   6.2984205355878327E-20   2.9296545456839813E+03
   9.0167700000000000E+08   3.3234273023119778E+04   9.4073124267500952E-10   6.1908307574973531E-20   2.9232348498052188E+03
   9.0367700000000000E+08   3.3406938967169743E+04   9.2271069021824590E-10   6.0856155858737668E-20   2.9168097848947950E+03
   9.0567700000000000E+08   3.3581031790042660E+04   9.0510855518392357E-10   5.9827102835119320E-20   2.9103804810037796E+03
   9.0767700000000000E+08   3.3756555135984971E+04   8.8791344687281945E-10   5.8820520696100103E-20   2.9039480309892642E+03
   9.0967700000000000E+08   3.3933522122069546E+04   8.7111429317071056E-10   5.7835799553442889E-20   2.8975134946873027E+03
   9.1167700000000000E+08   3.4111959097328778E+04   8.5470031786556448E-10   5.6872345878879153E-20   2.8910779042762283E+03
   9.1367700000000000E+08   3.4291906750592556E+04   8.3866102903019196E-10   5.5929581666740276E-20   2.8846422703330363E+03
   9.1567700000000000E+08   3.4473414050076237E+04   8.2298623329687012E-10   5.5006945353746679E-20   2.8782075869024920E+03
   9.1767700000000000E+08   3.4656520394501182E+04   8.0766608962474467E-10   5.4103895489641397E-20   2.8717748324755571E+03
   9.1967700000000000E+08   3.4841225964964673E+04   7.9269119887458309E-10   5.3219917013015281E-20   2.8653449631908770E+03
   9.2167700000000000E+08   3.5027461045488824E+04   7.7805268938152234E-10   5.2354527509538717E-20   2.8589188965126505E+03
   9.2367700000000000E+08   3.5215076818603869E+04   7.6374222198912231E-10   5.1507278205292966E-20   2.8524974890341700E+03
   9.2567700000000000E+08   3.5403879548049350E+04   7.4975184809405096E-10   5.0677744925447997E-20   2.8460815187713110E+03
   9.2767700000000000E+08   3.5593703431111491E+04   7.3607374446397441E-10   4.9865510262429585E-20   2.8396716843788950E+03
   9.2967700000000000E+08   3.5784476267535523E+04   7.2269998154559639E-10   4.9070147421942890E-20   2.8332686252556141E+03
   9.3167700000000000E+08   3.5976224856035878E+04   7.0962252870756553E-10   4.8291219856330311E-20   2.8268729509857849E+03
   9.3367700000000000E+08   3.6169009335140792E+04   6.9683348001918506E-10   4.7528296154451455E-20   2.8204852610301123E+03
   9.3567700000000000E+08   3.6362852017642072E+04   6.8432526149738471E-10   4.6780964229842865E-20   2.8141061447838360E+03
   9.3767700000000000E+08   3.6557780813909267E+04   6.7209080291131753E-10   4.6048843396143010E-20   2.8077361743217043E+03
   9.3967700000000000E+08   3.6753973957818780E+04   6.6012376401315514E-10   4.5331599960027477E-20   2.8013759203166919E+03
   9.4167700000000000E+08   3.6951763447179372E+04   6.4841840821722433E-10   4.4628938291157780E-20   2.7950259990029640E+03
   9.4367700000000000E+08   3.7151348954519046E+04   6.3696867884209473E-10   4.3940537139026584E-20   2.7886870994345682E+03
   9.4567700000000000E+08   3.7352476846531710E+04   6.2576715909884707E-10   4.3265978377385697E-20   2.7823599271977764E+03
   9.4767700000000000E+08   3.7554476379189022E+04   6.1480521144981831E-10   4.2604757466513782E-20   2.7760450800254721E+03
   9.4967700000000000E+08   3.7756676927242297E+04   6.0407440549513474E-10   4.1956382878399579E-20   2.7697429569497845E+03
   9.5167700000000000E+08   3.7958840700343877E+04   5.9356790625300381E-10   4.1320472252531787E-20   2.7634537851676355E+03
   9.5367700000000000E+08   3.8161277023259077E+04   5.8328076887772497E-10   4.0696772180903495E-20   2.7571777440837714E+03
   9.5567700000000000E+08   3.8364776905775492E+04   5.7320924147169819E-10   4.0085108879847811E-20   2.7509151022775727E+03
   9.5767700000000000E+08   3.8570004393548443E+04   5.6334957819291106E-10   3.9485305060218655E-20   2.7446662834303829E+03
   9.5967700000000000E+08   3.8776964427879713E+04   5.5369716899664064E-10   3.8897119599542025E-20   2.7384318181626149E+03
   9.6167700000000000E+08   3.8985419815475696E+04   5.4424680366242702E-10   3.8320267076329705E-20   2.7322122323015042E+03
   9.6367700000000000E+08   3.9195221437517757E+04   5.3499332340730546E-10   3.7754463970973595E-20   2.7260079938045105E+03
   9.6567700000000000E+08   3.9406280259534680E+04   5.2593178692885569E-10   3.7199440166830210E-20   2.7198195273877286E+03
   9.6767700000000000E+08   3.9618541210712930E+04   5.1705744794150240E-10   3.6654937299284966E-20   2.7136472267384693E+03
   9.6967700000000000E+08   3.9831967770211122E+04   5.0836572774686607E-10   3.6120706804112933E-20   2.7074914623800000E+03
   9.7167700000000000E+08   4.0046534406970961E+04   4.9985219829107656E-10   3.5596508738730264E-20   2.7013525863445375E+03
   9.7367700000000000E+08   4.0262222747937907E+04   4.9151257027754935E-10   3.5082110976345471E-20   2.6952309351789431E+03
   9.7567700000000000E+08   4.0479019321257074E+04   4.8334268330449882E-10   3.4577288549773068E-20   2.6891268320496315E+03
   9.7767700000000000E+08   4.0696913845030103E+04   4.7533849786342843E-10   3.4081823130160719E-20   2.6830405882630075E+03
   9.7967700000000000E+08   4.0915897909763029E+04   4.6749608885155520E-10   3.3595502615137097E-20   2.6769725043460735E+03
   9.8167700000000000E+08   4.1135964182673364E+04   4.5981163989273784E-10   3.3118120775026197E-20   2.6709228708187716E+03
   9.8367700000000000E+08   4.1357106015816680E+04   4.5228143836269262E-10   3.2649476948552227E-20   2.6648919687821499E+03
   9.8567700000000000E+08   4.1579317225087085E+04   4.4490187131833093E-10   3.2189375802069267E-20   2.6588800703993675E+03
   9.8767700000000000E+08   4.1802591929544025E+04   4.3766942215753953E-10   3.1737627140112017E-20   2.6528874393067736E+03
   9.8967700000000000E+08   4.2026924364740495E+04   4.3058066763333516E-10   3.1294045740432302E-20   2.6469143309714336E+03
   9.9167700000000000E+08   4.2252308586983825E+04   4.2363227499168116E-10   3.0858451197069300E-20   2.6409609929894100E+03
   9.9367700000000000E+08   4.2478738224020279E+04   4.1682099919915927E-10   3.0430667769127584E-20   2.6350276653146534E+03
   9.9567700000000000E+08   4.2706206749823934E+04   4.1014368062807446E-10   3.0010524261715748E-20   2.6291145804558669E+03
   9.9767700000000000E+08   4.2934708849265611E+04   4.0359724411857574E-10   2.9597854005482223E-20   2.6232219637697590E+03
   9.9967700000000000E+08   4.3164243056613406E+04   3.9717870027007557E-10   2.9192494996689494E-20   2.6173500340596165E+03
   1.0016770000000000E+09   4.3394815037842629E+04   3.9088514870828198E-10   2.8794290179765304E-20   2.6114990046763505E+03
   1.0036770000000000E+09   4.3626440404430534E+04   3.8471378216596834E-10   2.8403087788667699E-20   2.6056690851730127E+03
   1.0056770000000000E+09   4.3859144993204034E+04   3.7866188646313659E-10   2.8018741386537298E-20   2.5998604833504000E+03
   1.0076770000000000E+09   4.4092961011473708E+04   3.7272682936299303E-10   2.7641109083783146E-20   2.5940734071778847E+03
   1.0096770000000000E+09   4.4327919280044262E+04   3.6690604280682319E-10   2.7270052265262763E-20   2.5883080657309461E+03
   1.0116770000000000E+09   4.4564040016650950E+04   3.6119700639855278E-10   2.6905434410558975E-20   2.5825646685403153E+03
   1.0136770000000000E+09   4.4801324925828267E+04   3.5559723496468723E-10   2.6547120218460247E-20   2.5768434233445264E+03
   1.0156770000000000E+09   4.5039752826961274E+04   3.5010427048543529E-10   2.6194975056865492E-20   2.5711445326719872E+03
   1.0176770000000000E+09   4.5279277780241915E+04   3.4471567893765418E-10   2.5848864776022220E-20   2.5654681899308362E+03
   1.0196770000000000E+09   4.5519833433358450E+04   3.3942905631259849E-10   2.5508656205433795E-20   2.5598145755540113E+03
   1.0216770000000000E+09   4.5761344488990035E+04   3.3424204402337632E-10   2.5174218350916887E-20   2.5541838542663572E+03
   1.0236770000000000E+09   4.6003738300677578E+04   3.2915234680370460E-10   2.4845423773682793E-20   2.5485761744254264E+03
   1.0256770000000000E+09   4.6246954539694576E+04   3.2415774619340028E-10   2.4522149634391704E-20   2.5429916693573341E+03
   1.0276770000000000E+09   4.6490951217079375E+04   3.1925610751584658E-10   2.4204278244567097E-20   2.5374304601782042E+03
   1.0296770000000000E+09   4.6735706362186545E+04   3.1444537988827094E-10   2.3891697090772079E-20   2.5318926593759388E+03
   1.0316770000000000E+09   4.6981215911635358E+04   3.0972359055701351E-10   2.3584298429316754E-20   2.5263783743977856E+03
   1.0336770000000000E+09   4.7227489151460693E+04   3.0508883586819275E-10   2.3281978626519175E-20   2.5208877106550153E+03
   1.0356770000000000E+09   4.7474543257336671E+04   3.0053927131146134E-10   2.2984637429468486E-20   2.5154207736206226E+03
   1.0376770000000000E+09   4.7722398215175221E+04   2.9607310254033354E-10   2.2692177311920652E-20   2.5099776699602721E+03
   1.0396770000000000E+09   4.7971072911409836E+04   2.9168857843613346E-10   2.2404502976481143E-20   2.5045585078328008E+03
   1.0416770000000000E+09   4.8220582673765915E+04   2.8738398648004078E-10   2.2121521033101301E-20   2.4991633965995165E+03
   1.0436770000000000E+09   4.8470938153370764E+04   2.8315765013962779E-10   2.1843139831268962E-20   2.4937924461995690E+03
   1.0456770000000000E+09   4.8722145220979517E+04   2.7900792771202466E-10   2.1569269403010362E-20   2.4884457664089909E+03
   1.0476770000000000E+09   4.8974205492274457E+04   2.7493321203297123E-10   2.1299821471266915E-20   2.4831234661350472E+03
   1.0496770000000000E+09   4.9227117145805663E+04   2.7093193056507776E-10   2.1034709486185800E-20   2.4778256528305055E+03
   1.0516770000000000E+09   4.9480875791810737E+04   2.6700254553587270E-10   2.0773848663958252E-20   2.4725524320589952E+03
   1.0536770000000000E+09   4.9735475249400166E+04   2.6314355394496096E-10   2.0517156014311840E-20   2.4673039072071306E+03
   1.0556770000000000E+09   4.9990908170561852E+04   2.5935348737004565E-10   2.0264550351295402E-20   2.4620801793205519E+03
   1.0576770000000000E+09   5.0247166502790664E+04   2.5563091157121421E-10   2.0015952287386756E-20   2.4568813470347368E+03
   1.0596770000000000E+09   5.0504241810549633E+04   2.5197442592878964E-10   1.9771284213735599E-20   2.4517075065727245E+03
   1.0616770000000000E+09   5.0762125486710072E+04   2.4838266276144594E-10   1.9530470270237397E-20   2.4465587517867521E+03
   1.0636770000000000E+09   5.1020808885006052E+04   2.4485428656913562E-10   1.9293436308964115E-20   2.4414351742265944E+03
   1.0656770000000000E+09   5.1280283399283937E+04   2.4138799323710181E-10   1.9060109853829735E-20   2.4363368632227025E+03
   1.0676770000000000E+09   5.1540540508920560E+04   2.3798250922722657E-10   1.8830420058583277E-20   2.4312639059764278E+03
   1.0696770000000000E+09   5.1801571803940737E+04   2.3463659077429346E-10   1.8604297664540903E-20   2.4262163876526665E+03
   1.0716770000000000E+09   5.2063368998963655E+04   2.3134902309814223E-10   1.8381674958949275E-20   2.4211943914722810E+03
   1.0736770000000000E+09   5.2325923942018366E+04   2.2811861963800399E-10   1.8162485734502049E-20   2.4161979988030066E+03
   1.0756770000000000E+09   5.2589228622034614E+04   2.2494422131220353E-10   1.7946665250285603E-20   2.4112272892483866E+03
   1.0776770000000000E+09   5.2853275177122254E+04   2.2182469580414158E-10   1.7734150194248866E-20   2.4062823407347573E+03
   1.0796770000000000E+09   5.3118055904350571E+04   2.1875893687391054E-10   1.7524878647167283E-20   2.4013632295965049E+03
   1.0816770000000000E+09   5.3383563270699546E+04   2.1574586369381731E-10   1.7318790047983317E-20   2.3964700306599061E+03
   1.0836770000000000E+09   5.3649789924215678E+04   2.1278442020562395E-10   1.7115825160367665E-20   2.3916028173257091E+03
   1.0856770000000000E+09   5.3916728704252200E+04   2.0987357449732622E-10   1.6915926040344560E-20   2.3867616616505061E+03
   1.0876770000000000E+09   5.4184372649894678E+04   2.0701231819774324E-10   1.6719036004859704E-20   2.3819466344267585E+03
   1.0896770000000000E+09   5.4452715006130114E+04   2.0419966588776374E-10   1.6525099601214282E-20   2.3771578052612517E+03
   1.0916770000000000E+09   5.4721749227746041E+04   2.0143465452766516E-10   1.6334062577333610E-20   2.3723952426517058E+03
   1.0936770000000000E+09   5.4991468981253158E+04   1.9871634290026316E-10   1.6145871852866019E-20   2.3676590140612893E+03
   1.0956770000000000E+09   5.5261868145192711E+04   1.9604381106976678E-10   1.5960475491116455E-20   2.3629491859908180E+03
   1.0976770000000000E+09   5.5532940809067448E+04   1.9341615985614729E-10   1.5777822671813349E-20   2.3582658240485275E+03
   1.0996770000000000E+09   5.5804681270911256E+04   1.9083251032464680E-10   1.5597863664692408E-20   2.3536089930172302E+03
   1.1016770000000000E+09   5.6077084033263534E+04   1.8829200328988889E-10   1.5420549803866674E-20   2.3489787569188102E+03
   1.1036770000000000E+09   5.6350143797126053E+04   1.8579379883394622E-10   1.5245833462943554E-20   2.3443751790758497E+03
   1.1056770000000000E+09   5.6623855453368131E+04   1.8333707583770355E-10   1.5073668030847336E-20   2.3397983221702161E+03
   1.1076770000000000E+09   5.6898214071042108E+04   1.8092103152490471E-10   1.4904007888309644E-20   2.3352482482983523E+03
   1.1096770000000000E+09   5.7173214882106469E+04   1.7854488101836659E-10   1.4736808384997553E-20   2.3307250190229565E+03
   1.1116770000000000E+09   5.7448853262133998E+04   1.7620785690798006E-10   1.4572025817260141E-20   2.3262286954207070E+03
   1.1136770000000000E+09   5.7725124706687653E+04   1.7390920883019778E-10   1.4409617406480494E-20   2.3217593381256479E+03
   1.1156770000000000E+09   5.8002024803121887E+04   1.7164820305880445E-10   1.4249541278027859E-20   2.3173170073678375E+03
   1.1176770000000000E+09   5.8279549197661632E+04   1.6942412210680454E-10   1.4091756440807764E-20   2.3129017630068524E+03
   1.1196770000000000E+09   5.8557693557674247E+04   1.6723626433929335E-10   1.3936222767410069E-20   2.3085136645597481E+03
   1.1216770000000000E+09   5.8836453529135979E+04   1.6508394359714731E-10   1.3782900974852371E-20   2.3041527712230686E+03
   1.1236770000000000E+09   5.9115824689361238E+04   1.6296648883136824E-10   1.3631752605915440E-20   2.2998191418885731E+03
   1.1256770000000000E+09   5.9395802495163742E+04   1.6088324374784100E-10   1.3482740011061077E-20   2.2955128351522831E+03
   1.1276770000000000E+09   5.9676382226712412E+04   1.5883356646222652E-10   1.3335826330918634E-20   2.2912339093165983E+03
   1.1296770000000000E+09   5.9957558927477534E+04   1.5681682916462092E-10   1.3190975479318554E-20   2.2869824223851974E+03
   1.1316770000000000E+09   6.0239327340797456E+04   1.5483241779354080E-10   1.3048152126844402E-20   2.2827584320505234E+03
   1.1336770000000000E+09   6.0521681843757615E+04   1.5287973171870086E-10   1.2907321684865917E-20   2.2785619956737551E+03
   1.1356770000000000E+09   6.0804616379249761E+04   1.5095818343196150E-10   1.2768450290007228E-20   2.2743931702572168E+03
   1.1376770000000000E+09   6.1088124387267191E+04   1.4906719824572789E-10   1.2631504788994997E-20   2.2702520124092871E+03
   1.1396770000000000E+09   6.1372198736692073E+04   1.4720621399800143E-10   1.2496452723822761E-20   2.2661385783020246E+03
   1.1416770000000000E+09   6.1656831659029922E+04   1.4537468076319573E-10   1.2363262317159106E-20   2.2620529236218094E+03
   1.1436770000000000E+09   6.1942014685739188E+04   1.4357206056777975E-10   1.2231902457921011E-20   2.2579951035134873E+03
   1.1456770000000000E+09   6.2227738590989342E+04   1.4179782710975010E-10   1.2102342686927111E-20   2.2539651725186641E+03
   1.1476770000000000E+09   6.2513993341823712E+04   1.4005146548092912E-10   1.1974553182543230E-20   2.2499631845089566E+03
   1.1496770000000000E+09   6.2800768057828252E+04   1.3833247189108739E-10   1.1848504746231050E-20   2.2459891926151931E+03
   1.1516770000000000E+09   6.3088050982462089E+04   1.3664035339293925E-10   1.1724168787913294E-20   2.2420432491537686E+03
   1.1536770000000000E+09   6.3375829468204138E+04   1.3497462760714174E-10   1.1601517311074476E-20   2.2381254055514746E+03
   1.1556770000000000E+09   6.3664089977589487E+04   1.3333482244656038E-10   1.1480522897526173E-20   2.2342357122703838E+03
   1.1576770000000000E+09   6.3952818102036908E+04   1.3172047583922879E-10   1.1361158691779162E-20   2.2303742187344310E+03
   1.1596770000000000E+09   6.4241998600100385E+04   1.3013113544965446E-10   1.1243398384983398E-20   2.2265409732595222E+03
   1.1616770000000000E+09   6.4531615456405503E+04   1.2856635839837177E-10   1.1127216198418353E-20   2.2227360229890596E+03
   1.1636770000000000E+09   6.4821651962057025E+04   1.2702571097994820E-10   1.1012586866542962E-20   2.2189594138368298E+03
   1.1656770000000000E+09   6.5112090816730306E+04   1.2550876837996560E-10   1.0899485619642929E-20   2.2152111904391909E+03
   1.1676770000000000E+09   6.5402914252000468E+04   1.2401511439185230E-10   1.0787888166145420E-20   2.2114913961184475E+03
   1.1696770000000000E+09   6.5694104174736844E+04   1.2254434113477930E-10   1.0677770674703008E-20   2.2078000728591528E+03
   1.1716770000000000E+09   6.5985642328617352E+04   1.2109604877418064E-10   1.0569109756181756E-20   2.2041372612989062E+03
   1.1736770000000000E+09   6.6277510471037036E+04   1.1966984524675392E-10   1.0461882445717673E-20   2.2005030007349560E+03
   1.1756770000000000E+09   6.6569690561926254E+04   1.1826534599205445E-10   1.0356066185032351E-20   2.1968973291475982E+03
   1.1776770000000000E+09   6.6862164960309980E+04   1.1688217369296913E-10   1.0251638805218080E-20   2.1933202832409670E+03
   1.1796770000000000E+09   6.7154916623851430E+04   1.1551995802744941E-10   1.0148578510215263E-20   2.1897718985014571E+03
   1.1816770000000000E+09   6.7447929306198188E+04   1.1417833543385669E-10   1.0046863861207626E-20   2.1862522092734757E+03
   1.1836770000000000E+09   6.7741187746707263E+04   1.1285694889214087E-10   9.9464737621531172E-21   2.1827612488518348E+03
   1.1856770000000000E+09   6.8034677847096507E+04   1.1155544772281450E-10   9.8473874466498046E-21   2.1792990495895801E+03
   1.1876770000000000E+09   6.8328386829784009E+04   1.1027348740531240E-10   9.7495844663065981E-21   2.1758656430196265E+03
   1.1896770000000000E+09   6.8622303373119663E+04   1.0901072941685753E-10   9.6530446807496437E-21   2.1724610599881662E+03
   1.1916770000000000E+09   6.8916417719381716E+04   1.0776684109240308E-10   9.5577482493482013E-21   2.1690853307974680E+03
   1.1936770000000000E+09   6.9210721752287762E+04   1.0654149550561536E-10   9.4636756246907024E-21   2.1657384853554177E+03
   1.1956770000000000E+09   6.9505209041787661E+04   1.0533437137024478E-10   9.3708075477862565E-21   2.1624205533289678E+03
   1.1976770000000000E+09   6.9799874855037124E+04   1.0414515296062501E-10   9.2791250449112212E-21   2.1591315642985965E+03
   1.1996770000000000E+09   7.0094716133621783E+04   1.0297353004948708E-10   9.1886094259684642E-21   2.1558715479108646E+03
   1.2016770000000000E+09   7.0389731438262446E+04   1.0181919786079816E-10   9.0992422841806746E-21   2.1526405340262941E+03
   1.2036770000000000E+09   7.0684920863320483E+04   1.0068185703495084E-10   9.0110054969003980E-21   2.1494385528599896E+03
   1.2056770000000000E+09   7.0980285924387936E+04   9.9561213603381507E-11   8.9238812272923442E-21   2.1462656351127021E+03
   1.2076770000000000E+09   7.1275829423072850E+04   9.8456978969538786E-11   8.8378519266240776E-21   2.1431218120903850E+03
   1.2096770000000000E+09   7.1571555293716126E+04   9.7368869893119711E-11   8.7529003368954395E-21   2.1400071158107021E+03
   1.2116770000000000E+09   7.1867468437228119E+04   9.6296608474570332E-11   8.6690094935387611E-21   2.1369215790953631E+03
   1.2136770000000000E+09   7.2163574547456636E+04   9.5239922137058922E-11   8.5861627279359449E-21   2.1338652356476186E+03
   1.2156770000000000E+09   7.2459879935534380E+04   9.4198543603404567E-11   8.5043436695185025E-21   2.1308381201147031E+03
   1.2176770000000000E+09   7.2756391357455737E+04   9.3172210865822299E-11   8.4235362472468681E-21   2.1278402681354141E+03
   1.2196770000000000E+09   7.3053115849745518E+04   9.2160667146771114E-11   8.3437246903002822E-21   2.1248717163734500E+03
   1.2216770000000000E+09   7.3350060577487297E+04   9.1163660849674359E-11   8.2648935278499035E-21   2.1219325025374324E+03
   1.2236770000000000E+09   7.3647232698184700E+04   9.0180945498806455E-11   8.1870275878335004E-21   2.1190226653888681E+03
   1.2256770000000000E+09   7.3944639244018821E+04   8.9212279668162764E-11   8.1101119946970605E-21   2.1161422447394684E+03
   1.2276770000000000E+09   7.4242287024018864E+04   8.8257426899657520E-11   8.0341321661164909E-21   2.1132912814394253E+03
   1.2296770000000000E+09   7.4540182546612225E+04   8.7316155611469149E-11   7.9590738087570437E-21   2.1104698173582447E+03
   1.2316770000000000E+09   7.4838331961995762E+04   8.6388238997763597E-11   7.8849229131671011E-21   2.1076778953597604E+03
   1.2336770000000000E+09   7.5136741022878428E+04   8.5473454921336223E-11   7.8116657479337422E-21   2.1049155592727934E+03
   1.2356770000000000E+09   7.5435415061439024E+04   8.4571585800910186E-11   7.7392888532481889E-21   2.1021828538588002E+03
   1.2376770000000000E+09   7.5734358979884637E+04   8.3682418494891577E-11   7.6677790340379180E-21   2.0994798247776521E+03
   1.2396770000000000E+09   7.6033577251781826E+04   8.2805744183339641E-11   7.5971233528214092E-21   2.0968065185524265E+03
   1.2416770000000000E+09   7.6333073931371429E+04   8.1941358249746492E-11   7.5273091224291553E-21   2.0941629825339214E+03
   1.2436770000000000E+09   7.6632852668278952E+04   8.1089060164012947E-11   7.4583238987179691E-21   2.0915492648653517E+03
   1.2456770000000000E+09   7.6932916725400995E+04   8.0248653367735276E-11   7.3901554733827748E-21   2.0889654144474957E+03
   1.2476770000000000E+09   7.7233268998147483E+04   7.9419945162654750E-11   7.3227918669472760E-21   2.0864114809044395E+03
   1.2496770000000000E+09   7.7533912033630157E+04   7.8602746602875688E-11   7.2562213219935010E-21   2.0838875145499205E+03
   1.2516770000000000E+09   7.7834848048785250E+04   7.7796872391235578E-11   7.1904322966705013E-21   2.0813935663541620E+03
   1.2536770000000000E+09   7.8136078946735026E+04   7.7002140780037664E-11   7.1254134585068289E-21   2.0789296879110698E+03
   1.2556770000000000E+09   7.8437606330970273E+04   7.6218373476215382E-11   7.0611536785386576E-21   2.0764959314055900E+03
   1.2576770000000000E+09   7.8739431517179240E+04   7.5445395550886448E-11   6.9976420257549719E-21   2.0740923495810193E+03
   1.2596770000000000E+09   7.9041555542725546E+04   7.4683035353169940E-11   6.9348677618533773E-21   2.0717189957060382E+03
   1.2616770000000000E+09   7.9343979173925953E+04   7.3931124428083040E-11   6.8728203362943452E-21   2.0693759235412895E+03
   1.2636770000000000E+09   7.9646702911371511E+04   7.3189497438300099E-11   6.8114893816384945E-21   2.0670631873052530E+03
   1.2656770000000000E+09   7.9949726993597404E+04   7.2457992089533505E-11   6.7508647091486424E-21   2.0647808416393004E+03
   1.2676770000000000E+09   8.0253051399372082E+04   7.1736449059319682E-11   6.6909363046404901E-21   2.0625289415717316E+03
   1.2696770000000000E+09   8.0556675848855724E+04   7.1024711928997644E-11   6.6316943245656708E-21   2.0603075424806752E+03
   1.2716770000000000E+09   8.0860599803787030E+04   7.0322627118709679E-11   6.5731290923145541E-21   2.0581167000557416E+03
   1.2736770000000000E+09   8.1164822466785525E+04   6.9630043825277039E-11   6.5152310947281386E-21   2.0559564702583111E+03
   1.2756770000000000E+09   8.1469342779795319E+04   6.8946813962823725E-11   6.4579909788100275E-21   2.0538269092803630E+03
   1.2776770000000000E+09   8.1774159421649165E+04   6.8272792106033862E-11   6.4013995486304311E-21   2.0517280735017484E+03
   1.2796770000000000E+09   8.2079270804695887E+04   6.7607835435931418E-11   6.3454477624143421E-21   2.0496600194458115E+03
   1.2816770000000000E+09   8.2384675070418976E+04   6.6951803688068995E-11   6.2901267298055912E-21   2.0476228037332608E+03
   1.2836770000000000E+09   8.2690370083941816E+04   6.6304559103007646E-11   6.2354277092980184E-21   2.0456164830341913E+03
   1.2856770000000000E+09   8.2996353427260590E+04   6.5665966378975927E-11   6.1813421058252708E-21   2.0436411140181688E+03
   1.2876770000000000E+09   8.3302622390985736E+04   6.5035892626601421E-11   6.1278614685012598E-21   2.0416967533022500E+03
   1.2896770000000000E+09   8.3609173964285088E+04   6.4414207325618943E-11   6.0749774885040845E-21   2.0397834573968416E+03
   1.2916770000000000E+09   8.3916004822586037E+04   6.3800782283487554E-11   6.0226819970988275E-21   2.0379012826492669E+03
   1.2936770000000000E+09   8.4223111312450259E+04   6.3195491595877093E-11   5.9709669637973531E-21   2.0360502851848746E+03
   1.2956770000000000E+09   8.4530489432841176E+04   6.2598211609028829E-11   5.9198244946572095E-21   2.0342305208455314E+03
   1.2976770000000000E+09   8.4838134811804557E+04   6.2008820884042693E-11   5.8692468307264669E-21   2.0324420451252774E+03
   1.2996770000000000E+09   8.5146042677461359E+04   6.1427200163172595E-11   5.8192263466440811E-21   2.0306849131028737E+03
   1.3016770000000000E+09   8.5454207822260549E+04   6.0853232338196290E-11   5.7697555494040315E-21   2.0289591793709546E+03
   1.3036770000000000E+09   8.5762624559883785E+04   6.0286802420815634E-11   5.7208270772811266E-21   2.0272648979614116E+03
   1.3056770000000000E+09   8.6071286675249372E+04   5.9727797514780744E-11   5.6724336988911769E-21   2.0256021222666909E+03
   1.3076770000000000E+09   8.6380187370029773E+04   5.9176106788948050E-11   5.6245683123119500E-21   2.0239709049567009E+03
   1.3096770000000000E+09   8.6689319209076843E+04   5.8631621449770638E-11   5.5772239441223839E-21   2.0223712978912727E+03
   1.3116770000000000E+09   8.6998674077246673E+04   5.8094234710758339E-11   5.5303937481243556E-21   2.0208033520284130E+03
   1.3136770000000000E+09   8.7308243160865779E+04   5.7563841755377142E-11   5.4840710034064891E-21   2.0192671173292204E+03
   1.3156770000000000E+09   8.7618016972645230E+04   5.7040339688899711E-11   5.4382491113143889E-21   2.0177626426611157E+03
   1.3176770000000000E+09   8.7927985441745332E+04   5.6523627474243876E-11   5.3929215908417165E-21   2.0162899757020443E+03
   1.3196770000000000E+09   8.8238138089866581E+04   5.6013605847332635E-11   5.3480820719992799E-21   2.0148491628493730E+03
   1.3216770000000000E+09   8.8548464307558184E+04   5.5510177209462148E-11   5.3037242869023855E-21   2.0134402491381275E+03
   1.3236770000000000E+09   8.8858953730762238E+04   5.5013245497890834E-11   5.2598420586720862E-21   2.0120632781736435E+03
   1.3256770000000000E+09   8.9169596695913220E+04   5.4522716041277050E-11   5.2164292887673945E-21   2.0107182920832997E+03
   1.3276770000000000E+09   8.9480384725303520E+04   5.4038495412946662E-11   5.1734799439828157E-21   2.0094053314904136E+03
   1.3296770000000000E+09   8.9791310968781370E+04   5.3560491300765707E-11   5.1309880449153691E-21   2.0081244355104982E+03
   1.3316770000000000E+09   9.0102370511928078E+04   5.3088612415493443E-11   5.0889476580215843E-21   2.0068756417660902E+03
   1.3336770000000000E+09   9.0413560464322931E+04   5.2622768457666596E-11   5.0473528932300576E-21   2.0056589864118978E+03
   1.3356770000000000E+09   9.0724879771457476E+04   5.2162870154820571E-11   5.0061979082996057E-21   2.0044745041582059E+03
   1.3376770000000000E+09   9.1036328750416811E+04   5.1708829366447840E-11   4.9654769197353215E-21   2.0033222282786071E+03
   1.3396770000000000E+09   9.1347908422195120E+04   5.1260559236322372E-11   4.9251842183583598E-21   2.0022021905892925E+03
   1.3416770000000000E+09   9.1659619781550660E+04   5.0817974355866708E-11   4.8853141860669112E-21   2.0011144213919083E+03
   1.3436770000000000E+09   9.1971463181733707E+04   5.0380990894509303E-11   4.8458613095460787E-21   2.0000589493796190E+03
   1.3456770000000000E+09   9.2283437993909713E+04   4.9949526658530529E-11   4.8068201871799687E-21   1.9990358015146846E+03
   1.3476770000000000E+09   9.2595542623658912E+04   4.9523501059721463E-11   4.7681855272997448E-21   1.9980450028927135E+03
   1.3496770000000000E+09   9.2907774849017704E+04   4.9102835004217153E-11   4.7299521386910599E-21   1.9970865766112349E+03
   1.3516770000000000E+09   9.3220132329009110E+04   4.8687450739652719E-11   4.6921149169801878E-21   1.9961605436568464E+03
   1.3536770000000000E+09   9.3532613069945801E+04   4.8277271713140635E-11   4.6546688319397964E-21   1.9952669228168411E+03
   1.3556770000000000E+09   9.3845215663873387E+04   4.7872222485457343E-11   4.6176089201132665E-21   1.9944057306109808E+03
   1.3576770000000000E+09   9.4157939225002003E+04   4.7472228719605030E-11   4.5809302845609215E-21   1.9935769812312867E+03
   1.3596770000000000E+09   9.4470783096085404E+04   4.7077217226567933E-11   4.5446281001249408E-21   1.9927806864759043E+03
   1.3616770000000000E+09   9.4783746502819078E+04   4.6687116025292144E-11   4.5086976200978461E-21   1.9920168556679739E+03
   1.3636770000000000E+09   9.5096828341335771E+04   4.6301854371656355E-11   4.4731341799251226E-21   1.9912854955593148E+03
   1.3656770000000000E+09   9.5410027187074651E+04   4.5921362733742161E-11   4.4379331957202608E-21   1.9905866102267362E+03
   1.3676770000000000E+09   9.5723341471967506E+04   4.5545572724364341E-11   4.4030901586144638E-21   1.9899202009714511E+03
   1.3696770000000000E+09   9.6036769680816054E+04   4.5174417025629055E-11   4.3686006282802365E-21   1.9892862662283171E+03
   1.3716770000000000E+09   9.6350310428210112E+04   4.4807829339501721E-11   4.3344602289187171E-21   1.9886848014843958E+03
   1.3736770000000000E+09   9.6663962381254096E+04   4.4445744375221021E-11   4.3006646487810190E-21   1.9881157992006661E+03
   1.3756770000000000E+09   9.6977724110004390E+04   4.4088097856954222E-11   4.2672096416389616E-21   1.9875792487303565E+03
   1.3776770000000000E+09   9.7291593988686029E+04   4.3734826523888851E-11   4.2340910275209083E-21   1.9870751362318831E+03
   1.3796770000000000E+09   9.7605570210740596E+04   4.3385868106969482E-11   4.2013046911740083E-21   1.9866034445798239E+03
   1.3816770000000000E+09   9.7919650876987755E+04   4.3041161289665983E-11   4.1688465789531277E-21   1.9861641532792869E+03
   1.3836770000000000E+09   9.8233834057160318E+04   4.2700645674343216E-11   4.1367126962193296E-21   1.9857572383863173E+03
   1.3856770000000000E+09   9.8548117746063755E+04   4.2364261771428989E-11   4.1048991069211182E-21   1.9853826724322041E+03
   1.3876770000000000E+09   9.8862499672634469E+04   4.2031951017349762E-11   4.0734019359524986E-21   1.9850404243460689E+03
   1.3896770000000000E+09   9.9176976829326362E+04   4.1703655837213207E-11   4.0422173758565809E-21   1.9847304593674471E+03
   1.3916770000000000E+09   9.9491544164614286E+04   4.1379319835851163E-11   4.0113417060188160E-21   1.9844527389309849E+03
   1.3936770000000000E+09   9.9806190740465376E+04   4.1058888385467777E-11   3.9807713504663550E-21   1.9842072204715100E+03
   1.3956770000000000E+09   1.0012088888515292E+05   4.0742310321020481E-11   3.9505030435297599E-21   1.9839938570044021E+03
   1.3976770000000000E+09   1.0043556544759021E+05   4.0429542478695582E-11   3.9205342724096143E-21   1.9838125961093606E+03
   1.3996770000000000E+09   1.0075003056881159E+05   4.0120561013894308E-11   3.8908643801615951E-21   1.9836633774333518E+03
   1.4016770000000000E+09   1.0106381389559731E+05   3.9815387597555931E-11   3.8614971183422101E-21   1.9835461267587314E+03
   1.4036770000000000E+09   1.0137581984627516E+05   3.9514145018846156E-11   3.8324460657653673E-21   1.9834607426682869E+03
   1.4056770000000000E+09   1.0168367713442116E+05   3.9217163298973154E-11   3.8037449732199676E-21   1.9834070685569532E+03
   1.4076770000000000E+09   1.0198267416556463E+05   3.8925156122709792E-11   3.7754649743173590E-21   1.9833848384850189E+03
   1.4096770000000000E+09   1.0226433630098260E+05   3.8639462097609569E-11   3.7477381518517881E-21   1.9833935821071389E+03
   1.4116770000000000E+09   1.0251508044276811E+05   3.8362281426120686E-11   3.7207807404015826E-21   1.9834324763318696E+03
   1.4136770000000000E+09   1.0271576131772036E+05   3.8096762417827237E-11   3.6949018317859991E-21   1.9835001458465822E+03
   1.4156770000000000E+09   1.0284243683676809E+05   3.7846838782276817E-11   3.6704879190075663E-21   1.9835944420338055E+03
   1.4176770000000000E+09   1.0286611553198595E+05   3.7617118287765368E-11   3.6479923545608825E-21   1.9837122480238349E+03
   1.4196770000000000E+09   1.0274573745110715E+05   3.7413817742263016E-11   3.6280262329832518E-21   1.9838493027333959E+03
   1.4216770000000000E+09   1.0241250178792786E+05   3.7247500905542015E-11   3.6116243973512909E-21   1.9839998399109843E+03
   1.4236770000000000E+09   1.0176715221918192E+05   3.7134795714908546E-11   3.6004134510432947E-21   1.9841556366235698E+03
   1.4256770000000000E+09   1.0073953889581381E+05   3.7090304448467801E-11   3.5958298071825700E-21   1.9843046109132549E+03
   1.4276770000000000E+09   9.9411643539625482E+04   3.7104401771211699E-11   3.5969665041598164E-21   1.9844314982944402E+03
   1.4296770000000000E+09   9.8047122800026744E+04   3.7130874553696296E-11   3.5993639128132320E-21   1.9845246230753119E+03
   1.4316770000000000E+09   9.6865543205685288E+04   3.7121624208606346E-11   3.5983585860681510E-21   1.9845845300955807E+03
   1.4336770000000000E+09   9.5845934462288220E+04   3.7080554005534717E-11   3.5943111190153027E-21   1.9846211681559009E+03
   1.4356770000000000E+09   9.4622032931838010E+04   3.7018314508213714E-11   3.5882437464702905E-21   1.9846401623326415E+03
   6.5767700000000000E+08  -2.7482010053863710E+03   5.6719564575195909E-13   5.8294933582735377E-24   1.1796133058502235E+03
   6.5967700000000000E+08  -2.3972891166217373E+03   8.0401536295147056E-13   7.8527888308025686E-24   1.2413035989177920E+03
   6.6167700000000000E+08  -2.1348064972977063E+03   1.0523279408445831E-12   9.8837673978181841E-24   1.2908214444912649E+03
   6.6367700000000000E+08  -1.8484406274346723E+03   1.3315049481228283E-12   1.2183977165836116E-23   1.3249249991825034E+03
   6.6567700000000000E+08  -1.2719287913481601E+03   1.6268739921344157E-12   1.4591976629546459E-23   1.3516908604718185E+03
   6.6767700000000000E+08  -5.6046263927645964E+02   1.9366705491022113E-12   1.7081232342468437E-23   1.3745930207493147E+03
   6.6967700000000000E+08   6.9286086717934083E+01   2.2746142509547859E-12   1.9697004712205591E-23   1.4000551817036737E+03
   6.7167700000000000E+08   1.9454252555538196E+02   2.6841852046474890E-12   2.2450571981400349E-23   1.4495148011421306E+03
   6.7367700000000000E+08  -1.4665340720728391E+03   3.2741823524101711E-12   2.4612764160222628E-23   1.6127983088506303E+03
   6.7567700000000000E+08  -7.9432225070299864E+03   4.2821390027875494E-12   2.5180747944971617E-23   2.0617201777862870E+03
   6.7767700000000000E+08  -2.1114357455091595E+04   5.8649901344332433E-12   2.6305273426111549E-23   2.7030996224620562E+03
   6.7967700000000000E+08  -3.8798867798435000E+04   8.0648431389607351E-12   2.9999132060517410E-23   3.2593036371265925E+03
   6.8167700000000000E+08  -5.7596002977444092E+04   1.1106735578818388E-11   3.7341098420830853E-23   3.6060930592607015E+03
   6.8367700000000000E+08  -7.3169698347364538E+04   1.5371543150072386E-11   4.9735081518549811E-23   3.7470735754360512E+03
   6.8567700000000000E+08  -8.2404477871856419E+04   2.1325549814596916E-11   6.9085983912622543E-23   3.7423799363792141E+03
   6.8767700000000000E+08  -8.4856332145002438E+04   2.9465128429423604E-11   9.7667446986999683E-23   3.6575989937479308E+03
   6.8967700000000000E+08  -8.2043440865389057E+04   4.0252749406506532E-11   1.3779834619816361E-22   3.5415153665049761E+03
   6.9167700000000000E+08  -7.6069010346056879E+04   5.4033264933526355E-11   1.9134014306798579E-22   3.4236763459641697E+03
   6.9367700000000000E+08  -6.8705918494539656E+04   7.0936284338757619E-11   2.5911390530642333E-22   3.3190615226387231E+03
   6.9567700000000000E+08  -6.1071748676030322E+04   9.0795180749479139E-11   3.4044335879921054E-22   3.2333708394315249E+03
   6.9767700000000000E+08  -5.3678972016636078E+04   1.1312774308514751E-10   4.3305093976855223E-22   3.1671433733510257E+03
   6.9967700000000000E+08  -4.6638674947413514E+04   1.3720094001603438E-10   5.3339122568368548E-22   3.1185219553978900E+03
   7.0167700000000000E+08  -3.9863892791990285E+04   1.6215725737154479E-10   6.3728996895203510E-22   3.0848701912384799E+03
   7.0367700000000000E+08  -3.3208457591796599E+04   1.8715234266832801E-10   7.4063541983728674E-22   3.0635740087486756E+03
   7.0567700000000000E+08  -2.6540896803876025E+04   2.1145941289881152E-10   8.3990372625695046E-22   3.0523554085437504E+03
   7.0767700000000000E+08  -1.9773531091390792E+04   2.3452140519935739E-10   9.3242591288936824E-22   3.0493392200101380E+03
   7.0967700000000000E+08  -1.2865838892006581E+04   2.5595652391602012E-10   1.0164234222983841E-21   3.0530163175936304E+03
   7.1167700000000000E+08  -5.8157204928091223E+03   2.7553511680249218E-10   1.0908986041804360E-21   3.0621760648880922E+03
   7.1367700000000000E+08   1.3550006992507001E+03   2.9314704693849573E-10   1.1554719004590605E-21   3.0758398654089879E+03
   7.1567700000000000E+08   8.6333375133396912E+03   3.0878221289039345E-10   1.2102655578791299E-21   3.0932084463715019E+03
   7.1767700000000000E+08   1.5953276835593699E+04   3.2240865789780475E-10   1.2553558480827334E-21   3.1137047699795262E+03
   7.1967700000000000E+08   2.3228061946371188E+04   3.3411445182127332E-10   1.2913824452633001E-21   3.1367360047125294E+03
   7.2167700000000000E+08   3.0422828122841351E+04   3.4401739228587130E-10   1.3191478035817572E-21   3.1617281587236039E+03
   7.2367700000000000E+08   3.7519179096482352E+04   3.5222499344978461E-10   1.3393957205606315E-21   3.1882241639556378E+03
   7.2567700000000000E+08   4.4501058270815498E+04   3.5884517579585535E-10   1.3528457317139120E-21   3.2158547339060060E+03
   7.2767700000000000E+08   5.1356681971054146E+04   3.6398572124922761E-10   1.3601863001041572E-21   3.2443189041728024E+03
   7.2967700000000000E+08   5.8079409339515536E+04   3.6775448568176078E-10   1.3620730468131714E-21   3.2733705137482211E+03
   7.3167700000000000E+08   6.4667831953446046E+04   3.7025972536102048E-10   1.3591289704471001E-21   3.3028084818421553E+03
   7.3367700000000000E+08   7.1125333014483855E+04   3.7161013068119893E-10   1.3519447958702824E-21   3.3324694210284156E+03
   7.3567700000000000E+08   7.7459302295125512E+04   3.7191437262102267E-10   1.3410785077156859E-21   3.3622216922029147E+03
   7.3767700000000000E+08   8.3680165247351659E+04   3.7128015407999380E-10   1.3270538658213478E-21   3.3919603775055953E+03
   7.3967700000000000E+08   8.9800368021674862E+04   3.6981289832987828E-10   1.3103582174960269E-21   3.4216028905442045E+03
   7.4167700000000000E+08   9.5833437202797926E+04   3.6761428292280901E-10   1.2914401820279192E-21   3.4510850950982726E+03
   7.4367700000000000E+08   1.0179319139545815E+05   3.6478083640450021E-10   1.2707078014508787E-21   3.4803578860277894E+03
   7.4567700000000000E+08   1.0769314157384580E+05   3.6140277061729402E-10   1.2485275935226455E-21   3.5093842197491131E+03
   7.4767700000000000E+08   1.1354608066383276E+05   3.5756315169520950E-10   1.2252247148809854E-21   3.5381365852826530E+03
   7.4967700000000000E+08   1.1936383871298916E+05   3.5333744110244426E-10   1.2010842224301522E-21   3.5665948962503503E+03
   7.5167700000000000E+08   1.2515716814178890E+05   3.4879338132418025E-10   1.1763532615400461E-21   3.5947447704011011E+03
   7.5367700000000000E+08   1.3093572170375839E+05   3.4399116576669798E-10   1.1512439259776346E-21   3.6225761524430504E+03
   7.5567700000000000E+08   1.3670809012750222E+05   3.3898381812462047E-10   1.1259365174820497E-21   3.6500822304634212E+03
   7.5767700000000000E+08   1.4248187354656155E+05   3.3381770769442277E-10   1.1005829613879850E-21   3.6772585958564109E+03
   7.5967700000000000E+08   1.4826376830153979E+05   3.2853313755338595E-10   1.0753101864006099E-21   3.7041026001305731E+03
   7.6167700000000000E+08   1.5405965717165879E+05   3.2316495677813996E-10   1.0502233339981965E-21   3.7306128676406624E+03
   7.6367700000000000E+08   1.5987469604979799E+05   3.1774316223185447E-10   1.0254087150246839E-21   3.7567889298255159E+03
   7.6567700000000000E+08   1.6571339352539027E+05   3.1229346785545109E-10   1.0009364726859096E-21   3.7826309529806003E+03
   7.6767700000000000E+08   1.7157968204011355E+05   3.0683782907312262E-10   9.7686294129208908E-22   3.8081395373980195E+03
   7.6967700000000000E+08   1.7747698055787978E+05   3.0139491687321875E-10   9.5323270989747776E-22   3.8333155706254652E+03
   7.7167700000000000E+08   1.8340824934285009E+05   2.9598054075505043E-10   9.3008041162798006E-22   3.8581601215906994E+03
   7.7367700000000000E+08   1.8937603770356430E+05   2.9060802257231365E-10   9.0743226522729666E-22   3.8826743654872862E+03
   7.7567700000000000E+08   1.9538252560625572E+05   2.8528852486542583E-10   8.8530739715837494E-22   3.9068595317480654E+03
   7.7767700000000000E+08   2.0142955999679051E+05   2.8003133798081592E-10   8.6371897198850395E-22   3.9307168692842160E+03
   7.7967700000000000E+08   2.0751868656565505E+05   2.7484413044368484E-10   8.4267515684340717E-22   3.9542476245676639E+03
   7.8167700000000000E+08   2.1365117758092721E+05   2.6973316690582325E-10   8.2217994315396268E-22   3.9774530291904571E+03
   7.8367700000000000E+08   2.1982805631785415E+05   2.6470349768000799E-10   8.0223384618119410E-22   4.0003342943333100E+03
   7.8567700000000000E+08   2.2605011853616490E+05   2.5975912349036020E-10   7.8283450014437734E-22   4.0228926101820748E+03
   7.8767700000000000E+08   2.3231795139697942E+05   2.5490313866885096E-10   7.6397716432286063E-22   4.0451291487950466E+03
   7.8967700000000000E+08   2.3863195016649130E+05   2.5013785564224473E-10   7.4565515330819812E-22   4.0670450692816253E+03
   7.9167700000000000E+08   2.4499233301896704E+05   2.4546491319625799E-10   7.2786020265952811E-22   4.0886415244301320E+03
   7.9367700000000000E+08   2.5139915422293925E+05   2.4088537068067104E-10   7.1058277954883968E-22   4.1099196681384310E+03
   7.9567700000000000E+08   2.5785231596851142E+05   2.3639979003170839E-10   6.9381234655050519E-22   4.1308806631692951E+03
   7.9767700000000000E+08   2.6435157906828774E+05   2.3200830723480917E-10   6.7753758550443278E-22   4.1515256888834338E+03
   7.9967700000000000E+08   2.7089657273854705E+05   2.2771069462932558E-10   6.6174658733777711E-22   4.1718559487043531E+03
   8.0167700000000000E+08   2.7748680364055873E+05   2.2350641526377832E-10   6.4642701284182961E-22   4.1918726771471256E+03
   8.0367700000000000E+08   2.8412166433472105E+05   2.1939467034299127E-10   6.3156622864650828E-22   4.2115771463019855E+03
   8.0567700000000000E+08   2.9080044127318461E+05   2.1537444066385259E-10   6.1715142199545820E-22   4.2309706717077588E+03
   8.0767700000000000E+08   2.9752232243053376E+05   2.1144452281190882E-10   6.0316969738340668E-22   4.2500546175824447E+03
   8.0967700000000000E+08   3.0428640464776737E+05   2.0760356078400380E-10   5.8960815765950761E-22   4.2688304014013675E+03
   8.1167700000000000E+08   3.1109170074292255E+05   2.0385007361048864E-10   5.7645397181338086E-22   4.2872994978295665E+03
   8.1367700000000000E+08   3.1793714642265608E+05   2.0018247947209802E-10   5.6369443133357253E-22   4.3054634420260400E+03
   8.1567700000000000E+08   3.2482160701329989E+05   1.9659911673959623E-10   5.5131699675190996E-22   4.3233238323446194E+03
   8.1767700000000000E+08   3.3174388401738217E+05   1.9309826230711802E-10   5.3930933575374567E-22   4.3408823324608220E+03
   8.1967700000000000E+08   3.3870272149234405E+05   1.8967814754132608E-10   5.2765935403659131E-22   4.3581406729566197E+03
   8.2167700000000000E+08   3.4569681224190508E+05   1.8633697212686584E-10   5.1635521993245502E-22   4.3751006523965807E+03
   8.2367700000000000E+08   3.5272480380702158E+05   1.8307291605301553E-10   5.0538538366741873E-22   4.3917641379296156E+03
   8.2567700000000000E+08   3.5978530424218689E+05   1.7988414995602481E-10   4.9473859201168087E-22   4.4081330654508320E+03
   8.2767700000000000E+08   3.6687688766349724E+05   1.7676884400563354E-10   4.8440389897105411E-22   4.4242094393581174E+03
   8.2967700000000000E+08   3.7399809955708473E+05   1.7372517550198158E-10   4.7437067308387710E-22   4.4399953319380020E+03
   8.3167700000000000E+08   3.8114746183960396E+05   1.7075133533006203E-10   4.6462860181325750E-22   4.4554928824151530E+03
   8.3367700000000000E+08   3.8832347766613768E+05   1.6784553340250032E-10   4.5516769346137589E-22   4.4707042956995674E+03
   8.3567700000000000E+08   3.9552463598464994E+05   1.6500600320740210E-10   4.4597827697869324E-22   4.4856318408650004E+03
   8.3767700000000000E+08   4.0274941583967482E+05   1.6223100556591502E-10   4.3705099999479104E-22   4.5002778493914757E+03
   8.3967700000000000E+08   4.0999629043090419E+05   1.5951883169369428E-10   4.2837682535802575E-22   4.5146447132036992E+03
   8.4167700000000000E+08   4.1726373093465244E+05   1.5686780565133751E-10   4.1994702643703675E-22   4.5287348825358449E+03
   8.4367700000000000E+08   4.2455021009748412E+05   1.5427628626085616E-10   4.1175318140756574E-22   4.5425508636515997E+03
   8.4567700000000000E+08   4.3185420561177016E+05   1.5174266855808894E-10   4.0378716672204599E-22   4.5560952164462469E+03
   8.4767700000000000E+08   4.3917420328251499E+05   1.4926538484448688E-10   3.9604114993638484E-22   4.5693705519553623E+03
   8.4967700000000000E+08   4.4650869999353663E+05   1.4684290539574106E-10   3.8850758204769461E-22   4.5823795297921415E+03
   8.5167700000000000E+08   4.5385620647935494E+05   1.4447373887912028E-10   3.8117918947786571E-22   4.5951248555327275E+03
   8.5367700000000000E+08   4.6121524990698928E+05   1.4215643252607574E-10   3.7404896582053886E-22   4.6076092780661193E+03
   8.5567700000000000E+08   4.6858437626966555E+05   1.3988957210157386E-10   3.6711016345291443E-22   4.6198355869225916E+03
   8.5767700000000000E+08   4.7596215259241924E+05   1.3767178170670123E-10   3.6035628509876973E-22   4.6318066095920030E+03
   8.5967700000000000E+08   4.8334716894791235E+05   1.3550172344636268E-10   3.5378107541499995E-22   4.6435252088410116E+03
   8.6167700000000000E+08   4.9073804027976975E+05   1.3337809698937558E-10   3.4737851266091721E-22   4.6549942800362833E+03
   8.6367700000000000E+08   4.9813340803041460E+05   1.3129963904398068E-10   3.4114280049746623E-22   4.6662167484790407E+03
   8.6567700000000000E+08   5.0553194157079066E+05   1.2926512276782327E-10   3.3506835995257906E-22   4.6771955667551683E+03
   8.6767700000000000E+08   5.1293233943060163E+05   1.2727335712781234E-10   3.2914982157908195E-22   4.6879337121041726E+03
   8.6967700000000000E+08   5.2033333032953367E+05   1.2532318622202725E-10   3.2338201782304026E-22   4.6984341838098244E+03
   8.7167700000000000E+08   5.2773367401230254E+05   1.2341348857302654E-10   3.1775997561318804E-22   4.7087000006152812E+03
   8.7367700000000000E+08   5.3513216189310653E+05   1.2154317639954049E-10   3.1227890917614863E-22   4.7187341981655272E+03
   8.7567700000000000E+08   5.4252761751791858E+05   1.1971119487161140E-10   3.0693421307749453E-22   4.7285398264804107E+03
   8.7767700000000000E+08   5.4991889685580600E+05   1.1791652135276952E-10   3.0172145548526772E-22   4.7381199474620071E+03
   8.7967700000000000E+08   5.5730488843302615E+05   1.1615816463175037E-10   2.9663637165021577E-22   4.7474776324406175E+03
   8.8167700000000000E+08   5.6468451332570426E+05   1.1443516414555084E-10   2.9167485759563733E-22   4.7566159597641963E+03
   8.8367700000000000E+08   5.7205672502869950E+05   1.1274658919518212E-10   2.8683296400907026E-22   4.7655380124364783E+03
   8.8567700000000000E+08   5.7942050921965495E+05   1.1109153815525867E-10   2.8210689032796242E-22   4.7742468758094437E+03
   8.8767700000000000E+08   5.8677488343918649E+05   1.0946913767838419E-10   2.7749297901147748E-22   4.7827456353359830E+03
   8.8967700000000000E+08   5.9411889671203343E+05   1.0787854189495988E-10   2.7298770999018380E-22   4.7910373743888540E+03
   8.9167700000000000E+08   6.0145162914369709E+05   1.0631893160808117E-10   2.6858769528338581E-22   4.7991251721524095E+03
   8.9367700000000000E+08   6.0877219155032525E+05   1.0478951348081607E-10   2.6428967376828596E-22   4.8070121015944551E+03
   8.9567700000000000E+08   6.1607972523138847E+05   1.0328951920791514E-10   2.6009050607237988E-22   4.8147012275276320E+03
   8.9767700000000000E+08   6.2337340209970344E+05   1.0181820465373498E-10   2.5598716953511410E-22   4.8221956047739222E+03
   8.9967700000000000E+08   6.3065242557339091E+05   1.0037484892044293E-10   2.5197675314093474E-22   4.8294982764533979E+03
   9.0167700000000000E+08   6.3791603292740928E+05   9.8958753285098368E-11   2.4805645226283870E-22   4.8366122724300867E+03
   9.0367700000000000E+08   6.4516350014187105E+05   9.7569239918618875E-11   2.4422356299281786E-22   4.8435406079630129E+03
   9.0567700000000000E+08   6.5239415041842812E+05   9.6205650300055883E-11   2.4047547583852656E-22   4.8502862826255969E+03
   9.0767700000000000E+08   6.5960736686030426E+05   9.4867343322049914E-11   2.3680966877340564E-22   4.8568522795626977E+03
   9.0967700000000000E+08   6.6680260733585921E+05   9.3553693330472570E-11   2.3322370024429482E-22   4.8632415651389665E+03
   9.1167700000000000E+08   6.7397941436198144E+05   9.2264088811971741E-11   2.2971520390869661E-22   4.8694570889764518E+03
   9.1367700000000000E+08   6.8113740558031434E+05   9.0997933040826544E-11   2.2628188834831896E-22   4.8755017842550933E+03
   9.1567700000000000E+08   6.8827622555903054E+05   8.9754648282612016E-11   2.2292154569721504E-22   4.8813785679013627E+03
   9.1767700000000000E+08   6.9539544685383642E+05   8.8533684293650614E-11   2.1963207097941274E-22   4.8870903398358241E+03
   9.1967700000000000E+08   7.0249443766923249E+05   8.7334529092696335E-11   2.1641148712151842E-22   4.8926399798097191E+03
   9.2167700000000000E+08   7.0957226191137312E+05   8.6156715839882966E-11   2.1325796041905677E-22   4.8980303399555478E+03
   9.2367700000000000E+08   7.1662771022651240E+05   8.4999817343138708E-11   2.1016978558595183E-22   4.9032642323806549E+03
   9.2567700000000000E+08   7.2365952124826855E+05   8.3863423916421691E-11   2.0714532989819957E-22   4.9083444150331770E+03
   9.2767700000000000E+08   7.3066671345986577E+05   8.2747112923143902E-11   2.0418295687414704E-22   4.9132735852499400E+03
   9.2967700000000000E+08   7.3764880220016709E+05   8.1650430144369228E-11   2.0128097878403685E-22   4.9180543929788764E+03
   9.3167700000000000E+08   7.4460575523718365E+05   8.0572893887702984E-11   1.9843766485866417E-22   4.9226894701023512E+03
   9.3367700000000000E+08   7.5153784180311230E+05   7.9514005928098376E-11   1.9565126631231318E-22   4.9271814611374684E+03
   9.3567700000000000E+08   7.5844587202810484E+05   7.8473214592102612E-11   1.9291992396988089E-22   4.9315330466952482E+03
   9.3767700000000000E+08   7.6533262759650114E+05   7.7449733969264156E-11   1.9024122490774080E-22   4.9357469188679597E+03
   9.3967700000000000E+08   7.7220539080420893E+05   7.6442249341967189E-11   1.8761148316779777E-22   4.9398257239559043E+03
   9.4167700000000000E+08   7.7907689221333107E+05   7.5448861066507703E-11   1.8502560226193729E-22   4.9437721663827169E+03
   9.4367700000000000E+08   7.8596125251315988E+05   7.4467645289801222E-11   1.8247844028854964E-22   4.9475893673383407E+03
   9.4567700000000000E+08   7.9286579906080849E+05   7.3497623408774069E-11   1.7996717375761262E-22   4.9512811304921152E+03
   9.4767700000000000E+08   7.9978503310106928E+05   7.2539347144155939E-11   1.7749273142371529E-22   4.9548516504984273E+03
   9.4967700000000000E+08   8.0670229164152464E+05   7.1594539711458961E-11   1.7505893071552068E-22   4.9583047513917945E+03
   9.5167700000000000E+08   8.1359770493975619E+05   7.0665109815312497E-11   1.7267008742551144E-22   4.9616430331414740E+03
   9.5367700000000000E+08   8.2046051707699231E+05   6.9752574368184402E-11   1.7032957044628689E-22   4.9648687942040870E+03
   9.5567700000000000E+08   8.2724909662178135E+05   6.8860118708102547E-11   1.6804504044555619E-22   4.9679778839056853E+03
   9.5767700000000000E+08   8.3390684741865797E+05   6.7992887434644013E-11   1.6582810886438213E-22   4.9709903831321026E+03
   9.5967700000000000E+08   8.4050839220399701E+05   6.7142660550285299E-11   1.6365929912083524E-22   4.9738816311004393E+03
   9.6167700000000000E+08   8.4707276888305077E+05   6.6307127397569463E-11   1.6153229116343507E-22   4.9766654486529451E+03
   9.6367700000000000E+08   8.5360615087984805E+05   6.5485366831102533E-11   1.5944459325577737E-22   4.9793431204576864E+03
   9.6567700000000000E+08   8.6011024211213517E+05   6.4676933990413562E-11   1.5739487725155818E-22   4.9819161887996897E+03
   9.6767700000000000E+08   8.6658552636764362E+05   6.3881511494025895E-11   1.5538212312772440E-22   4.9843865838614902E+03
   9.6967700000000000E+08   8.7303213276565971E+05   6.3098821775506464E-11   1.5340541431881768E-22   4.9867563370994221E+03
   9.7167700000000000E+08   8.7945007439362875E+05   6.2328605297636809E-11   1.5146388734398324E-22   4.9890274838825680E+03
   9.7367700000000000E+08   8.8583932897242135E+05   6.1570613281717605E-11   1.4955671442646336E-22   4.9912020395918544E+03
   9.7567700000000000E+08   8.9219987111585890E+05   6.0824604366515882E-11   1.4768309512565892E-22   4.9932819939917717E+03
   9.7767700000000000E+08   8.9853168543544039E+05   6.0090343071472703E-11   1.4584225225098263E-22   4.9952693098386571E+03
   9.7967700000000000E+08   9.0483477121972258E+05   5.9367599227589195E-11   1.4403343011534166E-22   4.9971659225622707E+03
   9.8167700000000000E+08   9.1110914345651364E+05   5.8656147829749163E-11   1.4225589382005551E-22   4.9989737402585588E+03
   9.8367700000000000E+08   9.1735483199866198E+05   5.7955769033176476E-11   1.4050892889988135E-22   5.0006946438603527E+03
   9.8567700000000000E+08   9.2357187980033865E+05   5.7266248173179430E-11   1.3879184103757463E-22   5.0023304873635680E+03
   9.8767700000000000E+08   9.2976034111427027E+05   5.6587375746395600E-11   1.3710395570172991E-22   5.0038830979621944E+03
   9.8967700000000000E+08   9.3592027970034431E+05   5.5918947374674760E-11   1.3544461775830975E-22   5.0053542761000208E+03
   9.9167700000000000E+08   9.4205176562609139E+05   5.5260763879673009E-11   1.3381319136263073E-22   5.0067457955400760E+03
   9.9367700000000000E+08   9.4815486831101088E+05   5.4612631639987752E-11   1.3220906054506027E-22   5.0080594035177237E+03
   9.9567700000000000E+08   9.5422964407097327E+05   5.3974363309274973E-11   1.3063163067823913E-22   5.0092968210010413E+03
   9.9767700000000000E+08   9.6027611953418027E+05   5.3345778701326783E-11   1.2908033035795859E-22   5.0104597429425876E+03
   9.9967700000000000E+08   9.6629427747579629E+05   5.2726705288751006E-11   1.2755461236633958E-22   5.0115498382125488E+03
   1.0016770000000000E+09   9.7228405571179558E+05   5.2116977576829434E-11   1.2605395193351772E-22   5.0125687491578383E+03
   1.0036770000000000E+09   9.7824537144311832E+05   5.1516434668503405E-11   1.2457784065836151E-22   5.0135180903048758E+03
   1.0056770000000000E+09   9.8417817446246045E+05   5.0924916102140855E-11   1.2312577626771475E-22   5.0143994470496427E+03
   1.0076770000000000E+09   9.9008251840909605E+05   5.0342257033467180E-11   1.2169725077669329E-22   5.0152143755806474E+03
   1.0096770000000000E+09   9.9595862843660254E+05   4.9768284386810739E-11   1.2029174096409431E-22   5.0159644046664853E+03
   1.0116770000000000E+09   1.0018069402582558E+06   4.9202815480172651E-11   1.1890870478607064E-22   5.0166510397671063E+03
   1.0136770000000000E+09   1.0076280960228950E+06   4.8645659569706749E-11   1.1754758482032387E-22   5.0172757686587429E+03
   1.0156770000000000E+09   1.0134229061661463E+06   4.8096621671893054E-11   1.1620781734501923E-22   5.0178400617242378E+03
   1.0176770000000000E+09   1.0191922539870186E+06   4.7555509742658852E-11   1.1488884938757719E-22   5.0183453782167326E+03
   1.0196770000000000E+09   1.0249369635739170E+06   4.7022142944466214E-11   1.1359015843336598E-22   5.0187931712925592E+03
   1.0216770000000000E+09   1.0306576960130223E+06   4.6496357209118404E-11   1.1231126587348652E-22   5.0191848811110813E+03
   1.0236770000000000E+09   1.0363548817994822E+06   4.5978008108274633E-11   1.1105174386783515E-22   5.0195219313108564E+03
   1.0256770000000000E+09   1.0420286965181113E+06   4.5466970777116018E-11   1.0981121511458659E-22   5.0198057245520722E+03
   1.0276770000000000E+09   1.0476790801821866E+06   4.4963137247638599E-11   1.0858934638057129E-22   5.0200376375150918E+03
   1.0296770000000000E+09   1.0533057889958252E+06   4.4466412152067765E-11   1.0738583807359676E-22   5.0202190171760012E+03
   1.0316770000000000E+09   1.0589084636165437E+06   4.3976707886399557E-11   1.0620041248211141E-22   5.0203511787484777E+03
   1.0336770000000000E+09   1.0644866984786966E+06   4.3493940156450314E-11   1.0503280291139895E-22   5.0204354052367917E+03
   1.0356770000000000E+09   1.0700401007265570E+06   4.3018024495467106E-11   1.0388274514571135E-22   5.0204729482666053E+03
   1.0376770000000000E+09   1.0755683326463264E+06   4.2548873983971896E-11   1.0274997180248391E-22   5.0204650297371491E+03
   1.0396770000000000E+09   1.0810711363976966E+06   4.2086398116148567E-11   1.0163420945274024E-22   5.0204128438551170E+03
   1.0416770000000000E+09   1.0865483432941539E+06   4.1630502584404849E-11   1.0053517796269285E-22   5.0203175592126781E+03
   1.0436770000000000E+09   1.0919998716094713E+06   4.1181089690509569E-11   9.9452591356288440E-23   5.0201803207002640E+03
   1.0456770000000000E+09   1.0974257171947176E+06   4.0738059107255925E-11   9.8386159533850359E-23   5.0200022511539792E+03
   1.0476770000000000E+09   1.1028259406029733E+06   4.0301308772202891E-11   9.7335590319607402E-23   5.0197844527121688E+03
   1.0496770000000000E+09   1.1082006534370198E+06   3.9870735764934417E-11   9.6300591478801676E-23   5.0195280078995247E+03
   1.0516770000000000E+09   1.1135500056228046E+06   3.9446237082639643E-11   9.5280872497655561E-23   5.0192339804783378E+03
   1.0536770000000000E+09   1.1188741744779740E+06   3.9027710276864094E-11   9.4276146035409742E-23   5.0189034161108639E+03
   1.0556770000000000E+09   1.1241733558598186E+06   3.8615053945787383E-11   9.3286129033781914E-23   5.0185373428736157E+03
   1.0576770000000000E+09   1.1294477573215447E+06   3.8208168094178628E-11   9.2310543512278523E-23   5.0181367716589884E+03
   1.0596770000000000E+09   1.1346975930271514E+06   3.7806954381188042E-11   9.1349117097254615E-23   5.0177026964937068E+03
   1.0616770000000000E+09   1.1399230801135227E+06   3.7411316278042094E-11   9.0401583337362574E-23   5.0172360947974394E+03
   1.0636770000000000E+09   1.1451244361917397E+06   3.7021159156391066E-11   8.9467681854955689E-23   5.0167379276003348E+03
   1.0656770000000000E+09   1.1503018777139001E+06   3.6636390325302372E-11   8.8547158376462200E-23   5.0162091397339354E+03
   1.0676770000000000E+09   1.1554556189759311E+06   3.6256919031749322E-11   8.7639764677244326E-23   5.0156506600062812E+03
   1.0696770000000000E+09   1.1605858715704414E+06   3.5882656436425013E-11   8.6745258469236407E-23   5.0150634013692088E+03
   1.0716770000000000E+09   1.1656928441430440E+06   3.5513515573998555E-11   8.5863403253172048E-23   5.0144482610831492E+03
   1.0736770000000000E+09   1.1707767423400693E+06   3.5149411304580993E-11   8.4993968151585350E-23   5.0138061208828103E+03
   1.0756770000000000E+09   1.1758377688655870E+06   3.4790260261177663E-11   8.4136727734003752E-23   5.0131378471455155E+03
   1.0776770000000000E+09   1.1808761235912333E+06   3.4435980796278107E-11   8.3291461841853519E-23   5.0124442910627486E+03
   1.0796770000000000E+09   1.1858920036831908E+06   3.4086492929470219E-11   8.2457955417559937E-23   5.0117262888149662E+03
   1.0816770000000000E+09   1.1908856037262948E+06   3.3741718297059901E-11   8.1635998340152852E-23   5.0109846617490539E+03
   1.0836770000000000E+09   1.1958571158357291E+06   3.3401580104092373E-11   8.0825385268271615E-23   5.0102202165581857E+03
   1.0856770000000000E+09   1.2008067297527599E+06   3.3066003078841177E-11   8.0025915490677223E-23   5.0094337454633696E+03
   1.0876770000000000E+09   1.2057346329236233E+06   3.2734913429685514E-11   7.9237392784018568E-23   5.0086260263966415E+03
   1.0896770000000000E+09   1.2106410105616993E+06   3.2408238804240760E-11   7.8459625277479801E-23   5.0077978231851630E+03
   1.0916770000000000E+09   1.2155260456932765E+06   3.2085908250606121E-11   7.7692425323924300E-23   5.0069498857361777E+03
   1.0936770000000000E+09   1.2203899191876666E+06   3.1767852180588331E-11   7.6935609377149946E-23   5.0060829502221932E+03
   1.0956770000000000E+09   1.2252328097730381E+06   3.1454002334757275E-11   7.6188997874859508E-23   5.0051977392661247E+03
   1.0976770000000000E+09   1.2300548940401878E+06   3.1144291749178215E-11   7.5452415126927949E-23   5.0042949621259031E+03
   1.0996770000000000E+09   1.2348563464371965E+06   3.0838654723659003E-11   7.4725689208531983E-23   5.0033753148782471E+03
   1.1016770000000000E+09   1.2396373392581816E+06   3.0537026791354226E-11   7.4008651857716911E-23   5.0024394806013161E+03
   1.1036770000000000E+09   1.2443980426293116E+06   3.0239344689579421E-11   7.3301138377002898E-23   5.0014881295560817E+03
   1.1056770000000000E+09   1.2491386244946870E+06   2.9945546331709453E-11   7.2602987538684529E-23   5.0005219193662551E+03
   1.1076770000000000E+09   1.2538592506039864E+06   2.9655570780057528E-11   7.1914041493533782E-23   4.9995414951966313E+03
   1.1096770000000000E+09   1.2585600845028204E+06   2.9369358219657006E-11   7.1234145682675826E-23   4.9985474899299379E+03
   1.1116770000000000E+09   1.2632412875259896E+06   2.9086849932885338E-11   7.0563148752455795E-23   4.9975405243419846E+03
   1.1136770000000000E+09   1.2679030187931864E+06   2.8807988274885382E-11   6.9900902472150433E-23   4.9965212072751174E+03
   1.1156770000000000E+09   1.2725454352061709E+06   2.8532716649749474E-11   6.9247261654406333E-23   4.9954901358099451E+03
   1.1176770000000000E+09   1.2771686914462117E+06   2.8260979487437990E-11   6.8602084078303705E-23   4.9944478954351971E+03
   1.1196770000000000E+09   1.2817729399704381E+06   2.7992722221408697E-11   6.7965230414954988E-23   4.9933950602157784E+03
   1.1216770000000000E+09   1.2863583310058587E+06   2.7727891266932869E-11   6.7336564155552956E-23   4.9923321929587155E+03
   1.1236770000000000E+09   1.2909250125398641E+06   2.7466434000078666E-11   6.6715951541788275E-23   4.9912598453771770E+03
   1.1256770000000000E+09   1.2954731303063333E+06   2.7208298737338725E-11   6.6103261498556325E-23   4.9901785582522380E+03
   1.1276770000000000E+09   1.3000028277667107E+06   2.6953434715881703E-11   6.5498365568875326E-23   4.9890888615924705E+03
   1.1296770000000000E+09   1.3045142460857953E+06   2.6701792074403525E-11   6.4901137850932310E-23   4.9879912747911967E+03
   1.1316770000000000E+09   1.3090075241023249E+06   2.6453321834554515E-11   6.4311454937174604E-23   4.9868863067813254E+03
   1.1336770000000000E+09   1.3134827982949084E+06   2.6207975882913186E-11   6.3729195855351224E-23   4.9857744561877598E+03
   1.1356770000000000E+09   1.3179402027442071E+06   2.5965706953476699E-11   6.3154242011409094E-23   4.9846562114772678E+03
   1.1376770000000000E+09   1.3223798690927788E+06   2.5726468610631389E-11   6.2586477134132663E-23   4.9835320511057835E+03
   1.1396770000000000E+09   1.3268019265043831E+06   2.5490215232564387E-11   6.2025787221409477E-23   4.9824024436631698E+03
   1.1416770000000000E+09   1.3312065016250354E+06   2.5256901995071144E-11   6.1472060487991902E-23   4.9812678480153645E+03
   1.1436770000000000E+09   1.3355937185484362E+06   2.5026484855711858E-11   6.0925187314617742E-23   4.9801287134440863E+03
   1.1456770000000000E+09   1.3399636987888447E+06   2.4798920538264336E-11   6.0385060198343970E-23   4.9789854797839444E+03
   1.1476770000000000E+09   1.3443165612646732E+06   2.4574166517422014E-11   5.9851573703945786E-23   4.9778385775573106E+03
   1.1496770000000000E+09   1.3486524222963997E+06   2.4352181003681911E-11   5.9324624416228479E-23   4.9766884281068615E+03
   1.1516770000000000E+09   1.3529713956224241E+06   2.4132922928372417E-11   5.8804110893109097E-23   4.9755354437261085E+03
   1.1536770000000000E+09   1.3572735924365360E+06   2.3916351928771598E-11   5.8289933619328843E-23   4.9743800277880146E+03
   1.1556770000000000E+09   1.3615591214504566E+06   2.3702428333274822E-11   5.7781994960676388E-23   4.9732225748719748E+03
   1.1576770000000000E+09   1.3658280889845712E+06   2.3491113146577811E-11   5.7280199118619333E-23   4.9720634708895004E+03
   1.1596770000000000E+09   1.3700805990894844E+06   2.3282368034851183E-11   5.6784452085269567E-23   4.9709030932086780E+03
   1.1616770000000000E+09   1.3743167537002061E+06   2.3076155310897953E-11   5.6294661598640115E-23   4.9697418107780086E+03
   1.1636770000000000E+09   1.3785366528239339E+06   2.2872437919296721E-11   5.5810737098186045E-23   4.9685799842496663E+03
   1.1656770000000000E+09   1.3827403947611896E+06   2.2671179421553099E-11   5.5332589680664316E-23   4.9674179661027774E+03
   1.1676770000000000E+09   1.3869280763588634E+06   2.2472343981295249E-11   5.4860132056388095E-23   4.9662561007667400E+03
   1.1696770000000000E+09   1.3910997932922330E+06   2.2275896349569990E-11   5.4393278505994418E-23   4.9650947247452332E+03
   1.1716770000000000E+09   1.3952556403716390E+06   2.2081801850308484E-11   5.3931944837884340E-23   4.9639341667408244E+03
   1.1736770000000000E+09   1.3993957118679523E+06   2.1890026366048240E-11   5.3476048346531099E-23   4.9627747477807816E+03
   1.1756770000000000E+09   1.4035201018497206E+06   2.1700536324005395E-11   5.3025507771878824E-23   4.9616167813439342E+03
   1.1776770000000000E+09   1.4076289045236036E+06   2.1513298682601881E-11   5.2580243260076126E-23   4.9604605734888846E+03
   1.1796770000000000E+09   1.4117222145688590E+06   2.1328280918552538E-11   5.2140176325794367E-23   4.9593064229835763E+03
   1.1816770000000000E+09   1.4158001274560634E+06   2.1145451014615022E-11   5.1705229816377106E-23   4.9581546214360715E+03
   1.1836770000000000E+09   1.4198627397401386E+06   2.0964777448096546E-11   5.1275327878045324E-23   4.9570054534265209E+03
   1.1856770000000000E+09   1.4239101493180734E+06   2.0786229180196952E-11   5.0850395924351803E-23   4.9558591966399335E+03
   1.1876770000000000E+09   1.4279424556425211E+06   2.0609775646249229E-11   5.0430360607031430E-23   4.9547161219995578E+03
   1.1896770000000000E+09   1.4319597598837337E+06   2.0435386746893860E-11   5.0015149789337003E-23   4.9535764938003986E+03
   1.1916770000000000E+09   1.4359621650339321E+06   2.0263032840197439E-11   4.9604692521887251E-23   4.9524405698423461E+03
   1.1936770000000000E+09   1.4399497759502018E+06   2.0092684734698114E-11   4.9198919020983706E-23   4.9513086015625477E+03
   1.1956770000000000E+09   1.4439226993342142E+06   1.9924313683331205E-11   4.8797760649285586E-23   4.9501808341662627E+03
   1.1976770000000000E+09   1.4478810436493265E+06   1.9757891378163578E-11   4.8401149898666402E-23   4.9490575067558702E+03
   1.1996770000000000E+09   1.4518249189779421E+06   1.9593389945839896E-11   4.8009020375017454E-23   4.9479388524572596E+03
   1.2016770000000000E+09   1.4557544368240735E+06   1.9430781943627037E-11   4.7621306784717733E-23   4.9468250985432596E+03
   1.2036770000000000E+09   1.4596697098679771E+06   1.9270040355927377E-11   4.7237944922451749E-23   4.9457164665536375E+03
   1.2056770000000000E+09   1.4635708516812527E+06   1.9111138591123839E-11   4.6858871660037684E-23   4.9446131724111892E+03
   1.2076770000000000E+09   1.4674579764120237E+06   1.8954050478616747E-11   4.6484024935917277E-23   4.9435154265337515E+03
   1.2096770000000000E+09   1.4713311984505507E+06   1.8798750265915158E-11   4.6113343744966209E-23   4.9424234339418481E+03
   1.2116770000000000E+09   1.4751906320860474E+06   1.8645212615652452E-11   4.5746768128298425E-23   4.9413373943619208E+03
   1.2136770000000000E+09   1.4790363911654109E+06   1.8493412602407814E-11   4.5384239162766761E-23   4.9402575023250756E+03
   1.2156770000000000E+09   1.4828685887641283E+06   1.8343325709230940E-11   4.5025698949898867E-23   4.9391839472614438E+03
   1.2176770000000000E+09   1.4866873368788485E+06   1.8194927823785254E-11   4.4671090604051238E-23   4.9381169135902965E+03
   1.2196770000000000E+09   1.4904927461498766E+06   1.8048195234046780E-11   4.4320358239616106E-23   4.9370565808062274E+03
   1.2216770000000000E+09   1.4942849256204299E+06   1.7903104623517003E-11   4.3973446957170273E-23   4.9360031235614670E+03
   1.2236770000000000E+09   1.4980639825376407E+06   1.7759633065934373E-11   4.3630302828514434E-23   4.9349567117450388E+03
   1.2256770000000000E+09   1.5018300221984079E+06   1.7617758019490225E-11   4.3290872880609165E-23   4.9339175105588256E+03
   1.2276770000000000E+09   1.5055831478411239E+06   1.7477457320579139E-11   4.2955105078469642E-23   4.9328856805911146E+03
   1.2296770000000000E+09   1.5093234605822940E+06   1.7338709177133984E-11   4.2622948307132088E-23   4.9318613778881045E+03
   1.2316770000000000E+09   1.5130510593952870E+06   1.7201492161610808E-11   4.2294352352844779E-23   4.9308447540235793E+03
   1.2336770000000000E+09   1.5167660411268529E+06   1.7065785203703141E-11   4.1969267883668068E-23   4.9298359561674633E+03
   1.2356770000000000E+09   1.5204685005460770E+06   1.6931567582867820E-11   4.1647646429681515E-23   4.9288351271531947E+03
   1.2376770000000000E+09   1.5241585304196698E+06   1.6798818920748623E-11   4.1329440363001874E-23   4.9278424055444775E+03
   1.2396770000000000E+09   1.5278362216073917E+06   1.6667519173578050E-11   4.1014602877805436E-23   4.9268579257015235E+03
   1.2416770000000000E+09   1.5315016631716595E+06   1.6537648624628839E-11   4.0703087970527749E-23   4.9258818178468291E+03
   1.2436770000000000E+09   1.5351549424958827E+06   1.6409187876777687E-11   4.0394850420390231E-23   4.9249142081307264E+03
   1.2456770000000000E+09   1.5387961454068408E+06   1.6282117845230151E-11   4.0089845770373417E-23   4.9239552186965620E+03
   1.2476770000000000E+09   1.5424253562972015E+06   1.6156419750445271E-11   3.9788030308729029E-23   4.9230049677456273E+03
   1.2496770000000000E+09   1.5460426582450867E+06   1.6032075111287000E-11   3.9489361051095890E-23   4.9220635696018599E+03
   1.2516770000000000E+09   1.5496481331282924E+06   1.5909065738420349E-11   3.9193795723264096E-23   4.9211311347761175E+03
   1.2536770000000000E+09   1.5532418617313916E+06   1.5787373727963177E-11   3.8901292744611930E-23   4.9202077700301588E+03
   1.2556770000000000E+09   1.5568239238444730E+06   1.5666981455397906E-11   3.8611811212225931E-23   4.9192935784402198E+03
   1.2576770000000000E+09   1.5603943983527040E+06   1.5547871569742767E-11   3.8325310885702291E-23   4.9183886594601363E+03
   1.2596770000000000E+09   1.5639533633162759E+06   1.5430026987978327E-11   3.8041752172618358E-23   4.9174931089839838E+03
   1.2616770000000000E+09   1.5675008960405688E+06   1.5313430889722000E-11   3.7761096114655686E-23   4.9166070194081631E+03
   1.2636770000000000E+09   1.5710370731365625E+06   1.5198066712141834E-11   3.7483304374352497E-23   4.9157304796928829E+03
   1.2656770000000000E+09   1.5745619705716579E+06   1.5083918145098951E-11   3.7208339222458919E-23   4.9148635754229508E+03
   1.2676770000000000E+09   1.5780756637110342E+06   1.4970969126509411E-11   3.6936163525870724E-23   4.9140063888679470E+03
   1.2696770000000000E+09   1.5815782273497365E+06   1.4859203837914466E-11   3.6666740736114619E-23   4.9131589990415878E+03
   1.2716770000000000E+09   1.5850697357355333E+06   1.4748606700250753E-11   3.6400034878362054E-23   4.9123214817604348E+03
   1.2736770000000000E+09   1.5885502625826274E+06   1.4639162369810174E-11   3.6136010540947197E-23   4.9114939097016841E+03
   1.2756770000000000E+09   1.5920198810762158E+06   1.4530855734381615E-11   3.5874632865366208E-23   4.9106763524603521E+03
   1.2776770000000000E+09   1.5954786638680247E+06   1.4423671909563056E-11   3.5615867536732044E-23   4.9098688766054011E+03
   1.2796770000000000E+09   1.5989266830629229E+06   1.4317596235235226E-11   3.5359680774658949E-23   4.9090715457351716E+03
   1.2816770000000000E+09   1.6023640101968739E+06   1.4212614272184587E-11   3.5106039324548267E-23   4.9082844205317706E+03
   1.2836770000000000E+09   1.6057907162065008E+06   1.4108711798864627E-11   3.4854910449245908E-23   4.9075075588145692E+03
   1.2856770000000000E+09   1.6092068713906251E+06   1.4005874808283507E-11   3.4606261921041457E-23   4.9067410155927464E+03
   1.2876770000000000E+09   1.6126125453641545E+06   1.3904089505005744E-11   3.4360062013978524E-23   4.9059848431167338E+03
   1.2896770000000000E+09   1.6160078070046012E+06   1.3803342302257871E-11   3.4116279496448764E-23   4.9052390909287606E+03
   1.2916770000000000E+09   1.6193927243915033E+06   1.3703619819126974E-11   3.3874883624043165E-23   4.9045038059122362E+03
   1.2936770000000000E+09   1.6227673647387445E+06   1.3604908877844947E-11   3.3635844132640418E-23   4.9037790323401505E+03
   1.2956770000000000E+09   1.6261317943195892E+06   1.3507196501152255E-11   3.3399131231716960E-23   4.9030648119223570E+03
   1.2976770000000000E+09   1.6294860783839549E+06   1.3410469909738488E-11   3.3164715597869670E-23   4.9023611838519264E+03
   1.2996770000000000E+09   1.6328302810673616E+06   1.3314716519757646E-11   3.2932568368545454E-23   4.9016681848505250E+03
   1.3016770000000000E+09   1.6361644652911683E+06   1.3219923940415867E-11   3.2702661135969818E-23   4.9009858492130197E+03
   1.3036770000000000E+09   1.6394886926546714E+06   1.3126079971623121E-11   3.2474965941251057E-23   4.9003142088515315E+03
   1.3056770000000000E+09   1.6428030233215720E+06   1.3033172601687109E-11   3.2249455268605409E-23   4.8996532933389608E+03
   1.3076770000000000E+09   1.6461075159067384E+06   1.2941190005005371E-11   3.2026102039591158E-23   4.8990031299523280E+03
   1.3096770000000000E+09   1.6494022273741933E+06   1.2850120539678169E-11   3.1804879607160575E-23   4.8983637437157531E+03
   1.3116770000000000E+09   1.6526872129636751E+06   1.2759952744923993E-11   3.1585761749236877E-23   4.8977351574429504E+03
   1.3136770000000000E+09   1.6559625261701357E+06   1.2670675338136361E-11   3.1368722661420112E-23   4.8971173917785682E+03
   1.3156770000000000E+09   1.6592282188064076E+06   1.2582277211388706E-11   3.1153736948346220E-23   4.8965104652376795E+03
   1.3176770000000000E+09   1.6624843411815653E+06   1.2494747427188289E-11   3.0940779613213151E-23   4.8959143942419887E+03
   1.3196770000000000E+09   1.6657309424228175E+06   1.2408075213325108E-11   3.0729826045094865E-23   4.8953291931519589E+03
   1.3216770000000000E+09   1.6689680709543116E+06   1.2322249956770792E-11   3.0520852003932156E-23   4.8947548742942136E+03
   1.3236770000000000E+09   1.6721957751201764E+06   1.2237261196766527E-11   3.0313833603535314E-23   4.8941914479852430E+03
   1.3256770000000000E+09   1.6754141039029534E+06   1.2153098617481188E-11   3.0108747293522693E-23   4.8936389225542571E+03
   1.3276770000000000E+09   1.6786231076480283E+06   1.2069752040878163E-11   2.9905569841746176E-23   4.8930973043701415E+03
   1.3296770000000000E+09   1.6818228386703187E+06   1.1987211420628816E-11   2.9704278319239938E-23   4.8925665978793959E+03
   1.3316770000000000E+09   1.6850133516055439E+06   1.1905466837957041E-11   2.9504850089851910E-23   4.8920468056613363E+03
   1.3336770000000000E+09   1.6881947033881510E+06   1.1824508500116092E-11   2.9307262806282176E-23   4.8915379285042300E+03
   1.3356770000000000E+09   1.6913669527989603E+06   1.1744326741748017E-11   2.9111494413174937E-23   4.8910399654996781E+03
   1.3376770000000000E+09   1.6945301596221307E+06   1.1664912028716507E-11   2.8917523156321690E-23   4.8905529141446341E+03
   1.3396770000000000E+09   1.6976843835615807E+06   1.1586254963292888E-11   2.8725327595310475E-23   4.8900767704328273E+03
   1.3416770000000000E+09   1.7008296831556086E+06   1.1508346289057124E-11   2.8534886615677603E-23   4.8896115289149693E+03
   1.3436770000000000E+09   1.7039661149562262E+06   1.1431176893791289E-11   2.8346179436369639E-23   4.8891571827123335E+03
   1.3456770000000000E+09   1.7070937331802584E+06   1.1354737809136360E-11   2.8159185609456033E-23   4.8887137234827669E+03
   1.3476770000000000E+09   1.7102125898971313E+06   1.1279020206780951E-11   2.7973885011391537E-23   4.8882811413581949E+03
   1.3496770000000000E+09   1.7133227356361810E+06   1.1204015392134576E-11   2.7790257827979240E-23   4.8878594248886566E+03
   1.3516770000000000E+09   1.7164242201453527E+06   1.1129714797339979E-11   2.7608284537410213E-23   4.8874485610323936E+03
   1.3536770000000000E+09   1.7195170929851278E+06   1.1056109975652524E-11   2.7427945896294989E-23   4.8870485352146770E+03
   1.3556770000000000E+09   1.7226014037292022E+06   1.0983192598519667E-11   2.7249222932055352E-23   4.8866593314479851E+03
   1.3576770000000000E+09   1.7256772017364930E+06   1.0910954455384989E-11   2.7072096941986223E-23   4.8862809324720029E+03
   1.3596770000000000E+09   1.7287445356659631E+06   1.0839387454957576E-11   2.6896549496179779E-23   4.8859133198573609E+03
   1.3616770000000000E+09   1.7318034530184693E+06   1.0768483626096953E-11   2.6722562439936416E-23   4.8855564740322970E+03
   1.3636770000000000E+09   1.7348539999448410E+06   1.0698235116899600E-11   2.6550117892124658E-23   4.8852103742338586E+03
   1.3656770000000000E+09   1.7378962213833041E+06   1.0628634191772590E-11   2.6379198238680301E-23   4.8848749984311089E+03
   1.3676770000000000E+09   1.7409301613912492E+06   1.0559673227493943E-11   2.6209786123363624E-23   4.8845503232862557E+03
   1.3696770000000000E+09   1.7439558634414901E+06   1.0491344709724781E-11   2.6041864439201893E-23   4.8842363241945750E+03
   1.3716770000000000E+09   1.7469733705179994E+06   1.0423641230893016E-11   2.5875416322994553E-23   4.8839329753890270E+03
   1.3736770000000000E+09   1.7499827250142901E+06   1.0356555489269904E-11   2.5710425152770307E-23   4.8836402500495560E+03
   1.3756770000000000E+09   1.7529839685791533E+06   1.0290080288253268E-11   2.5546874546069827E-23   4.8833581203557951E+03
   1.3776770000000000E+09   1.7559771420650433E+06   1.0224208534939212E-11   2.5384748356837436E-23   4.8830865574684913E+03
   1.3796770000000000E+09   1.7589622856187839E+06   1.0158933237861837E-11   2.5224030670386934E-23   4.8828255314819153E+03
   1.3816770000000000E+09   1.7619394388196038E+06   1.0094247504567829E-11   2.5064705797791348E-23   4.8825750114055072E+03
   1.3836770000000000E+09   1.7649086407263693E+06   1.0030144539813412E-11   2.4906758271590146E-23   4.8823349651882290E+03
   1.3856770000000000E+09   1.7678699297487284E+06   9.9666176446684296E-12   2.4750172843879841E-23   4.8821053597169112E+03
   1.3876770000000000E+09   1.7708233432711682E+06   9.9036602164924280E-12   2.4594934487484426E-23   4.8818861606320215E+03
   1.3896770000000000E+09   1.7737689167025834E+06   9.8412657507437942E-12   2.4441028403944414E-23   4.8816773316829685E+03
   1.3916770000000000E+09   1.7767066807468638E+06   9.7794278493015026E-12   2.4288440052645130E-23   4.8814788330609499E+03
   1.3936770000000000E+09   1.7796366534561899E+06   9.7181402494794923E-12   2.4137155242018472E-23   4.8812906175105300E+03
   1.3956770000000000E+09   1.7825588182963154E+06   9.6573969112316945E-12   2.3987160386662759E-23   4.8811126219488733E+03
   1.3976770000000000E+09   1.7854730674439990E+06   9.5971922548666758E-12   2.3838443175136239E-23   4.8809447512458055E+03
   1.3996770000000000E+09   1.7883790651286035E+06   9.5375217579479384E-12   2.3690994178220082E-23   4.8807868514905531E+03
   1.4016770000000000E+09   1.7912759435227516E+06   9.4783833304679843E-12   2.3544810418272984E-23   4.8806386765736361E+03
   1.4036770000000000E+09   1.7941616877744354E+06   9.4197801795188632E-12   2.3399902560823639E-23   4.8804998699205553E+03
   1.4056770000000000E+09   1.7970320331082530E+06   9.3617260735599247E-12   2.3256307751387342E-23   4.8803700121026013E+03
   1.4076770000000000E+09   1.7998787799954738E+06   9.3042535177330665E-12   2.3114109090009233E-23   4.8802487960518256E+03
   1.4096770000000000E+09   1.8026877695949352E+06   9.2474235569051755E-12   2.2973458716489682E-23   4.8801363012099246E+03
   1.4116770000000000E+09   1.8054373489748654E+06   9.1913325639855962E-12   2.2834594495629731E-23   4.8800330450895799E+03
   1.4136770000000000E+09   1.8080984078835275E+06   9.1361094766513199E-12   2.2697837175403373E-23   4.8799391326299638E+03
   1.4156770000000000E+09   1.8106354738601991E+06   9.0819052721101845E-12   2.2563573323377931E-23   4.8798522789996359E+03
   1.4176770000000000E+09   1.8130038538105607E+06   9.0289028457004542E-12   2.2432282190456917E-23   4.8797672345346637E+03
   1.4196770000000000E+09   1.8151350164314529E+06   8.9773968487217498E-12   2.2304700072868645E-23   4.8796831412025276E+03
   1.4216770000000000E+09   1.8169164834380229E+06   8.9279212701793090E-12   2.2182059084178942E-23   4.8796208733842486E+03
   1.4236770000000000E+09   1.8182126532040632E+06   8.8811683720502878E-12   2.2065874063688948E-23   4.8796262029321215E+03
   1.4256770000000000E+09   1.8189860995497112E+06   8.8373346953212368E-12   2.1956573308317252E-23   4.8797135362487716E+03
   1.4276770000000000E+09   1.8194481455681045E+06   8.7952676248273509E-12   2.1851737126598849E-23   4.8797848883838888E+03
   1.4296770000000000E+09   1.8199809947526359E+06   8.7529206430378968E-12   2.1746919271406663E-23   4.8796967673740282E+03
   1.4316770000000000E+09   1.8207718419688919E+06   8.7094726144394448E-12   2.1639882980304537E-23   4.8794911684005610E+03
   1.4336770000000000E+09   1.8217646784218394E+06   8.6652272590951661E-12   2.1531248454696586E-23   4.8791967508735834E+03
   1.4356770000000000E+09   1.8221827159610256E+06   8.6249841593053698E-12   2.1430176322609060E-23   4.8794418654061219E+03
   6.5767700000000000E+08  -1.7307956638082135E+03   3.5147359945626519E-15   1.4916367664687248E-25   1.1343884615228935E+03
   6.5967700000000000E+08  -1.7633188784507245E+03   5.8957503273934122E-15   2.4089376890609730E-25   1.1782723549082907E+03
   6.6167700000000000E+08  -1.8453933625641757E+03   9.5895632421596075E-15   3.8165599495140053E-25   1.2096477164941498E+03
   6.6367700000000000E+08  -1.9518370521817774E+03   1.5288935244896141E-14   5.9736416352665505E-25   1.2321689108817857E+03
   6.6567700000000000E+08  -1.9461285258975390E+03   2.4102515540828662E-14   9.2877067458289658E-25   1.2493555433157076E+03
   6.6767700000000000E+08  -1.9288047638728071E+03   3.7922936401557192E-14   1.4442896743726964E-24   1.2640953163701538E+03
   6.6967700000000000E+08  -2.0244778721739117E+03   6.0365789616584620E-14   2.2725510989706653E-24   1.2788199401282482E+03
   6.7167700000000000E+08  -2.2496094731625390E+03   9.8690825636602537E-14   3.6729036155915916E-24   1.2935982559733338E+03
   6.7367700000000000E+08  -2.3780594595881862E+03   1.6583937455664818E-13   6.1193051765381430E-24   1.3047211712362537E+03
   6.7567700000000000E+08  -2.1267310628007954E+03   2.7913894955811870E-13   1.0268124277822758E-23   1.3087644637630567E+03
   6.7767700000000000E+08  -1.4600792971243918E+03   4.5264149587878322E-13   1.6674307825876577E-23   1.3068890568536062E+03
   6.7967700000000000E+08  -5.4375632441876519E+02   6.8631338883639183E-13   2.5359926315509263E-23   1.3028867122234815E+03
   6.8167700000000000E+08   4.4836589259739657E+02   9.6105851040356193E-13   3.5589310201145902E-23   1.3000571052932808E+03
   6.8367700000000000E+08   1.4123226300943438E+03   1.2452694542515348E-12   4.6082311235857926E-23   1.3009519407086773E+03
   6.8567700000000000E+08   2.3039398066187659E+03   1.5086189887983879E-12   5.5496304693540959E-23   1.3087228186840700E+03
   6.8767700000000000E+08   3.0999436011091379E+03   1.7334702036399029E-12   6.2835269415897442E-23   1.3281437116841767E+03
   6.8967700000000000E+08   3.7630826854791403E+03   1.9176579582453838E-12   6.7640012363962589E-23   1.3648962471659968E+03
   6.9167700000000000E+08   4.2450171977941636E+03   2.0691240155665022E-12   7.0001599139205994E-23   1.4230191056141707E+03
   6.9367700000000000E+08   4.5374194099826709E+03   2.1977681729694065E-12   7.0436074936427312E-23   1.5021693756666048E+03
   6.9567700000000000E+08   4.7105919692790740E+03   2.3091084204137108E-12   6.9582267525350090E-23   1.5976362961206648E+03
   6.9767700000000000E+08   4.8990176773676849E+03   2.4044753369924661E-12   6.7988141249995592E-23   1.7026262691542120E+03
   6.9967700000000000E+08   5.2589166875891451E+03   2.4837728072810413E-12   6.6043111793835670E-23   1.8105749645091073E+03
   7.0167700000000000E+08   5.9276741101873804E+03   2.5473041054057632E-12   6.3985891937039320E-23   1.9165878832456476E+03
   7.0367700000000000E+08   6.9997290371650197E+03   2.5962623304203399E-12   6.1948512016633235E-23   2.0176687321714887E+03
   7.0567700000000000E+08   8.5192810413471580E+03   2.6324291573457090E-12   5.9996612244489284E-23   2.1123317898173250E+03
   7.0767700000000000E+08   1.0483997419976320E+04   2.6577008401444459E-12   5.8156520724301450E-23   2.2000869655726246E+03
   7.0967700000000000E+08   1.2854791963339439E+04   2.6737496999812126E-12   5.6431891956533804E-23   2.2810158806245640E+03
   7.1167700000000000E+08   1.5567959467026132E+04   2.6818810479773262E-12   5.4813978399454372E-23   2.3554850806490908E+03
   7.1367700000000000E+08   1.8547096007274369E+04   2.6830369285243307E-12   5.3288168487787157E-23   2.4239743910941679E+03
   7.1567700000000000E+08   2.1713165477871436E+04   2.6778727695491594E-12   5.1838081156475976E-23   2.4869851534103009E+03
   7.1767700000000000E+08   2.4988989524730176E+04   2.6668372942069674E-12   5.0447762632171034E-23   2.5449941053167195E+03
   7.1967700000000000E+08   2.8303640597800895E+04   2.6502471281936073E-12   4.9102895503226103E-23   2.5984325090243137E+03
   7.2167700000000000E+08   3.1597595923016153E+04   2.6283715185832164E-12   4.7791771111349296E-23   2.6476818481541109E+03
   7.2367700000000000E+08   3.4823375824752809E+04   2.6014963137451815E-12   4.6505691368460081E-23   2.6930801608685306E+03
   7.2567700000000000E+08   3.7945563804522470E+04   2.5699528220861008E-12   4.5238806369027883E-23   2.7349298053063840E+03
   7.2767700000000000E+08   4.0940119700558542E+04   2.5341301712367175E-12   4.3987789430010625E-23   2.7735049995152176E+03
   7.2967700000000000E+08   4.3793211393200312E+04   2.4944746390446243E-12   4.2751413349011923E-23   2.8090585201788390E+03
   7.3167700000000000E+08   4.6499746997720504E+04   2.4514796957800167E-12   4.1530084198028463E-23   2.8418271551286321E+03
   7.3367700000000000E+08   4.9061738288123808E+04   2.4056700092355036E-12   4.0325372612950456E-23   2.8720357123792560E+03
   7.3567700000000000E+08   5.1486613462253023E+04   2.3575823714464477E-12   3.9139573806536743E-23   2.8998995464654067E+03
   7.3767700000000000E+08   5.3785590932549327E+04   2.3077462524869573E-12   3.7975321568132977E-23   2.9256257188719824E+03
   7.3967700000000000E+08   5.5972211966703457E+04   2.2566662454218532E-12   3.6835274168201391E-23   2.9494130470616269E+03
   7.4167700000000000E+08   5.8061105836715971E+04   2.2048080160424897E-12   3.5721881096032675E-23   2.9714513865494841E+03
   7.4367700000000000E+08   6.0067024379617949E+04   2.1525886026365023E-12   3.4637230184854494E-23   2.9919205145925544E+03
   7.4567700000000000E+08   6.2004148600759705E+04   2.1003711565442521E-12   3.3582966441257266E-23   3.0109889456473320E+03
   7.4767700000000000E+08   6.3885641310807114E+04   2.0484636351261819E-12   3.2560268618072475E-23   3.0288129284608522E+03
   7.4967700000000000E+08   6.5723402422724495E+04   1.9971206111054985E-12   3.1569867482129864E-23   3.0455357775532148E+03
   7.5167700000000000E+08   6.7527977097246316E+04   1.9465472449593815E-12   3.0612090420808266E-23   3.0612876004756026E+03
   7.5367700000000000E+08   6.9308569126277042E+04   1.8969045245846115E-12   2.9686919523583035E-23   3.0761854107541581E+03
   7.5567700000000000E+08   7.1073119350453504E+04   1.8483150367541023E-12   2.8794053543528161E-23   3.0903335701968590E+03
   7.5767700000000000E+08   7.2828418388492020E+04   1.8008687325334059E-12   2.7932967383107851E-23   3.1038244817295858E+03
   7.5967700000000000E+08   7.4580232252408794E+04   1.7546283379827587E-12   2.7102965478352301E-23   3.1167394497979058E+03
   7.6167700000000000E+08   7.6333427272012384E+04   1.7096342173783286E-12   2.6303227488485016E-23   3.1291496331449466E+03
   7.6367700000000000E+08   7.8092086697057646E+04   1.6659086108401968E-12   2.5532846049205864E-23   3.1411170286250003E+03
   7.6567700000000000E+08   7.9859615448835742E+04   1.6234592441432896E-12   2.4790857137710140E-23   3.1526954402898523E+03
   7.6767700000000000E+08   8.1638832076483319E+04   1.5822823530839819E-12   2.4076263979212659E-23   3.1639314025543295E+03
   7.6967700000000000E+08   8.3432048433527627E+04   1.5423651867423927E-12   2.3388055540234959E-23   3.1748650384285329E+03
   7.7167700000000000E+08   8.5241138293210359E+04   1.5036880610837724E-12   2.2725220615057867E-23   3.1855308431687399E+03
   7.7367700000000000E+08   8.7067596357453614E+04   1.4662260326238313E-12   2.2086758396914598E-23   3.1959583903953044E+03
   7.7567700000000000E+08   8.8912589091385453E+04   1.4299502555851907E-12   2.1471686284238761E-23   3.2061729621783770E+03
   7.7767700000000000E+08   9.0776998668610497E+04   1.3948290778240466E-12   2.0879045532610884E-23   3.2161961073086973E+03
   7.7967700000000000E+08   9.2661461122998880E+04   1.3608289224099674E-12   2.0307905238566555E-23   3.2260461334299193E+03
   7.8167700000000000E+08   9.4566399614353213E+04   1.3279149939361645E-12   1.9757365036960204E-23   3.2357385393102304E+03
   7.8367700000000000E+08   9.6492053548156575E+04   1.2960518417840984E-12   1.9226556809142197E-23   3.2452863935821429E+03
   7.8567700000000000E+08   9.8438504150256937E+04   1.2652038067520286E-12   1.8714645632577396E-23   3.2547006660024840E+03
   7.8767700000000000E+08   1.0040569698538588E+05   1.2353353726268398E-12   1.8220830150711964E-23   3.2639905168324362E+03
   7.8967700000000000E+08   1.0239346182029101E+05   1.2064114403154818E-12   1.7744342501908293E-23   3.2731635494092343E+03
   7.9167700000000000E+08   1.0440153016351064E+05   1.1783975389226754E-12   1.7284447915497249E-23   3.2822260304383649E+03
   7.9367700000000000E+08   1.0642955076023366E+05   1.1512599855370783E-12   1.6840444059299374E-23   3.2911830820133146E+03
   7.9567700000000000E+08   1.0847710327864993E+05   1.1249660033559880E-12   1.6411660204653573E-23   3.3000388488871695E+03
   7.9767700000000000E+08   1.1054371039082207E+05   1.0994838060444018E-12   1.5997456260769217E-23   3.3087966440848636E+03
   7.9967700000000000E+08   1.1262884842427174E+05   1.0747826548104463E-12   1.5597221719106501E-23   3.3174590755580607E+03
   8.0167700000000000E+08   1.1473195673849319E+05   1.0508328935233910E-12   1.5210374539756791E-23   3.3260281562440546E+03
   8.0367700000000000E+08   1.1685244596232918E+05   1.0276059662531670E-12   1.4836360004890140E-23   3.3345053995926928E+03
   8.0567700000000000E+08   1.1898970521272327E+05   1.0050744208315055E-12   1.4474649558848499E-23   3.3428919023658364E+03
   8.0767700000000000E+08   1.2114310840209792E+05   9.8321190139322509E-13   1.4124739650081488E-23   3.3511884162884071E+03
   8.0967700000000000E+08   1.2331201973011051E+05   9.6199313232628094E-13   1.3786150586609838E-23   3.3593954099337893E+03
   8.1167700000000000E+08   1.2549579844546645E+05   9.4139389562058022E-13   1.3458425413876064E-23   3.3675131220557910E+03
   8.1367700000000000E+08   1.2769380295446205E+05   9.2139100324281230E-13   1.3141128821578013E-23   3.3755416074305763E+03
   8.1567700000000000E+08   1.2990539434506175E+05   9.0196226586259543E-13   1.2833846084242004E-23   3.3834807761423581E+03
   8.1767700000000000E+08   1.3212993938806572E+05   8.8308645900631363E-13   1.2536182038836476E-23   3.3913304271333805E+03
   8.1967700000000000E+08   1.3436681307066619E+05   8.6474328750734425E-13   1.2247760101543887E-23   3.3990902767395232E+03
   8.2167700000000000E+08   1.3661540071195640E+05   8.4691334895042553E-13   1.1968221324880876E-23   3.4067599828462021E+03
   8.2367700000000000E+08   1.3887509970490131E+05   8.2957809666673244E-13   1.1697223495627436E-23   3.4143391652230380E+03
   8.2567700000000000E+08   1.4114532092493353E+05   8.1271980271986354E-13   1.1434440273457668E-23   3.4218274225291152E+03
   8.2767700000000000E+08   1.4342548984138877E+05   7.9632152122871643E-13   1.1179560369748819E-23   3.4292243464220651E+03
   8.2967700000000000E+08   1.4571504736480850E+05   7.8036705229587286E-13   1.0932286765731117E-23   3.4365295331528919E+03
   8.3167700000000000E+08   1.4801345046021254E+05   7.6484090674896986E-13   1.0692335968939447E-23   3.4437425929833698E+03
   8.3367700000000000E+08   1.5032017255419935E+05   7.4972827185292168E-13   1.0459437306790268E-23   3.4508631577233709E+03
   8.3567700000000000E+08   1.5263470376170188E+05   7.3501497811212706E-13   1.0233332256038910E-23   3.4578908866508450E+03
   8.3767700000000000E+08   1.5495655095647421E+05   7.2068746725169872E-13   1.0013773806854658E-23   3.4648254710466208E+03
   8.3967700000000000E+08   1.5728523770804645E+05   7.0673276144227221E-13   9.8005258602513354E-24   3.4716666375495379E+03
   8.4167700000000000E+08   1.5962030410641161E+05   6.9313843381458273E-13   9.5933626576469359E-24   3.4784141505136063E+03
   8.4367700000000000E+08   1.6196130649448335E+05   6.7989258029442325E-13   9.3920682413570899E-24   3.4850678135279932E+03
   8.4567700000000000E+08   1.6430781712688794E+05   6.6698379277641520E-13   9.1964359448707516E-24   3.4916274702417008E+03
   8.4767700000000000E+08   1.6665942377241285E+05   6.5440113364326713E-13   9.0062679117748831E-24   3.4980930046180633E+03
   8.4967700000000000E+08   1.6901572927566484E+05   6.4213411162774366E-13   8.8213746422210982E-24   3.5044643407287399E+03
   8.5167700000000000E+08   1.7137635109195186E+05   6.3017265900440425E-13   8.6415745658220829E-24   3.5107414421829239E+03
   8.5367700000000000E+08   1.7374092080753096E+05   6.1850711008890615E-13   8.4666936398553464E-24   3.5169243112746722E+03
   8.5567700000000000E+08   1.7610908365542101E+05   6.0712818101359004E-13   8.2965649716296648E-24   3.5230129879193851E+03
   8.5767700000000000E+08   1.7848049803516106E+05   5.9602695073873236E-13   8.1310284638311559E-24   3.5290075484395775E+03
   8.5967700000000000E+08   1.8085483504283673E+05   5.8519484325090194E-13   7.9699304816359025E-24   3.5349081042500629E+03
   8.6167700000000000E+08   1.8323177801603713E+05   5.7462361089182679E-13   7.8131235403354152E-24   3.5407148004835944E+03
   8.6367700000000000E+08   1.8561102209660440E+05   5.6430531875504686E-13   7.6604660121987124E-24   3.5464278145896860E+03
   8.6567700000000000E+08   1.8799227381266485E+05   5.5423233008234408E-13   7.5118218512761159E-24   3.5520473549320618E+03
   8.6767700000000000E+08   1.9037525068015285E+05   5.4439729258868672E-13   7.3670603348524524E-24   3.5575736594037139E+03
   8.6967700000000000E+08   1.9275968082314261E+05   5.3479312564263590E-13   7.2260558202737804E-24   3.5630069940730391E+03
   8.7167700000000000E+08   1.9514530261166365E+05   5.2541300822915775E-13   7.0886875159065296E-24   3.5683476518700331E+03
   8.7367700000000000E+08   1.9753186431506815E+05   5.1625036762416897E-13   6.9548392650507506E-24   3.5735959513175908E+03
   8.7567700000000000E+08   1.9991912376914543E+05   5.0729886871275832E-13   6.8243993416894446E-24   3.5787522353103041E+03
   8.7767700000000000E+08   2.0230684805483781E+05   4.9855240388860646E-13   6.6972602570531334E-24   3.5838168699407838E+03
   8.7967700000000000E+08   2.0469481318689600E+05   4.9000508347709326E-13   6.5733185760631763E-24   3.5887902433722074E+03
   8.8167700000000000E+08   2.0708280381083128E+05   4.8165122663152386E-13   6.4524747428257304E-24   3.5936727647547459E+03
   8.8367700000000000E+08   2.0947061290710949E+05   4.7348535265807954E-13   6.3346329144430207E-24   3.5984648631831578E+03
   8.8567700000000000E+08   2.1185804150183644E+05   4.6550217273206840E-13   6.2197008025120770E-24   3.6031669866926900E+03
   8.8767700000000000E+08   2.1424489838419360E+05   4.5769658197359099E-13   6.1075895217630808E-24   3.6077796012907525E+03
   8.8967700000000000E+08   2.1663099983240783E+05   4.5006365185567221E-13   5.9982134453618735E-24   3.6123031900225078E+03
   8.9167700000000000E+08   2.1901616935382836E+05   4.4259862292004528E-13   5.8914900664342600E-24   3.6167382520698602E+03
   8.9367700000000000E+08   2.2140023745336171E+05   4.3529689777333576E-13   5.7873398653392132E-24   3.6210853018863813E+03
   8.9567700000000000E+08   2.2378304146422879E+05   4.2815403432440698E-13   5.6856861820565510E-24   3.6253448683769693E+03
   8.9767700000000000E+08   2.2616442551613183E+05   4.2116573919529129E-13   5.5864550926674860E-24   3.6295174941449104E+03
   8.9967700000000000E+08   2.2854424079473593E+05   4.1432786118211801E-13   5.4895752881375991E-24   3.6336037348571658E+03
   9.0167700000000000E+08   2.3092234637753200E+05   4.0763638455180849E-13   5.3949779523600616E-24   3.6376041588322150E+03
   9.0367700000000000E+08   2.3329861110662686E+05   4.0108742184683399E-13   5.3025966348307777E-24   3.6415193470456779E+03
   9.0567700000000000E+08   2.3567291709404896E+05   3.9467720580522138E-13   5.2123671123533445E-24   3.6453498938797320E+03
   9.0767700000000000E+08   2.3804516530822744E+05   3.8840208016746108E-13   5.1242272362463701E-24   3.6490964090806369E+03
   9.0967700000000000E+08   2.4041528280480314E+05   3.8225848985499730E-13   5.0381167709726736E-24   3.6527595214238163E+03
   9.1167700000000000E+08   2.4278322900303939E+05   3.7624297260182970E-13   4.9539772515541771E-24   3.6563398842914135E+03
   9.1367700000000000E+08   2.4514899493879647E+05   3.7035215651688092E-13   4.8717519197037447E-24   3.6598381824296812E+03
   9.1567700000000000E+08   2.4751258626479315E+05   3.6458276996269810E-13   4.7913858254040389E-24   3.6632551373859151E+03
   9.1767700000000000E+08   2.4987398219724750E+05   3.5893166847713013E-13   4.7128261606744922E-24   3.6665915069343919E+03
   9.1967700000000000E+08   2.5223307427797408E+05   3.5339587444759656E-13   4.6360227742069598E-24   3.6698480727203764E+03
   9.2167700000000000E+08   2.5458961181121675E+05   3.4797260868516093E-13   4.5609285948953014E-24   3.6730256129287491E+03
   9.2367700000000000E+08   2.5694320182036588E+05   3.4265927884829585E-13   4.4874994981032711E-24   3.6761248648335622E+03
   9.2567700000000000E+08   2.5929340257307078E+05   3.3745339760487151E-13   4.4156932429338536E-24   3.6791464932478466E+03
   9.2767700000000000E+08   2.6163988874724793E+05   3.3235244982233216E-13   4.3454677133735058E-24   3.6820910865524424E+03
   9.2967700000000000E+08   2.6398258277954860E+05   3.2735378841947308E-13   4.2767794979326456E-24   3.6849591914494440E+03
   9.3167700000000000E+08   2.6632163739409455E+05   3.2245465215522819E-13   4.2095840455308229E-24   3.6877513709547479E+03
   9.3367700000000000E+08   2.6865725227983046E+05   3.1765233842419299E-13   4.1438378653993404E-24   3.6904682477579822E+03
   9.3567700000000000E+08   2.7098945301130193E+05   3.1294440087532364E-13   4.0795010970228833E-24   3.6931105008073746E+03
   9.3767700000000000E+08   2.7331804680092802E+05   3.0832863043448436E-13   4.0165372928611156E-24   3.6956788202347579E+03
   9.3967700000000000E+08   2.7564282857119147E+05   3.0380284768018697E-13   3.9549107377951509E-24   3.6981738667339732E+03
   9.4167700000000000E+08   2.7796379961440846E+05   2.9936491465713775E-13   3.8945865820883521E-24   3.7005962774107079E+03
   9.4367700000000000E+08   2.8028111522218690E+05   2.9501310596392809E-13   3.8355356131531834E-24   3.7029467032563180E+03
   9.4567700000000000E+08   2.8259482331710710E+05   2.9074630897885075E-13   3.7777368164551858E-24   3.7052258242652279E+03
   9.4767700000000000E+08   2.8490468737544375E+05   2.8656357353943379E-13   3.7211715279905571E-24   3.7074343193712903E+03
   9.4967700000000000E+08   2.8721021758848126E+05   2.8246329271230351E-13   3.6658128346481102E-24   3.7095728204112647E+03
   9.5167700000000000E+08   2.8951078383936046E+05   2.7844267783045212E-13   3.6116188046090157E-24   3.7116418856178184E+03
   9.5367700000000000E+08   2.9180572842654615E+05   2.7449794876318764E-13   3.5585349851338366E-24   3.7136419964295528E+03
   9.5567700000000000E+08   2.9409543219915184E+05   2.7062542888019597E-13   3.5065086023420630E-24   3.7155735631916377E+03
   9.5767700000000000E+08   2.9638118413093238E+05   2.6682310833799692E-13   3.4555086092859855E-24   3.7174371153651005E+03
   9.5967700000000000E+08   2.9866340547368961E+05   2.6309029508500399E-13   3.4055209924349914E-24   3.7192334333864965E+03
   9.6167700000000000E+08   3.0094184810083319E+05   2.5942610762829430E-13   3.3565294149211407E-24   3.7209633553182402E+03
   9.6367700000000000E+08   3.0321636282047292E+05   2.5582928067252304E-13   3.3085128025411708E-24   3.7226276696295940E+03
   9.6567700000000000E+08   3.0548685974815529E+05   2.5229840601157759E-13   3.2614484343842360E-24   3.7242271440742434E+03
   9.6767700000000000E+08   3.0775328275082243E+05   2.4883203651417870E-13   3.2153132761670659E-24   3.7257625334635713E+03
   9.6967700000000000E+08   3.1001559067797317E+05   2.4542872999453544E-13   3.1700845357419420E-24   3.7272345856799675E+03
   9.7167700000000000E+08   3.1227374405458319E+05   2.4208707066738174E-13   3.1257399314616666E-24   3.7286440440525389E+03
   9.7367700000000000E+08   3.1452769403673272E+05   2.3880568274989211E-13   3.0822578609424050E-24   3.7299916473173416E+03
   9.7567700000000000E+08   3.1677737383378157E+05   2.3558323928641668E-13   3.0396175095696817E-24   3.7312781277356494E+03
   9.7767700000000000E+08   3.1902269459184917E+05   2.3241846549747116E-13   2.9977988892803384E-24   3.7325042079978512E+03
   9.7967700000000000E+08   3.2126354800488724E+05   2.2931013553782776E-13   2.9567827926327128E-24   3.7336705978058526E+03
   9.8167700000000000E+08   3.2349981582106929E+05   2.2625706333363706E-13   2.9165506700854587E-24   3.7347779912695678E+03
   9.8367700000000000E+08   3.2573138319748652E+05   2.2325809059046931E-13   2.8770844697642215E-24   3.7358270661159409E+03
   9.8567700000000000E+08   3.2795815125364327E+05   2.2031207604993442E-13   2.8383664921248637E-24   3.7368184850927892E+03
   9.8767700000000000E+08   3.3018004510180402E+05   2.1741788901132990E-13   2.8003792987248239E-24   3.7377528991884051E+03
   9.8967700000000000E+08   3.3239701585183985E+05   2.1457440805287840E-13   2.7631056877711379E-24   3.7386309517824311E+03
   9.9167700000000000E+08   3.3460903730161051E+05   2.1178052391120782E-13   2.7265287236775460E-24   3.7394532827352878E+03
   9.9367700000000000E+08   3.3681609958851984E+05   2.0903514416636966E-13   2.6906317907914528E-24   3.7402205316480777E+03
   9.9567700000000000E+08   3.3901820258356852E+05   2.0633719704892975E-13   2.6553986369055890E-24   3.7409333399482252E+03
   9.9767700000000000E+08   3.4121535165068373E+05   2.0368563215841099E-13   2.6208133779384851E-24   3.7415923519571920E+03
   9.9967700000000000E+08   3.4340756439973891E+05   2.0107941241748472E-13   2.5868603897515178E-24   3.7421982163859248E+03
   1.0016770000000000E+09   3.4559502895964845E+05   1.9851739861424022E-13   2.5535228122651300E-24   3.7427515971620965E+03
   1.0036770000000000E+09   3.4778000074709248E+05   1.9599699795943010E-13   2.5207651548331171E-24   3.7432531906518989E+03
   1.0056770000000000E+09   3.4996969113948866E+05   1.9351221300080749E-13   2.4885080634451726E-24   3.7437039537380738E+03
   1.0076770000000000E+09   3.5216899724692554E+05   1.9105893317839081E-13   2.4566958872017056E-24   3.7441058698460947E+03
   1.0096770000000000E+09   3.5437426648494578E+05   1.8863919842483817E-13   2.4253517704280403E-24   3.7444615559320446E+03
   1.0116770000000000E+09   3.5657803183225653E+05   1.8625836142324638E-13   2.3945419772567687E-24   3.7447729760769193E+03
   1.0136770000000000E+09   3.5877644382428174E+05   1.8392047463641402E-13   2.3643168023467563E-24   3.7450410400954243E+03
   1.0156770000000000E+09   3.6094984591204650E+05   1.8163194666403503E-13   2.3347574264248543E-24   3.7452657838110858E+03
   1.0176770000000000E+09   3.6310625232366356E+05   1.7938869383865495E-13   2.3058100160929702E-24   3.7454475282067906E+03
   1.0196770000000000E+09   3.6525527661918156E+05   1.7718375185959148E-13   2.2773848101641597E-24   3.7455848940148389E+03
   1.0216770000000000E+09   3.6739849988620024E+05   1.7501540305870387E-13   2.2494583456051603E-24   3.7456784110708704E+03
   1.0236770000000000E+09   3.6953623997345282E+05   1.7288273647043098E-13   2.2220176310356702E-24   3.7457285258688567E+03
   1.0256770000000000E+09   3.7166856951523019E+05   1.7078501340371877E-13   2.1950518915441178E-24   3.7457357628820382E+03
   1.0276770000000000E+09   3.7379550427237892E+05   1.6872153265897970E-13   2.1685508729337203E-24   3.7457006627316937E+03
   1.0296770000000000E+09   3.7591705296465446E+05   1.6669159525101301E-13   2.1425043939667466E-24   3.7456237700670054E+03
   1.0316770000000000E+09   3.7803323557020660E+05   1.6469449726701828E-13   2.1169022538861007E-24   3.7455056318186330E+03
   1.0336770000000000E+09   3.8014409277846903E+05   1.6272953016027763E-13   2.0917342339574860E-24   3.7453467981353438E+03
   1.0356770000000000E+09   3.8224969923704496E+05   1.6079597844356759E-13   2.0669900651043848E-24   3.7451478243019819E+03
   1.0376770000000000E+09   3.8435018598719704E+05   1.5889311129056261E-13   2.0426593166212350E-24   3.7449092739218222E+03
   1.0396770000000000E+09   3.8644576421466633E+05   1.5702017286866191E-13   2.0187312674549152E-24   3.7446317243407980E+03
   1.0416770000000000E+09   3.8853673109792481E+05   1.5517638241550357E-13   1.9951949016756841E-24   3.7443157743665311E+03
   1.0436770000000000E+09   3.9062344042101520E+05   1.5336095316701048E-13   1.9720391465072034E-24   3.7439620521761176E+03
   1.0456770000000000E+09   3.9270623743754014E+05   1.5157312919174686E-13   1.9492533429452828E-24   3.7435712195449255E+03
   1.0476770000000000E+09   3.9478537813011574E+05   1.4981222797031656E-13   1.9268277944687157E-24   3.7431439688050677E+03
   1.0496770000000000E+09   3.9686096315724368E+05   1.4807767209274735E-13   1.9047541803740614E-24   3.7426810114482359E+03
   1.0516770000000000E+09   3.9893291044867266E+05   1.4636899821262142E-13   1.8830256796611133E-24   3.7421830606138392E+03
   1.0536770000000000E+09   4.0100097306035983E+05   1.4468584153171696E-13   1.8616367805678578E-24   3.7416508119933587E+03
   1.0556770000000000E+09   4.0306479140617390E+05   1.4302790334233456E-13   1.8405828699284951E-24   3.7410849279158138E+03
   1.0576770000000000E+09   4.0512395962450246E+05   1.4139491333783591E-13   1.8198597513918387E-24   3.7404860278066244E+03
   1.0596770000000000E+09   4.0717808644537500E+05   1.3978659710583447E-13   1.7994632262545026E-24   3.7398546858821578E+03
   1.0616770000000000E+09   4.0922683812337270E+05   1.3820265471495604E-13   1.7793888138321169E-24   3.7391914349354893E+03
   1.0636770000000000E+09   4.1126995979049831E+05   1.3664275142587809E-13   1.7596316260247069E-24   3.7384967739828430E+03
   1.0656770000000000E+09   4.1330727826428931E+05   1.3510651816750132E-13   1.7401863670824506E-24   3.7377711774096988E+03
   1.0676770000000000E+09   4.1533869255386811E+05   1.3359355803709236E-13   1.7210474114245660E-24   3.7370151037639298E+03
   1.0696770000000000E+09   4.1736415851706098E+05   1.3210345527685062E-13   1.7022089143898522E-24   3.7362290030918643E+03
   1.0716770000000000E+09   4.1938367260956974E+05   1.3063578418166582E-13   1.6836649233015706E-24   3.7354133224007555E+03
   1.0736770000000000E+09   4.2139725765861140E+05   1.2919011654313044E-13   1.6654094707791499E-24   3.7345685093112124E+03
   1.0756770000000000E+09   4.2340495186458534E+05   1.2776602715464876E-13   1.6474366439497572E-24   3.7336950142164392E+03
   1.0776770000000000E+09   4.2540680108557828E+05   1.2636309747414453E-13   1.6297406305514397E-24   3.7327932913422997E+03
   1.0796770000000000E+09   4.2740285387516476E+05   1.2498091780451200E-13   1.6123157463477463E-24   3.7318637990728557E+03
   1.0816770000000000E+09   4.2939315856342710E+05   1.2361908840923756E-13   1.5951564490650456E-24   3.7309069998300197E+03
   1.0836770000000000E+09   4.3137776171926304E+05   1.2227721992951984E-13   1.5782573434585771E-24   3.7299233597121074E+03
   1.0856770000000000E+09   4.3335670747362985E+05   1.2095493338000245E-13   1.5616131810069205E-24   3.7289133480240621E+03
   1.0876770000000000E+09   4.3533003733775055E+05   1.1965185991220187E-13   1.5452188566309842E-24   3.7278774367785245E+03
   1.0896770000000000E+09   4.3729779028021253E+05   1.1836764046428569E-13   1.5290694039460038E-24   3.7268161002106558E+03
   1.0916770000000000E+09   4.3926000292153051E+05   1.1710192536633928E-13   1.5131599899287757E-24   3.7257298143271623E+03
   1.0936770000000000E+09   4.4121670976784651E+05   1.1585437393835191E-13   1.4974859094776248E-24   3.7246190564969365E+03
   1.0956770000000000E+09   4.4316794344376773E+05   1.1462465409942811E-13   1.4820425801044561E-24   3.7234843050839713E+03
   1.0976770000000000E+09   4.4511373490652646E+05   1.1341244199636048E-13   1.4668255368659357E-24   3.7223260391198764E+03
   1.0996770000000000E+09   4.4705411363544501E+05   1.1221742165447670E-13   1.4518304275738906E-24   3.7211447380121704E+03
   1.1016770000000000E+09   4.4898910779616190E+05   1.1103928465136701E-13   1.4370530082952351E-24   3.7199408812842225E+03
   1.1036770000000000E+09   4.5091874438168388E+05   1.0987772981303081E-13   1.4224891391376977E-24   3.7187149483430271E+03
   1.1056770000000000E+09   4.5284304933295230E+05   1.0873246293164386E-13   1.4081347803130069E-24   3.7174674182713584E+03
   1.1076770000000000E+09   4.5476204764161812E+05   1.0760319650398082E-13   1.3939859884667547E-24   3.7161987696412921E+03
   1.1096770000000000E+09   4.5667576343752322E+05   1.0648964948936830E-13   1.3800389132618397E-24   3.7149094803464882E+03
   1.1116770000000000E+09   4.5858422006267909E+05   1.0539154708605355E-13   1.3662897942023112E-24   3.7136000274509734E+03
   1.1136770000000000E+09   4.6048744013338868E+05   1.0430862052468330E-13   1.3527349576817829E-24   3.7122708870524302E+03
   1.1156770000000000E+09   4.6238544559156417E+05   1.0324060687759008E-13   1.3393708142404587E-24   3.7109225341582433E+03
   1.1176770000000000E+09   4.6427825774600386E+05   1.0218724888252489E-13   1.3261938560139359E-24   3.7095554425726987E+03
   1.1196770000000000E+09   4.6616589730410371E+05   1.0114829477947157E-13   1.3132006543567540E-24   3.7081700847939628E+03
   1.1216770000000000E+09   4.6804838439427444E+05   1.0012349815918308E-13   1.3003878576236705E-24   3.7067669319194124E+03
   1.1236770000000000E+09   4.6992573857910273E+05   9.9112617822150213E-14   1.2877521890924054E-24   3.7053464535581625E+03
   1.1256770000000000E+09   4.7179797885927727E+05   9.8115417646745393E-14   1.2752904450119784E-24   3.7039091177495388E+03
   1.1276770000000000E+09   4.7366512366832374E+05   9.7131666465337147E-14   1.2629994927613386E-24   3.7024553908864223E+03
   1.1296770000000000E+09   4.7552719085821818E+05   9.6161137947261305E-14   1.2508762691041142E-24   3.7009857376423488E+03
   1.1316770000000000E+09   4.7738419767607836E+05   9.5203610487619646E-14   1.2389177785263014E-24   3.6995006209014145E+03
   1.1336770000000000E+09   4.7923616073255148E+05   9.4258867100899869E-14   1.2271210916439854E-24   3.6980005016899850E+03
   1.1356770000000000E+09   4.8108309596250008E+05   9.3326695318596598E-14   1.2154833436704845E-24   3.6964858391094044E+03
   1.1376770000000000E+09   4.8292501857922052E+05   9.2406887090028145E-14   1.2040017329324652E-24   3.6949570902689243E+03
   1.1396770000000000E+09   4.8476194302375335E+05   9.1499238685657148E-14   1.1926735194259577E-24   3.6934147102182219E+03
   1.1416770000000000E+09   4.8659388291113870E+05   9.0603550602363968E-14   1.1814960234049621E-24   3.6918591518790467E+03
   1.1436770000000000E+09   4.8842085097608191E+05   8.9719627470160297E-14   1.1704666239957712E-24   3.6902908659756517E+03
   1.1456770000000000E+09   4.9024285902073432E+05   8.8847277959965529E-14   1.1595827578318089E-24   3.6887103009639059E+03
   1.1476770000000000E+09   4.9205991786769667E+05   8.7986314692126256E-14   1.1488419177044732E-24   3.6871179029591722E+03
   1.1496770000000000E+09   4.9387203732156614E+05   8.7136554145443999E-14   1.1382416512265133E-24   3.6855141156632444E+03
   1.1516770000000000E+09   4.9567922614240809E+05   8.6297816566544905E-14   1.1277795595052951E-24   3.6838993802908822E+03
   1.1536770000000000E+09   4.9748149203462928E+05   8.5469925879447995E-14   1.1174532958235590E-24   3.6822741354967084E+03
   1.1556770000000000E+09   4.9927884165437229E+05   8.4652709595273274E-14   1.1072605643263372E-24   3.6806388173034170E+03
   1.1576770000000000E+09   5.0107128063828941E+05   8.3845998722038421E-14   1.0971991187127742E-24   3.6789938590324323E+03
   1.1596770000000000E+09   5.0285881365594070E+05   8.3049627674550461E-14   1.0872667609322985E-24   3.6773396912383778E+03
   1.1616770000000000E+09   5.0464144448744220E+05   8.2263434184416805E-14   1.0774613398848795E-24   3.6756767416486982E+03
   1.1636770000000000E+09   5.0641917612706160E+05   8.1487259210261632E-14   1.0677807501258753E-24   3.6740054351099870E+03
   1.1656770000000000E+09   5.0819201091254881E+05   8.0720946848274503E-14   1.0582229305765893E-24   3.6723261935424571E+03
   1.1676770000000000E+09   5.0995995067909878E+05   7.9964344243243425E-14   1.0487858632420075E-24   3.6706394359040282E+03
   1.1696770000000000E+09   5.1172299693552672E+05   7.9217301500346101E-14   1.0394675719388737E-24   3.6689455781653410E+03
   1.1716770000000000E+09   5.1348115105956403E+05   7.8479671597956099E-14   1.0302661210371023E-24   3.6672450332968788E+03
   1.1736770000000000E+09   5.1523441450803296E+05   7.7751310301822954E-14   1.0211796142189992E-24   3.6655382112690922E+03
   1.1756770000000000E+09   5.1698278903692507E+05   7.7032076081017737E-14   1.0122061932612676E-24   3.6638255190662048E+03
   1.1776770000000000E+09   5.1872627692575956E+05   7.6321830026072858E-14   1.0033440368453983E-24   3.6621073607140497E+03
   1.1796770000000000E+09   5.2046488120017893E+05   7.5620435769757989E-14   9.9459135940234448E-25   3.6603841373219043E+03
   1.1816770000000000E+09   5.2219860584653670E+05   7.4927759410932812E-14   9.8594640999746470E-25   3.6586562471379784E+03
   1.1836770000000000E+09   5.2392745601222565E+05   7.4243669441908504E-14   9.7740747126173239E-25   3.6569240856178171E+03
   1.1856770000000000E+09   5.2565143818591908E+05   7.3568036679676367E-14   9.6897285837434307E-25   3.6551880455045161E+03
   1.1876770000000000E+09   5.2737056035233743E+05   7.2900734201327417E-14   9.6064091810145939E-25   3.6534485169193986E+03
   1.1896770000000000E+09   5.2908483211706043E+05   7.2241637283872372E-14   9.5241002789444255E-25   3.6517058874613599E+03
   1.1916770000000000E+09   5.3079426479788637E+05   7.1590623348578899E-14   9.4427859504968191E-25   3.6499605423130574E+03
   1.1936770000000000E+09   5.3249887148017809E+05   7.0947571909883318E-14   9.3624505593142565E-25   3.6482128643517731E+03
   1.1956770000000000E+09   5.3419866703532741E+05   7.0312364528720412E-14   9.2830787525616412E-25   3.6464632342627515E+03
   1.1976770000000000E+09   5.3589366810217348E+05   6.9684884770141757E-14   9.2046554543743845E-25   3.6447120306528500E+03
   1.1996770000000000E+09   5.3758389303298574E+05   6.9065018164872160E-14   9.1271658598701325E-25   3.6429596301622023E+03
   1.2016770000000000E+09   5.3926936180644925E+05   6.8452652174454144E-14   9.0505954296825006E-25   3.6412064075719036E+03
   1.2036770000000000E+09   5.4095009591117618E+05   6.7847676159542850E-14   8.9749298849628660E-25   3.6394527359058116E+03
   1.2056770000000000E+09   5.4262611820434791E+05   6.7249981350831664E-14   8.9001552027845523E-25   3.6376989865247524E+03
   1.2076770000000000E+09   5.4429745275047654E+05   6.6659460822112869E-14   8.8262576118856406E-25   3.6359455292117805E+03
   1.2096770000000000E+09   5.4596412464589567E+05   6.6076009464942273E-14   8.7532235886809562E-25   3.6341927322473848E+03
   1.2116770000000000E+09   5.4762615983489261E+05   6.5499523964378622E-14   8.6810398534728607E-25   3.6324409624739028E+03
   1.2136770000000000E+09   5.4928358492333640E+05   6.4929902775313790E-14   8.6096933667955401E-25   3.6306905853486746E+03
   1.2156770000000000E+09   5.5093642699546949E+05   6.4367046098956135E-14   8.5391713258323455E-25   3.6289419649859155E+03
   1.2176770000000000E+09   5.5258471343930508E+05   6.3810855859060109E-14   8.4694611608493932E-25   3.6271954641874304E+03
   1.2196770000000000E+09   5.5422847178530763E+05   6.3261235677599091E-14   8.4005505316012042E-25   3.6254514444627644E+03
   1.2216770000000000E+09   5.5586772956247791E+05   6.2718090849620310E-14   8.3324273236695791E-25   3.6237102660394735E+03
   1.2236770000000000E+09   5.5750251417471410E+05   6.2181328317169599E-14   8.2650796447159386E-25   3.6219722878645271E+03
   1.2256770000000000E+09   5.5913285279968684E+05   6.1650856642186538E-14   8.1984958206291945E-25   3.6202378675979044E+03
   1.2276770000000000E+09   5.6075877231090702E+05   6.1126585978443079E-14   8.1326643915737779E-25   3.6185073615996575E+03
   1.2296770000000000E+09   5.6238029922282370E+05   6.0608428042629891E-14   8.0675741079471806E-25   3.6167811249116035E+03
   1.2316770000000000E+09   5.6399745965762285E+05   6.0096296084785800E-14   8.0032139262685236E-25   3.6150595112349106E+03
   1.2336770000000000E+09   5.6561027933154069E+05   5.9590104858315711E-14   7.9395730050269578E-25   3.6133428729046982E+03
   1.2356770000000000E+09   5.6721878355781978E+05   5.9089770589874119E-14   7.8766407005234970E-25   3.6116315608626578E+03
   1.2376770000000000E+09   5.6882299726308405E+05   5.8595210949386781E-14   7.8144065627398741E-25   3.6099259246285769E+03
   1.2396770000000000E+09   5.7042294501375617E+05   5.8106345020473629E-14   7.7528603312675137E-25   3.6082263122714076E+03
   1.2416770000000000E+09   5.7201865104920522E+05   5.7623093271503460E-14   7.6919919313257103E-25   3.6065330703804807E+03
   1.2436770000000000E+09   5.7361013931872766E+05   5.7145377527449082E-14   7.6317914698907106E-25   3.6048465440371638E+03
   1.2456770000000000E+09   5.7519743351978087E+05   5.6673120942670808E-14   7.5722492319522895E-25   3.6031670767871447E+03
   1.2476770000000000E+09   5.7678055713528278E+05   5.6206247974720411E-14   7.5133556769097009E-25   3.6014950106135520E+03
   1.2496770000000000E+09   5.7835953346840828E+05   5.5744684359181219E-14   7.4551014351095234E-25   3.5998306859107424E+03
   1.2516770000000000E+09   5.7993438567352272E+05   5.5288357085559124E-14   7.3974773045273649E-25   3.5981744414587879E+03
   1.2536770000000000E+09   5.8150513678240753E+05   5.4837194374181974E-14   7.3404742475882292E-25   3.5965266143984645E+03
   1.2556770000000000E+09   5.8307180972500367E+05   5.4391125654082835E-14   7.2840833881226725E-25   3.5948875402065660E+03
   1.2576770000000000E+09   5.8463442734438367E+05   5.3950081541786569E-14   7.2282960084484204E-25   3.5932575526713263E+03
   1.2596770000000000E+09   5.8619301240575220E+05   5.3513993820932466E-14   7.1731035465688431E-25   3.5916369838677365E+03
   1.2616770000000000E+09   5.8774758759934141E+05   5.3082795422672495E-14   7.1184975934805380E-25   3.5900261641325410E+03
   1.2636770000000000E+09   5.8929817553747154E+05   5.2656420406739959E-14   7.0644698905763130E-25   3.5884254220386674E+03
   1.2656770000000000E+09   5.9084479874588433E+05   5.2234803943124115E-14   7.0110123271351624E-25   3.5868350843688736E+03
   1.2676770000000000E+09   5.9238747964961827E+05   5.1817882294267998E-14   6.9581169378882132E-25   3.5852554760884695E+03
   1.2696770000000000E+09   5.9392624055372493E+05   5.1405592797711985E-14   6.9057759006505012E-25   3.5836869203168585E+03
   1.2716770000000000E+09   5.9546110361912521E+05   5.0997873849111559E-14   6.8539815340088640E-25   3.5821297382977950E+03
   1.2736770000000000E+09   5.9699209083397209E+05   5.0594664885551859E-14   6.8027262950556155E-25   3.5805842493681680E+03
   1.2756770000000000E+09   5.9851922398082947E+05   5.0195906369099235E-14   6.7520027771598156E-25   3.5790507709251988E+03
   1.2776770000000000E+09   6.0004252460022806E+05   4.9801539770502440E-14   6.7018037077642489E-25   3.5775296183919359E+03
   1.2796770000000000E+09   6.0156201395105838E+05   4.9411507552978571E-14   6.6521219461991274E-25   3.5760211051809665E+03
   1.2816770000000000E+09   6.0307771296852164E+05   4.9025753155997807E-14   6.6029504815008064E-25   3.5745255426561898E+03
   1.2836770000000000E+09   6.0458964222027955E+05   4.8644220978998489E-14   6.5542824302257514E-25   3.5730432400927170E+03
   1.2856770000000000E+09   6.0609782186154474E+05   4.8266856364962488E-14   6.5061110342500865E-25   3.5715745046347638E+03
   1.2876770000000000E+09   6.0760227158979326E+05   4.7893605583795414E-14   6.4584296585467052E-25   3.5701196412515878E+03
   1.2896770000000000E+09   6.0910301059969235E+05   4.7524415815474613E-14   6.4112317889345105E-25   3.5686789526914522E+03
   1.2916770000000000E+09   6.1060005753866583E+05   4.7159235132950966E-14   6.3645110297973062E-25   3.5672527394336826E+03
   1.2936770000000000E+09   6.1209343046339648E+05   4.6798012484804559E-14   6.3182611017719684E-25   3.5658412996387947E+03
   1.2956770000000000E+09   6.1358314679702814E+05   4.6440697677714982E-14   6.2724758394134288E-25   3.5644449290968291E+03
   1.2976770000000000E+09   6.1506922328682290E+05   4.6087241358800679E-14   6.2271491888435623E-25   3.5630639211738389E+03
   1.2996770000000000E+09   6.1655167596152320E+05   4.5737594997937299E-14   6.1822752053982867E-25   3.5616985667566514E+03
   1.3016770000000000E+09   6.1803052008775668E+05   4.5391710870158983E-14   6.1378480512868520E-25   3.5603491541958056E+03
   1.3036770000000000E+09   6.1950577012508607E+05   4.5049542038242508E-14   6.0938619932765052E-25   3.5590159692467241E+03
   1.3056770000000000E+09   6.2097743968042848E+05   4.4711042335508199E-14   6.0503114004070516E-25   3.5576992950090621E+03
   1.3076770000000000E+09   6.2244554146429407E+05   4.4376166348786246E-14   6.0071907417282152E-25   3.5563994118642454E+03
   1.3096770000000000E+09   6.2391008725440595E+05   4.4044869401313379E-14   5.9644945840276743E-25   3.5551165974112669E+03
   1.3116770000000000E+09   6.2537108787600347E+05   4.3717107535132781E-14   5.9222175894911515E-25   3.5538511264010926E+03
   1.3136770000000000E+09   6.2682855321256886E+05   4.3392837492331233E-14   5.8803545132029953E-25   3.5526032706702672E+03
   1.3156770000000000E+09   6.2828249226456275E+05   4.3072016694256417E-14   5.8389002003688691E-25   3.5513732990747840E+03
   1.3176770000000000E+09   6.2973291327563708E+05   4.2754603217781233E-14   5.7978495831304997E-25   3.5501614774259906E+03
   1.3196770000000000E+09   6.3117982394371659E+05   4.2440555767822365E-14   5.7571976768606999E-25   3.5489680684306882E+03
   1.3216770000000000E+09   6.3262323172626202E+05   4.2129833645791486E-14   5.7169395758893278E-25   3.5477933316384929E+03
   1.3236770000000000E+09   6.3406314423394972E+05   4.1822396714479693E-14   5.6770704487227619E-25   3.5466375233994800E+03
   1.3256770000000000E+09   6.3549956968543911E+05   4.1518205361010345E-14   5.6375855329741029E-25   3.5455008968350694E+03
   1.3276770000000000E+09   6.3693251737093402E+05   4.1217220460771789E-14   5.5984801303969144E-25   3.5443837018242784E+03
   1.3296770000000000E+09   6.3836199805038143E+05   4.0919403346278980E-14   5.5597496025606365E-25   3.5432861850054178E+03
   1.3316770000000000E+09   6.3978802420166368E+05   4.0624715785307236E-14   5.5213893677640319E-25   3.5422085897911684E+03
   1.3336770000000000E+09   6.4121061004383559E+05   4.0333119971932951E-14   5.4833948996926454E-25   3.5411511563918639E+03
   1.3356770000000000E+09   6.4262977129516611E+05   4.0044578532124308E-14   5.4457617280595777E-25   3.5401141218394100E+03
   1.3376770000000000E+09   6.4404552468346257E+05   3.9759054542395192E-14   5.4084854410449074E-25   3.5390977200028869E+03
   1.3396770000000000E+09   6.4545788729396893E+05   3.9476511556528516E-14   5.3715616888696757E-25   3.5381021815873332E+03
   1.3416770000000000E+09   6.4686687589755934E+05   3.9196913632531589E-14   5.3349861874465411E-25   3.5371277341100958E+03
   1.3436770000000000E+09   6.4827250642363506E+05   3.8920225351148075E-14   5.2987547209248500E-25   3.5361746018540689E+03
   1.3456770000000000E+09   6.4967479371143854E+05   3.8646411819144727E-14   5.2628631421947871E-25   3.5352430058027840E+03
   1.3476770000000000E+09   6.5107375159064995E+05   3.8375438655103673E-14   5.2273073710215719E-25   3.5343331635671389E+03
   1.3496770000000000E+09   6.5246939323092217E+05   3.8107271961266652E-14   5.1920833902707502E-25   3.5334452893154444E+03
   1.3516770000000000E+09   6.5386173160362919E+05   3.7841878289823296E-14   5.1571872413509863E-25   3.5325795937166340E+03
   1.3536770000000000E+09   6.5525077986237966E+05   3.7579224613674314E-14   5.1226150202359431E-25   3.5317362839005659E+03
   1.3556770000000000E+09   6.5663655149513506E+05   3.7319278309092366E-14   5.0883628750841045E-25   3.5309155634324979E+03
   1.3576770000000000E+09   6.5801906021510297E+05   3.7062007151739465E-14   5.0544270056718830E-25   3.5301176322929637E+03
   1.3596770000000000E+09   6.5939831968642829E+05   3.6807379320985459E-14   5.0208036639678036E-25   3.5293426868531374E+03
   1.3616770000000000E+09   6.6077434325666924E+05   3.6555363403798699E-14   4.9874891546671310E-25   3.5285909198392824E+03
   1.3636770000000000E+09   6.6214714384808228E+05   3.6305928390698358E-14   4.9544798346600708E-25   3.5278625202869457E+03
   1.3656770000000000E+09   6.6351673405524332E+05   3.6059043661660305E-14   4.9217721111340978E-25   3.5271576734915579E+03
   1.3676770000000000E+09   6.6488312637149682E+05   3.5814678966179000E-14   4.8893624388699340E-25   3.5264765609641286E+03
   1.3696770000000000E+09   6.6624633339981327E+05   3.5572804405001599E-14   4.8572473177498072E-25   3.5258193603971540E+03
   1.3716770000000000E+09   6.6760636793546425E+05   3.5333390419418525E-14   4.8254232912844906E-25   3.5251862456394774E+03
   1.3736770000000000E+09   6.6896324290956231E+05   3.5096407788898240E-14   4.7938869462770887E-25   3.5245773866739301E+03
   1.3756770000000000E+09   6.7031697127578151E+05   3.4861827633131087E-14   4.7626349130959441E-25   3.5239929495915326E+03
   1.3776770000000000E+09   6.7166756593913771E+05   3.4629621413519831E-14   4.7316638658812243E-25   3.5234330965605654E+03
   1.3796770000000000E+09   6.7301503976175410E+05   3.4399760932004017E-14   4.7009705223914279E-25   3.5228979857938461E+03
   1.3816770000000000E+09   6.7435940559823473E+05   3.4172218328862227E-14   4.6705516437078390E-25   3.5223877715187505E+03
   1.3836770000000000E+09   6.7570067628196627E+05   3.3946966082552211E-14   4.6404040342131913E-25   3.5219026039514506E+03
   1.3856770000000000E+09   6.7703886451337754E+05   3.3723977013131824E-14   4.6105245420611106E-25   3.5214426292713647E+03
   1.3876770000000000E+09   6.7837398261421639E+05   3.3503224289750311E-14   4.5809100602135631E-25   3.5210079895881427E+03
   1.3896770000000000E+09   6.7970604196967499E+05   3.3284681447770009E-14   4.5515575288212425E-25   3.5205988228897231E+03
   1.3916770000000000E+09   6.8103505147661048E+05   3.3068322439784455E-14   4.5224639422968813E-25   3.5202152629467928E+03
   1.3936770000000000E+09   6.8236101302678068E+05   3.2854121792019703E-14   4.4936263709417865E-25   3.5198574391091606E+03
   1.3956770000000000E+09   6.8368390897182026E+05   3.2642055049477472E-14   4.4650420224074919E-25   3.5195254758377455E+03
   1.3976770000000000E+09   6.8500366953680315E+05   3.2432099947329746E-14   4.4367084032700100E-25   3.5192194916389494E+03
   1.3996770000000000E+09   6.8632009381871298E+05   3.2224239272428861E-14   4.4086237133817110E-25   3.5189395967750106E+03
   1.4016770000000000E+09   6.8763267275698413E+05   3.2018467317506364E-14   4.3807877346225945E-25   3.5186858887184394E+03
   1.4036770000000000E+09   6.8894022801723587E+05   3.1814803136017283E-14   4.3532036548577208E-25   3.5184584438773268E+03
   1.4056770000000000E+09   6.9024025690672512E+05   3.1613314765573858E-14   4.3258813998080386E-25   3.5182573036890794E+03
   1.4076770000000000E+09   6.9152791534519382E+05   3.1414157136858057E-14   4.2988428480666846E-25   3.5180824522221797E+03
   1.4096770000000000E+09   6.9279476323852129E+05   3.1217619173515804E-14   4.2721283217626201E-25   3.5179337787257659E+03
   1.4116770000000000E+09   6.9402775417463889E+05   3.1024161482176781E-14   4.2458018261098214E-25   3.5178110084824298E+03
   1.4136770000000000E+09   6.9520915506712149E+05   3.0834416121876643E-14   4.2199511690720249E-25   3.5177135720357060E+03
   1.4156770000000000E+09   6.9631723498669628E+05   3.0649148415055110E-14   4.1946829671414162E-25   3.5176403998257520E+03
   1.4176770000000000E+09   6.9732489914804068E+05   3.0469282903749609E-14   4.1701263802822210E-25   3.5175897500536203E+03
   1.4196770000000000E+09   6.9819135334473313E+05   3.0296195972267769E-14   4.1464729224734308E-25   3.5175593886116976E+03
   1.4216770000000000E+09   6.9884928772068850E+05   3.0132241935096570E-14   4.1240476315076313E-25   3.5175472836448857E+03
   1.4236770000000000E+09   6.9921400036208867E+05   2.9980571067757131E-14   4.1032841771755036E-25   3.5175515951357238E+03
   1.4256770000000000E+09   6.9925296087131533E+05   2.9842647340742118E-14   4.0843889661011267E-25   3.5175673648370416E+03
   1.4276770000000000E+09   6.9908199995648093E+05   2.9714372514364418E-14   4.0668153526330359E-25   3.5175824033172375E+03
   1.4296770000000000E+09   6.9893328198744275E+05   2.9586759871579200E-14   4.0493479094409836E-25   3.5175840713972584E+03
   1.4316770000000000E+09   6.9893500188439665E+05   2.9454473580932827E-14   4.0312489315212689E-25   3.5175786713468901E+03
   1.4336770000000000E+09   6.9906025105333235E+05   2.9318189375633367E-14   4.0126186846280295E-25   3.5175592830140345E+03
   1.4356770000000000E+09   6.9880192602693755E+05   2.9199706438082166E-14   3.9963600205901333E-25   3.5175967427358855E+03
   6.5767700000000000E+08  -7.5673453524541048E+02   4.9935274836552216E-08   1.7986512795140893E-22   1.8318333947883923E+03
   6.5967700000000000E+08  -6.9860629372018866E+02   6.3631461863357033E-08   1.8981433468389881E-22   2.2119583069747496E+03
   6.6167700000000000E+08  -6.3901857431129179E+02   6.9114362607850267E-08   1.8399621679950627E-22   2.4785335457091646E+03
   6.6367700000000000E+08  -5.8279737492865274E+02   7.0958766525890919E-08   1.7418873630288802E-22   2.6879505281823426E+03
   6.6567700000000000E+08  -4.0085071500854821E+02   6.9573337016037525E-08   1.6038322655409976E-22   2.8623312521779080E+03
   6.6767700000000000E+08  -1.1761520616095547E+02   6.6037446527708383E-08   1.4464147831443674E-22   3.0125490600455760E+03
   6.6967700000000000E+08   2.3292854661789664E+02   6.1439472668159458E-08   1.2890965879773887E-22   3.1448398408565490E+03
   6.7167700000000000E+08   6.2176488305465875E+02   5.6558399390091178E-08   1.1436471961577230E-22   3.2631742855672828E+03
   6.7367700000000000E+08   1.0289172751764004E+03   5.1839546120799743E-08   1.0149138303704369E-22   3.3702737554305127E+03
   6.7567700000000000E+08   1.4371914927284788E+03   4.7493654593848000E-08   9.0359576176504282E-23   3.4681041981154808E+03
   6.7767700000000000E+08   1.8247778780765043E+03   4.3597716107534836E-08   8.0847931166885734E-23   3.5581411096128395E+03
   6.7967700000000000E+08   2.1639283644592269E+03   4.0158764739916737E-08   7.2765140391505610E-23   3.6415240336328193E+03
   6.8167700000000000E+08   2.4294824493129327E+03   3.7147462946671931E-08   6.5903657111460214E-23   3.7191531429465640E+03
   6.8367700000000000E+08   2.6113500535445432E+03   3.4512828584235884E-08   6.0056986441994879E-23   3.7917532580788602E+03
   6.8567700000000000E+08   2.7127397489724976E+03   3.2188260706366014E-08   5.5022674439521073E-23   3.8599178657233533E+03
   6.8767700000000000E+08   2.7252238457522171E+03   3.0098723973591467E-08   5.0608767491655038E-23   3.9241394976763686E+03
   6.8967700000000000E+08   2.6051327869442648E+03   2.8175929586199796E-08   4.6654204649148891E-23   3.9848307944908101E+03
   6.9167700000000000E+08   2.2934605146914496E+03   2.6378012321131909E-08   4.3055803979299380E-23   4.0423403481749183E+03
   6.9367700000000000E+08   1.7795474005325116E+03   2.4698296834761970E-08   3.9776465034768077E-23   4.0969663763426888E+03
   6.9567700000000000E+08   1.1496228912521917E+03   2.3154162648293023E-08   3.6822053272156039E-23   4.1489687446212383E+03
   6.9767700000000000E+08   5.7363107302548622E+02   2.1766516243590102E-08   3.4205950857790069E-23   4.1985780529267968E+03
   6.9967700000000000E+08   2.4593438105039519E+02   2.0545696181871735E-08   3.1926429914233636E-23   4.2460010646891824E+03
   7.0167700000000000E+08   3.2435476464659644E+02   1.9488096449307111E-08   2.9962056654842442E-23   4.2914232970762296E+03
   7.0367700000000000E+08   8.9506059889513824E+02   1.8579155912056232E-08   2.8277003477723732E-23   4.3350102584083170E+03
   7.0567700000000000E+08   1.9668092320893377E+03   1.7798106701083664E-08   2.6828628580507901E-23   4.3769084711822870E+03
   7.0767700000000000E+08   3.4854507618210337E+03   1.7122161625238675E-08   2.5573766072283637E-23   4.4172468018352720E+03
   7.0967700000000000E+08   5.3569376847157691E+03   1.6529420625408239E-08   2.4472797823607948E-23   4.4561381647055759E+03
   7.1167700000000000E+08   7.4698279177113163E+03   1.6000521281422735E-08   2.3491711433533883E-23   4.4936814556977561E+03
   7.1367700000000000E+08   9.7127726581951629E+03   1.5519342376862357E-08   2.2602724795348344E-23   4.5299635284988362E+03
   7.1567700000000000E+08   1.1986294005879417E+04   1.5073097144476365E-08   2.1784044973003274E-23   4.5650610685928641E+03
   7.1767700000000000E+08   1.4206139197838254E+04   1.4651913717037088E-08   2.1018943321882911E-23   4.5990422516054441E+03
   7.1967700000000000E+08   1.6306877512272344E+04   1.4248756508136848E-08   2.0295383323878558E-23   4.6319681622846965E+03
   7.2167700000000000E+08   1.8245468109629266E+04   1.3858918608380560E-08   1.9605091306915958E-23   4.6638940230108274E+03
   7.2367700000000000E+08   1.9998032505713625E+04   1.3479499938267825E-08   1.8942658546470172E-23   4.6948702158044898E+03
   7.2567700000000000E+08   2.1556379065333185E+04   1.3108965800658360E-08   1.8304807349936484E-23   4.7249430855189166E+03
   7.2767700000000000E+08   2.2924642113887054E+04   1.2746742499514520E-08   1.7689746274912551E-23   4.7541555652990992E+03
   7.2967700000000000E+08   2.4115841246890363E+04   1.2392872043533473E-08   1.7096637424588966E-23   4.7825476577783738E+03
   7.3167700000000000E+08   2.5148635537093589E+04   1.2047732538855159E-08   1.6525177204290221E-23   4.8101568001801270E+03
   7.3367700000000000E+08   2.6044490440446294E+04   1.1711826821815044E-08   1.5975287258281728E-23   4.8370181394591682E+03
   7.3567700000000000E+08   2.6825407400621920E+04   1.1385637061699305E-08   1.5446906692175320E-23   4.8631647408424933E+03
   7.3767700000000000E+08   2.7512282605176031E+04   1.1069537653623440E-08   1.4939870409357265E-23   4.8886277496523153E+03
   7.3967700000000000E+08   2.8123876588123323E+04   1.0763755240136090E-08   1.4453854847122058E-23   4.9134365222330161E+03
   7.4167700000000000E+08   2.8676311222500317E+04   1.0468362643182401E-08   1.3988370768354418E-23   4.9376187376959915E+03
   7.4367700000000000E+08   2.9182969501157466E+04   1.0183294072914961E-08   1.3542784581996664E-23   4.9612004983862425E+03
   7.4567700000000000E+08   2.9654664619533847E+04   9.9083710087820137E-09   1.3116353200567886E-23   4.9842064238203166E+03
   7.4767700000000000E+08   3.0099958544990626E+04   9.6433310309619861E-09   1.2708261868670755E-23   5.0066597405099192E+03
   7.4967700000000000E+08   3.0525537382807193E+04   9.3878547632430312E-09   1.2317658584178845E-23   5.0285823685519636E+03
   7.5167700000000000E+08   3.0936581335929222E+04   9.1415884831852640E-09   1.1943682083224540E-23   5.0499950050028083E+03
   7.5367700000000000E+08   3.1337094168992258E+04   8.9041616523129998E-09   1.1585482655458387E-23   5.0709172036778491E+03
   7.5567700000000000E+08   3.1730177523673159E+04   8.6751996426067555E-09   1.1242236387061140E-23   5.0913674509472039E+03
   7.5767700000000000E+08   3.2118248712032011E+04   8.4543324293848510E-09   1.0913154028542680E-23   5.1113632371885642E+03
   7.5967700000000000E+08   3.2503207871874834E+04   8.2412001605778609E-09   1.0597485811426490E-23   5.1309211237096606E+03
   7.6167700000000000E+08   3.2886563329947072E+04   8.0354564524676580E-09   1.0294523409321879E-23   5.1500568051055861E+03
   7.6367700000000000E+08   3.3269524340382217E+04   7.8367701137414755E-09   1.0003600006370408E-23   5.1687851671425769E+03
   7.6567700000000000E+08   3.3653069329555954E+04   7.6448258321005460E-09   9.7240891901411069E-24   5.1871203403503569E+03
   7.6767700000000000E+08   3.4037996235695537E+04   7.4593242063142401E-09   9.4554031713314261E-24   5.2050757495623602E+03
   7.6967700000000000E+08   3.4424959969943411E+04   7.2799813852569254E-09   9.1969906643904890E-24   5.2226641596726395E+03
   7.7167700000000000E+08   3.4814500675677533E+04   7.1065284854689387E-09   8.9483346407716539E-24   5.2398977178882196E+03
   7.7367700000000000E+08   3.5207065397559447E+04   6.9387108957777531E-09   8.7089500823667524E-24   5.2567879927520389E+03
   7.7567700000000000E+08   3.5603024980559159E+04   6.7762875353697091E-09   8.4783818074704070E-24   5.2733460101998962E+03
   7.7767700000000000E+08   3.6002687456429376E+04   6.6190301045624703E-09   8.2562024068944088E-24   5.2895822868986834E+03
   7.7967700000000000E+08   3.6406308787169619E+04   6.4667223506090648E-09   8.0420103068582399E-24   5.3055068610949129E+03
   7.8167700000000000E+08   3.6814101573307002E+04   6.3191593606180474E-09   7.8354279631162081E-24   5.3211293211840057E+03
   7.8367700000000000E+08   3.7226242160505608E+04   6.1761468876264011E-09   7.6361001840738895E-24   5.3364588321927286E+03
   7.8567700000000000E+08   3.7642876462266024E+04   6.0375007123737482E-09   7.4436925771960064E-24   5.3515041603500977E+03
   7.8767700000000000E+08   3.8064124739054379E+04   5.9030460413571279E-09   7.2578901114332261E-24   5.3662736959062240E+03
   7.8967700000000000E+08   3.8490085521434063E+04   5.7726169406545376E-09   7.0783957878591821E-24   5.3807754743441483E+03
   7.9167700000000000E+08   3.8920838827680956E+04   5.6460558044115975E-09   6.9049294107220249E-24   5.3950171961164515E+03
   7.9367700000000000E+08   3.9356448799232174E+04   5.5232128565710492E-09   6.7372264514015208E-24   5.4090062450265259E+03
   7.9567700000000000E+08   3.9796965856568764E+04   5.4039456842633546E-09   6.5750369981702616E-24   5.4227497053634643E+03
   7.9767700000000000E+08   4.0242428461558760E+04   5.2881188012037618E-09   6.4181247851098660E-24   5.4362543778898689E+03
   7.9967700000000000E+08   4.0692864558581270E+04   5.1756032394182395E-09   6.2662662939893757E-24   5.4495267947728671E+03
   8.0167700000000000E+08   4.1148292755117967E+04   5.0662761676302910E-09   6.1192499233568083E-24   5.4625732335407756E+03
   8.0367700000000000E+08   4.1608723292481358E+04   4.9600205346718000E-09   5.9768752195186195E-24   5.4753997301404770E+03
   8.0567700000000000E+08   4.2074158848693114E+04   4.8567247363278344E-09   5.8389521644830873E-24   5.4880120911641225E+03
   8.0767700000000000E+08   4.2544595208046427E+04   4.7562823040844999E-09   5.7053005163228773E-24   5.5004159053077956E+03
   8.0967700000000000E+08   4.3020021825496544E+04   4.6585916143171806E-09   5.5757491977693052E-24   5.5126165541194187E+03
   8.1167700000000000E+08   4.3500422308632682E+04   4.5635556165320186E-09   5.4501357291874078E-24   5.5246192220882513E+03
   8.1367700000000000E+08   4.3985774835518932E+04   4.4710815793533448E-09   5.3283057023962508E-24   5.5364289061240688E+03
   8.1567700000000000E+08   4.4476052523063649E+04   4.3810808530325713E-09   5.2101122920946106E-24   5.5480504244699005E+03
   8.1767700000000000E+08   4.4971223757707929E+04   4.2934686473372109E-09   5.0954158019269873E-24   5.5594884250887426E+03
   8.1967700000000000E+08   4.5471252497998437E+04   4.2081638237608885E-09   4.9840832424801724E-24   5.5707473935612525E+03
   8.2167700000000000E+08   4.5976098556933066E+04   4.1250887010735794E-09   4.8759879387344933E-24   5.5818316605284463E+03
   8.2367700000000000E+08   4.6485717870697023E+04   4.0441688733063627E-09   4.7710091647089748E-24   5.5927454087107799E+03
   8.2567700000000000E+08   4.7000062759456800E+04   3.9653330393325272E-09   4.6690318032329011E-24   5.6034926795323354E+03
   8.2767700000000000E+08   4.7519082185093364E+04   3.8885128432689438E-09   4.5699460289510019E-24   5.6140773793767667E+03
   8.2967700000000000E+08   4.8042722010056437E+04   3.8136427249754122E-09   4.4736470128244455E-24   5.6245032854993860E+03
   8.3167700000000000E+08   4.8570925260803815E+04   3.7406597799763646E-09   4.3800346465268101E-24   5.6347740516181484E+03
   8.3367700000000000E+08   4.9103632398484995E+04   3.6695036281683856E-09   4.2890132852546015E-24   5.6448932132042373E+03
   8.3567700000000000E+08   4.9640781598611895E+04   3.6001162907101432E-09   4.2004915075775600E-24   5.6548641924917483E+03
   8.3767700000000000E+08   5.0182309040397435E+04   3.5324420745184544E-09   4.1143818910467718E-24   5.6646903032241698E+03
   8.3967700000000000E+08   5.0728149205270936E+04   3.4664274638181899E-09   4.0306008023616141E-24   5.6743747551543202E+03
   8.4167700000000000E+08   5.1278235182850112E+04   3.4020210182150797E-09   3.9490682009715916E-24   5.6839206583130190E+03
   8.4367700000000000E+08   5.1832498981413941E+04   3.3391732767814269E-09   3.8697074550591304E-24   5.6933310270606707E+03
   8.4567700000000000E+08   5.2390871838775907E+04   3.2778366676671114E-09   3.7924451689166663E-24   5.7026087839350648E+03
   8.4767700000000000E+08   5.2953284528499571E+04   3.2179654227724713E-09   3.7172110207973726E-24   5.7117567633074623E+03
   8.4967700000000000E+08   5.3519667655686542E+04   3.1595154970477710E-09   3.6439376103853834E-24   5.7207777148585119E+03
   8.5167700000000000E+08   5.4089951936193422E+04   3.1024444920156496E-09   3.5725603150992955E-24   5.7296743068844844E+03
   8.5367700000000000E+08   5.4664068453136679E+04   3.0467115831482814E-09   3.5030171545115190E-24   5.7384491294436148E+03
   8.5567700000000000E+08   5.5241948884933860E+04   2.9922774507699467E-09   3.4352486622362511E-24   5.7471046973519015E+03
   8.5767700000000000E+08   5.5823525699905549E+04   2.9391042141964070E-09   3.3691977647087278E-24   5.7556434530367014E+03
   8.5967700000000000E+08   5.6408732313566128E+04   2.8871553688645487E-09   3.3048096663470380E-24   5.7640677692562604E+03
   8.6167700000000000E+08   5.6997503206104622E+04   2.8363957262470465E-09   3.2420317406537245E-24   5.7723799516925446E+03
   8.6367700000000000E+08   5.7589773999102210E+04   2.7867913563857401E-09   3.1808134268753305E-24   5.7805822414244140E+03
   8.6567700000000000E+08   5.8185481492131978E+04   2.7383095329132631E-09   3.1211061318939601E-24   5.7886768172875654E+03
   8.6767700000000000E+08   5.8784563661470849E+04   2.6909186804628811E-09   3.0628631370726390E-24   5.7966657981275621E+03
   8.6967700000000000E+08   5.9386959624568372E+04   2.6445883243913222E-09   3.0060395098167704E-24   5.8045512449514099E+03
   8.7167700000000000E+08   5.9992609575119255E+04   2.5992890427581766E-09   2.9505920196457644E-24   5.8123351629834306E+03
   8.7367700000000000E+08   6.0601454694485335E+04   2.5549924205173338E-09   2.8964790585925011E-24   5.8200195036301802E+03
   8.7567700000000000E+08   6.1213437045775579E+04   2.5116710058821270E-09   2.8436605657640322E-24   5.8276061663594182E+03
   8.7767700000000000E+08   6.1828499457101309E+04   2.4692982688264330E-09   2.7920979559059126E-24   5.8350970004975070E+03
   8.7967700000000000E+08   6.2446585400396907E+04   2.4278485616800214E-09   2.7417540518156989E-24   5.8424938069494929E+03
   8.8167700000000000E+08   6.3067638871756957E+04   2.3872970817692678E-09   2.6925930204501363E-24   5.8497983398459446E+03
   8.8367700000000000E+08   6.3691604278582126E+04   2.3476198360445670E-09   2.6445803125663575E-24   5.8570123081201482E+03
   8.8567700000000000E+08   6.4318426338017765E+04   2.3087936076248667E-09   2.5976826057313444E-24   5.8641373770193368E+03
   8.8767700000000000E+08   6.4948049990398897E+04   2.2707959241777345E-09   2.5518677505265306E-24   5.8711751695532030E+03
   8.8967700000000000E+08   6.5580420331013171E+04   2.2336050280392950E-09   2.5071047197642368E-24   5.8781272678829082E+03
   8.9167700000000000E+08   6.6215482564139325E+04   2.1971998479589146E-09   2.4633635605163085E-24   5.8849952146534761E+03
   8.9367700000000000E+08   6.6853181986556185E+04   2.1615599723183596E-09   2.4206153487210383E-24   5.8917805142724219E+03
   8.9567700000000000E+08   6.7493464016643076E+04   2.1266656236047662E-09   2.3788321460607398E-24   5.8984846341372577E+03
   8.9767700000000000E+08   6.8136274305715167E+04   2.0924976337720304E-09   2.3379869586456726E-24   5.9051090058143573E+03
   8.9967700000000000E+08   6.8781559009592616E+04   2.0590374198489006E-09   2.2980536967374059E-24   5.9116550261717603E+03
   9.0167700000000000E+08   6.9429265371088200E+04   2.0262669586840673E-09   2.2590071342311037E-24   5.9181240584682428E+03
   9.0367700000000000E+08   7.0079342868925174E+04   1.9941687590737817E-09   2.2208228659112424E-24   5.9245174334013018E+03
   9.0567700000000000E+08   7.0731745288878359E+04   1.9627258289680415E-09   2.1834772599060171E-24   5.9308364501168653E+03
   9.0767700000000000E+08   7.1386434045841161E+04   1.9319216358269118E-09   2.1469474032165053E-24   5.9370823771836167E+03
   9.0967700000000000E+08   7.2043382675619432E+04   1.9017400611360763E-09   2.1112110414962259E-24   5.9432564535349111E+03
   9.1167700000000000E+08   7.2702581276819255E+04   1.8721653576640541E-09   2.0762465226705708E-24   5.9493598893803983E+03
   9.1367700000000000E+08   7.3364037671959886E+04   1.8431821308057130E-09   2.0420327680528771E-24   5.9553938670866901E+03
   9.1567700000000000E+08   7.4027769887013274E+04   1.8147753782140547E-09   2.0085493085999303E-24   5.9613595420222446E+03
   9.1767700000000000E+08   7.4693784522327842E+04   1.7869306199942139E-09   1.9757764213733768E-24   5.9672580433561598E+03
   9.1967700000000000E+08   7.5362041217897786E+04   1.7596341133972882E-09   1.9436953584647193E-24   5.9730904747985178E+03
   9.2167700000000000E+08   7.6032416306944884E+04   1.7328730638835181E-09   1.9122885701092524E-24   5.9788579152766451E+03
   9.2367700000000000E+08   7.6704692588563412E+04   1.7066356589123079E-09   1.8815397305998559E-24   5.9845614195613025E+03
   9.2567700000000000E+08   7.7378600909681059E+04   1.6809107687778279E-09   1.8514333976530135E-24   5.9902020188818842E+03
   9.2767700000000000E+08   7.8053907427900398E+04   1.6556873599728320E-09   1.8219543590543600E-24   5.9957807215791163E+03
   9.2967700000000000E+08   7.8730491654760554E+04   1.6309539698869845E-09   1.7930870525853341E-24   6.0012985138157501E+03
   9.3167700000000000E+08   7.9408350793972335E+04   1.6066986988037149E-09   1.7648155579370287E-24   6.0067563603110975E+03
   9.3367700000000000E+08   8.0087521447498119E+04   1.5829096886969570E-09   1.7371241213085318E-24   6.0121552050248392E+03
   9.3567700000000000E+08   8.0767994099580086E+04   1.5595755267183777E-09   1.7099975921010812E-24   6.0174959717357433E+03
   9.3767700000000000E+08   8.1449727830122574E+04   1.5366854111578719E-09   1.6834215957594719E-24   6.0227795645595561E+03
   9.3967700000000000E+08   8.2132746110731619E+04   1.5142292877183714E-09   1.6573826767540499E-24   6.0280068685063388E+03
   9.4167700000000000E+08   8.2817135176383235E+04   1.4921975012211915E-09   1.6318679174979923E-24   6.0331787500651699E+03
   9.4367700000000000E+08   8.3502867867227178E+04   1.4705794762219653E-09   1.6068634977660695E-24   6.0382960576734595E+03
   9.4567700000000000E+08   8.4189642766356876E+04   1.4493626607569994E-09   1.5823535376057841E-24   6.0433596220133632E+03
   9.4767700000000000E+08   8.4876964974513452E+04   1.4285335771758069E-09   1.5583212356670571E-24   6.0483702562830813E+03
   9.4967700000000000E+08   8.5564431185748239E+04   1.4080805241718062E-09   1.5347518077775628E-24   6.0533287566635317E+03
   9.5167700000000000E+08   8.6251984205827364E+04   1.3879954132574738E-09   1.5116344830455975E-24   6.0582359031004771E+03
   9.5367700000000000E+08   8.6940382516967686E+04   1.3682736923831758E-09   1.4889623962431701E-24   6.0630924602094183E+03
   9.5567700000000000E+08   8.7630102174687301E+04   1.3489154405209934E-09   1.4667337488794733E-24   6.0678991777686888E+03
   9.5767700000000000E+08   8.8321876698910753E+04   1.3299224102014769E-09   1.4449487752634329E-24   6.0726567908930965E+03
   9.5967700000000000E+08   8.9015474468955814E+04   1.3112787483237789E-09   1.4235886043347600E-24   6.0773660200599516E+03
   9.6167700000000000E+08   8.9710430028430987E+04   1.2929738347534962E-09   1.4026400053021132E-24   6.0820275712350194E+03
   9.6367700000000000E+08   9.0406573074750180E+04   1.2749989296639846E-09   1.3820918953605499E-24   6.0866421363189293E+03
   9.6567700000000000E+08   9.1103813776811920E+04   1.2573462334221936E-09   1.3619342843989283E-24   6.0912103935788327E+03
   9.6767700000000000E+08   9.1802090631656974E+04   1.2400084157894990E-09   1.3421577530069182E-24   6.0957330080311312E+03
   9.6967700000000000E+08   9.2501355617964262E+04   1.2229784562195780E-09   1.3227532742345764E-24   6.1002106317929502E+03
   9.7167700000000000E+08   9.3201569288231578E+04   1.2062495842187225E-09   1.3037121457880360E-24   6.1046439044133604E+03
   9.7367700000000000E+08   9.3902698194415207E+04   1.1898152474305742E-09   1.2850259529557511E-24   6.1090334531895642E+03
   9.7567700000000000E+08   9.4604713066905228E+04   1.1736690887178227E-09   1.2666865415641875E-24   6.1133798934709457E+03
   9.7767700000000000E+08   9.5307587371306683E+04   1.1578049295110121E-09   1.2486859978812904E-24   6.1176838289525576E+03
   9.7967700000000000E+08   9.6011296294129454E+04   1.1422167576757909E-09   1.2310166335344000E-24   6.1219458519588834E+03
   9.8167700000000000E+08   9.6715816271487827E+04   1.1268987176234813E-09   1.2136709729704684E-24   6.1261665437185093E+03
   9.8367700000000000E+08   9.7421124866930055E+04   1.1118451020695756E-09   1.1966417428044915E-24   6.1303464746304708E+03
   9.8567700000000000E+08   9.8127200713266240E+04   1.0970503457628355E-09   1.1799218633865372E-24   6.1344862045226355E+03
   9.8767700000000000E+08   9.8834023424526487E+04   1.0825090207418489E-09   1.1635044420945997E-24   6.1385862829025209E+03
   9.8967700000000000E+08   9.9541573450618220E+04   1.0682158322993331E-09   1.1473827674620741E-24   6.1426472492007179E+03
   9.9167700000000000E+08   1.0024983185195549E+05   1.0541656152913226E-09   1.1315503037407972E-24   6.1466696330071536E+03
   9.9367700000000000E+08   1.0095878017693413E+05   1.0403533309332574E-09   1.1160006860406823E-24   6.1506539543004992E+03
   9.9567700000000000E+08   1.0166840084437846E+05   1.0267740650291068E-09   1.1007277170507045E-24   6.1546007236709975E+03
   9.9767700000000000E+08   1.0237867836421769E+05   1.0134230295244107E-09   1.0857253673612725E-24   6.1585104425374511E+03
   9.9967700000000000E+08   1.0308960128736407E+05   1.0002955686833533E-09   1.0709877807777083E-24   6.1623836033589769E+03
   1.0016770000000000E+09   1.0380116413255710E+05   9.8738716824213806E-10   1.0565092828599076E-24   6.1662206898416553E+03
   1.0036770000000000E+09   1.0451336833265382E+05   9.7469346216232434E-10   1.0422843869378579E-24   6.1700221771402184E+03
   1.0056770000000000E+09   1.0522622098364000E+05   9.6221022651925078E-10   1.0283077864403775E-24   6.1737885320534788E+03
   1.0076770000000000E+09   1.0593973093916979E+05   9.4993335802914450E-10   1.0145743308943058E-24   6.1775202132124341E+03
   1.0096770000000000E+09   1.0665390293472294E+05   9.3785883629352497E-10   1.0010789846373930E-24   6.1812176712605196E+03
   1.0116770000000000E+09   1.0736873173654730E+05   9.2598268032276214E-10   9.8781677951631307E-25   6.1848813490258590E+03
   1.0136770000000000E+09   1.0808419757845302E+05   9.1430091530236996E-10   9.7478277863522627E-25   6.1885116816863683E+03
   1.0156770000000000E+09   1.0880025985231431E+05   9.0280956635039431E-10   9.6197206885140992E-25   6.1921090969294228E+03
   1.0176770000000000E+09   1.0951686660936128E+05   8.9150464017643862E-10   9.4937974091175354E-25   6.1956740151087961E+03
   1.0196770000000000E+09   1.1023395431551139E+05   8.8038216516443900E-10   9.3700093080043778E-25   6.1992068494002724E+03
   1.0216770000000000E+09   1.1095145796275685E+05   8.6943825032453895E-10   9.2483088212273588E-25   6.2027080059569098E+03
   1.0236770000000000E+09   1.1166931981554900E+05   8.5866912687569069E-10   9.1286498948750262E-25   6.2061778840644956E+03
   1.0256770000000000E+09   1.1238749583599721E+05   8.4807118150684673E-10   9.0109883305836123E-25   6.2096168762959751E+03
   1.0276770000000000E+09   1.1310595896818924E+05   8.3764097142573594E-10   8.8952819371236742E-25   6.2130253686632477E+03
   1.0296770000000000E+09   1.1382469908978279E+05   8.2737522052806714E-10   8.7814904813297581E-25   6.2164037407647193E+03
   1.0316770000000000E+09   1.1454372028973357E+05   8.1727080103655187E-10   8.6695754849693015E-25   6.2197523659275439E+03
   1.0336770000000000E+09   1.1526303660741475E+05   8.0732470734169923E-10   8.5594999393517383E-25   6.2230716113439275E+03
   1.0356770000000000E+09   1.1598266741183787E+05   7.9753402871938823E-10   8.4512280087134248E-25   6.2263618382015748E+03
   1.0376770000000000E+09   1.1670263332880220E+05   7.8789592588101857E-10   8.3447247750016658E-25   6.2296234018086961E+03
   1.0396770000000000E+09   1.1742295322617730E+05   7.7840761393101457E-10   8.2399560512905499E-25   6.2328566517144354E+03
   1.0416770000000000E+09   1.1814364239356386E+05   7.6906635213164670E-10   8.1368882679253915E-25   6.2360619318253430E+03
   1.0436770000000000E+09   1.1886471178161602E+05   7.5986943941436426E-10   8.0354884199892960E-25   6.2392395805185424E+03
   1.0456770000000000E+09   1.1958616802409539E+05   7.5081421392061427E-10   7.9357240577524949E-25   6.2423899307522952E+03
   1.0476770000000000E+09   1.2030801393883237E+05   7.4189805482046212E-10   7.8375633014401815E-25   6.2455133101738575E+03
   1.0496770000000000E+09   1.2103024924989874E+05   7.3311838499001809E-10   7.7409748652228786E-25   6.2486100412253081E+03
   1.0516770000000000E+09   1.2175287134731338E+05   7.2447267360283219E-10   7.6459280803933673E-25   6.2516804412470310E+03
   1.0536770000000000E+09   1.2247587597503375E+05   7.1595843813602093E-10   7.5523929124368417E-25   6.2547248225790108E+03
   1.0556770000000000E+09   1.2319925779853731E+05   7.0757324562158223E-10   7.4603399702048274E-25   6.2577434926600836E+03
   1.0576770000000000E+09   1.2392301084315775E+05   6.9931471317678345E-10   7.3697405075621962E-25   6.2607367541248741E+03
   1.0596770000000000E+09   1.2464712881579531E+05   6.9118050794577138E-10   7.2805664189157977E-25   6.2637049048985655E+03
   1.0616770000000000E+09   1.2537160533169679E+05   6.8316834660853294E-10   7.1927902302841626E-25   6.2666482382895556E+03
   1.0636770000000000E+09   1.2609643406889118E+05   6.7527599459846938E-10   7.1063850874073635E-25   6.2695670430799391E+03
   1.0656770000000000E+09   1.2682160886984256E+05   6.6750126514012561E-10   7.0213247420784484E-25   6.2724616036138223E+03
   1.0676770000000000E+09   1.2754712380594267E+05   6.5984201818718971E-10   6.9375835375428567E-25   6.2753321998836536E+03
   1.0696770000000000E+09   1.2827297321659615E+05   6.5229615931546045E-10   6.8551363935420601E-25   6.2781791076144464E+03
   1.0716770000000000E+09   1.2899915173156891E+05   6.4486163860707774E-10   6.7739587913814398E-25   6.2810025983461192E+03
   1.0736770000000000E+09   1.2972565428293309E+05   6.3753644954929861E-10   6.6940267592646963E-25   6.2838029395138046E+03
   1.0756770000000000E+09   1.3045247611102469E+05   6.3031862796226884E-10   6.6153168580429024E-25   6.2865803945263378E+03
   1.0776770000000000E+09   1.3117961276729385E+05   6.2320625096327892E-10   6.5378061674530782E-25   6.2893352228429067E+03
   1.0796770000000000E+09   1.3190706011557861E+05   6.1619743596980594E-10   6.4614722728663958E-25   6.2920676800479578E+03
   1.0816770000000000E+09   1.3263481433233438E+05   6.0929033973975589E-10   6.3862932525254391E-25   6.2947780179242845E+03
   1.0836770000000000E+09   1.3336287190566858E+05   6.0248315744526238E-10   6.3122476652282538E-25   6.2974664845245616E+03
   1.0856770000000000E+09   1.3409122963276948E+05   5.9577412177577371E-10   6.2393145384108203E-25   6.3001333242411401E+03
   1.0876770000000000E+09   1.3481988461532537E+05   5.8916150206699006E-10   6.1674733565882395E-25   6.3027787778742568E+03
   1.0896770000000000E+09   1.3554883425276299E+05   5.8264360345347872E-10   6.0967040501283814E-25   6.3054030826987664E+03
   1.0916770000000000E+09   1.3627807623333842E+05   5.7621876604415782E-10   6.0269869843463617E-25   6.3080064725293105E+03
   1.0936770000000000E+09   1.3700760852328769E+05   5.6988536412066618E-10   5.9583029489168470E-25   6.3105891777840106E+03
   1.0956770000000000E+09   1.3773742935426164E+05   5.6364180535887604E-10   5.8906331476039583E-25   6.3131514255467064E+03
   1.0976770000000000E+09   1.3846753720918216E+05   5.5748653007358005E-10   5.8239591883060952E-25   6.3156934396278966E+03
   1.0996770000000000E+09   1.3919793080651239E+05   5.5141801048584605E-10   5.7582630734077842E-25   6.3182154406242571E+03
   1.1016770000000000E+09   1.3992860908276829E+05   5.4543475001206010E-10   5.6935271904257539E-25   6.3207176459767707E+03
   1.1036770000000000E+09   1.4065957117296755E+05   5.3953528257342666E-10   5.6297343029335531E-25   6.3232002700277308E+03
   1.1056770000000000E+09   1.4139081638861567E+05   5.3371817192458150E-10   5.5668675417486299E-25   6.3256635240763189E+03
   1.1076770000000000E+09   1.4212234419280538E+05   5.2798201100017875E-10   5.5049103963673603E-25   6.3281076164330752E+03
   1.1096770000000000E+09   1.4285415417198674E+05   5.2232542127853602E-10   5.4438467066364149E-25   6.3305327524731556E+03
   1.1116770000000000E+09   1.4358624600397592E+05   5.1674705216181005E-10   5.3836606546528088E-25   6.3329391346883494E+03
   1.1136770000000000E+09   1.4431861942181416E+05   5.1124558037240697E-10   5.3243367568874221E-25   6.3353269627380578E+03
   1.1156770000000000E+09   1.4505127417310255E+05   5.0581970936556795E-10   5.2658598565294555E-25   6.3376964334991171E+03
   1.1176770000000000E+09   1.4578420997449447E+05   5.0046816875819474E-10   5.2082151160505377E-25   6.3400477411145721E+03
   1.1196770000000000E+09   1.4651742646106303E+05   4.9518971377403685E-10   5.1513880099879276E-25   6.3423810770413666E+03
   1.1216770000000000E+09   1.4725092313035153E+05   4.8998312470527799E-10   5.0953643179454692E-25   6.3446966300969552E+03
   1.1236770000000000E+09   1.4798469928098170E+05   4.8484720639056143E-10   5.0401301178106606E-25   6.3469945865051177E+03
   1.1256770000000000E+09   1.4871875394583170E+05   4.7978078770920826E-10   4.9856717791841272E-25   6.3492751299404827E+03
   1.1276770000000000E+09   1.4945308581992349E+05   4.7478272109133971E-10   4.9319759570163036E-25   6.3515384415723602E+03
   1.1296770000000000E+09   1.5018769318334552E+05   4.6985188204325955E-10   4.8790295854434486E-25   6.3537847001075315E+03
   1.1316770000000000E+09   1.5092257381973384E+05   4.6498716868726858E-10   4.8268198718127209E-25   6.3560140818321133E+03
   1.1336770000000000E+09   1.5165772493106627E+05   4.6018750131475620E-10   4.7753342908829447E-25   6.3582267606525847E+03
   1.1356770000000000E+09   1.5239314304978136E+05   4.5545182195113518E-10   4.7245605791848049E-25   6.3604229081358972E+03
   1.1376770000000000E+09   1.5312882394951026E+05   4.5077909393085398E-10   4.6744867295208860E-25   6.3626026935487407E+03
   1.1396770000000000E+09   1.5386476255599826E+05   4.4616830148044050E-10   4.6251009855830806E-25   6.3647662838960723E+03
   1.1416770000000000E+09   1.5460095286009539E+05   4.4161844930720511E-10   4.5763918366617964E-25   6.3669138439587086E+03
   1.1436770000000000E+09   1.5533738783497555E+05   4.3712856219103757E-10   4.5283480124192437E-25   6.3690455363301871E+03
   1.1456770000000000E+09   1.5607405936003343E+05   4.3269768457648295E-10   4.4809584776967747E-25   6.3711615214528711E+03
   1.1476770000000000E+09   1.5681095815413201E+05   4.2832488016219869E-10   4.4342124273253778E-25   6.3732619576533598E+03
   1.1496770000000000E+09   1.5754807372107595E+05   4.2400923148481655E-10   4.3880992809079446E-25   6.3753470011770605E+03
   1.1516770000000000E+09   1.5828539431030594E+05   4.1974983949433729E-10   4.3426086775427988E-25   6.3774168062221188E+03
   1.1536770000000000E+09   1.5902290689583888E+05   4.1554582311835212E-10   4.2977304704599889E-25   6.3794715249727024E+03
   1.1556770000000000E+09   1.5976059717641317E+05   4.1139631881270247E-10   4.2534547215452973E-25   6.3815113076314956E+03
   1.1576770000000000E+09   1.6049844959959819E+05   4.0730048009667601E-10   4.2097716957316540E-25   6.3835363024517883E+03
   1.1596770000000000E+09   1.6123644741229666E+05   4.0325747707139915E-10   4.1666718552441498E-25   6.3855466557686404E+03
   1.1616770000000000E+09   1.6197457273958789E+05   3.9926649592088478E-10   4.1241458536924302E-25   6.3875425120296486E+03
   1.1636770000000000E+09   1.6271280669322560E+05   3.9532673839605313E-10   4.0821845300135977E-25   6.3895240138251374E+03
   1.1656770000000000E+09   1.6345112951032931E+05   3.9143742128300907E-10   4.0407789022787678E-25   6.3914913019176020E+03
   1.1676770000000000E+09   1.6418952072189577E+05   3.8759777585800322E-10   3.9999201613877024E-25   6.3934445152708895E+03
   1.1696770000000000E+09   1.6492795934973453E+05   3.8380704733252123E-10   3.9595996646871095E-25   6.3953837910785687E+03
   1.1716770000000000E+09   1.6566642412933451E+05   3.8006449429314268E-10   3.9198089295597477E-25   6.3973092647920294E+03
   1.1736770000000000E+09   1.6640489375503676E+05   3.7636938814175942E-10   3.8805396270417257E-25   6.3992210701479153E+03
   1.1756770000000000E+09   1.6714334714277860E+05   3.7272101254269440E-10   3.8417835755346607E-25   6.4011193391951774E+03
   1.1776770000000000E+09   1.6788176370465345E+05   3.6911866288391856E-10   3.8035327346861550E-25   6.4030042023216984E+03
   1.1796770000000000E+09   1.6862012362863604E+05   3.6556164575999190E-10   3.7657791995163856E-25   6.4048757882803293E+03
   1.1816770000000000E+09   1.6935840815615450E+05   3.6204927848448430E-10   3.7285151948694878E-25   6.4067342242146451E+03
   1.1836770000000000E+09   1.7009659984977829E+05   3.5858088863935122E-10   3.6917330702657037E-25   6.4085796356841292E+03
   1.1856770000000000E+09   1.7083468284318561E+05   3.5515581366815211E-10   3.6554252952236965E-25   6.4104121466891220E+03
   1.1876770000000000E+09   1.7157264306581984E+05   3.5177340051896031E-10   3.6195844551120992E-25   6.4122318796950776E+03
   1.1896770000000000E+09   1.7231046843522560E+05   3.4843300534155399E-10   3.5842032475756614E-25   6.4140389556566934E+03
   1.1916770000000000E+09   1.7304814901097520E+05   3.4513399324181953E-10   3.5492744795648717E-25   6.4158334940414634E+03
   1.1936770000000000E+09   1.7378567710531969E+05   3.4187573809453374E-10   3.5147910649793752E-25   6.4176156128528200E+03
   1.1956770000000000E+09   1.7452304734715197E+05   3.3865762241379388E-10   3.4807460229160829E-25   6.4193854286529695E+03
   1.1976770000000000E+09   1.7526025669749014E+05   3.3547903727845742E-10   3.4471324764934364E-25   6.4211430565852552E+03
   1.1996770000000000E+09   1.7599730441638589E+05   3.3233938230817982E-10   3.4139436522051715E-25   6.4228886103960449E+03
   1.2016770000000000E+09   1.7673419198285727E+05   3.2923806568407150E-10   3.3811728797407438E-25   6.4246222024563758E+03
   1.2036770000000000E+09   1.7747092297104723E+05   3.2617450420663451E-10   3.3488135921961696E-25   6.4263439437830475E+03
   1.2056770000000000E+09   1.7820750288723639E+05   3.2314812338273114E-10   3.3168593265895768E-25   6.4280539440593739E+03
   1.2076770000000000E+09   1.7894393897357851E+05   3.2015835753264715E-10   3.2853037245890670E-25   6.4297523116555458E+03
   1.2096770000000000E+09   1.7968023998537296E+05   3.1720464990809841E-10   3.2541405333585307E-25   6.4314391536485055E+03
   1.2116770000000000E+09   1.8041641594939161E+05   3.1428645281208938E-10   3.2233636064277296E-25   6.4331145758415332E+03
   1.2136770000000000E+09   1.8115247791113894E+05   3.1140322771197706E-10   3.1929669044979519E-25   6.4347786827834243E+03
   1.2156770000000000E+09   1.8188843767902598E+05   3.0855444533777004E-10   3.1629444961015519E-25   6.4364315777871780E+03
   1.2176770000000000E+09   1.8262430757318411E+05   3.0573958575872333E-10   3.1332905580443610E-25   6.4380733629484757E+03
   1.2196770000000000E+09   1.8336010018611775E+05   3.0295813843244791E-10   3.1039993755721799E-25   6.4397041391636094E+03
   1.2216770000000000E+09   1.8409582816156020E+05   3.0020960222218847E-10   3.0750653422170854E-25   6.4413240061472325E+03
   1.2236770000000000E+09   1.8483150399676245E+05   2.9749348537944293E-10   3.0464829592952499E-25   6.4429330624495924E+03
   1.2256770000000000E+09   1.8556713987213076E+05   2.9480930549073135E-10   3.0182468350444329E-25   6.4445314054735836E+03
   1.2276770000000000E+09   1.8630274751061000E+05   2.9215658938892323E-10   2.9903516834059910E-25   6.4461191314913294E+03
   1.2296770000000000E+09   1.8703833806766276E+05   2.8953487303107702E-10   2.9627923224717879E-25   6.4476963356605647E+03
   1.2316770000000000E+09   1.8777392205118126E+05   2.8694370134606645E-10   2.9355636726299928E-25   6.4492631120406904E+03
   1.2336770000000000E+09   1.8850950926932611E+05   2.8438262805632045E-10   2.9086607544544627E-25   6.4508195536084013E+03
   1.2356770000000000E+09   1.8924510880321197E+05   2.8185121547874453E-10   2.8820786863895967E-25   6.4523657522732819E+03
   1.2376770000000000E+09   1.8998072900063885E+05   2.7934903431015263E-10   2.8558126822855402E-25   6.4539017988928999E+03
   1.2396770000000000E+09   1.9071637748669548E+05   2.7687566340255661E-10   2.8298580488382993E-25   6.4554277832877133E+03
   1.2416770000000000E+09   1.9145206118707618E+05   2.7443068953322749E-10   2.8042101829849563E-25   6.4569437942557779E+03
   1.2436770000000000E+09   1.9218778636019820E+05   2.7201370717388435E-10   2.7788645692983848E-25   6.4584499195871504E+03
   1.2456770000000000E+09   1.9292355863471088E+05   2.6962431826258845E-10   2.7538167774178492E-25   6.4599462460779723E+03
   1.2476770000000000E+09   1.9365938304955722E+05   2.6726213198116518E-10   2.7290624595439003E-25   6.4614328595445149E+03
   1.2496770000000000E+09   1.9439526409433139E+05   2.6492676454021202E-10   2.7045973480185114E-25   6.4629098448367440E+03
   1.2516770000000000E+09   1.9513120574825778E+05   2.6261783897311949E-10   2.6804172530044905E-25   6.4643772858518469E+03
   1.2536770000000000E+09   1.9586721151658305E+05   2.6033498493996700E-10   2.6565180602727783E-25   6.4658352655474719E+03
   1.2556770000000000E+09   1.9660328446358803E+05   2.5807783854173176E-10   2.6328957291017195E-25   6.4672838659547442E+03
   1.2576770000000000E+09   1.9733942724178510E+05   2.5584604214489090E-10   2.6095462902888228E-25   6.4687231681910707E+03
   1.2596770000000000E+09   1.9807564211714783E+05   2.5363924421622100E-10   2.5864658442726987E-25   6.4701532524726799E+03
   1.2616770000000000E+09   1.9881193099044199E+05   2.5145709916741266E-10   2.5636505593609320E-25   6.4715741981270685E+03
   1.2636770000000000E+09   1.9954829541487832E+05   2.4929926720898721E-10   2.5410966700584477E-25   6.4729860836051221E+03
   1.2656770000000000E+09   2.0028473661041466E+05   2.4716541421292393E-10   2.5188004754899919E-25   6.4743889864931698E+03
   1.2676770000000000E+09   2.0102125547499023E+05   2.4505521158345545E-10   2.4967583379110351E-25   6.4757829835247248E+03
   1.2696770000000000E+09   2.0175785259296370E+05   2.4296833613549747E-10   2.4749666813013870E-25   6.4771681505920369E+03
   1.2716770000000000E+09   2.0249452824089513E+05   2.4090446998030005E-10   2.4534219900370613E-25   6.4785445627575536E+03
   1.2736770000000000E+09   2.0323128239071937E+05   2.3886330041796315E-10   2.4321208076366014E-25   6.4799122942651147E+03
   1.2756770000000000E+09   2.0396811471027453E+05   2.3684451983652254E-10   2.4110597355786563E-25   6.4812714185510076E+03
   1.2776770000000000E+09   2.0470502456109479E+05   2.3484782561733637E-10   2.3902354321878946E-25   6.4826220082547161E+03
   1.2796770000000000E+09   2.0544201099333828E+05   2.3287292004652294E-10   2.3696446115864300E-25   6.4839641352297940E+03
   1.2816770000000000E+09   2.0617907273771986E+05   2.3091951023215111E-10   2.3492840427077471E-25   6.4852978705541682E+03
   1.2836770000000000E+09   2.0691620819429585E+05   2.2898730802690930E-10   2.3291505483699700E-25   6.4866232845405684E+03
   1.2856770000000000E+09   2.0765341541789999E+05   2.2707602995595222E-10   2.3092410044053896E-25   6.4879404467466657E+03
   1.2876770000000000E+09   2.0839069209996657E+05   2.2518539714966176E-10   2.2895523388433563E-25   6.4892494259851001E+03
   1.2896770000000000E+09   2.0912803554638498E+05   2.2331513528107509E-10   2.2700815311439124E-25   6.4905502903333845E+03
   1.2916770000000000E+09   2.0986544265085622E+05   2.2146497450781522E-10   2.2508256114804548E-25   6.4918431071433470E+03
   1.2936770000000000E+09   2.1060290986303586E+05   2.1963464941848624E-10   2.2317816600706696E-25   6.4931279430508966E+03
   1.2956770000000000E+09   2.1134043315048420E+05   2.1782389898358260E-10   2.2129468065563760E-25   6.4944048639853163E+03
   1.2976770000000000E+09   2.1207800795315241E+05   2.1603246651116041E-10   2.1943182294345812E-25   6.4956739351784263E+03
   1.2996770000000000E+09   2.1281562912895181E+05   2.1426009960760886E-10   2.1758931555429976E-25   6.4969352211737187E+03
   1.3016770000000000E+09   2.1355329088900352E+05   2.1250655014379895E-10   2.1576688596028173E-25   6.4981887858351765E+03
   1.3036770000000000E+09   2.1429098672178731E+05   2.1077157422655438E-10   2.1396426638178937E-25   6.4994346923561925E+03
   1.3056770000000000E+09   2.1502870930693636E+05   2.0905493217448933E-10   2.1218119375206657E-25   6.5006730032679507E+03
   1.3076770000000000E+09   2.1576645042230529E+05   2.0735638849571195E-10   2.1041740968389832E-25   6.5019037804482105E+03
   1.3096770000000000E+09   2.1650420085237117E+05   2.0567571186245337E-10   2.0867266043339038E-25   6.5031270851293448E+03
   1.3116770000000000E+09   2.1724195031216950E+05   2.0401267507453895E-10   2.0694669685260230E-25   6.5043429779067146E+03
   1.3136770000000000E+09   2.1797968740819622E+05   2.0236705499994921E-10   2.0523927431913762E-25   6.5055515187466053E+03
   1.3156770000000000E+09   2.1871739966476429E+05   2.0073863247748164E-10   2.0355015262749172E-25   6.5067527669943920E+03
   1.3176770000000000E+09   2.1945507364901638E+05   1.9912719216475323E-10   2.0187909582523519E-25   6.5079467813820893E+03
   1.3196770000000000E+09   2.2019269522701224E+05   1.9753252231630351E-10   2.0022587197863872E-25   6.5091336200361411E+03
   1.3216770000000000E+09   2.2093024997375268E+05   1.9595441448283022E-10   1.9859025285876867E-25   6.5103133404852315E+03
   1.3236770000000000E+09   2.2166772373902384E+05   1.9439266313482036E-10   1.9697201355151685E-25   6.5114859996675814E+03
   1.3256770000000000E+09   2.2240510333824912E+05   1.9284706523185140E-10   1.9537093201323403E-25   6.5126516539386075E+03
   1.3276770000000000E+09   2.2314237729680329E+05   1.9131741978006224E-10   1.9378678861515124E-25   6.5138103590782976E+03
   1.3296770000000000E+09   2.2387953653615122E+05   1.8980352743996512E-10   1.9221936573958208E-25   6.5149621702986751E+03
   1.3316770000000000E+09   2.2461657486401478E+05   1.8830519025765693E-10   1.9066844750181626E-25   6.5161071422510240E+03
   1.3336770000000000E+09   2.2535348913352480E+05   1.8682221158718773E-10   1.8913381966606275E-25   6.5172453290334188E+03
   1.3356770000000000E+09   2.2609027897950693E+05   1.8535439624508376E-10   1.8761526979661332E-25   6.5183767841974959E+03
   1.3376770000000000E+09   2.2682694612489207E+05   1.8390155089063799E-10   1.8611258763727290E-25   6.5195015607558635E+03
   1.3396770000000000E+09   2.2756349336190318E+05   1.8246348456636661E-10   1.8462556565229034E-25   6.5206197111886831E+03
   1.3416770000000000E+09   2.2829992341981205E+05   1.8104000927942864E-10   1.8315399960787377E-25   6.5217312874505096E+03
   1.3436770000000000E+09   2.2903623799218584E+05   1.7963094047790839E-10   1.8169768904649468E-25   6.5228363409767344E+03
   1.3456770000000000E+09   2.2977243717587061E+05   1.7823609729297689E-10   1.8025643752380291E-25   6.5239349226899139E+03
   1.3476770000000000E+09   2.3050851945975111E+05   1.7685530248272636E-10   1.7883005254375954E-25   6.5250270830059362E+03
   1.3496770000000000E+09   2.3124448222082370E+05   1.7548838210955642E-10   1.7741834522483439E-25   6.5261128718401442E+03
   1.3516770000000000E+09   2.3198032250293292E+05   1.7413516507580144E-10   1.7602112982379825E-25   6.5271923386134886E+03
   1.3536770000000000E+09   2.3271603774998107E+05   1.7279548269116087E-10   1.7463822329269168E-25   6.5282655322583751E+03
   1.3556770000000000E+09   2.3345162619801768E+05   1.7146916842330695E-10   1.7326944502168776E-25   6.5293325012247151E+03
   1.3576770000000000E+09   2.3418708679762390E+05   1.7015605789356698E-10   1.7191461682987021E-25   6.5303932934858467E+03
   1.3596770000000000E+09   2.3492241876609033E+05   1.6885598906226977E-10   1.7057356314740378E-25   6.5314479565439578E+03
   1.3616770000000000E+09   2.3565762104228709E+05   1.6756880246198460E-10   1.6924611124556292E-25   6.5324965374360181E+03
   1.3636770000000000E+09   2.3639269193940773E+05   1.6629434132823462E-10   1.6793209136282114E-25   6.5335390827391620E+03
   1.3656770000000000E+09   2.3712762914744564E+05   1.6503245155140374E-10   1.6663133665035733E-25   6.5345756385760806E+03
   1.3676770000000000E+09   2.3786243001535221E+05   1.6378298148528178E-10   1.6534368297320045E-25   6.5356062506208773E+03
   1.3696770000000000E+09   2.3859709188281346E+05   1.6254578172732643E-10   1.6406896868341611E-25   6.5366309641045555E+03
   1.3716770000000000E+09   2.3933161223589224E+05   1.6132070498387771E-10   1.6280703447947377E-25   6.5376498238211070E+03
   1.3736770000000000E+09   2.4006598861760952E+05   1.6010760605695051E-10   1.6155772338844130E-25   6.5386628741329578E+03
   1.3756770000000000E+09   2.4080021841170205E+05   1.5890634189790362E-10   1.6032088081549610E-25   6.5396701589769764E+03
   1.3776770000000000E+09   2.4153429869318829E+05   1.5771677163549813E-10   1.5909635456747327E-25   6.5406717218688045E+03
   1.3796770000000000E+09   2.4226822625346525E+05   1.5653875652556219E-10   1.5788399479738358E-25   6.5416676059070087E+03
   1.3816770000000000E+09   2.4300199774397412E+05   1.5537215984652841E-10   1.5668365389465536E-25   6.5426578537755386E+03
   1.3836770000000000E+09   2.4373560978211815E+05   1.5421684681266415E-10   1.5549518639357384E-25   6.5436425077454833E+03
   1.3856770000000000E+09   2.4446905889090887E+05   1.5307268456260283E-10   1.5431844895788623E-25   6.5446216096764438E+03
   1.3876770000000000E+09   2.4520234120802622E+05   1.5193954224387456E-10   1.5315330046232748E-25   6.5455952010195078E+03
   1.3896770000000000E+09   2.4593545177749373E+05   1.5081729124859962E-10   1.5199960222691446E-25   6.5465633228242459E+03
   1.3916770000000000E+09   2.4666838260813072E+05   1.4970580588426214E-10   1.5085721869116645E-25   6.5475260157514440E+03
   1.3936770000000000E+09   2.4740111696905587E+05   1.4860496538824448E-10   1.4972601944638267E-25   6.5484833200923713E+03
   1.3956770000000000E+09   2.4813361321710539E+05   1.4751465969462585E-10   1.4860588505812127E-25   6.5494352757911920E+03
   1.3976770000000000E+09   2.4886576173117833E+05   1.4643480483038574E-10   1.4749672261056784E-25   6.5503819224608715E+03
   1.3996770000000000E+09   2.4959727765000067E+05   1.4536538126891479E-10   1.4639850441631850E-25   6.5513232993752481E+03
   1.4016770000000000E+09   2.5032745275960871E+05   1.4430652265075970E-10   1.4531135751928472E-25   6.5522594454108330E+03
   1.4036770000000000E+09   2.5105462949038506E+05   1.4325870401772240E-10   1.4423575348085029E-25   6.5531903989101866E+03
   1.4056770000000000E+09   2.5177519928900609E+05   1.4222310091950644E-10   1.4317287020486618E-25   6.5541161974454362E+03
   1.4076770000000000E+09   2.5248194298660097E+05   1.4120218634548969E-10   1.4212519288884459E-25   6.5550368774909157E+03
   1.4096770000000000E+09   2.5316177151201933E+05   1.4020054708284049E-10   1.4109733493302104E-25   6.5559524740737152E+03
   1.4116770000000000E+09   2.5379351347179367E+05   1.3922568585666208E-10   1.4009684287346458E-25   6.5568630205564996E+03
   1.4136770000000000E+09   2.5434704241651986E+05   1.3828832030943845E-10   1.3913449340875187E-25   6.5577685487699018E+03
   1.4156770000000000E+09   2.5478443645241178E+05   1.3740184944282477E-10   1.3822375394800186E-25   6.5586690895985857E+03
   1.4176770000000000E+09   2.5506000920687188E+05   1.3658200462429888E-10   1.3738043573254929E-25   6.5595646735571036E+03
   1.4196770000000000E+09   2.5511019179539493E+05   1.3585002586086187E-10   1.3662590083333538E-25   6.5604553296511049E+03
   1.4216770000000000E+09   2.5482879173103784E+05   1.3524186514583866E-10   1.3599631630939727E-25   6.5613410794787014E+03
   1.4236770000000000E+09   2.5405869932643403E+05   1.3481386550747975E-10   1.3554830020984969E-25   6.5622219246926661E+03
   1.4256770000000000E+09   2.5267919012498867E+05   1.3461546869374125E-10   1.3533135319537988E-25   6.5630978348338067E+03
   1.4276770000000000E+09   2.5080417799909186E+05   1.3461479634767995E-10   1.3531304483677259E-25   6.5639687628532420E+03
   1.4296770000000000E+09   2.4885222468000112E+05   1.3465747737517967E-10   1.3533798661196111E-25   6.5648347293231109E+03
   1.4316770000000000E+09   2.4720389399921845E+05   1.3458288063472714E-10   1.3524500861387389E-25   6.5656959636676756E+03
   1.4336770000000000E+09   2.4582425695591551E+05   1.3440327555806090E-10   1.3504681708816662E-25   6.5665529286347546E+03
   1.4356770000000000E+09   2.4433057033894531E+05   1.3415862680016301E-10   1.3478349677152952E-25   6.5674040803964763E+03
