  99.9999999999964615   5.0000000000000003E-02 390 2001
  65.1329484598870465  20.1777739778013299
   6.5767700000000000E+08  -5.9368930529628926E+02   3.6404884474240721E-08   6.2136404425879144E-18   1.1270952250388805E+03
   6.5967700000000000E+08  -5.1300416621319289E+02   3.7037384229095737E-08   6.1063593508768543E-18   1.1668231046420028E+03
   6.6167700000000000E+08  -4.6004905885936307E+02   3.5242878487779825E-08   5.6740404186625877E-18   1.1948847513762596E+03
   6.6367700000000000E+08  -4.3687777257714816E+02   3.3148129995968218E-08   5.2539713276320063E-18   1.2137197150354166E+03
   6.6567700000000000E+08  -2.9068530562075819E+02   3.0513108568307231E-08   4.7840674633756806E-18   1.2269764594168871E+03
   6.6767700000000000E+08  -3.8417574446426009E+01   2.7569614737897342E-08   4.2892848961245035E-18   1.2364964548577320E+03
   6.6967700000000000E+08   2.8641245984486392E+02   2.4625847696696142E-08   3.8096385397125312E-18   1.2435249092324009E+03
   6.7167700000000000E+08   6.5351220252311407E+02   2.1892547249206173E-08   3.3721046695713328E-18   1.2489421440814085E+03
   6.7367700000000000E+08   1.0424488140973424E+03   1.9464754538694194E-08   2.9874969169856182E-18   1.2533966717017545E+03
   6.7567700000000000E+08   1.4370090382317210E+03   1.7361236648305450E-08   2.6562033150454606E-18   1.2573796117903034E+03
   6.7767700000000000E+08   1.8170856231569217E+03   1.5563093576356454E-08   2.3737568621104543E-18   1.2612662278241194E+03
   6.7967700000000000E+08   2.1562707760308613E+03   1.4037488939735291E-08   2.1340500173178972E-18   1.2654118715477464E+03
   6.8167700000000000E+08   2.4294031301717373E+03   1.2748849162367789E-08   1.9307531156829234E-18   1.2702561609391878E+03
   6.8367700000000000E+08   2.6247595224309121E+03   1.1665432303082518E-08   1.7577238466831953E-18   1.2767247117198801E+03
   6.8567700000000000E+08   2.7453879552527264E+03   1.0765151667483918E-08   1.6090350758246355E-18   1.2870686524613377E+03
   6.8767700000000000E+08   2.7884176085469212E+03   1.0038066001716343E-08   1.4790581986601936E-18   1.3056051522905559E+03
   6.8967700000000000E+08   2.7187652877433688E+03   9.4807773320631112E-09   1.3629162542829378E-18   1.3382025319426068E+03
   6.9167700000000000E+08   2.4774499176613745E+03   9.0841017641205412E-09   1.2572295125055273E-18   1.3899990231569934E+03
   6.9367700000000000E+08   2.0374257676384755E+03   8.8238606711607768E-09   1.1605153285903401E-18   1.4626985548347004E+03
   6.9567700000000000E+08   1.4592999867130791E+03   8.6635810315386625E-09   1.0727334107181917E-18   1.5536482713394842E+03
   6.9767700000000000E+08   8.9293412117184187E+02   8.5659656061730167E-09   9.9430944527775627E-19   1.6573026808235286E+03
   6.9967700000000000E+08   5.2645808826448854E+02   8.5025390834801779E-09   9.2537495270716856E-19   1.7675754795446878E+03
   7.0167700000000000E+08   5.2386538705650355E+02   8.4558882005844069E-09   8.6551622674669895E-19   1.8794513542181928E+03
   7.0367700000000000E+08   9.8381068504928999E+02   8.4167025933454392E-09   8.1386459917004975E-19   1.9894677100053370E+03
   7.0567700000000000E+08   1.9279570671624781E+03   8.3798563226117101E-09   7.6929806839084077E-19   2.0955064502994273E+03
   7.0767700000000000E+08   3.3118849781683653E+03   8.3417661073817824E-09   7.3062808979828613E-19   2.1963862437145640E+03
   7.0967700000000000E+08   5.0469248185673468E+03   8.2992415250728515E-09   6.9672998261714586E-19   2.2915058751967476E+03
   7.1167700000000000E+08   7.0231099284672982E+03   8.2492626639269158E-09   6.6661551675651826E-19   2.3806019509821995E+03
   7.1367700000000000E+08   9.1277555256598116E+03   8.1891389381726095E-09   6.3946144101918139E-19   2.4636042746761568E+03
   7.1567700000000000E+08   1.1257993401448963E+04   8.1167281080110128E-09   6.1460955509727961E-19   2.5405559403735706E+03
   7.1767700000000000E+08   1.3326978753183186E+04   8.0305748566381974E-09   5.9155080413409999E-19   2.6115699163409004E+03
   7.1967700000000000E+08   1.5267283605081109E+04   7.9299810515696549E-09   5.6990481298690928E-19   2.6768059957058040E+03
   7.2167700000000000E+08   1.7032731811060912E+04   7.8150361877953314E-09   5.4940009014091701E-19   2.7364614762388219E+03
   7.2367700000000000E+08   1.8596822397546406E+04   7.6865565440066427E-09   5.2985267889749297E-19   2.7907681851733787E+03
   7.2567700000000000E+08   1.9949720110679322E+04   7.5459354432781619E-09   5.1114417713164860E-19   2.8399895314148839E+03
   7.2767700000000000E+08   2.1094873784632888E+04   7.3949681143455816E-09   4.9320268452520999E-19   2.8844163287013157E+03
   7.2967700000000000E+08   2.2045458893136107E+04   7.2356744131514172E-09   4.7598697253585448E-19   2.9243612563367051E+03
   7.3167700000000000E+08   2.2820971120317830E+04   7.0701365301517486E-09   4.5947391104832939E-19   2.9601520185255549E+03
   7.3367700000000000E+08   2.3444209595301752E+04   6.9003650005418524E-09   4.4364909786357273E-19   2.9921236198789807E+03
   7.3567700000000000E+08   2.3938820119199001E+04   6.7282006016221502E-09   4.2850045842316045E-19   3.0206103915177000E+03
   7.3767700000000000E+08   2.4327483278497137E+04   6.5552535492781935E-09   4.1401439236085756E-19   3.0459384774243345E+03
   7.3967700000000000E+08   2.4630743114524375E+04   6.3828765047045214E-09   4.0017393234835552E-19   3.0684193894403247E+03
   7.4167700000000000E+08   2.4866400253478445E+04   6.2121643773632504E-09   3.8695832497111907E-19   3.0883450454864137E+03
   7.4367700000000000E+08   2.5049345649144136E+04   6.0439726603182317E-09   3.7434348937779267E-19   3.1059844594130918E+03
   7.4567700000000000E+08   2.5191696881456326E+04   5.8789463926590098E-09   3.6230290828142171E-19   3.1215820257876130E+03
   7.4767700000000000E+08   2.5303109647288002E+04   5.7175533313858035E-09   3.5080863353423149E-19   3.1353571796638071E+03
   7.4967700000000000E+08   2.5391163443837584E+04   5.5601168154552219E-09   3.3983221148195266E-19   3.1475051240928851E+03
   7.5167700000000000E+08   2.5461751803011175E+04   5.4068456184790499E-09   3.2934543303811024E-19   3.1581982991568166E+03
   7.5367700000000000E+08   2.5519436254263346E+04   5.2578595290317388E-09   3.1932088266056058E-19   3.1675882958561651E+03
   7.5567700000000000E+08   2.5567745504769569E+04   5.1132103869749859E-09   3.0973230116967782E-19   3.1758079740479520E+03
   7.5767700000000000E+08   2.5609416232261534E+04   4.9728988852970922E-09   3.0055479617400180E-19   3.1829736073345698E+03
   7.5967700000000000E+08   2.5646580348418494E+04   4.8368877206676845E-09   2.9176493833818015E-19   3.1891869370935292E+03
   7.6167700000000000E+08   2.5680907331124559E+04   4.7051117495507415E-09   2.8334077830837201E-19   3.1945370664513143E+03
   7.6367700000000000E+08   2.5713710978906704E+04   4.5774857685760864E-09   2.7526181239494953E-19   3.1991021611689507E+03
   7.6567700000000000E+08   2.5746029098098785E+04   4.4539104496153735E-09   2.6750891787847887E-19   3.2029509490572341E+03
   7.6767700000000000E+08   2.5778683138471890E+04   4.3342768591437636E-09   2.6006427244297844E-19   3.2061440248587901E+03
   7.6967700000000000E+08   2.5812323203869404E+04   4.2184698975369549E-09   2.5291126724444784E-19   3.2087349759765511E+03
   7.7167700000000000E+08   2.5847462456372115E+04   4.1063709149370948E-09   2.4603441949254339E-19   3.2107713481945120E+03
   7.7367700000000000E+08   2.5884503803668387E+04   3.9978596976965894E-09   2.3941928794005323E-19   3.2122954713619429E+03
   7.7567700000000000E+08   2.5923760910962221E+04   3.8928159715488033E-09   2.3305239306146710E-19   3.2133451641496545E+03
   7.7767700000000000E+08   2.5965474969184921E+04   3.7911205318377303E-09   2.2692114270310275E-19   3.2139543352749301E+03
   7.7967700000000000E+08   2.6009828226697835E+04   3.6926560845963671E-09   2.2101376339930668E-19   3.2141534965546234E+03
   7.8167700000000000E+08   2.6056955001797036E+04   3.5973078626202367E-09   2.1531923722347706E-19   3.2139702010876658E+03
   7.8367700000000000E+08   2.6106950697277585E+04   3.5049640660700107E-09   2.0982724387705814E-19   3.2134294179467174E+03
   7.8567700000000000E+08   2.6159879205513986E+04   3.4155161661674475E-09   2.0452810764787304E-19   3.2125538530443073E+03
   7.8767700000000000E+08   2.6215779001436978E+04   3.3288591022180593E-09   1.9941274884974716E-19   3.2113642243490949E+03
   7.8967700000000000E+08   2.6274668156884942E+04   3.2448913957904580E-09   1.9447263936343093E-19   3.2098794983548069E+03
   7.9167700000000000E+08   2.6336548463557010E+04   3.1635152009051581E-09   1.8969976192010133E-19   3.2081170936262642E+03
   7.9367700000000000E+08   2.6401408817134536E+04   3.0846363051789864E-09   1.8508657279525269E-19   3.2060930563387078E+03
   7.9567700000000000E+08   2.6469227988264665E+04   3.0081640937817725E-09   1.8062596760846813E-19   3.2038222119633160E+03
   7.9767700000000000E+08   2.6539976884642012E+04   2.9340114856046634E-09   1.7631124995136748E-19   3.2013182966105264E+03
   7.9967700000000000E+08   2.6613620390908236E+04   2.8620948490777961E-09   1.7213610259110788E-19   3.1985940710036839E+03
   8.0167700000000000E+08   2.6690118858591075E+04   2.7923339035056820E-09   1.6809456101987621E-19   3.1956614196019814E+03
   8.0367700000000000E+08   2.6769429306197278E+04   2.7246516105321927E-09   1.6418098914188141E-19   3.1925314370093947E+03
   8.0567700000000000E+08   2.6851506379453462E+04   2.6589740593415078E-09   1.6039005690854822E-19   3.1892145034838236E+03
   8.0767700000000000E+08   2.6936303113244103E+04   2.5952303483975341E-09   1.5671671973008562E-19   3.1857203510882655E+03
   8.0967700000000000E+08   2.7023771529789585E+04   2.5333524658833163E-09   1.5315619950753648E-19   3.1820581217954477E+03
   8.1167700000000000E+08   2.7113863101864157E+04   2.4732751704918517E-09   1.4970396714392029E-19   3.1782364186625987E+03
   8.1367700000000000E+08   2.7206529105180307E+04   2.4149358738155384E-09   1.4635572640632986E-19   3.1742633510279893E+03
   8.1567700000000000E+08   2.7301720880338587E+04   2.3582745252618177E-09   1.4310739902288291E-19   3.1701465745413548E+03
   8.1767700000000000E+08   2.7399390021805171E+04   2.3032335001714241E-09   1.3995511090941570E-19   3.1658933267221141E+03
   8.1967700000000000E+08   2.7499488509094026E+04   2.2497574916181875E-09   1.3689517943073817E-19   3.1615104586393782E+03
   8.2167700000000000E+08   2.7601968793559896E+04   2.1977934062153821E-09   1.3392410161028722E-19   3.1570044632231306E+03
   8.2367700000000000E+08   2.7706783852833814E+04   2.1472902641328291E-09   1.3103854321009073E-19   3.1523815006445011E+03
   8.2567700000000000E+08   2.7813887223787246E+04   2.0981991034348764E-09   1.2823532861021288E-19   3.1476474211424816E+03
   8.2767700000000000E+08   2.7923233023904380E+04   2.0504728887752877E-09   1.2551143142328593E-19   3.1428077856232590E+03
   8.2967700000000000E+08   2.8034775969938746E+04   2.0040664244263926E-09   1.2286396578542805E-19   3.1378678843146176E+03
   8.3167700000000000E+08   2.8148471401640705E+04   1.9589362715731350E-09   1.2029017826984270E-19   3.1328327537209652E+03
   8.3367700000000000E+08   2.8264275317101012E+04   1.9150406697647899E-09   1.1778744037377524E-19   3.1277071920924159E+03
   8.3567700000000000E+08   2.8382144424822265E+04   1.8723394623863150E-09   1.1535324153331309E-19   3.1224957735939088E+03
   8.3767700000000000E+08   2.8502036215995544E+04   1.8307940259866708E-09   1.1298518262388151E-19   3.1172028613362095E+03
   8.3967700000000000E+08   2.8623909058666573E+04   1.7903672032814119E-09   1.1068096990724016E-19   3.1118326194092801E+03
   8.4167700000000000E+08   2.8747722313570597E+04   1.7510232396321861E-09   1.0843840938847138E-19   3.1063890240395076E+03
   8.4367700000000000E+08   2.8873436469515178E+04   1.7127277227954595E-09   1.0625540154890486E-19   3.1008758739751188E+03
   8.4567700000000000E+08   2.9001013294371100E+04   1.6754475257274926E-09   1.0412993642325662E-19   3.0952968001885210E+03
   8.4767700000000000E+08   2.9130415996139400E+04   1.6391507522322070E-09   1.0206008899152662E-19   3.0896552749701923E+03
   8.4967700000000000E+08   2.9261609387295943E+04   1.6038066852428006E-09   1.0004401485843167E-19   3.0839546204759704E+03
   8.5167700000000000E+08   2.9394560044760216E+04   1.5693857375370511E-09   9.8079946195411105E-20   3.0781980167780930E+03
   8.5367700000000000E+08   2.9529236457480849E+04   1.5358594046993102E-09   9.6166187922511988E-20   3.0723885094602360E+03
   8.5567700000000000E+08   2.9665609153790945E+04   1.5032002201586908E-09   9.4301114109739074E-20   3.0665290167880685E+03
   8.5767700000000000E+08   2.9803650801361266E+04   1.4713817121522205E-09   9.2483164579729153E-20   3.0606223364795883E+03
   8.5967700000000000E+08   2.9943336273734567E+04   1.4403783624823406E-09   9.0710841695819965E-20   3.0546711520936010E+03
   8.6167700000000000E+08   3.0084642678955042E+04   1.4101655669593641E-09   8.8982707321702448E-20   3.0486780390504064E+03
   8.6367700000000000E+08   3.0227549347631222E+04   1.3807195974400961E-09   8.7297379940820116E-20   3.0426454702957176E+03
   8.6567700000000000E+08   3.0372037779737857E+04   1.3520175653927076E-09   8.5653531925458130E-20   3.0365758216171566E+03
   8.6767700000000000E+08   3.0518091551446509E+04   1.3240373869345487E-09   8.4049886947026924E-20   3.0304713766221053E+03
   8.6967700000000000E+08   3.0665696185143948E+04   1.2967577493029209E-09   8.2485217520344142E-20   3.0243343313860801E+03
   8.7167700000000000E+08   3.0814838987425035E+04   1.2701580787289011E-09   8.0958342675763509E-20   3.0181667987819437E+03
   8.7367700000000000E+08   3.0965508861144819E+04   1.2442185096907096E-09   7.9468125753777167E-20   3.0119708125018315E+03
   8.7567700000000000E+08   3.1117696098522538E+04   1.2189198555261537E-09   7.8013472317247573E-20   3.0057483307856464E+03
   8.7767700000000000E+08   3.1271392162759559E+04   1.1942435803836576E-09   7.6593328176740479E-20   2.9995012398718550E+03
   8.7967700000000000E+08   3.1426589465683828E+04   1.1701717724888017E-09   7.5206677524558021E-20   2.9932313571881355E+03
   8.8167700000000000E+08   3.1583281148582511E+04   1.1466871186988398E-09   7.3852541173060671E-20   2.9869404343009696E+03
   8.8367700000000000E+08   3.1741460872721625E+04   1.1237728803118557E-09   7.2529974892753949E-20   2.9806301596443091E+03
   8.8567700000000000E+08   3.1901122625143104E+04   1.1014128700907303E-09   7.1238067845439381E-20   2.9743021610481087E+03
   8.8767700000000000E+08   3.2062260544376870E+04   1.0795914304552293E-09   6.9975941107511800E-20   2.9679580080876431E+03
   8.8967700000000000E+08   3.2224868769973935E+04   1.0582934127879074E-09   6.8742746278195219E-20   2.9615992142743394E+03
   8.9167700000000000E+08   3.2388941319865698E+04   1.0375041577898893E-09   6.7537664167060718E-20   2.9552272391085348E+03
   8.9367700000000000E+08   3.2554472001746115E+04   1.0172094768065508E-09   6.6359903554260259E-20   2.9488434900147299E+03
   8.9567700000000000E+08   3.2721454371557880E+04   9.9739563401229298E-10   6.5208700014952075E-20   2.9424493241820173E+03
   8.9767700000000000E+08   3.2889881768636478E+04   9.7804932928110484E-10   6.4083314795217894E-20   2.9360460503387326E+03
   8.9967700000000000E+08   3.3059747490924870E+04   9.5915768145091970E-10   6.2983033718624960E-20   2.9296349305061508E+03
   9.0167700000000000E+08   3.3231045233908684E+04   9.4070821148923947E-10   6.1907166088577665E-20   2.9232171818082779E+03
   9.0367700000000000E+08   3.3403770004764912E+04   9.2268882479402457E-10   6.0855043532062322E-20   2.9167939784722557E+03
   9.0567700000000000E+08   3.3577919809015373E+04   9.0508779163988970E-10   5.9826018713321662E-20   2.9103664542387955E+03
   9.0767700000000000E+08   3.3753498389028937E+04   8.8789372497350413E-10   5.8819463856367164E-20   2.9039357054930433E+03
   9.0967700000000000E+08   3.3930518958663306E+04   8.7109555608925725E-10   5.7834769102652295E-20   2.8975027954483471E+03
   9.1167700000000000E+08   3.4109007934925146E+04   8.5468251206030332E-10   5.6871340957995997E-20   2.8910687595136301E+03
   9.1367700000000000E+08   3.4289005990176884E+04   8.3864410432725824E-10   5.5928601468526971E-20   2.8846346113390505E+03
   9.1567700000000000E+08   3.4470561927401483E+04   8.2297014319879770E-10   5.5005989155705483E-20   2.8782013478540316E+03
   9.1767700000000000E+08   3.4653714833681246E+04   8.0765079160428237E-10   5.4102962686427408E-20   2.8717699502047985E+03
   9.1967700000000000E+08   3.4838464617718804E+04   7.9267665403543170E-10   5.3219007106162332E-20   2.8653413769466993E+03
   9.2167700000000000E+08   3.5024741720428603E+04   7.7803886079570383E-10   5.2353640005762290E-20   2.8589165478065097E+03
   9.2367700000000000E+08   3.5212398239638234E+04   7.6372907200721735E-10   5.1506412440274437E-20   2.8524963216817946E+03
   9.2567700000000000E+08   3.5401241802871766E+04   7.4973933664635781E-10   5.0676899948905329E-20   2.8460814791284929E+03
   9.2767700000000000E+08   3.5591107305264661E+04   7.3606183120401548E-10   4.9864684982917304E-20   2.8396727215401124E+03
   9.2967700000000000E+08   3.5781921633394544E+04   7.2268863148868813E-10   4.9069340996788109E-20   2.8332706908986333E+03
   9.3167700000000000E+08   3.5973709659503213E+04   7.0961171512786370E-10   4.8290431905369415E-20   2.8268759988430065E+03
   9.3367700000000000E+08   3.6166530919873963E+04   6.9682318079830341E-10   4.7527526527646335E-20   2.8204892464166883E+03
   9.3567700000000000E+08   3.6360409417034025E+04   6.8431545354558093E-10   4.6780212630844415E-20   2.8141110246550916E+03
   9.3767700000000000E+08   3.6555374140491855E+04   6.7208146021496150E-10   4.6048109245022421E-20   2.8077419076278707E+03
   9.3967700000000000E+08   3.6751601363906557E+04   6.6011485679408043E-10   4.5330882338600212E-20   2.8013824678900401E+03
   9.4167700000000000E+08   3.6949420472879050E+04   6.4840990044253367E-10   4.4628235783285968E-20   2.7950333228527284E+03
   9.4367700000000000E+08   3.7149031898407753E+04   6.3696053597272267E-10   4.3939848372891698E-20   2.7886951621472131E+03
   9.4567700000000000E+08   3.7350186299477740E+04   6.2575936574383036E-10   4.3265303245228254E-20   2.7823686921745721E+03
   9.4767700000000000E+08   3.7552218238290421E+04   6.1479776956630712E-10   4.2604096994736389E-20   2.7760545127388223E+03
   9.4967700000000000E+08   3.7754458408759303E+04   6.0406732150941469E-10   4.1955738329250638E-20   2.7697530260995345E+03
   9.5167700000000000E+08   3.7956664968392324E+04   5.9356117907999644E-10   4.1319844297622190E-20   2.7634644625824367E+03
   9.5367700000000000E+08   3.8159140069721187E+04   5.8327437878218268E-10   4.0696160139480789E-20   2.7571890035435590E+03
   9.5567700000000000E+08   3.8362665387775807E+04   5.7320315414370050E-10   4.0084511018886850E-20   2.7509269177948636E+03
   9.5767700000000000E+08   3.8567910851710651E+04   5.6334376242160313E-10   3.9484719845810531E-20   2.7446786277821552E+03
   9.5967700000000000E+08   3.8774891741635831E+04   5.5369160765365206E-10   3.8896546453238999E-20   2.7384446640990041E+03
   9.6167700000000000E+08   3.8983369358256256E+04   5.4424148596390671E-10   3.8319705819266726E-20   2.7322255540331544E+03
   9.6367700000000000E+08   3.9193193514670740E+04   5.3498823864202808E-10   3.7753914388161535E-20   2.7260217669176768E+03
   9.6567700000000000E+08   3.9404274793757584E+04   5.2592692465753669E-10   3.7198902025441827E-20   2.7198337286502829E+03
   9.6767700000000000E+08   3.9616558024662540E+04   5.1705279819496281E-10   3.6654410365707186E-20   2.7136618339865986E+03
   9.6967700000000000E+08   3.9830006623613204E+04   5.0836128097486813E-10   3.6120190842686344E-20   2.7075064544511129E+03
   9.7167700000000000E+08   4.0044594985414733E+04   4.9984794527166972E-10   3.5596003507435165E-20   2.7013679430178959E+03
   9.7367700000000000E+08   4.0260304666768621E+04   4.9150850208595525E-10   3.5081616226566178E-20   2.6952466371170308E+03
   9.7567700000000000E+08   4.0477122145244597E+04   4.8333879132990821E-10   3.4576804029327623E-20   2.6891428607436051E+03
   9.7767700000000000E+08   4.0695037111550191E+04   4.7533477383878289E-10   3.4081348587110858E-20   2.6830569259849908E+03
   9.7967700000000000E+08   4.0914041147591459E+04   4.6749252487470270E-10   3.3595037800845909E-20   2.6769891341084303E+03
   9.8167700000000000E+08   4.1134126924349694E+04   4.5980822843308842E-10   3.3117665446058110E-20   2.6709397763390248E+03
   9.8367700000000000E+08   4.1355287804607491E+04   4.5227817225592308E-10   3.2649030867612193E-20   2.6649091344519629E+03
   9.8567700000000000E+08   4.1577517618160942E+04   4.4489874375417917E-10   3.2188938738355789E-20   2.6588974812562819E+03
   9.8767700000000000E+08   4.1800810498363964E+04   4.3766642666543257E-10   3.1737198869436620E-20   2.6529050810077729E+03
   9.8967700000000000E+08   4.2025160693075071E+04   4.3057779806922495E-10   3.1293626045359949E-20   2.6469321897676541E+03
   9.9167700000000000E+08   4.2250562267106201E+04   4.2362952552700206E-10   3.0858039867156252E-20   2.6409790557014912E+03
   9.9367700000000000E+08   4.2477008853289241E+04   4.1681836430997634E-10   3.0430264601123146E-20   2.6350459193084484E+03
   9.9567700000000000E+08   4.2704493930470861E+04   4.1014115507693009E-10   3.0010129059177221E-20   2.6291330136188990E+03
   9.9767700000000000E+08   4.2933012197438162E+04   4.0359482293149062E-10   2.9597466577966600E-20   2.6232405644893811E+03
   9.9967700000000000E+08   4.3162562208506468E+04   3.9717637869724660E-10   2.9192115157663412E-20   2.6173687912040555E+03
   1.0016770000000000E+09   4.3393149660575102E+04   3.9088292223350954E-10   2.8793917748021758E-20   2.6115179075775759E+03
   1.0036770000000000E+09   4.3624790203991310E+04   3.8471164666636413E-10   2.8402722600799268E-20   2.6056881236112358E+03
   1.0056770000000000E+09   4.3857509683896795E+04   3.7865983813112967E-10   2.8018383291879011E-20   2.5998796475431582E+03
   1.0076770000000000E+09   4.4091340247231659E+04   3.7272486431265080E-10   2.7640757915926953E-20   2.5940926877633983E+03
   1.0096770000000000E+09   4.4326312630280860E+04   3.6690415693932117E-10   2.7269707832677025E-20   2.5883274537341686E+03
   1.0116770000000000E+09   4.4562447051128882E+04   3.6119519576249602E-10   2.6905096523975825E-20   2.5825841553350192E+03
   1.0136770000000000E+09   4.4799745414563418E+04   3.5559549615387563E-10   2.6546788721047444E-20   2.5768630006427902E+03
   1.0156770000000000E+09   4.5038186676158213E+04   3.5010260060239233E-10   2.6194649821930944E-20   2.5711641925426788E+03
   1.0176770000000000E+09   4.5277724751968417E+04   3.4471407518554405E-10   2.5848545676946151E-20   2.5654879248061538E+03
   1.0196770000000000E+09   4.5518293194810823E+04   3.3942751581245641E-10   2.5508343102567045E-20   2.5598343781978174E+03
   1.0216770000000000E+09   4.5759816729698177E+04   3.3424056396790841E-10   2.5173911103642572E-20   2.5542037177424077E+03
   1.0236770000000000E+09   4.6002222728542321E+04   3.2915092451425698E-10   2.4845122245058034E-20   2.5485960920863363E+03
   1.0256770000000000E+09   4.6245450880952827E+04   3.2415637912279559E-10   2.4521853691712369E-20   2.5430116348343408E+03
   1.0276770000000000E+09   4.6489459216340627E+04   3.1925479324537421E-10   2.4203987759467312E-20   2.5374504673717320E+03
   1.0296770000000000E+09   4.6734225781831141E+04   3.1444411612303192E-10   2.3891411939180841E-20   2.5319127024465643E+03
   1.0316770000000000E+09   4.6979746530214536E+04   3.0972237511988719E-10   2.3584018491295608E-20   2.5263984477574804E+03
   1.0336770000000000E+09   4.7226030761260961E+04   3.0508766669267697E-10   2.3281703786003322E-20   2.5209078089584668E+03
   1.0356770000000000E+09   4.7473095661556683E+04   3.0053814643397083E-10   2.2984367573956422E-20   2.5154408917565761E+03
   1.0376770000000000E+09   4.7720961225203588E+04   2.9607202009259656E-10   2.2691912332161417E-20   2.5099978030428088E+03
   1.0396770000000000E+09   4.7969646344559558E+04   2.9168753663819706E-10   2.2404242766196972E-20   2.5045786511926212E+03
   1.0416770000000000E+09   4.8219166351631240E+04   2.8738298363416382E-10   2.2121265488766044E-20   2.4991835457752995E+03
   1.0436770000000000E+09   4.8469531900806636E+04   2.8315668462510567E-10   2.1842888851944968E-20   2.4938125969294874E+03
   1.0456770000000000E+09   4.8720748865591901E+04   2.7900699798083292E-10   2.1569022890234607E-20   2.4884659146224913E+03
   1.0476770000000000E+09   4.8972818864262270E+04   2.7493231660602138E-10   2.1299579328970785E-20   2.4831436079449322E+03
   1.0496770000000000E+09   4.9225740078001494E+04   2.7093106802889315E-10   2.1034471620633913E-20   2.4778457845253752E+03
   1.0516770000000000E+09   4.9479508119806233E+04   2.6700171453952773E-10   2.0773614983695212E-20   2.4725725500960293E+03
   1.0536770000000000E+09   4.9734116811683591E+04   2.6314275319719708E-10   2.0516926430110611E-20   2.4673240082052434E+03
   1.0556770000000000E+09   4.9989558808637506E+04   2.5935271563653217E-10   2.0264324776106024E-20   2.4621002600538745E+03
   1.0576770000000000E+09   5.0245826061271633E+04   2.5563016767194675E-10   2.0015730636285501E-20   2.4569014044264163E+03
   1.0596770000000000E+09   5.0502910137230589E+04   2.5197370873562977E-10   1.9771066403875576E-20   2.4517275376890343E+03
   1.0616770000000000E+09   5.0760802432625183E+04   2.4838197119579216E-10   1.9530256220800709E-20   2.4465787538314703E+03
   1.0636770000000000E+09   5.1019494304474829E+04   2.4485361959971482E-10   1.9293225941115275E-20   2.4414551445356460E+03
   1.0656770000000000E+09   5.1278977149943894E+04   2.4138734987786054E-10   1.9059903090669254E-20   2.4363567992590474E+03
   1.0676770000000000E+09   5.1539242451744438E+04   2.3798188853530481E-10   1.8830216825100726E-20   2.4312838053251667E+03
   1.0696770000000000E+09   5.1800281803238257E+04   2.3463599184807323E-10   1.8604097887567218E-20   2.4262362480163492E+03
   1.0716770000000000E+09   5.2062086922366630E+04   2.3134844507535575E-10   1.8381478567107583E-20   2.4212142106663964E+03
   1.0736770000000000E+09   5.2324649660448886E+04   2.2811806169391868E-10   1.8162292658158720E-20   2.4162177747516484E+03
   1.0756770000000000E+09   5.2587962009664567E+04   2.2494368265787149E-10   1.7946475421500895E-20   2.4112470199800805E+03
   1.0776770000000000E+09   5.2852016111320299E+04   2.2182417568472696E-10   1.7733963546728685E-20   2.4063020243784144E+03
   1.0796770000000000E+09   5.3116804265622821E+04   2.1875843456709214E-10   1.7524695116215975E-20   2.4013828643775319E+03
   1.0816770000000000E+09   5.3382318942623206E+04   2.1574537850826959E-10   1.7318609570458113E-20   2.3964896148964344E+03
   1.0836770000000000E+09   5.3648552793366238E+04   2.1278395147956952E-10   1.7115647674634343E-20   2.3916223494249703E+03
   1.0856770000000000E+09   5.3915498660121171E+04   2.0987312159716612E-10   1.6915751486235255E-20   2.3867811401053159E+03
   1.0876770000000000E+09   5.4183149584805295E+04   2.0701188051675045E-10   1.6718864323631765E-20   2.3819660578121343E+03
   1.0896770000000000E+09   5.4451498815144303E+04   2.0419924284484639E-10   1.6524930735510899E-20   2.3771771722311537E+03
   1.0916770000000000E+09   5.4720539808569454E+04   2.0143424556618632E-10   1.6333896471145483E-20   2.3724145519358926E+03
   1.0936770000000000E+09   5.4990266234136834E+04   1.9871594748692233E-10   1.6145708451494509E-20   2.3676782644622936E+03
   1.0956770000000000E+09   5.5260671972835320E+04   1.9604342869353608E-10   1.5960314741137904E-20   2.3629683763810463E+03
   1.0976770000000000E+09   5.5531751116520158E+04   1.9341579002725821E-10   1.5777664521044464E-20   2.3582849533674548E+03
   1.0996770000000000E+09   5.5803497965485753E+04   1.9083215257362755E-10   1.5597708062156728E-20   2.3536280602687275E+03
   1.1016770000000000E+09   5.6075907024445369E+04   1.8829165716664835E-10   1.5420396699762140E-20   2.3489977611685604E+03
   1.1036770000000000E+09   5.6348972996492070E+04   1.8579346390690519E-10   1.5245682808611245E-20   2.3443941194488739E+03
   1.1056770000000000E+09   5.6622690774513037E+04   1.8333675169296609E-10   1.5073519778741036E-20   2.3398171978484961E+03
   1.1076770000000000E+09   5.6897055429510045E+04   1.8092071776546963E-10   1.4903861991966305E-20   2.3352670585185515E+03
   1.1096770000000000E+09   5.7172062195328501E+04   1.7854457726337688E-10   1.4736664799008680E-20   2.3307437630742293E+03
   1.1116770000000000E+09   5.7447706449371814E+04   1.7620756279200957E-10   1.4571884497244165E-20   2.3262473726425887E+03
   1.1136770000000000E+09   5.7723983688982924E+04   1.7390892400257059E-10   1.4409478309055791E-20   2.3217779479060414E+03
   1.1156770000000000E+09   5.8000889503249906E+04   1.7164792718294629E-10   1.4249404360786621E-20   2.3173355491410666E+03
   1.1176770000000000E+09   5.8278419540088151E+04   1.6942385485962546E-10   1.4091621662290649E-20   2.3129202362517954E+03
   1.1196770000000000E+09   5.8556569468516427E+04   1.6723600541059811E-10   1.3936090087081512E-20   2.3085320687980397E+03
   1.1216770000000000E+09   5.8835334936126666E+04   1.6508369268907513E-10   1.3782770353076716E-20   2.3041711060173825E+03
   1.1236770000000000E+09   5.9114711521816760E+04   1.6296624565785507E-10   1.3631624003933512E-20   2.2998374068409539E+03
   1.1256770000000000E+09   5.9394694683951340E+04   1.6088300803410967E-10   1.3482613390967629E-20   2.2955310299025541E+03
   1.1276770000000000E+09   5.9675279704221903E+04   1.5883333794429950E-10   1.3335701655640345E-20   2.2912520335408308E+03
   1.1296770000000000E+09   5.9956461627595185E+04   1.5681660758885447E-10   1.3190852712592581E-20   2.2870004757942311E+03
   1.1316770000000000E+09   6.0238235198881259E+04   1.5483220291618045E-10   1.3048031233197516E-20   2.2827764143885506E+03
   1.1336770000000000E+09   6.0520594796613324E+04   1.5287952330546002E-10   1.2907202629594425E-20   2.2785799067169587E+03
   1.1356770000000000E+09   6.0803534365108797E+04   1.5095798125761703E-10   1.2768333039157314E-20   2.2744110098124556E+03
   1.1376770000000000E+09   6.1087047345767423E+04   1.4906700209373525E-10   1.2631389309343604E-20   2.2702697803128440E+03
   1.1396770000000000E+09   6.1371126608857761E+04   1.4720602366012724E-10   1.2496338982859091E-20   2.2661562744183911E+03
   1.1416770000000000E+09   6.1655764387253614E+04   1.4537449603916958E-10   1.2363150283066749E-20   2.2620705478425298E+03
   1.1436770000000000E+09   6.1940952213765420E+04   1.4357188126495980E-10   1.2231792099560439E-20   2.2580126557560429E+03
   1.1456770000000000E+09   6.2226680863895301E+04   1.4179765304280670E-10   1.2102233973818897E-20   2.2539826527254027E+03
   1.1476770000000000E+09   6.2512940306002114E+04   1.4005129647154379E-10   1.1974446084851789E-20   2.2499805926460676E+03
   1.1496770000000000E+09   6.2799719660970273E+04   1.3833230776766452E-10   1.1848399234748773E-20   2.2460065286717240E+03
   1.1516770000000000E+09   6.3087007173536804E+04   1.3664019399033328E-10   1.1724064834045327E-20   2.2420605131406778E+03
   1.1536770000000000E+09   6.3374790197436378E+04   1.3497447276639858E-10   1.1601414886824096E-20   2.2381425975007314E+03
   1.1556770000000000E+09   6.3663055196437439E+04   1.3333467201466920E-10   1.1480421975480472E-20   2.2342528322340972E+03
   1.1576770000000000E+09   6.3951787763164350E+04   1.3172032966888804E-10   1.1361059245095412E-20   2.2303912667840173E+03
   1.1596770000000000E+09   6.4240972657346465E+04   1.3013099339904849E-10   1.1243300387375817E-20   2.2265579494849103E+03
   1.1616770000000000E+09   6.4530593864750314E+04   1.2856622033095919E-10   1.1127119624145442E-20   2.2227529274979211E+03
   1.1636770000000000E+09   6.4820634677582580E+04   1.2702557676425859E-10   1.1012491690395140E-20   2.2189762467538421E+03
   1.1656770000000000E+09   6.5111077796576916E+04   1.2550863788940842E-10   1.0899391816930779E-20   2.2152279519053377E+03
   1.1676770000000000E+09   6.5401905454318810E+04   1.2401498750453151E-10   1.0787795712688128E-20   2.2115080862903374E+03
   1.1696770000000000E+09   6.5693099558634261E+04   1.2254421773331846E-10   1.0677679546817372E-20   2.2078166919083656E+03
   1.1716770000000000E+09   6.5984641854099871E+04   1.2109592874555451E-10   1.0569019930671432E-20   2.2041538094113639E+03
   1.1736770000000000E+09   6.6276514098948363E+04   1.1966972848212631E-10   1.0461793899862717E-20   2.2005194781103187E+03
   1.1756770000000000E+09   6.6568698253882496E+04   1.1826523238662234E-10   1.0355978896579037E-20   2.1969137359986757E+03
   1.1776770000000000E+09   6.6861176678630858E+04   1.1688206314581265E-10   1.0251552752368978E-20   2.1933366197931596E+03
   1.1796770000000000E+09   6.7153932331492411E+04   1.1551985044138545E-10   1.0148493671619420E-20   2.1897881649922074E+03
   1.1816770000000000E+09   6.7446948966680531E+04   1.1417823071529680E-10   1.0046780215950928E-20   2.1862684059517369E+03
   1.1836770000000000E+09   6.7740211324048229E+04   1.1285684695095480E-10   9.9463912897488994E-21   2.1827773759775619E+03
   1.1856770000000000E+09   6.8033705305743686E+04   1.1155534847219425E-10   9.8473061270293462E-21   2.1793151074332291E+03
   1.1876770000000000E+09   6.8327418134553722E+04   1.1027339076164068E-10   9.7495042798097804E-21   2.1758816318616718E+03
   1.1896770000000000E+09   6.8621338489137735E+04   1.0901063529958008E-10   9.6529656081157229E-21   2.1724769801186403E+03
   1.1916770000000000E+09   6.8915456612032329E+04   1.0776674942390208E-10   9.5576702717065502E-21   2.1691011825154965E+03
   1.1936770000000000E+09   6.9209764387169664E+04   1.0654140621108729E-10   9.4635987235516682E-21   2.1657542689687825E+03
   1.1956770000000000E+09   6.9504255384678807E+04   1.0533428437757924E-10   9.3707317050319392E-21   2.1624362691536780E+03
   1.1976770000000000E+09   6.9798924871865456E+04   1.0414506820028940E-10   9.2790502427865283E-21   2.1591472126584781E+03
   1.1996770000000000E+09   7.0093769790447855E+04   1.0297344745441361E-10   9.1885356470721989E-21   2.1558871291371511E+03
   1.2016770000000000E+09   7.0388788701269281E+04   1.0181911736627337E-10   9.0991695114565966E-21   2.1526560484572437E+03
   1.2036770000000000E+09   7.0683981698812204E+04   1.0068177857851216E-10   9.0109337136287151E-21   2.1494540008405097E+03
   1.2056770000000000E+09   7.0979350298799603E+04   9.9561137124714105E-11   8.9238104170810242E-21   2.1462810169939844E+03
   1.2076770000000000E+09   7.1274897302982252E+04   9.8456904410382059E-11   8.8377820734007852E-21   2.1431371282295645E+03
   1.2096770000000000E+09   7.1570626645867291E+04   9.7368797197174273E-11   8.7528314248993572E-21   2.1400223665705162E+03
   1.2116770000000000E+09   7.1866543228557537E+04   9.6296537587413088E-11   8.6689415073129078E-21   2.1369367648438360E+03
   1.2136770000000000E+09   7.2162652745125117E+04   9.5239853006061254E-11   8.5860956523196062E-21   2.1338803567577552E+03
   1.2156770000000000E+09   7.2458961506959226E+04   9.4198476177657594E-11   8.5042774896401242E-21   2.1308531769641941E+03
   1.2176770000000000E+09   7.2755476270346364E+04   9.3172145096066330E-11   8.4234709485171759E-21   2.1278552611063583E+03
   1.2196770000000000E+09   7.3052204072140230E+04   9.2160602985330276E-11   8.3436602584057016E-21   2.1248866458520915E+03
   1.2216770000000000E+09   7.3349152077786814E+04   9.1163598250395838E-11   8.2648299487462945E-21   2.1219473689139072E+03
   1.2236770000000000E+09   7.3646327445184099E+04   9.0180884417004997E-11   8.1869648477402594E-21   2.1190374690569611E+03
   1.2256770000000000E+09   7.3943737206937047E+04   8.9212220060568772E-11   8.1100500800914270E-21   2.1161569860963896E+03
   1.2276770000000000E+09   7.4241388172523788E+04   8.8257368724369410E-11   8.0340710637281877E-21   2.1133059608855897E+03
   1.2296770000000000E+09   7.4539286850840712E+04   8.7316098827908775E-11   7.9590135055631099E-21   2.1104844352970695E+03
   1.2316770000000000E+09   7.4837439392569519E+04   8.6388183566634504E-11   7.8848633963869318E-21   2.1076924521974724E+03
   1.2336770000000000E+09   7.5135851550915759E+04   8.5473400804584780E-11   7.8116070050243846E-21   2.1049300554182341E+03
   1.2356770000000000E+09   7.5434528658561190E+04   8.4571532961687642E-11   7.7392308718996299E-21   2.1021972897232599E+03
   1.2376770000000000E+09   7.5733475618217301E+04   8.3682366897519539E-11   7.6677218021687329E-21   2.0994942007746913E+03
   1.2396770000000000E+09   7.6032696903955410E+04   8.2805693793274270E-11   7.5970668585742250E-21   2.0968208350977202E+03
   1.2416770000000000E+09   7.6332196570514468E+04   8.1941309033545369E-11   7.5272533541663673E-21   2.0941772400451046E+03
   1.2436770000000000E+09   7.6631978268010906E+04   8.1089012089301992E-11   7.4582688450174783E-21   2.0915634637618678E+03
   1.2456770000000000E+09   7.6932045259822262E+04   8.0248606403176571E-11   7.3901011230337775E-21   2.0889795551504549E+03
   1.2476770000000000E+09   7.7232400441826088E+04   7.9419899277914419E-11   7.3227382089460601E-21   2.0864255638364866E+03
   1.2496770000000000E+09   7.7533046361589906E+04   7.8602701768592580E-11   7.2561683455393416E-21   2.0839015401350971E+03
   1.2516770000000000E+09   7.7833985236492954E+04   7.7796828578988556E-11   7.1903799911614054E-21   2.0814075350177818E+03
   1.2536770000000000E+09   7.8135218970082351E+04   7.7002097962316122E-11   7.1253618135355917E-21   2.0789436000795968E+03
   1.2556770000000000E+09   7.8436749166260823E+04   7.6218331626388305E-11   7.0611026838887834E-21   2.0765097875065176E+03
   1.2576770000000000E+09   7.8738577141112968E+04   7.5445354643172788E-11   6.9975916713967307E-21   2.0741061500427509E+03
   1.2596770000000000E+09   7.9040703932386285E+04   7.4682995362608113E-11   6.9348180379397481E-21   2.0717327409577824E+03
   1.2616770000000000E+09   7.9343130306764782E+04   7.3931085330503022E-11   6.8727712331572529E-21   2.0693896140129436E+03
   1.2636770000000000E+09   7.9645856765194694E+04   7.3189459210295315E-11   6.8114408897849762E-21   2.0670768234273028E+03
   1.2656770000000000E+09   7.9948883546553465E+04   7.2457954708433610E-11   6.7508168192571424E-21   2.0647944238427131E+03
   1.2676770000000000E+09   8.0252210629940251E+04   7.1736412503163846E-11   6.6908890075571798E-21   2.0625424702878531E+03
   1.2696770000000000E+09   8.0555837735836743E+04   7.1024676176508286E-11   6.6316476113008299E-21   2.0603210181411314E+03
   1.2716770000000000E+09   8.0859764326292076E+04   7.0322592149268431E-11   6.5730829540391300E-21   2.0581301230923445E+03
   1.2736770000000000E+09   8.1163989604228205E+04   6.9630009618900549E-11   6.5151855227703299E-21   2.0559698411029626E+03
   1.2756770000000000E+09   8.1468512511885885E+04   6.8946780500140198E-11   6.4579459646519277E-21   2.0538402283649561E+03
   1.2776770000000000E+09   8.1773331728388366E+04   6.8272759368260651E-11   6.4013550839047607E-21   2.0517413412580822E+03
   1.2796770000000000E+09   8.2078445666369720E+04   6.7607803404854146E-11   6.3454038389013352E-21   2.0496732363054971E+03
   1.2816770000000000E+09   8.2383852467596196E+04   6.6951772346020482E-11   6.2900833394298754E-21   2.0476359701276313E+03
   1.2836770000000000E+09   8.2689549997471710E+04   6.6304528432847895E-11   6.2353848441255794E-21   2.0456295993942176E+03
   1.2856770000000000E+09   8.2995535838272495E+04   6.5665936364073062E-11   6.1812997580605302E-21   2.0436541807743677E+03
   1.2876770000000000E+09   8.3301807280890716E+04   6.5035863250813168E-11   6.1278196304841880E-21   2.0417097708846011E+03
   1.2896770000000000E+09   8.3608361314776470E+04   6.4414178573275024E-11   6.0749361527074113E-21   2.0397964262347018E+03
   1.2916770000000000E+09   8.3915194615642045E+04   6.3800754139372926E-11   6.0226411561253496E-21   2.0379142031712825E+03
   1.2936770000000000E+09   8.4222303530340185E+04   6.3195464045214601E-11   5.9709266103771685E-21   2.0360631578188973E+03
   1.2956770000000000E+09   8.4529684058128521E+04   6.2598184637464136E-11   5.9197846216451784E-21   2.0342433460185366E+03
   1.2976770000000000E+09   8.4837331827355578E+04   6.2008794477628486E-11   5.8692074310996120E-21   2.0324548232632785E+03
   1.2996770000000000E+09   8.5145242066452876E+04   6.1427174308353647E-11   5.8191874134990652E-21   2.0306976446308388E+03
   1.3016770000000000E+09   8.5453409568189993E+04   6.0853207021794708E-11   5.7697170759546691E-21   2.0289718647127206E+03
   1.3036770000000000E+09   8.5761828646579845E+04   6.0286777630017331E-11   5.7207890568559970E-21   2.0272775375396018E+03
   1.3056770000000000E+09   8.6070493086887102E+04   5.9727773237120807E-11   5.6723961249311524E-21   2.0256147165026282E+03
   1.3076770000000000E+09   8.6379396091142116E+04   5.9176083012298434E-11   5.6245311783679204E-21   2.0239834542703302E+03
   1.3096770000000000E+09   8.6688530224569797E+04   5.8631598162326893E-11   5.5771872438529330E-21   2.0223838027010681E+03
   1.3116770000000000E+09   8.6997887372409590E+04   5.8094211901028846E-11   5.5303574752936419E-21   2.0208158127512986E+03
   1.3136770000000000E+09   8.7307458721376301E+04   5.7563819412173295E-11   5.4840351518822576E-21   2.0192795343804817E+03
   1.3156770000000000E+09   8.7617234784567729E+04   5.7040317801328013E-11   5.4382136750661693E-21   2.0177750164543145E+03
   1.3176770000000000E+09   8.7927205491510453E+04   5.6523606031701034E-11   5.3928865639393464E-21   2.0163023066489297E+03
   1.3196770000000000E+09   8.8237360364235399E+04   5.6013584839503933E-11   5.3480474486117919E-21   2.0148614513597890E+03
   1.3216770000000000E+09   8.8547688793565816E+04   5.5510156626321324E-11   5.3036900612970979E-21   2.0134524956199177E+03
   1.3236770000000000E+09   8.8858180415636874E+04   5.5013225329703335E-11   5.2598082252141003E-21   2.0120754830325504E+03
   1.3256770000000000E+09   8.9168825566978878E+04   5.4522696278603201E-11   5.2163958419191759E-21   2.0107304557228576E+03
   1.3276770000000000E+09   8.9479615769872835E+04   5.4038476046643572E-11   5.1734468783037574E-21   2.0094174543118324E+03
   1.3296770000000000E+09   8.9790544174058363E+04   5.3560472321983822E-11   5.1309553550609192E-21   2.0081365179125430E+03
   1.3316770000000000E+09   9.0101605864931145E+04   5.3088593815665984E-11   5.0889153387417669E-21   2.0068876841449476E+03
   1.3336770000000000E+09   9.0412797951846107E+04   5.2622750228490562E-11   5.0473209393672059E-21   2.0056709891610346E+03
   1.3356770000000000E+09   9.0724119380089498E+04   5.2162852288227978E-11   5.0061663147851137E-21   2.0044864676682328E+03
   1.3376770000000000E+09   9.1035570466608377E+04   5.1708811854569655E-11   4.9654456815856409E-21   2.0033341529371310E+03
   1.3396770000000000E+09   9.1347152232368782E+04   5.1260542071450306E-11   4.9251533306706830E-21   2.0022140767807684E+03
   1.3416770000000000E+09   9.1658865672224492E+04   5.0817957530418681E-11   4.8852836440150716E-21   2.0011262694975014E+03
   1.3436770000000000E+09   9.1970711139630366E+04   5.0380974401004978E-11   4.8458311083773354E-21   2.0000707597770636E+03
   1.3456770000000000E+09   9.2282688006020908E+04   4.9949510489580146E-11   4.8067903222130060E-21   1.9990475745781487E+03
   1.3476770000000000E+09   9.2594794677250306E+04   4.9523485208029090E-11   4.7681559939240782E-21   1.9980567389926609E+03
   1.3496770000000000E+09   9.2907028931578330E+04   4.9102819462594685E-11   4.7299229323675405E-21   1.9970982761142859E+03
   1.3516770000000000E+09   9.3219388428178572E+04   4.8687435501034362E-11   4.6920860332416383E-21   1.9961722069256336E+03
   1.3536770000000000E+09   9.3531871173443520E+04   4.8277256770593645E-11   4.6546402663913793E-21   1.9952785502098616E+03
   1.3556770000000000E+09   9.3844475759468609E+04   4.7872207832181526E-11   4.6175806684318349E-21   1.9944173224824367E+03
   1.3576770000000000E+09   9.4157201300530709E+04   4.7472214348921588E-11   4.5809023424933418E-21   1.9935885379309254E+03
   1.3596770000000000E+09   9.4470047139502203E+04   4.7077203131902493E-11   4.5446004634858145E-21   1.9927922083488600E+03
   1.3616770000000000E+09   9.4783012502256141E+04   4.6687102200157943E-11   4.5086702847672179E-21   1.9920283430546012E+03
   1.3636770000000000E+09   9.5096096285132822E+04   4.6301840809645999E-11   4.4731071418469765E-21   1.9912969487950304E+03
   1.3656770000000000E+09   9.5409297063776830E+04   4.5921349428525697E-11   4.4379064509016377E-21   1.9905980296418568E+03
   1.3676770000000000E+09   9.5722613270294256E+04   4.5545559669692515E-11   4.4030637031251237E-21   1.9899315868910248E+03
   1.3696770000000000E+09   9.6036043389629558E+04   4.5174404215335050E-11   4.3685744582522102E-21   1.9892976189719554E+03
   1.3716770000000000E+09   9.6349586036500870E+04   4.4807816767497985E-11   4.3344343405454101E-21   1.9886961213661041E+03
   1.3736770000000000E+09   9.6663239878150751E+04   4.4445732035491293E-11   4.3006390383158610E-21   1.9881270865286656E+03
   1.3756770000000000E+09   9.6977003484793313E+04   4.4088085743543301E-11   4.2671843053938262E-21   1.9875905038069095E+03
   1.3776770000000000E+09   9.7290875230820384E+04   4.3734814630895746E-11   4.2340659618648465E-21   1.9870863593531187E+03
   1.3796770000000000E+09   9.7604853309831844E+04   4.3385856428544023E-11   4.2012798925323407E-21   1.9866146360355563E+03
   1.3816770000000000E+09   9.7918935822788641E+04   4.3041149820007869E-11   4.1688220438067763E-21   1.9861753133528384E+03
   1.3836770000000000E+09   9.8233120839558862E+04   4.2700634407698308E-11   4.1366884211039082E-21   1.9857683673543354E+03
   1.3856770000000000E+09   9.8547406355092957E+04   4.2364250702083582E-11   4.1048750884258245E-21   1.9853937705644796E+03
   1.3876770000000000E+09   9.8861790098515805E+04   4.2031940139619936E-11   4.0733781707185131E-21   1.9850514919053560E+03
   1.3896770000000000E+09   9.9176269062585590E+04   4.1703645145425970E-11   4.0421938605746322E-21   1.9847414966092786E+03
   1.3916770000000000E+09   9.9490838196409895E+04   4.1379309324299764E-11   4.0113184374241113E-21   1.9844637461035022E+03
   1.3936770000000000E+09   9.9805486563545375E+04   4.1058878048291402E-11   3.9807483253258260E-21   1.9842181978153064E+03
   1.3956770000000000E+09   1.0012018649651366E+05   4.0742300151877116E-11   3.9504802586082212E-21   1.9840048047524260E+03
   1.3976770000000000E+09   1.0043486485537942E+05   4.0429532469925271E-11   3.9205117243837925E-21   1.9838235144869568E+03
   1.3996770000000000E+09   1.0074933180908574E+05   4.0120551154514806E-11   3.8908420654141980E-21   1.9836742666586565E+03
   1.4016770000000000E+09   1.0106311706998882E+05   3.9815377868814608E-11   3.8614750325035224E-21   1.9835569870438683E+03
   1.4036770000000000E+09   1.0137512519925019E+05   3.9514135385242475E-11   3.8324242027828352E-21   1.9834715742222925E+03
   1.4056770000000000E+09   1.0168298519481227E+05   3.9217153692185757E-11   3.8037233236774171E-21   1.9834178715920709E+03
   1.4076770000000000E+09   1.0198198597031766E+05   3.8925146417168636E-11   3.7754435228404473E-21   1.9833956132289811E+03
   1.4096770000000000E+09   1.0226365368202599E+05   3.8639452081723159E-11   3.7477168739498994E-21   1.9834043288247219E+03
   1.4116770000000000E+09   1.0251440628592845E+05   3.8362270782827229E-11   3.7207596000713984E-21   1.9834431953584979E+03
   1.4136770000000000E+09   1.0271509965750894E+05   3.8096750733941241E-11   3.6948807818462945E-21   1.9835108376337653E+03
   1.4156770000000000E+09   1.0284179281419245E+05   3.7846825583843857E-11   3.6704669040347162E-21   1.9836051072011958E+03
   1.4176770000000000E+09   1.0286549578273536E+05   3.7617103023731343E-11   3.6479713088729044E-21   1.9837228874115206E+03
   1.4196770000000000E+09   1.0274515195668246E+05   3.7413799564808363E-11   3.6280050584045036E-21   1.9838599174644662E+03
   1.4216770000000000E+09   1.0241196681510445E+05   3.7247478262855521E-11   3.6116029212686673E-21   1.9840104315164754E+03
   1.4236770000000000E+09   1.0176668913525976E+05   3.7134766441303245E-11   3.6003914315659396E-21   1.9841662073021362E+03
   1.4256770000000000E+09   1.0073916082075027E+05   3.7090267573946781E-11   3.5958071090817267E-21   1.9843151638251695E+03
   1.4276770000000000E+09   9.9411335749393344E+04   3.7104360440685773E-11   3.5969433946787647E-21   1.9844420373123255E+03
   1.4296770000000000E+09   9.8046847515367190E+04   3.7130835337618287E-11   3.5993410158804954E-21   1.9845351514916956E+03
   1.4316770000000000E+09   9.6865280668242063E+04   3.7121590238533637E-11   3.5983362199579627E-21   1.9845950495314314E+03
   1.4336770000000000E+09   9.5845702842593979E+04   3.7080520925663269E-11   3.5942888754280116E-21   1.9846316796584849E+03
   1.4356770000000000E+09   9.4621860497249887E+04   3.7018276059795922E-11   3.5882210243980149E-21   1.9846506685554109E+03
   6.5767700000000000E+08  -2.0746396181855730E+03   6.5205902783925393E-13   6.6678856881166834E-24   1.1855949823784429E+03
   6.5967700000000000E+08  -1.7306219709372290E+03   8.6051215406139326E-13   8.3612848180400971E-24   1.2477327592367210E+03
   6.6167700000000000E+08  -1.5582182829823303E+03   1.0786034507941536E-12   1.0082236215058428E-23   1.2970076077015131E+03
   6.6367700000000000E+08  -1.4220900805892752E+03   1.3332241219258081E-12   1.2145865037061827E-23   1.3307984857417189E+03
   6.6567700000000000E+08  -9.7147441246044309E+02   1.6086151733608866E-12   1.4368904508384722E-23   1.3572694959409446E+03
   6.6767700000000000E+08  -3.4310361260825101E+02   1.9005524723090008E-12   1.6699581470908931E-23   1.3797864126904640E+03
   6.6967700000000000E+08   2.4862723626372409E+02   2.2196394578039992E-12   1.9163845203356794E-23   1.4042271597943493E+03
   6.7167700000000000E+08   4.0514319464364507E+02   2.6043233709042462E-12   2.1781776893168443E-23   1.4495699896454175E+03
   6.7367700000000000E+08  -1.0438815642444576E+03   3.1525753201830914E-12   2.3922736757752826E-23   1.5976888204515703E+03
   6.7567700000000000E+08  -7.0113472041005216E+03   4.0870892862871045E-12   2.4445189268501607E-23   2.0270212777701031E+03
   6.7767700000000000E+08  -1.9761974401822852E+04   5.5743872598958025E-12   2.5186872889074960E-23   2.6832458869937682E+03
   6.7967700000000000E+08  -3.7455578927183989E+04   7.6361238311343017E-12   2.8226840350222048E-23   3.2798069507750802E+03
   6.8167700000000000E+08  -5.7014590821378086E+04   1.0462886363636942E-11   3.4566893072472461E-23   3.6696846782439479E+03
   6.8367700000000000E+08  -7.4120148838873167E+04   1.4405916770845661E-11   4.5458652013622842E-23   3.8420404615653342E+03
   6.8567700000000000E+08  -8.5143506409473004E+04   1.9906790279940528E-11   6.2636953447481496E-23   3.8530815528325388E+03
   6.8767700000000000E+08  -8.9064312903144033E+04   2.7444970030592555E-11   8.8230385705008670E-23   3.7712226139551376E+03
   6.8967700000000000E+08  -8.7122425413766498E+04   3.7480423711323855E-11   1.2449983624359718E-22   3.6498355587127003E+03
   6.9167700000000000E+08  -8.1436249805173065E+04   5.0378813476810025E-11   1.7340333847559241E-22   3.5223139804568013E+03
   6.9367700000000000E+08  -7.3944271263250776E+04   6.6320933421851449E-11   2.3605262711646840E-22   3.4062724195041997E+03
   6.9567700000000000E+08  -6.5958804494569064E+04   8.5218924733899936E-11   3.1222821062709021E-22   3.3090360326500772E+03
   6.9767700000000000E+08  -5.8146998851995777E+04   1.0668042185545175E-10   4.0017243652444284E-22   3.2320281831012971E+03
   6.9967700000000000E+08  -5.0712337951545953E+04   1.3005012073987152E-10   4.9678955393294981E-22   3.1737732161760191E+03
   7.0167700000000000E+08  -4.3606990372419641E+04   1.5451837657345275E-10   5.9818496535909440E-22   3.1317149792729474E+03
   7.0367700000000000E+08  -3.6690300247657011E+04   1.7925359577964853E-10   7.0032594133787921E-22   3.1031677193711030E+03
   7.0567700000000000E+08  -2.9819916960441293E+04   2.0351264051300713E-10   7.9959860066432094E-22   3.0857230884700657E+03
   7.0767700000000000E+08  -2.2892156130147887E+04   2.2670437793020631E-10   8.9313755165736214E-22   3.0773659471495985E+03
   7.0967700000000000E+08  -1.5851363532413532E+04   2.4840633795281857E-10   9.7892441425713592E-22   3.0764587679294386E+03
   7.1167700000000000E+08  -8.6833864272349001E+03   2.6834927357920029E-10   1.0557239403555701E-21   3.0816807127660318E+03
   7.1367700000000000E+08  -1.4023812866951596E+03   2.8638728885803933E-10   1.1229417644544284E-21   3.0919615885781550E+03
   7.1567700000000000E+08   5.9776665871036384E+03   3.0247646440180205E-10   1.1805057028634219E-21   3.1064265176962977E+03
   7.1767700000000000E+08   1.3413251316986161E+04   3.1660210097160513E-10   1.2285343591906612E-21   3.1243816010718283E+03
   7.1967700000000000E+08   2.0819045765832525E+04   3.2878043311384400E-10   1.2673137186053122E-21   3.1452807246257585E+03
   7.2167700000000000E+08   2.8139490630308599E+04   3.3913830999696306E-10   1.2976667811223796E-21   3.1684820466931615E+03
   7.2367700000000000E+08   3.5357570995842405E+04   3.4777901501828004E-10   1.3203152822015907E-21   3.1934734460904529E+03
   7.2567700000000000E+08   4.2458079407524725E+04   3.5480826710315987E-10   1.3359708029314591E-21   3.2198404337753173E+03
   7.2767700000000000E+08   4.9429593171398301E+04   3.6033282559018453E-10   1.3453224561904636E-21   3.2472447405948906E+03
   7.2967700000000000E+08   5.6265465109183708E+04   3.6446023511095244E-10   1.3490317946809310E-21   3.2754091042264877E+03
   7.3167700000000000E+08   6.2964065215741735E+04   3.6729888122881391E-10   1.3477308966587276E-21   3.3041062705870936E+03
   7.3367700000000000E+08   6.9528453397315636E+04   3.6895786271484830E-10   1.3420213055005828E-21   3.3331506687752699E+03
   7.3567700000000000E+08   7.5965667484899182E+04   3.6954644564211871E-10   1.3324726461955126E-21   3.3623917662285776E+03
   7.3767700000000000E+08   8.2285798085179093E+04   3.6917306856422348E-10   1.3196205718526308E-21   3.3917085054693298E+03
   7.3967700000000000E+08   8.8501001450576718E+04   3.6794401184067068E-10   1.3039642392832226E-21   3.4210044920242995E+03
   7.4167700000000000E+08   9.4624574058995262E+04   3.6596192339518383E-10   1.2859637965289723E-21   3.4502037718629449E+03
   7.4367700000000000E+08   1.0067016920490784E+05   3.6332440721854056E-10   1.2660384113700437E-21   3.4792471300643620E+03
   7.4567700000000000E+08   1.0665119542458237E+05   3.6012284193266214E-10   1.2445652383681018E-21   3.5080888833329218E+03
   7.4767700000000000E+08   1.1258040000875852E+05   3.5644153157286341E-10   1.2218795144186883E-21   3.5366941476109832E+03
   7.4967700000000000E+08   1.1846961629893603E+05   3.5235722176905988E-10   1.1982757655319023E-21   3.5650365547083420E+03
   7.5167700000000000E+08   1.2432964092366598E+05   3.4793895884599031E-10   1.1740099539936457E-21   3.5930963801041466E+03
   7.5367700000000000E+08   1.3017020456110843E+05   3.4324823418567271E-10   1.1493023127420828E-21   3.6208590344464451E+03
   7.5567700000000000E+08   1.3600000358255935E+05   3.3833934114274727E-10   1.1243405958014486E-21   3.6483138664151775E+03
   7.5767700000000000E+08   1.4182676667662908E+05   3.3325987210995327E-10   1.0992835004489743E-21   3.6754532246126732E+03
   7.5967700000000000E+08   1.4765733782440255E+05   3.2805129297724944E-10   1.0742640670879707E-21   3.7022717298325692E+03
   7.6167700000000000E+08   1.5349776339844998E+05   3.2274954592579268E-10   1.0493929193789009E-21   3.7287657149286774E+03
   7.6367700000000000E+08   1.5935337613298860E+05   3.1738564553648082E-10   1.0247612590686979E-21   3.7549327962349280E+03
   7.6567700000000000E+08   1.6522887222515378E+05   3.1198624547322470E-10   1.0004435718410717E-21   3.7807715471308734E+03
   7.6767700000000000E+08   1.7112838010393851E+05   3.0657416267623651E-10   9.7650003110448153E-22   3.8062812503456139E+03
   7.6967700000000000E+08   1.7705552075028868E+05   3.0116885302087213E-10   9.5297860698493411E-22   3.8314617106957417E+03
   7.7167700000000000E+08   1.8301346015888717E+05   2.9578683712463624E-10   9.2991689994798708E-22   3.8563131141148683E+03
   7.7367700000000000E+08   1.8900495483223684E+05   2.9044207792550639E-10   9.0734372465524058E-22   3.8808359221264886E+03
   7.7567700000000000E+08   1.9503239126039628E+05   2.8514631330637868E-10   8.8528047181448925E-22   3.9050307934649909E+03
   7.7767700000000000E+08   2.0109782027912565E+05   2.7990934782110707E-10   8.6374227543325758E-22   3.9288985265010401E+03
   7.7967700000000000E+08   2.0720298708672257E+05   2.7473930780574388E-10   8.4273901112688132E-22   3.9524400176074964E+03
   7.8167700000000000E+08   2.1334935757689975E+05   2.6964286405999216E-10   8.2227614869678313E-22   3.9756562317216608E+03
   7.8367700000000000E+08   2.1953814153289795E+05   2.6462542600967872E-10   8.0235547954071694E-22   3.9985481822081224E+03
   7.8567700000000000E+08   2.2577031313522247E+05   2.5969131090673528E-10   7.8297573685000427E-22   4.0211169177730599E+03
   7.8767700000000000E+08   2.3204662916317917E+05   2.5484389124585025E-10   7.6413312412811123E-22   4.0433635146774432E+03
   7.8967700000000000E+08   2.3836764521603409E+05   2.5008572320845055E-10   7.4582176539045727E-22   4.0652890728811999E+03
   7.9167700000000000E+08   2.4473373023888358E+05   2.4541865860107038E-10   7.2803408849142326E-22   4.0868947150511499E+03
   7.9367700000000000E+08   2.5114507960674269E+05   2.4084394244323851E-10   7.1076115136109751E-22   4.1081815876022101E+03
   7.9567700000000000E+08   2.5760172699415887E+05   2.3636229808134977E-10   6.9399291949981449E-22   4.1291508631286515E+03
   7.9767700000000000E+08   2.6410355523392622E+05   2.3197400145850958E-10   6.7771850184748807E-22   4.1498037437307539E+03
   7.9967700000000000E+08   2.7065030634548882E+05   2.2767894595372546E-10   6.6192635109145995E-22   4.1701414648599439E+03
   8.0167700000000000E+08   2.7724159089042450E+05   2.2347669901435324E-10   6.4660443357739452E-22   4.1901652993984717E+03
   8.0367700000000000E+08   2.8387689678887487E+05   2.1936655164058789E-10   6.3174037322128602E-22   4.2098765617627714E+03
   8.0567700000000000E+08   2.9055559770728642E+05   2.1534756163734503E-10   6.1732157316821154E-22   4.2292766118766240E+03
   8.0767700000000000E+08   2.9727696110485174E+05   2.1141859142467096E-10   6.0333531838885945E-22   4.2483668589042436E+03
   8.0967700000000000E+08   3.0404015600440913E+05   2.0757834109052643E-10   5.8976886193382521E-22   4.2671487646671958E+03
   8.1167700000000000E+08   3.1084426053381909E+05   2.0382537727737950E-10   5.7660949716607876E-22   4.2856238466946270E+03
   8.1367700000000000E+08   3.1768826926656469E+05   2.0015815841458173E-10   5.6384461795313784E-22   4.3037936808756049E+03
   8.1567700000000000E+08   3.2457110037584166E+05   1.9657505674032752E-10   5.5146176851329550E-22   4.3216599036968746E+03
   8.1767700000000000E+08   3.3149160260492342E+05   1.9307437749853467E-10   5.3944868436676813E-22   4.3392242140601547E+03
   8.1967700000000000E+08   3.3844856204806437E+05   1.8965437564590048E-10   5.2779332563615583E-22   4.3564883746812611E+03
   8.2167700000000000E+08   3.4544070873054292E+05   1.8631327036149007E-10   5.1648390376540978E-22   4.3734542130796317E+03
   8.2367700000000000E+08   3.5246672297337046E+05   1.8304925761444233E-10   5.0550890257766655E-22   4.3901236221715235E+03
   8.2567700000000000E+08   3.5952524152732128E+05   1.7986052101387383E-10   4.9485709446580320E-22   4.4064985604840513E+03
   8.2767700000000000E+08   3.6661486346195353E+05   1.7674524113802842E-10   4.8451755240188581E-22   4.4225810520101977E+03
   8.2967700000000000E+08   3.7373415579765564E+05   1.7370160351652896E-10   4.7447965835998221E-22   4.4383731857274215E+03
   8.3167700000000000E+08   3.8088165887208591E+05   1.7072780541967552E-10   4.6473310866863418E-22   4.4538771148043816E+03
   8.3367700000000000E+08   3.8805589143620885E+05   1.6782206159163027E-10   4.5526791674260271E-22   4.4690950555218515E+03
   8.3567700000000000E+08   3.9525535547908657E+05   1.6498260904959605E-10   4.4607441358649734E-22   4.4840292859348428E+03
   8.3767700000000000E+08   4.0247854078426451E+05   1.6220771105840886E-10   4.3714324641416413E-22   4.4986821443036079E+03
   8.3967700000000000E+08   4.0972392922373506E+05   1.5949566037895547E-10   4.2846537568583520E-22   4.5130560273211513E+03
   8.4167700000000000E+08   4.1698999879784090E+05   1.5684478187923668E-10   4.2003207082893493E-22   4.5271533881645419E+03
   8.4367700000000000E+08   4.2427522743095021E+05   1.5425343458844974E-10   4.1183490487709390E-22   4.5409767343963613E+03
   8.4567700000000000E+08   4.3157809653325408E+05   1.5172001326693061E-10   4.0386574823445106E-22   4.5545286257412354E+03
   8.4767700000000000E+08   4.3889709433868120E+05   1.4924294955797684E-10   3.9611676174798373E-22   4.5678116717607036E+03
   8.4967700000000000E+08   4.4623071902775933E+05   1.4682071278129650E-10   3.8858038924878973E-22   4.5808285294474426E+03
   8.5167700000000000E+08   4.5357748164250562E+05   1.4445181042196830E-10   3.8124934970342928E-22   4.5935819007576983E+03
   8.5367700000000000E+08   4.6093590879835124E+05   1.4213478836323168E-10   3.7411662909822233E-22   4.6060745300981416E+03
   8.5567700000000000E+08   4.6830454519587907E+05   1.3986823090612490E-10   3.6717547216255427E-22   4.6183092017810768E+03
   8.5767700000000000E+08   4.7568195593315497E+05   1.3765076061387158E-10   3.6041937402152385E-22   4.6302887374593529E+03
   8.5967700000000000E+08   4.8306672861775762E+05   1.3548103801403547E-10   3.5384207185366669E-22   4.6420159935503561E+03
   8.6167700000000000E+08   4.9045747527659312E+05   1.3335776118677708E-10   3.4743753661589679E-22   4.6534938586563803E+03
   8.6367700000000000E+08   4.9785283406119258E+05   1.3127966526315308E-10   3.4119996488535521E-22   4.6647252509872114E+03
   8.6567700000000000E+08   5.0525147074662789E+05   1.2924552185329611E-10   3.3512377085651795E-22   4.6757131157895546E+03
   8.6767700000000000E+08   5.1265208002333966E+05   1.2725413842057528E-10   3.2920357852181738E-22   4.6864604227870996E+03
   8.6967700000000000E+08   5.2005338658299990E+05   1.2530435761450524E-10   3.2343421405522711E-22   4.6969701636345972E+03
   8.7167700000000000E+08   5.2745414600185899E+05   1.2339505657227676E-10   3.1781069841078841E-22   4.7072453493892090E+03
   8.7367700000000000E+08   5.3485314542773308E+05   1.2152514619633827E-10   3.1232824014191165E-22   4.7172890080025254E+03
   8.7567700000000000E+08   5.4224920407959644E+05   1.1969357041348301E-10   3.0698222844246711E-22   4.7271041818370550E+03
   8.7767700000000000E+08   5.4964117357147078E+05   1.1789930541936029E-10   3.0176822640708970E-22   4.7366939252113661E+03
   8.7967700000000000E+08   5.5702793807478272E+05   1.1614135891120962E-10   2.9668196450565126E-22   4.7460613019786997E+03
   8.8167700000000000E+08   5.6440841433548380E+05   1.1441876931085218E-10   2.9171933426534592E-22   4.7552093831442826E+03
   8.8367700000000000E+08   5.7178155156384630E+05   1.1273060497951882E-10   2.8687638215312875E-22   4.7641412445270862E+03
   8.8567700000000000E+08   5.7914633121636114E+05   1.1107596342582257E-10   2.8214930365102675E-22   4.7728599644720171E+03
   8.8767700000000000E+08   5.8650176669097005E+05   1.0945397050799543E-10   2.7753443751682095E-22   4.7813686216188353E+03
   8.8967700000000000E+08   5.9384690296081221E+05   1.0786377963113474E-10   2.7302826022210413E-22   4.7896702927342349E+03
   8.9167700000000000E+08   6.0118081618132570E+05   1.0630457093922846E-10   2.6862738055768429E-22   4.7977680506138886E+03
   8.9367700000000000E+08   6.0850261332887516E+05   1.0477555049932135E-10   2.6432853439064955E-22   4.8056649620621420E+03
   8.9567700000000000E+08   6.1581143198104820E+05   1.0327594946990784E-10   2.6012857954453781E-22   4.8133640859590578E+03
   8.9767700000000000E+08   6.2310644045416231E+05   1.0180502323530896E-10   2.5602449074853017E-22   4.8208684714286892E+03
   8.9967700000000000E+08   6.3038683870410128E+05   1.0036205047001631E-10   2.5201335455752295E-22   4.8281811561300192E+03
   9.0167700000000000E+08   6.3765186069003819E+05   9.8946332071474590E-11   2.4809236408181694E-22   4.8353051647036409E+03
   9.0367700000000000E+08   6.4490077923889528E+05   9.7557189874337904E-11   2.4425881330280119E-22   4.8422435074226078E+03
   9.0567700000000000E+08   6.5213291457668389E+05   9.6193965060245788E-11   2.4051009075545656E-22   4.8489991791106577E+03
   9.0767700000000000E+08   6.5934764700292307E+05   9.4856016260996702E-11   2.3684367256990802E-22   4.8555751583972424E+03
   9.0967700000000000E+08   6.6654443168712978E+05   9.3542717602075111E-11   2.3325711548601537E-22   4.8619744073628417E+03
   9.1167700000000000E+08   6.7372280837293284E+05   9.2253457404795286E-11   2.2974805162482372E-22   4.8681998715720629E+03
   9.1367700000000000E+08   6.8088239156300225E+05   9.0987638857742811E-11   2.2631418826235038E-22   4.8742544803663704E+03
   9.1567700000000000E+08   6.8802282208615053E+05   8.9744684238465321E-11   2.2295331650387794E-22   4.8801411470364919E+03
   9.1767700000000000E+08   6.9514366839051119E+05   8.8524043386453815E-11   2.1966333056035476E-22   4.8858627680366017E+03
   9.1967700000000000E+08   7.0224429533921019E+05   8.7325204365840654E-11   2.1644225249770209E-22   4.8914222197674499E+03
   9.2167700000000000E+08   7.0932376603087678E+05   8.6147700180341347E-11   2.1328824730200253E-22   4.8968223510873195E+03
   9.2367700000000000E+08   7.1638087365900062E+05   8.4991103204539062E-11   2.1019960773864785E-22   4.9020659709539923E+03
   9.2567700000000000E+08   7.2341436038718675E+05   8.3855003258087976E-11   2.0717469900909351E-22   4.9071558345095418E+03
   9.2767700000000000E+08   7.3042324425205402E+05   8.2738977586587145E-11   2.0421188348339547E-22   4.9120946368604418E+03
   9.2967700000000000E+08   7.3740703434451378E+05   8.1642572377562054E-11   2.0130947356724963E-22   4.9168850261100752E+03
   9.3167700000000000E+08   7.4436569195743056E+05   8.0565306356282837E-11   1.9846573866577285E-22   4.9215296321359065E+03
   9.3367700000000000E+08   7.5129948890324635E+05   7.9506680804255407E-11   1.9567892796326271E-22   4.9260310967531777E+03
   9.3567700000000000E+08   7.5820924413797515E+05   7.8466143010846320E-11   1.9294717891795693E-22   4.9303920977432153E+03
   9.3767700000000000E+08   7.6509772814358235E+05   7.7442908587332632E-11   1.9026808135244363E-22   4.9346153262548369E+03
   9.3967700000000000E+08   7.7197216764196230E+05   7.6435669672102521E-11   1.8763796480578891E-22   4.9387034294241184E+03
   9.4167700000000000E+08   7.7884520240297844E+05   7.5442537187712443E-11   1.8505175707527833E-22   4.9426591119843069E+03
   9.4367700000000000E+08   7.8573087953287980E+05   7.4461594746032912E-11   1.8250433300824371E-22   4.9464854925697518E+03
   9.4567700000000000E+08   7.9263656906310830E+05   7.3491856940235854E-11   1.7999285195229325E-22   4.9501863576696051E+03
   9.4767700000000000E+08   7.9955688722738996E+05   7.2533861260020781E-11   1.7751820812486662E-22   4.9537658866289330E+03
   9.4967700000000000E+08   8.0647528961698920E+05   7.1589318039750037E-11   1.7508418756307328E-22   4.9572279124051984E+03
   9.5167700000000000E+08   8.1337197178133612E+05   7.0660131446435680E-11   1.7269508923516031E-22   4.9605752167925830E+03
   9.5367700000000000E+08   8.2023588313515100E+05   6.9747784118040876E-11   1.7035422088662117E-22   4.9638094598458238E+03
   9.5567700000000000E+08   8.2702814293086110E+05   6.8855389678559536E-11   1.6806903099568235E-22   4.9669276120359636E+03
   9.5767700000000000E+08   8.3368845934217377E+05   6.7988212519456995E-11   1.6585146954891480E-22   4.9699484670022621E+03
   9.5967700000000000E+08   8.4029183470548736E+05   6.7138142230446251E-11   1.6368228255853341E-22   4.9728485568205906E+03
   9.6167700000000000E+08   8.4685790159977158E+05   6.6302778293153204E-11   1.6155495440300841E-22   4.9756409372651015E+03
   9.6367700000000000E+08   8.5339291215055087E+05   6.5481185903453692E-11   1.5946695239091776E-22   4.9783270955286689E+03
   9.6567700000000000E+08   8.5989860060479329E+05   6.4672917184888042E-11   1.5741693979121778E-22   4.9809085936924303E+03
   9.6767700000000000E+08   8.6637546239612310E+05   6.3877654055647496E-11   1.5540389469144888E-22   4.9833873516665572E+03
   9.6967700000000000E+08   8.7282363161767158E+05   6.3095118755761522E-11   1.5342689973437903E-22   4.9857653956049999E+03
   9.7167700000000000E+08   8.7924312315131235E+05   6.2325051701399075E-11   1.5148509088401745E-22   4.9880447599959298E+03
   9.7367700000000000E+08   8.8563391501829703E+05   6.1567204156838538E-11   1.4957764000332333E-22   4.9902274606502160E+03
   9.7567700000000000E+08   8.9199598158818658E+05   6.0821334867191233E-11   1.4770374645925017E-22   4.9923154878328496E+03
   9.7767700000000000E+08   8.9832930710110185E+05   6.0087208490178559E-11   1.4586263296612584E-22   4.9943108046223779E+03
   9.7967700000000000E+08   9.0463389049668470E+05   5.9364595003723397E-11   1.4405354378040524E-22   4.9962153466262353E+03
   9.8167700000000000E+08   9.1090974648729502E+05   5.8653269547756991E-11   1.4227574395726823E-22   4.9980310220441115E+03
   9.8367700000000000E+08   9.1715690473286121E+05   5.7953012417863177E-11   1.4052851898682160E-22   4.9997597118911372E+03
   9.8567700000000000E+08   9.2337540805904614E+05   5.7263609084502743E-11   1.3881117450613652E-22   5.0014032702555151E+03
   9.8767700000000000E+08   9.2956531062152295E+05   5.6584850173834276E-11   1.3712303593527273E-22   5.0029635244499968E+03
   9.8967700000000000E+08   9.3572667608061631E+05   5.5916531431275131E-11   1.3546344808752358E-22   5.0044422750709982E+03
   9.9167700000000000E+08   9.4185957437712827E+05   5.5258453796384352E-11   1.3383177506180404E-22   5.0058412960704190E+03
   9.9367700000000000E+08   9.4796407477097877E+05   5.4610423760737069E-11   1.3222740083008588E-22   5.0071623349067613E+03
   9.9567700000000000E+08   9.5404023339407949E+05   5.3972254087279295E-11   1.3064973070768000E-22   5.0084071128047044E+03
   9.9767700000000000E+08   9.6008807671004068E+05   5.3343764694778744E-11   1.2909819323300446E-22   5.0095773249949461E+03
   9.9967700000000000E+08   9.6610758734931145E+05   5.2724783158509126E-11   1.2757224113528309E-22   5.0106746406568900E+03
   1.0016770000000000E+09   9.7209870304174128E+05   5.2115144082387207E-11   1.2607134959166858E-22   5.0117007024717386E+03
   1.0036770000000000E+09   9.7806134107639885E+05   5.1514686656016719E-11   1.2459501012803899E-22   5.0126571253026268E+03
   1.0056770000000000E+09   9.8399545150467742E+05   5.0923250493323337E-11   1.2314272037818528E-22   5.0135454948931465E+03
   1.0076770000000000E+09   9.8990108817252598E+05   5.0340670832218566E-11   1.2171397228452926E-22   5.0143673678039704E+03
   1.0096770000000000E+09   9.9577847594497702E+05   4.9766774712134936E-11   1.2030824263398773E-22   5.0151242732605542E+03
   1.0116770000000000E+09   1.0016280497504843E+06   4.9201379591823788E-11   1.1892498945256372E-22   5.0158177173045078E+03
   1.0136770000000000E+09   1.0074504520242852E+06   4.8644294771266987E-11   1.1756365516295439E-22   5.0164491880372425E+03
   1.0156770000000000E+09   1.0132464951469414E+06   4.8095325232105132E-11   1.1622367570760952E-22   5.0170201559637453E+03
   1.0176770000000000E+09   1.0190170629671513E+06   4.7554279009607084E-11   1.1490449804639650E-22   5.0175320811119118E+03
   1.0196770000000000E+09   1.0247629786801566E+06   4.7020975407130262E-11   1.1360559975775403E-22   5.0179864173616079E+03
   1.0216770000000000E+09   1.0304849029636676E+06   4.6495250464811681E-11   1.1232650226923403E-22   5.0183846051688915E+03
   1.0236770000000000E+09   1.0361832658862626E+06   4.5976959862628173E-11   1.1106677778451341E-22   5.0187280687143020E+03
   1.0256770000000000E+09   1.0418582426315369E+06   4.5465978841241485E-11   1.0982604905181058E-22   5.0190182111770418E+03
   1.0276770000000000E+09   1.0475097728869230E+06   4.4962199533009604E-11   1.0860398288717193E-22   5.0192564097408713E+03
   1.0296770000000000E+09   1.0531376126541987E+06   4.4465526662825038E-11   1.0740027973844926E-22   5.0194440118769598E+03
   1.0316770000000000E+09   1.0587414025421485E+06   4.3975872710252417E-11   1.0621466191945077E-22   5.0195823332878217E+03
   1.0336770000000000E+09   1.0643207370978182E+06   4.3493153455590907E-11   1.0504686274427069E-22   5.0196726574623608E+03
   1.0356770000000000E+09   1.0698752237267862E+06   4.3017284498565536E-11   1.0389661799056408E-22   5.0197162365089180E+03
   1.0376770000000000E+09   1.0754045250968132E+06   4.2548178979807642E-11   1.0276366025673944E-22   5.0197142928097492E+03
   1.0396770000000000E+09   1.0809083838320214E+06   4.2085746448947521E-11   1.0164771608597291E-22   5.0196680210566128E+03
   1.0416770000000000E+09   1.0863866317531497E+06   4.1629892650601144E-11   1.0054850531109707E-22   5.0195785903300639E+03
   1.0436770000000000E+09   1.0918391876463040E+06   4.1180519936471123E-11   9.9465741919564872E-23   5.0194471460126970E+03
   1.0456770000000000E+09   1.0972660478477955E+06   4.0737528027492835E-11   9.8399135773476440E-23   5.0192748114366268E+03
   1.0476770000000000E+09   1.1026672733440166E+06   4.0300814907662285E-11   9.7348394657583188E-23   5.0190626892394976E+03
   1.0496770000000000E+09   1.1080429761021812E+06   3.9870277701132406E-11   9.6313226296255473E-23   5.0188118624477820E+03
   1.0516770000000000E+09   1.1133933063345812E+06   3.9445813447533666E-11   9.5293340133035356E-23   5.0185233953268780E+03
   1.0536770000000000E+09   1.1187184415649595E+06   3.9027319738506886E-11   9.4288448782302568E-23   5.0181983340422912E+03
   1.0556770000000000E+09   1.1240185777804514E+06   3.8614695209897312E-11   9.3298269138631543E-23   5.0178377071726227E+03
   1.0576770000000000E+09   1.1292939225969024E+06   3.8207839901811635E-11   9.2322523172395414E-23   5.0174425261100514E+03
   1.0596770000000000E+09   1.1345446901866207E+06   3.7806655506700003E-11   9.1360938459531664E-23   5.0170137853777296E+03
   1.0616770000000000E+09   1.1397710976558833E+06   3.7411045527498220E-11   9.0413248498039825E-23   5.0165524628875683E+03
   1.0636770000000000E+09   1.1449733625628317E+06   3.7020915366523772E-11   8.9479192860652278E-23   5.0160595201571714E+03
   1.0656770000000000E+09   1.1501517013007265E+06   3.6636172363049392E-11   8.8558517226533317E-23   5.0155359025003945E+03
   1.0676770000000000E+09   1.1553063281158500E+06   3.6256725794337473E-11   8.7650973327365789E-23   5.0149825392023658E+03
   1.0696770000000000E+09   1.1604374545730893E+06   3.5882486851905167E-11   8.6756318835982118E-23   5.0144003436868052E+03
   1.0716770000000000E+09   1.1655452893218864E+06   3.5513368602097757E-11   8.5874317219254383E-23   5.0137902136811508E+03
   1.0736770000000000E+09   1.1706300380501056E+06   3.5149285937713123E-11   8.5004737571376460E-23   5.0131530313825515E+03
   1.0756770000000000E+09   1.1756919035436488E+06   3.4790155525453568E-11   8.4147354438953821E-23   5.0124896636266221E+03
   1.0776770000000000E+09   1.1807310857955769E+06   3.4435895752369540E-11   8.3301947645455810E-23   5.0118009620594967E+03
   1.0796770000000000E+09   1.1857477821295809E+06   3.4086426673210577E-11   8.2468302119586968E-23   5.0110877633129076E+03
   1.0816770000000000E+09   1.1907421873184433E+06   3.3741669959702099E-11   8.1646207729971464E-23   5.0103508891820757E+03
   1.0836770000000000E+09   1.1957144936887159E+06   3.3401548852182189E-11   8.0835459127143992E-23   5.0095911468057284E+03
   1.0856770000000000E+09   1.2006648912087858E+06   3.3065988113704634E-11   8.0035855593045777E-23   5.0088093288478576E+03
   1.0876770000000000E+09   1.2055935675602087E+06   3.2734913986557701E-11   7.9247200897847855E-23   5.0080062136808610E+03
   1.0896770000000000E+09   1.2105007081929191E+06   3.2408254151092411E-11   7.8469303163792674E-23   5.0071825655696575E+03
   1.0916770000000000E+09   1.2153864963650992E+06   3.2085937686736482E-11   7.7701974735703180E-23   5.0063391348564664E+03
   1.0936770000000000E+09   1.2202511131686680E+06   3.1767895035062445E-11   7.6945032057793181E-23   5.0054766581458780E+03
   1.0956770000000000E+09   1.2250947375418998E+06   3.1454057964762121E-11   7.6198295556377620E-23   5.0045958584897207E+03
   1.0976770000000000E+09   1.2299175462713337E+06   3.1144359538367281E-11   7.5461589528048714E-23   5.0036974455714771E+03
   1.0996770000000000E+09   1.2347197139857567E+06   3.0838734080542595E-11   7.4734742032855847E-23   5.0027821158898187E+03
   1.1016770000000000E+09   1.2395014131453037E+06   3.0537117147779101E-11   7.4017584792029321E-23   5.0018505529410886E+03
   1.1036770000000000E+09   1.2442628140285679E+06   3.0239445499327286E-11   7.3309953089818003E-23   5.0009034274004389E+03
   1.1056770000000000E+09   1.2490040847201103E+06   2.9945657069230104E-11   7.2611685679058837E-23   4.9999413973016426E+03
   1.1076770000000000E+09   1.2537253910999787E+06   2.9655690939342372E-11   7.1922624690165369E-23   4.9989651082153368E+03
   1.1096770000000000E+09   1.2584268968360415E+06   2.9369487313247507E-11   7.1242615543278358E-23   4.9979751934257538E+03
   1.1116770000000000E+09   1.2631087633791503E+06   2.9086987491005883E-11   7.0571506863382127E-23   4.9969722741058476E+03
   1.1136770000000000E+09   1.2677711499605484E+06   2.8808133844685490E-11   6.9909150398231375E-23   4.9959569594907334E+03
   1.1156770000000000E+09   1.2724142135905260E+06   2.8532869794637863E-11   6.9255400938964182E-23   4.9949298470493613E+03
   1.1176770000000000E+09   1.2770381090570069E+06   2.8261139786492806E-11   6.8610116243301861E-23   4.9938915226545096E+03
   1.1196770000000000E+09   1.2816429889228281E+06   2.7992889268845401E-11   6.7973156961243514E-23   4.9928425607507434E+03
   1.1216770000000000E+09   1.2862290035203591E+06   2.7728064671618055E-11   6.7344386563179616E-23   4.9917835245205197E+03
   1.1236770000000000E+09   1.2907963009424186E+06   2.7466613385075713E-11   6.6723671270345289E-23   4.9907149660481618E+03
   1.1256770000000000E+09   1.2953450270285690E+06   2.7208483739477759E-11   6.6110879987543415E-23   4.9896374264817587E+03
   1.1276770000000000E+09   1.2998753253462489E+06   2.6953624985345659E-11   6.5505884238061809E-23   4.9885514361927990E+03
   1.1296770000000000E+09   1.3043873371665122E+06   2.6701987274325518E-11   6.4908558100707976E-23   4.9874575149334587E+03
   1.1316770000000000E+09   1.3088812014344812E+06   2.6453521640623360E-11   6.4318778148882141E-23   4.9863561719915242E+03
   1.1336770000000000E+09   1.3133570547350971E+06   2.6208179982985627E-11   6.3736423391598377E-23   4.9852479063428682E+03
   1.1356770000000000E+09   1.3178150312551267E+06   2.5965915047194537E-11   6.3161375216357665E-23   4.9841332068013389E+03
   1.1376770000000000E+09   1.3222552627427885E+06   2.5726680409044740E-11   6.2593517333767176E-23   4.9830125521661839E+03
   1.1396770000000000E+09   1.3266778784668939E+06   2.5490430457759916E-11   6.2032735723785627E-23   4.9818864113668014E+03
   1.1416770000000000E+09   1.3310830051777076E+06   2.5257120379807513E-11   6.1478918583469151E-23   4.9807552436050255E+03
   1.1436770000000000E+09   1.3354707670722562E+06   2.5026706143061370E-11   6.0931956276076656E-23   4.9796194984947952E+03
   1.1456770000000000E+09   1.3398412857670514E+06   2.4799144481263075E-11   6.0391741281393190E-23   4.9784796161993918E+03
   1.1476770000000000E+09   1.3441946802815855E+06   2.4574392878728147E-11   5.9858168147119168E-23   4.9773360275663545E+03
   1.1496770000000000E+09   1.3485310670361714E+06   2.4352409555242637E-11   5.9331133441175254E-23   4.9761891542600442E+03
   1.1516770000000000E+09   1.3528505598677187E+06   2.4133153451100578E-11   5.8810535704779094E-23   4.9750394088922621E+03
   1.1536770000000000E+09   1.3571532700671542E+06   2.3916584212231696E-11   5.8296275406153928E-23   4.9738871951508972E+03
   1.1556770000000000E+09   1.3614393064419266E+06   2.3702662175378777E-11   5.7788254894748796E-23   4.9727329079269903E+03
   1.1576770000000000E+09   1.3657087754067187E+06   2.3491348353290152E-11   5.7286378355868228E-23   4.9715769334404076E+03
   1.1596770000000000E+09   1.3699617811049658E+06   2.3282604419904632E-11   5.6790551765636614E-23   4.9704196493644604E+03
   1.1616770000000000E+09   1.3741984255630602E+06   2.3076392695517551E-11   5.6300682846253278E-23   4.9692614249496628E+03
   1.1636770000000000E+09   1.3784188088781079E+06   2.2872676131934181E-11   5.5816681021533263E-23   4.9681026211471499E+03
   1.1656770000000000E+09   1.3826230294390831E+06   2.2671418297629671E-11   5.5338457372766046E-23   4.9669435907319339E+03
   1.1676770000000000E+09   1.3868111841798681E+06   2.2472583362953940E-11   5.4865924594969507E-23   4.9657846784263284E+03
   1.1696770000000000E+09   1.3909833688612937E+06   2.2276136085435926E-11   5.4398996953656762E-23   4.9646262210239220E+03
   1.1716770000000000E+09   1.3951396783778067E+06   2.2082041795258383E-11   5.3937590242276141E-23   4.9634685475143488E+03
   1.1736770000000000E+09   1.3992802070829780E+06   2.1890266380987112E-11   5.3481621740517772E-23   4.9623119792090356E+03
   1.1756770000000000E+09   1.4034050491266560E+06   2.1700776275651217E-11   5.3031010173711790E-23   4.9611568298681186E+03
   1.1776770000000000E+09   1.4075142987954179E+06   2.1513538443278086E-11   5.2585675673560994E-23   4.9600034058287747E+03
   1.1796770000000000E+09   1.4116080508470831E+06   2.1328520365987278E-11   5.2145539740458266E-23   4.9588520061347199E+03
   1.1816770000000000E+09   1.4156864008294467E+06   2.1145690031747724E-11   5.1710525207634892E-23   4.9577029226671257E+03
   1.1836770000000000E+09   1.4197494453733417E+06   2.0965015922890616E-11   5.1280556207364849E-23   4.9565564402765067E+03
   1.1856770000000000E+09   1.4237972824503717E+06   2.0786467005459437E-11   5.0855558139418416E-23   4.9554128369156260E+03
   1.1876770000000000E+09   1.4278300115865306E+06   2.0610012719456517E-11   5.0435457641911715E-23   4.9542723837728827E+03
   1.1896770000000000E+09   1.4318477340241754E+06   2.0435622970022874E-11   5.0020182564641354E-23   4.9531353454057780E+03
   1.1916770000000000E+09   1.4358505528263953E+06   2.0263268119563499E-11   4.9609661944932463E-23   4.9520019798742251E+03
   1.1936770000000000E+09   1.4398385729199520E+06   2.0092918980797451E-11   4.9203825985954488E-23   4.9508725388727935E+03
   1.1956770000000000E+09   1.4438119010750034E+06   1.9924546810689573E-11   4.8802606037396128E-23   4.9497472678617105E+03
   1.1976770000000000E+09   1.4477706458222400E+06   1.9758123305189560E-11   4.8405934578321208E-23   4.9486264061958173E+03
   1.1996770000000000E+09   1.4517149173102595E+06   1.9593620594683529E-11   4.8013745201972315E-23   4.9475101872510095E+03
   1.2016770000000000E+09   1.4556448271081427E+06   1.9431011240043581E-11   4.7625972602240487E-23   4.9463988385477696E+03
   1.2036770000000000E+09   1.4595604879601139E+06   1.9270268229145394E-11   4.7242552561483049E-23   4.9452925818710664E+03
   1.2056770000000000E+09   1.4634620135006628E+06   1.9111364973718080E-11   4.6863421939351204E-23   4.9441916333865693E+03
   1.2076770000000000E+09   1.4673495179397296E+06   1.8954275306385685E-11   4.6488518662280593E-23   4.9430962037526579E+03
   1.2096770000000000E+09   1.4712231157283450E+06   1.8798973477762659E-11   4.6117781713300909E-23   4.9420064982281119E+03
   1.2116770000000000E+09   1.4750829212154595E+06   1.8645434153473739E-11   4.5751151121840217E-23   4.9409227167753652E+03
   1.2136770000000000E+09   1.4789290483066868E+06   1.8493632410979471E-11   4.5388567953225287E-23   4.9398450541592747E+03
   1.2156770000000000E+09   1.4827616101352288E+06   1.8343543736104914E-11   4.5029974297616829E-23   4.9387737000415555E+03
   1.2176770000000000E+09   1.4865807187544578E+06   1.8195144019186681E-11   4.4675313258163092E-23   4.9377088390709068E+03
   1.2196770000000000E+09   1.4903864848604363E+06   1.8048409550775200E-11   4.4324528938205638E-23   4.9366506509691926E+03
   1.2216770000000000E+09   1.4941790175511693E+06   1.7903317016851614E-11   4.3977566427427443E-23   4.9355993106138985E+03
   1.2236770000000000E+09   1.4979584241276369E+06   1.7759843493542138E-11   4.3634371786890722E-23   4.9345549881172028E+03
   1.2256770000000000E+09   1.5017248099396550E+06   1.7617966441337532E-11   4.3294892032971631E-23   4.9335178489021573E+03
   1.2276770000000000E+09   1.5054782782776160E+06   1.7477663698846470E-11   4.2959075120253317E-23   4.9324880537762365E+03
   1.2296770000000000E+09   1.5092189303091224E+06   1.7338913476133640E-11   4.2626869923490663E-23   4.9314657590028964E+03
   1.2316770000000000E+09   1.5129468650577483E+06   1.7201694347707592E-11   4.2298226218799456E-23   4.9304511163713059E+03
   1.2336770000000000E+09   1.5166621794195829E+06   1.7065985245237572E-11   4.1973094664254112E-23   4.9294442732648986E+03
   1.2356770000000000E+09   1.5203649682122008E+06   1.6931765450081920E-11   4.1651426780092863E-23   4.9284453727287473E+03
   1.2376770000000000E+09   1.5240553242499458E+06   1.6799014585714871E-11   4.1333174928733931E-23   4.9274545535364923E+03
   1.2396770000000000E+09   1.5277333384393982E+06   1.6667712610130032E-11   4.1018292294795144E-23   4.9264719502564558E+03
   1.2416770000000000E+09   1.5313990998889862E+06   1.6537839808294704E-11   4.0706732865291850E-23   4.9254976933175449E+03
   1.2436770000000000E+09   1.5350526960273380E+06   1.6409376784715741E-11   4.0398451410161349E-23   4.9245319090747935E+03
   1.2456770000000000E+09   1.5386942127256684E+06   1.6282304456166885E-11   4.0093403463234221E-23   4.9235747198746112E+03
   1.2476770000000000E+09   1.5423237344203247E+06   1.6156604044615292E-11   3.9791545303744160E-23   4.9226262441197032E+03
   1.2496770000000000E+09   1.5459413442323599E+06   1.6032257070375198E-11   3.9492833938442083E-23   4.9216865963338250E+03
   1.2516770000000000E+09   1.5495471240817697E+06   1.5909245345506069E-11   3.9197227084358570E-23   4.9207558872260524E+03
   1.2536770000000000E+09   1.5531411547946043E+06   1.5787550967466443E-11   3.8904683152238823E-23   4.9198342237548432E+03
   1.2556770000000000E+09   1.5567235162017192E+06   1.5667156313027645E-11   3.8615161230661417E-23   4.9189217091916098E+03
   1.2576770000000000E+09   1.5602942872283554E+06   1.5548044032446701E-11   3.8328621070837895E-23   4.9180184431838279E+03
   1.2596770000000000E+09   1.5638535459740867E+06   1.5430197043895014E-11   3.8045023072082739E-23   4.9171245218177974E+03
   1.2616770000000000E+09   1.5674013697830010E+06   1.5313598528134387E-11   3.7764328267935193E-23   4.9162400376806445E+03
   1.2636770000000000E+09   1.5709378353041180E+06   1.5198231923432715E-11   3.7486498312910102E-23   4.9153650799219031E+03
   1.2656770000000000E+09   1.5744630185422143E+06   1.5084080920708142E-11   3.7211495469852183E-23   4.9144997343142995E+03
   1.2676770000000000E+09   1.5779769948992003E+06   1.4971129458892362E-11   3.6939282597868065E-23   4.9136440833139350E+03
   1.2696770000000000E+09   1.5814798392062078E+06   1.4859361720502648E-11   3.6669823140810527E-23   4.9127982061197063E+03
   1.2716770000000000E+09   1.5849716257464557E+06   1.4748762127413506E-11   3.6403081116291193E-23   4.9119621787319993E+03
   1.2736770000000000E+09   1.5884524282689628E+06   1.4639315336818167E-11   3.6139021105197333E-23   4.9111360740105429E+03
   1.2756770000000000E+09   1.5919223199931290E+06   1.4531006237371409E-11   3.5877608241689717E-23   4.9103199617315368E+03
   1.2776770000000000E+09   1.5953813736042655E+06   1.4423819945503377E-11   3.5618808203656353E-23   4.9095139086438940E+03
   1.2796770000000000E+09   1.5988296612402243E+06   1.4317741801894331E-11   3.5362587203595867E-23   4.9087179785246153E+03
   1.2816770000000000E+09   1.6022672544693563E+06   1.4212757368098911E-11   3.5108911979902028E-23   4.9079322322332109E+03
   1.2836770000000000E+09   1.6056942242600797E+06   1.4108852423308842E-11   3.4857749788520236E-23   4.9071567277652557E+03
   1.2856770000000000E+09   1.6091106409424411E+06   1.4006012961241376E-11   3.4609068394945096E-23   4.9063915203048855E+03
   1.2876770000000000E+09   1.6125165741619945E+06   1.3904225187142526E-11   3.4362836066529914E-23   4.9056366622763462E+03
   1.2896770000000000E+09   1.6159120928263534E+06   1.3803475514893228E-11   3.4119021565079081E-23   4.9048922033944355E+03
   1.2916770000000000E+09   1.6192972650446047E+06   1.3703750564209364E-11   3.3877594139698437E-23   4.9041581907140198E+03
   1.2936770000000000E+09   1.6226721580596508E+06   1.3605037157926691E-11   3.3638523519882302E-23   4.9034346686783592E+03
   1.2956770000000000E+09   1.6260368381732493E+06   1.3507322319365706E-11   3.3401779908822246E-23   4.9027216791664814E+03
   1.2976770000000000E+09   1.6293913706633085E+06   1.3410593269772864E-11   3.3167333976928421E-23   4.9020192615394790E+03
   1.2996770000000000E+09   1.6327358196928457E+06   1.3314837425836761E-11   3.2935156855557861E-23   4.9013274526859313E+03
   1.3016770000000000E+09   1.6360702482102381E+06   1.3220042397276811E-11   3.2705220130941751E-23   4.9006462870665800E+03
   1.3036770000000000E+09   1.6393947178413402E+06   1.3126195984495416E-11   3.2477495838288408E-23   4.8999757967582818E+03
   1.3056770000000000E+09   1.6427092887759681E+06   1.3033286176272711E-11   3.2251956456006976E-23   4.8993160114976135E+03
   1.3076770000000000E+09   1.6460140196546649E+06   1.2941301147459610E-11   3.2028574899940479E-23   4.8986669587242804E+03
   1.3096770000000000E+09   1.6493089674667171E+06   1.2850229256590865E-11   3.1807324517416184E-23   4.8980286636239589E+03
   1.3116770000000000E+09   1.6525941874767104E+06   1.2760059043301734E-11   3.1588179080821634E-23   4.8974011491709380E+03
   1.3136770000000000E+09   1.6558697332040383E+06   1.2670779225385199E-11   3.1371112780308909E-23   4.8967844361694333E+03
   1.3156770000000000E+09   1.6591356564855636E+06   1.2582378695297604E-11   3.1156100215152715E-23   4.8961785432930574E+03
   1.3176770000000000E+09   1.6623920076539682E+06   1.2494846515913079E-11   3.0943116383274712E-23   4.8955834871210618E+03
   1.3196770000000000E+09   1.6656388358596258E+06   1.2408171915373146E-11   3.0732136668556099E-23   4.8949992821704618E+03
   1.3216770000000000E+09   1.6688761895493770E+06   1.2322344280986262E-11   3.0523136825826641E-23   4.8944259409234983E+03
   1.3236770000000000E+09   1.6721041170895563E+06   1.2237353152315980E-11   3.0316092963864951E-23   4.8938634738512974E+03
   1.3256770000000000E+09   1.6753226674844034E+06   1.2153188213839569E-11   3.0110981527334851E-23   4.8933118894367644E+03
   1.3276770000000000E+09   1.6785318911004812E+06   1.2069839287815178E-11   2.9907779279208526E-23   4.8927711942015421E+03
   1.3296770000000000E+09   1.6817318402733982E+06   1.1987296328195242E-11   2.9706463285712235E-23   4.8922413927439611E+03
   1.3316770000000000E+09   1.6849225696591111E+06   1.1905549416471249E-11   2.9507010905955734E-23   4.8917224877942417E+03
   1.3336770000000000E+09   1.6881041362119212E+06   1.1824588760150513E-11   2.9309399787968732E-23   4.8912144802905877E+03
   1.3356770000000000E+09   1.6912765987321993E+06   1.1744404694115918E-11   2.9113607871791548E-23   4.8907173694736466E+03
   1.3376770000000000E+09   1.6944400170234519E+06   1.1664987684458585E-11   2.8919613398677637E-23   4.8902311529883855E+03
   1.3396770000000000E+09   1.6975944508087735E+06   1.1586328333664977E-11   2.8727394923743939E-23   4.8897558269756273E+03
   1.3416770000000000E+09   1.7007399586455054E+06   1.1508417385518326E-11   2.8536931328123140E-23   4.8892913861322058E+03
   1.3436770000000000E+09   1.7038765971045285E+06   1.1431245727993330E-11   2.8348201826427199E-23   4.8888378237245988E+03
   1.3456770000000000E+09   1.7070044204213070E+06   1.1354804392913785E-11   2.8161185966460744E-23   4.8883951315549029E+03
   1.3476770000000000E+09   1.7101234806835894E+06   1.1279084552142377E-11   2.7975863620483370E-23   4.8879632998984316E+03
   1.3496770000000000E+09   1.7132338284386469E+06   1.1204077511254706E-11   2.7792214970171720E-23   4.8875423174478337E+03
   1.3516770000000000E+09   1.7163355134519669E+06   1.1129774702551399E-11   2.7610220489656834E-23   4.8871321713030347E+03
   1.3536770000000000E+09   1.7194285853011862E+06   1.1056167679437926E-11   2.7429860931553515E-23   4.8867328470302064E+03
   1.3556770000000000E+09   1.7225130935768529E+06   1.0983248113503445E-11   2.7251117319349466E-23   4.8863443287818027E+03
   1.3576770000000000E+09   1.7255890876544982E+06   1.0911007794325085E-11   2.7073970946465821E-23   4.8859665994366451E+03
   1.3596770000000000E+09   1.7286566162095089E+06   1.0839438630737333E-11   2.6898403379180535E-23   4.8855996407035846E+03
   1.3616770000000000E+09   1.7317157267589888E+06   1.0768532651717400E-11   2.6724396459039060E-23   4.8852434331482100E+03
   1.3636770000000000E+09   1.7347664654697962E+06   1.0698282005472399E-11   2.6551932301214581E-23   4.8848979561440201E+03
   1.3656770000000000E+09   1.7378088772959213E+06   1.0628678956513675E-11   2.6380993288006442E-23   4.8845631877957994E+03
   1.3676770000000000E+09   1.7408430063102434E+06   1.0559715881717216E-11   2.6211562059596251E-23   4.8842391049006374E+03
   1.3696770000000000E+09   1.7438688960007962E+06   1.0491385266835913E-11   2.6043621505488789E-23   4.8839256829878759E+03
   1.3716770000000000E+09   1.7468865893665480E+06   1.0423679704383160E-11   2.5877154759015631E-23   4.8836228964236961E+03
   1.3736770000000000E+09   1.7498961288158116E+06   1.0356591892709585E-11   2.5712145194791018E-23   4.8833307185204649E+03
   1.3756770000000000E+09   1.7528975560119993E+06   1.0290114635286348E-11   2.5548576426993849E-23   4.8830491215893962E+03
   1.3776770000000000E+09   1.7558909118219907E+06   1.0224240839277208E-11   2.5386432306258835E-23   4.8827780769219871E+03
   1.3796770000000000E+09   1.7588762364068239E+06   1.0158963513278559E-11   2.5225696914641488E-23   4.8825175547424942E+03
   1.3816770000000000E+09   1.7618535693597267E+06   1.0094275764894169E-11   2.5066354560007085E-23   4.8822675241895258E+03
   1.3836770000000000E+09   1.7648229497533687E+06   1.0030170798932328E-11   2.4908389771736619E-23   4.8820279533404992E+03
   1.3856770000000000E+09   1.7677844160110431E+06   9.9666419165097923E-12   2.4751787298816316E-23   4.8817988092099095E+03
   1.3876770000000000E+09   1.7707380055307853E+06   9.9036825150282003E-12   2.4596532111007126E-23   4.8815800575652911E+03
   1.3896770000000000E+09   1.7736837537351083E+06   9.8412860899830634E-12   2.4442609406832168E-23   4.8813716622827251E+03
   1.3916770000000000E+09   1.7766216913420421E+06   9.7794462432855401E-12   2.4290004642702606E-23   4.8811735836804810E+03
   1.3936770000000000E+09   1.7795518364197616E+06   9.7181567122747047E-12   2.4138703624113300E-23   4.8809857746320231E+03
   1.3956770000000000E+09   1.7824741724553676E+06   9.6574114569160674E-12   2.3988692762749314E-23   4.8808081721883282E+03
   1.3976770000000000E+09   1.7853885916609187E+06   9.5972048974969934E-12   2.3839959744251523E-23   4.8806406813633512E+03
   1.3996770000000000E+09   1.7882947583345666E+06   9.5375325114780703E-12   2.3692495136427478E-23   4.8804831484087708E+03
   1.4016770000000000E+09   1.7911918047916037E+06   9.4783922085570138E-12   2.3546295958527223E-23   4.8803353274036017E+03
   1.4036770000000000E+09   1.7940777164705012E+06   9.4197871951288107E-12   2.3401372872768334E-23   4.8801968619871304E+03
   1.4056770000000000E+09   1.7969482291487430E+06   9.3617312382294475E-12   2.3257763021244176E-23   4.8800673329450337E+03
   1.4076770000000000E+09   1.7997951442491403E+06   9.3042568405218507E-12   2.3115549501066151E-23   4.8799464333669785E+03
   1.4096770000000000E+09   1.8026043043677902E+06   9.2474250433494633E-12   2.2974884451219721E-23   4.8798342427372354E+03
   1.4116770000000000E+09   1.8053540584229489E+06   9.1913322159382754E-12   2.2836005740708412E-23   4.8797312785573049E+03
   1.4136770000000000E+09   1.8080152981843080E+06   9.1361072938852422E-12   2.2699234129592652E-23   4.8796376460369211E+03
   1.4156770000000000E+09   1.8105525533746204E+06   9.0819012544424105E-12   2.2564956204139209E-23   4.8795510613486222E+03
   1.4176770000000000E+09   1.8129211343671123E+06   9.0288969895327450E-12   2.2433651230789046E-23   4.8794662760816836E+03
   1.4196770000000000E+09   1.8150525170361092E+06   8.9773891305288561E-12   2.2306055507358814E-23   4.8793824307339355E+03
   1.4216770000000000E+09   1.8168342341058359E+06   8.9279116279051736E-12   2.2183401157486214E-23   4.8793203915256381E+03
   1.4236770000000000E+09   1.8181306889209838E+06   8.8811567356494033E-12   2.2067203128109829E-23   4.8793259195409855E+03
   1.4256770000000000E+09   1.8189044357729482E+06   8.8373211080092328E-12   2.1957889990770678E-23   4.8794134271490129E+03
   1.4276770000000000E+09   1.8193667551814718E+06   8.7952523391811309E-12   2.1853042299487661E-23   4.8794849629792207E+03
   1.4296770000000000E+09   1.8198998298190890E+06   8.7529039626447286E-12   2.1748213590988278E-23   4.8793970592507085E+03
   1.4316770000000000E+09   1.8206908901413961E+06   8.7094545859861032E-12   2.1641166452880727E-23   4.8791916805756000E+03
   1.4336770000000000E+09   1.8216839701539781E+06   8.6652076806968521E-12   2.1532520643962948E-23   4.8788974535556517E+03
   1.4356770000000000E+09   1.8221022545303132E+06   8.6249631548608839E-12   2.1431438036619316E-23   4.8791427201436018E+03
   6.5767700000000000E+08  -1.4672754110989933E+03   4.6973336126149251E-15   1.9854653169334484E-25   1.1389935677128119E+03
   6.5967700000000000E+08  -1.4661682764839443E+03   7.8665243416748573E-15   3.2001544987024254E-25   1.1834342000744255E+03
   6.6167700000000000E+08  -1.5641844787017201E+03   1.2769806287121963E-14   5.0590804260025641E-25   1.2151919852926228E+03
   6.6367700000000000E+08  -1.7211813940402610E+03   2.0313112856586781E-14   7.8993494915421118E-25   1.2379905326350920E+03
   6.6567700000000000E+08  -1.7593151056539245E+03   3.1930929341149360E-14   1.2246541780712400E-24   1.2552500898263370E+03
   6.6767700000000000E+08  -1.7514856960104437E+03   5.0001110996382079E-14   1.8961216889661588E-24   1.2695377496081232E+03
   6.6967700000000000E+08  -1.7953691979026987E+03   7.8794661524572141E-14   2.9570466103963151E-24   1.2828349840255753E+03
   6.7167700000000000E+08  -1.9117779626043234E+03   1.2625175360800509E-13   4.6921272376226706E-24   1.2953878206768923E+03
   6.7367700000000000E+08  -1.9507888169016842E+03   2.0565649326476898E-13   7.5877761138264659E-24   1.3048484950922057E+03
   6.7567700000000000E+08  -1.7006601989791079E+03   3.3396405625279526E-13   1.2284676362348174E-23   1.3087846072305169E+03
   6.7767700000000000E+08  -1.1050324027370966E+03   5.2407417784287244E-13   1.9292569045752171E-23   1.3077805359336403E+03
   6.7967700000000000E+08  -2.7365206209667838E+02   7.7439483304855698E-13   2.8575581059059088E-23   1.3046666087031360E+03
   6.8167700000000000E+08   6.4844011141573196E+02   1.0643691651691230E-12   3.9348846642056079E-23   1.3022442489775253E+03
   6.8367700000000000E+08   1.5599826726993142E+03   1.3612467716109033E-12   5.0302788165770863E-23   1.3027976784451873E+03
   6.8567700000000000E+08   2.4116030885376599E+03   1.6338402170127175E-12   6.0085312123349574E-23   1.3091018342063733E+03
   6.8767700000000000E+08   3.1791622552671952E+03   1.8639642046862408E-12   6.7701852614525220E-23   1.3254678124171492E+03
   6.8967700000000000E+08   3.8297362436260655E+03   2.0494811899413478E-12   7.2687926374810891E-23   1.3574187006913783E+03
   6.9167700000000000E+08   4.3156265250461402E+03   2.1992655517838090E-12   7.5117729392944311E-23   1.4095074986040893E+03
   6.9367700000000000E+08   4.6178594616669998E+03   2.3248076862264940E-12   7.5502863843849600E-23   1.4823671383794731E+03
   6.9567700000000000E+08   4.7884926568287392E+03   2.4328650529229343E-12   7.4491221288425111E-23   1.5723350519882154E+03
   6.9767700000000000E+08   4.9470472239647270E+03   2.5253474883522308E-12   7.2666088710782727E-23   1.6730985843532389E+03
   6.9967700000000000E+08   5.2452295006445511E+03   2.6020970019689240E-12   7.0453525852916240E-23   1.7780866485147715E+03
   7.0167700000000000E+08   5.8248487374456572E+03   2.6631195323423970E-12   6.8119451439649838E-23   1.8821389780682548E+03
   7.0367700000000000E+08   6.7896262856159319E+03   2.7093636390573001E-12   6.5812302546787227E-23   1.9819485823176690E+03
   7.0567700000000000E+08   8.1942950342071672E+03   2.7425103416829069E-12   6.3606315175878852E-23   2.0757746691495026E+03
   7.0767700000000000E+08   1.0046007041032370E+04   2.7644729120819582E-12   6.1531614712695942E-23   2.1629485932624671E+03
   7.0967700000000000E+08   1.2312916892157522E+04   2.7770004531339941E-12   5.9592841856253203E-23   2.2434377581155591E+03
   7.1167700000000000E+08   1.4935949685880334E+04   2.7814875769504078E-12   5.7780610778584128E-23   2.3175396182976619E+03
   7.1367700000000000E+08   1.7840829522282300E+04   2.7789507162867323E-12   5.6078753092394401E-23   2.3856936087840240E+03
   7.1567700000000000E+08   2.0948843900354772E+04   2.7700990282337894E-12   5.4468949402342763E-23   2.4483779923570278E+03
   7.1767700000000000E+08   2.4182680165334776E+04   2.7554211560743474E-12   5.2933317385904382E-23   2.5060575895793795E+03
   7.1967700000000000E+08   2.7470053838007636E+04   2.7352567381883685E-12   5.1455644223477628E-23   2.5591588713190013E+03
   7.2167700000000000E+08   3.0748825374687262E+04   2.7098793493390074E-12   5.0022365529222915E-23   2.6080619366070009E+03
   7.2367700000000000E+08   3.3969116648337193E+04   2.6795703042998769E-12   4.8623136927559940E-23   2.6531044807117328E+03
   7.2567700000000000E+08   3.7093150286226082E+04   2.6446552251715279E-12   4.7250739356846657E-23   2.6945895728897344E+03
   7.2767700000000000E+08   4.0094738755588791E+04   2.6055185489877106E-12   4.5900732852774074E-23   2.7327928996060828E+03
   7.2967700000000000E+08   4.2958164781632484E+04   2.5626041585624401E-12   4.4571006209109913E-23   2.7679692355514312E+03
   7.3167700000000000E+08   4.5676729346276683E+04   2.5164057524206574E-12   4.3261276782006224E-23   2.8003576903221883E+03
   7.3367700000000000E+08   4.8251112311641511E+04   2.4674506375351183E-12   4.1972586733158610E-23   2.8301855470606961E+03
   7.3567700000000000E+08   5.0687672961947646E+04   2.4162801691871894E-12   4.0706830057777424E-23   2.8576706629753530E+03
   7.3767700000000000E+08   5.2996806152283018E+04   2.3634297082489593E-12   3.9466337177408412E-23   2.8830225495781010E+03
   7.3967700000000000E+08   5.5191453319732711E+04   2.3094104597773167E-12   3.8253535658774982E-23   2.9064423797303784E+03
   7.4167700000000000E+08   5.7285842785354704E+04   2.2546948676670232E-12   3.7070696160926682E-23   2.9281222539549740E+03
   7.4367700000000000E+08   5.9294497226390267E+04   2.1997064475408810E-12   3.5919763049723889E-23   2.9482440824419928E+03
   7.4567700000000000E+08   6.1231512273578133E+04   2.1448141673453752E-12   3.4802260658483971E-23   2.9669784034216132E+03
   7.4767700000000000E+08   6.3110081656266811E+04   2.0903308914632353E-12   3.3719260738215679E-23   2.9844833819297510E+03
   7.4967700000000000E+08   6.4942226770344147E+04   2.0365150449407459E-12   3.2671394458685350E-23   3.0009041391723517E+03
   7.5167700000000000E+08   6.6738681738150481E+04   1.9835745292947815E-12   3.1658892990489310E-23   3.0163724736412041E+03
   7.5367700000000000E+08   6.8508886817114893E+04   1.9316719749933469E-12   3.0681643228550640E-23   3.0310069649460515E+03
   7.5567700000000000E+08   7.0261050063549934E+04   1.8809305755022469E-12   2.9739248566316082E-23   3.0449134055664122E+03
   7.5767700000000000E+08   7.2002246384751692E+04   1.8314399473673387E-12   2.8831087968712602E-23   3.0581854831754440E+03
   7.5967700000000000E+08   7.3738532259075175E+04   1.7832616531662038E-12   2.7956369421199364E-23   3.0709056317659647E+03
   7.6167700000000000E+08   7.5475062186816242E+04   1.7364341836205483E-12   2.7114175952472860E-23   3.0831459772142571E+03
   7.6367700000000000E+08   7.7216198870082982E+04   1.6909773130886697E-12   2.6303503849017750E-23   3.0949693164191599E+03
   7.6567700000000000E+08   7.8965613245984452E+04   1.6468958212428808E-12   2.5523293520940419E-23   3.1064300844449194E+03
   7.6767700000000000E+08   8.0726373118828153E+04   1.6041826203804924E-12   2.4772453895923662E-23   3.1175752784501315E+03
   7.6967700000000000E+08   8.2501020639447364E+04   1.5628213512414575E-12   2.4049881357233564E-23   3.1284453192132405E+03
   7.7167700000000000E+08   8.4291639623612471E+04   1.5227885182927266E-12   2.3354474217801478E-23   3.1390748403306093E+03
   7.7367700000000000E+08   8.6099913974619718E+04   1.4840552343515599E-12   2.2685143616700598E-23   3.1494934018011832E+03
   7.7567700000000000E+08   8.7927178484306351E+04   1.4465886385060370E-12   2.2040821588458741E-23   3.1597261291385657E+03
   7.7767700000000000E+08   8.9774463167504728E+04   1.4103530433596342E-12   2.1420466919037342E-23   3.1697942818659144E+03
   7.7967700000000000E+08   9.1642532118838484E+04   1.3753108593375221E-12   2.0823069279468233E-23   3.1797157567235931E+03
   7.8167700000000000E+08   9.3531917712046285E+04   1.3414233360232700E-12   2.0247652024455180E-23   3.1895055315485083E+03
   7.8367700000000000E+08   9.5442950811443341E+04   1.3086511536327569E-12   1.9693273959072724E-23   3.1991760558699398E+03
   7.8567700000000000E+08   9.7375787539685727E+04   1.2769548918815692E-12   1.9159030310004516E-23   3.2087375940286770E+03
   7.8767700000000000E+08   9.9330433045678554E+04   1.2462953986188564E-12   1.8644053085682775E-23   3.2181985262140156E+03
   7.8967700000000000E+08   1.0130676263801263E+05   1.2166340765749397E-12   1.8147510969321799E-23   3.2275656123235344E+03
   7.9167700000000000E+08   1.0330454058857243E+05   1.1879331032734418E-12   1.7668608857617772E-23   3.2368442230443638E+03
   7.9367700000000000E+08   1.0532343686394230E+05   1.1601555964661185E-12   1.7206587133705268E-23   3.2460385420654366E+03
   7.9567700000000000E+08   1.0736304200556979E+05   1.1332657352500791E-12   1.6760720744158825E-23   3.2551517428766570E+03
   7.9767700000000000E+08   1.0942288035062351E+05   1.1072288452292541E-12   1.6330318135126558E-23   3.2641861432002247E+03
   7.9967700000000000E+08   1.1150242176212811E+05   1.0820114546088486E-12   1.5914720091119427E-23   3.2731433397335240E+03
   8.0167700000000000E+08   1.1360109201777419E+05   1.0575813269010462E-12   1.5513298510826384E-23   3.2820243255596333E+03
   8.0367700000000000E+08   1.1571828199072595E+05   1.0339074749232256E-12   1.5125455147038823E-23   3.2908295922978032E+03
   8.0567700000000000E+08   1.1785335574202055E+05   1.0109601599467197E-12   1.4750620331938075E-23   3.2995592188178157E+03
   8.0767700000000000E+08   1.2000565763223641E+05   9.8871087917278958E-13   1.4388251704314633E-23   3.3082129481246880E+03
   8.0967700000000000E+08   1.2217451854961358E+05   9.6713234414769200E-13   1.4037832951512080E-23   3.3167902538300414E+03
   8.1167700000000000E+08   1.2435926134245370E+05   9.4619845225970442E-13   1.3698872575837754E-23   3.3252903974598685E+03
   8.1367700000000000E+08   1.2655920553523621E+05   9.2588425307124499E-13   1.3370902692715486E-23   3.3337124777025051E+03
   8.1567700000000000E+08   1.2877367140027897E+05   9.0616591091529535E-13   1.3053477865865652E-23   3.3420554725720349E+03
   8.1767700000000000E+08   1.3100198344994261E+05   8.8702066491553296E-13   1.2746173983183646E-23   3.3503182753497722E+03
   8.1967700000000000E+08   1.3324347340805840E+05   8.6842678736660161E-13   1.2448587175710026E-23   3.3584997250667157E+03
   8.2167700000000000E+08   1.3549748271378336E+05   8.5036354122467075E-13   1.2160332781045785E-23   3.3665986322022136E+03
   8.2367700000000000E+08   1.3776336460592187E+05   8.3281113730600647E-13   1.1881044351768843E-23   3.3746138001965473E+03
   8.2567700000000000E+08   1.4004048583138722E+05   8.1575069166471325E-13   1.1610372708774072E-23   3.3825440433066956E+03
   8.2767700000000000E+08   1.4232822801747051E+05   7.9916418351822102E-13   1.1347985038993379E-23   3.3903882012739336E+03
   8.2967700000000000E+08   1.4462598874424293E+05   7.8303441400498047E-13   1.1093564036600291E-23   3.3981451512186122E+03
   8.3167700000000000E+08   1.4693318235039787E+05   7.6734496599194556E-13   1.0846807086571523E-23   3.4058138171300852E+03
   8.3367700000000000E+08   1.4924924050343642E+05   7.5208016509519209E-13   1.0607425489317070E-23   3.4133931772781871E+03
   8.3567700000000000E+08   1.5157361256288344E+05   7.3722504203466010E-13   1.0375143725007741E-23   3.4208822698356898E+03
   8.3767700000000000E+08   1.5390576576334515E+05   7.2276529641076111E-13   1.0149698756197043E-23   3.4282801969685870E+03
   8.3967700000000000E+08   1.5624518524266398E+05   7.0868726196389116E-13   9.9308393673294462E-24   3.4355861276221790E+03
   8.4167700000000000E+08   1.5859137393880935E+05   6.9497787335747206E-13   9.7183255397553607E-24   3.4427992992051545E+03
   8.4367700000000000E+08   1.6094385237767632E+05   6.8162463450844490E-13   9.5119278609069468E-24   3.4499190183508499E+03
   8.4567700000000000E+08   1.6330215837243819E+05   6.6861558847532653E-13   9.3114269663234790E-24   3.4569446609142910E+03
   8.4767700000000000E+08   1.6566584665348366E+05   6.5593928890211185E-13   9.1166130132450455E-24   3.4638756713448452E+03
   8.4967700000000000E+08   1.6803448844623929E+05   6.4358477300557818E-13   8.9272851845108239E-24   3.4707115615573048E+03
   8.5167700000000000E+08   1.7040767101231290E+05   6.3154153608354199E-13   8.7432512215028655E-24   3.4774519094086463E+03
   8.5367700000000000E+08   1.7278499716740521E+05   6.1979950751206280E-13   8.5643269848678255E-24   3.4840963568734005E+03
   8.5567700000000000E+08   1.7516608478742614E+05   6.0834902819017962E-13   8.3903360417269575E-24   3.4906446079972388E+03
   8.5767700000000000E+08   1.7755056631217152E+05   5.9718082938194109E-13   8.2211092780561725E-24   3.4970964266964115E+03
   8.5967700000000000E+08   1.7993808825383850E+05   5.8628601289735339E-13   8.0564845348882140E-24   3.5034516344593535E+03
   8.6167700000000000E+08   1.8232831071578257E+05   5.7565603254639783E-13   7.8963062669577266E-24   3.5097101079966988E+03
   8.6367700000000000E+08   1.8472090692511870E+05   5.6528267679421384E-13   7.7404252223897085E-24   3.5158717768767387E+03
   8.6567700000000000E+08   1.8711556278129335E+05   5.5515805254065952E-13   7.5886981420195529E-24   3.5219366211753063E+03
   8.6767700000000000E+08   1.8951197642134997E+05   5.4527456994474301E-13   7.4409874769435582E-24   3.5279046691618855E+03
   8.6967700000000000E+08   1.9190985780171098E+05   5.3562492821293036E-13   7.2971611229197009E-24   3.5337759950376580E+03
   8.7167700000000000E+08   1.9430892829556615E+05   5.2620210227088959E-13   7.1570921702813335E-24   3.5395507167362121E+03
   8.7367700000000000E+08   1.9670892030438816E+05   5.1699933024084433E-13   7.0206586680925817E-24   3.5452289937933388E+03
   8.7567700000000000E+08   1.9910957688206868E+05   5.0801010165009802E-13   6.8877434013453262E-24   3.5508110252893198E+03
   8.7767700000000000E+08   2.0151065136996846E+05   4.9922814630186423E-13   6.7582336800948632E-24   3.5562970478645293E+03
   8.7967700000000000E+08   2.0391190704139924E+05   4.9064742374548696E-13   6.6320211395293244E-24   3.5616873338075502E+03
   8.8167700000000000E+08   2.0631311675434496E+05   4.8226211328978483E-13   6.5090015500722343E-24   3.5669821892138857E+03
   8.8367700000000000E+08   2.0871406261146473E+05   4.7406660451056890E-13   6.3890746367279922E-24   3.5721819522127753E+03
   8.8567700000000000E+08   2.1111453562703851E+05   4.6605548820991348E-13   6.2721439069775142E-24   3.5772869912593578E+03
   8.8767700000000000E+08   2.1351433540120439E+05   4.5822354779130394E-13   6.1581164866266422E-24   3.5822977034897071E+03
   8.8967700000000000E+08   2.1591326980357716E+05   4.5056575101948530E-13   6.0469029630788706E-24   3.5872145131368015E+03
   8.9167700000000000E+08   2.1831115467189156E+05   4.4307724213668104E-13   5.9384172355461101E-24   3.5920378700067927E+03
   8.9367700000000000E+08   2.2070781354019212E+05   4.3575333430420769E-13   5.8325763716769828E-24   3.5967682480178833E+03
   8.9567700000000000E+08   2.2310307743056671E+05   4.2858950232719577E-13   5.7293004699277866E-24   3.6014061438104718E+03
   8.9767700000000000E+08   2.2549678478372839E+05   4.2158137559164158E-13   5.6285125266090451E-24   3.6059520754510218E+03
   8.9967700000000000E+08   2.2788878168260164E+05   4.1472473108714147E-13   5.5301383057681255E-24   3.6104065812805361E+03
   9.0167700000000000E+08   2.3027892265415197E+05   4.0801548629838509E-13   5.4341062088132664E-24   3.6147702190124992E+03
   9.0367700000000000E+08   2.3266707250984811E+05   4.0144969163526591E-13   5.3403471391922221E-24   3.6190435652765786E+03
   9.0567700000000000E+08   2.3505310981834659E+05   3.9502352200814844E-13   5.2487943564837603E-24   3.6232272159362492E+03
   9.0767700000000000E+08   2.3743693245268473E+05   3.8873326732286542E-13   5.1593833163980380E-24   3.6273217876466829E+03
   9.0967700000000000E+08   2.3981846476148797E+05   3.8257532238914616E-13   5.0720515027700221E-24   3.6313279211526960E+03
   9.1167700000000000E+08   2.4219766374799883E+05   3.7654617833681469E-13   4.9867382792540686E-24   3.6352462865257116E+03
   9.1367700000000000E+08   2.4457451818895826E+05   3.7064242001750147E-13   4.9033848210095967E-24   3.6390775895908687E+03
   9.1567700000000000E+08   2.4694903153127566E+05   3.6486073572962305E-13   4.8219342129590578E-24   3.6428225770193912E+03
   9.1767700000000000E+08   2.4932118093728813E+05   3.5919794386653210E-13   4.7423317799980010E-24   3.6464820353792093E+03
   9.1967700000000000E+08   2.5169085654731782E+05   3.5365103204238516E-13   4.6645255953815609E-24   3.6500567783939650E+03
   9.2167700000000000E+08   2.5405780773084567E+05   3.4821718787739171E-13   4.5884668941488254E-24   3.6535476192895435E+03
   9.2367700000000000E+08   2.5642164345933578E+05   3.4289378687666966E-13   4.5141099293210628E-24   3.6569553331538464E+03
   9.2567700000000000E+08   2.5878192468792803E+05   3.3767831114635353E-13   4.4414109087643954E-24   3.6602806252725841E+03
   9.2767700000000000E+08   2.6113832681471540E+05   3.3256821827941163E-13   4.3703262479604922E-24   3.6635241268786017E+03
   9.2967700000000000E+08   2.6349076927848818E+05   3.2756083844003488E-13   4.3008111578481724E-24   3.6666864292819159E+03
   9.3167700000000000E+08   2.6583940040517284E+05   3.2265339036339952E-13   4.2328197775342639E-24   3.6697681412032030E+03
   9.3367700000000000E+08   2.6818441984745790E+05   3.1784314910744262E-13   4.1663073175851885E-24   3.6727699321529740E+03
   9.3567700000000000E+08   2.7052585964280623E+05   3.1312764180866804E-13   4.1012326153835272E-24   3.6756925299236086E+03
   9.3767700000000000E+08   2.7286353376028413E+05   3.0850463491074278E-13   4.0375579953817737E-24   3.6785366762046942E+03
   9.3967700000000000E+08   2.7519723791465338E+05   3.0397193240416012E-13   3.9752466516327942E-24   3.6813030852540292E+03
   9.4167700000000000E+08   2.7752697092562722E+05   2.9952738291732474E-13   3.9142627194480367E-24   3.6839924484136313E+03
   9.4367700000000000E+08   2.7985288813423505E+05   2.9516924354596973E-13   3.8545759724510312E-24   3.6866054710511762E+03
   9.4567700000000000E+08   2.8217503909439617E+05   2.9089638510819523E-13   3.7961644576076575E-24   3.6891428874622507E+03
   9.4767700000000000E+08   2.8449319161136518E+05   2.8670784463141215E-13   3.7390086563952600E-24   3.6916054299739635E+03
   9.4967700000000000E+08   2.8680686103455193E+05   2.8260200769417599E-13   3.6830808592751804E-24   3.6939937829998507E+03
   9.5167700000000000E+08   2.8911542093171988E+05   2.7857608480742712E-13   3.6283383866829721E-24   3.6963085573590874E+03
   9.5367700000000000E+08   2.9141821303176350E+05   2.7462629381678271E-13   3.5747259975775870E-24   3.6985502881919060E+03
   9.5567700000000000E+08   2.9371558916724060E+05   2.7074893606009916E-13   3.5221899039593411E-24   3.7007194416395309E+03
   9.5767700000000000E+08   2.9600883952084248E+05   2.6694196426289868E-13   3.4706979608873157E-24   3.7028166003922338E+03
   9.5967700000000000E+08   2.9829841541259649E+05   2.6320467311758477E-13   3.4202354564708655E-24   3.7048426003548129E+03
   9.6167700000000000E+08   3.0058407043172547E+05   2.5953618431725300E-13   3.3707855726314067E-24   3.7067983396847685E+03
   9.6367700000000000E+08   3.0286565624387795E+05   2.5593522851068083E-13   3.3223266606034335E-24   3.7086846653132957E+03
   9.6567700000000000E+08   3.0514308440173016E+05   2.5240039074455586E-13   3.2748354022024333E-24   3.7105024026842257E+03
   9.6767700000000000E+08   3.0741630056680331E+05   2.4893021657439150E-13   3.2282881752993534E-24   3.7122523637677082E+03
   9.6967700000000000E+08   3.0968526553104742E+05   2.4552325666078641E-13   3.1826616201134009E-24   3.7139353531913921E+03
   9.7167700000000000E+08   3.1194994187159720E+05   2.4217808834260148E-13   3.1379329093746798E-24   3.7155521706449053E+03
   9.7367700000000000E+08   3.1421028291600250E+05   2.3889332922501416E-13   3.0940799167974794E-24   3.7171036108338058E+03
   9.7567700000000000E+08   3.1646622415490897E+05   2.3566764600294489E-13   3.0510813252450602E-24   3.7185904615717745E+03
   9.7767700000000000E+08   3.1871767908390303E+05   2.3249975783813021E-13   3.0089166653223871E-24   3.7200135006423207E+03
   9.7967700000000000E+08   3.2096454175460187E+05   2.2938843315348723E-13   2.9675662691033976E-24   3.7213734923276652E+03
   9.8167700000000000E+08   3.2320669622416841E+05   2.2633248049192209E-13   2.9270111466639748E-24   3.7226711847495994E+03
   9.8367700000000000E+08   3.2544402987284900E+05   2.2333073652134069E-13   2.8872328247106548E-24   3.7239073090314305E+03
   9.8567700000000000E+08   3.2767644594502274E+05   2.2038205526742678E-13   2.8482131999350590E-24   3.7250825806711550E+03
   9.8767700000000000E+08   3.2990387158678460E+05   2.1748530160145247E-13   2.8099344465606224E-24   3.7261977027486419E+03
   9.8967700000000000E+08   3.3212625986877491E+05   2.1463934992757349E-13   2.7723789909019457E-24   3.7272533700788395E+03
   9.9167700000000000E+08   3.3434358649857086E+05   2.1184308703251161E-13   2.7355295401692205E-24   3.7282502733121669E+03
   9.9367700000000000E+08   3.3655584349683096E+05   2.0909541674331120E-13   2.6993691355566494E-24   3.7291891022085047E+03
   9.9567700000000000E+08   3.3876303261380637E+05   2.0639526370884697E-13   2.6638811951124415E-24   3.7300705477379292E+03
   9.9767700000000000E+08   3.4096516113091144E+05   2.0374157407786315E-13   2.6290495174780554E-24   3.7308953031701712E+03
   9.9967700000000000E+08   3.4316224912768812E+05   2.0113330706926718E-13   2.5948581679218262E-24   3.7316640657459188E+03
   1.0016770000000000E+09   3.4535450768481137E+05   1.9856930507843951E-13   2.5612897905943643E-24   3.7323775491453844E+03
   1.0036770000000000E+09   3.4754456403453939E+05   1.9604670506463180E-13   2.5283051099834276E-24   3.7330364975404318E+03
   1.0056770000000000E+09   3.4973985164278670E+05   1.9355935387724250E-13   2.4958223199915893E-24   3.7336419742251487E+03
   1.0076770000000000E+09   3.5194474713388860E+05   1.9110351708783231E-13   2.4637902306907058E-24   3.7341961078539921E+03
   1.0096770000000000E+09   3.5415494836113031E+05   1.8868171760246996E-13   2.4322380947723383E-24   3.7347015819129815E+03
   1.0116770000000000E+09   3.5636312598715333E+05   1.8629947032436017E-13   2.4012343242150324E-24   3.7351603287660264E+03
   1.0136770000000000E+09   3.5856484961665404E+05   1.8396061081285577E-13   2.3708264426675136E-24   3.7355732029878513E+03
   1.0156770000000000E+09   3.6073996502917371E+05   1.8167199131846014E-13   2.3411012462607765E-24   3.7359405032613718E+03
   1.0176770000000000E+09   3.6289993271257740E+05   1.7942754024786642E-13   2.3119793758151859E-24   3.7362619641484830E+03
   1.0196770000000000E+09   3.6505279509649659E+05   1.7722125670293666E-13   2.2833828423007825E-24   3.7365366754779379E+03
   1.0216770000000000E+09   3.6719983825370111E+05   1.7505156897877551E-13   2.2552898765834767E-24   3.7367651853559055E+03
   1.0236770000000000E+09   3.6934133363979188E+05   1.7291759625462985E-13   2.2276876977642649E-24   3.7369479953215000E+03
   1.0256770000000000E+09   3.7147734684628790E+05   1.7081860849475785E-13   2.2005654820563824E-24   3.7370856733955925E+03
   1.0276770000000000E+09   3.7360789189585205E+05   1.6875390640078789E-13   2.1739128472551456E-24   3.7371788007568148E+03
   1.0296770000000000E+09   3.7573297758663795E+05   1.6672279076336549E-13   2.1477194623485820E-24   3.7372279612833581E+03
   1.0316770000000000E+09   3.7785262499736203E+05   1.6472455678889311E-13   2.1219749733030403E-24   3.7372337402717462E+03
   1.0336770000000000E+09   3.7996687617717701E+05   1.6275849472545675E-13   2.0966690086205999E-24   3.7371967255703607E+03
   1.0356770000000000E+09   3.8207580690341990E+05   1.6082388768273107E-13   2.0717911483424117E-24   3.7371175095748567E+03
   1.0376770000000000E+09   3.8417954890136124E+05   1.5892000336343488E-13   2.0473308140489439E-24   3.7369966924365822E+03
   1.0396770000000000E+09   3.8627831359211903E+05   1.5704608450821814E-13   2.0232771411901278E-24   3.7368348875008942E+03
   1.0416770000000000E+09   3.8837239813419594E+05   1.5520134901811483E-13   1.9996189750294186E-24   3.7366327290482241E+03
   1.0436770000000000E+09   3.9046215637681645E+05   1.5338500884995992E-13   1.9763451086239149E-24   3.7363908802368692E+03
   1.0456770000000000E+09   3.9254793408814853E+05   1.5159630677634359E-13   1.9534447532832464E-24   3.7361100373715667E+03
   1.0476770000000000E+09   3.9462998845438054E+05   1.4983455890814566E-13   1.9309080874379826E-24   3.7357909268896851E+03
   1.0496770000000000E+09   3.9670842205042072E+05   1.4809918639335652E-13   1.9087266705572368E-24   3.7354342939637504E+03
   1.0516770000000000E+09   3.9878315525334649E+05   1.4638972443090134E-13   1.8868935677770146E-24   3.7350408849555038E+03
   1.0536770000000000E+09   4.0085394380212575E+05   1.4470580684036068E-13   1.8654031599165007E-24   3.7346114282599528E+03
   1.0556770000000000E+09   4.0292043073595554E+05   1.4304713367512684E-13   1.8442507327657193E-24   3.7341466183219081E+03
   1.0576770000000000E+09   4.0498221255260811E+05   1.4141343356516912E-13   1.8234319946675358E-24   3.7336471060360682E+03
   1.0596770000000000E+09   4.0703889998193621E+05   1.3980443120108394E-13   1.8029426563571406E-24   3.7331134964061912E+03
   1.0616770000000000E+09   4.0909016092281387E+05   1.3821982588371661E-13   1.7827781502765365E-24   3.7325463523229723E+03
   1.0636770000000000E+09   4.1113574185866088E+05   1.3665928218829000E-13   1.7629335042579777E-24   3.7319462022262064E+03
   1.0656770000000000E+09   4.1317547074779565E+05   1.3512243039857947E-13   1.7434033406998129E-24   3.7313135492818928E+03
   1.0676770000000000E+09   4.1520924760480190E+05   1.3360887297753301E-13   1.7241819540885709E-24   3.7306488802127205E+03
   1.0696770000000000E+09   4.1723702921375923E+05   1.3211819352812434E-13   1.7052634216783869E-24   3.7299526726707541E+03
   1.0716770000000000E+09   4.1925881291303568E+05   1.3064996569659291E-13   1.6866417146199045E-24   3.7292254007316269E+03
   1.0736770000000000E+09   4.2127462238872953E+05   1.2920376061901335E-13   1.6683107913894653E-24   3.7284675385722649E+03
   1.0756770000000000E+09   4.2328449668569013E+05   1.2777915243250910E-13   1.6502646671187118E-24   3.7276795626493276E+03
   1.0776770000000000E+09   4.2528848249608272E+05   1.2637572194477124E-13   1.6324974597844626E-24   3.7268619527735091E+03
   1.0796770000000000E+09   4.2728662919863348E+05   1.2499305882062365E-13   1.6150034176703438E-24   3.7260151924458996E+03
   1.0816770000000000E+09   4.2927898594017758E+05   1.2363076270228248E-13   1.5977769333115300E-24   3.7251397687462932E+03
   1.0836770000000000E+09   4.3126560009810218E+05   1.2228844362950422E-13   1.5808125485353783E-24   3.7242361719791434E+03
   1.0856770000000000E+09   4.3324651660336542E+05   1.2096572203692815E-13   1.5641049541062395E-24   3.7233048952106019E+03
   1.0876770000000000E+09   4.3522177775814384E+05   1.1966222851796607E-13   1.5476489863780947E-24   3.7223464337761361E+03
   1.0896770000000000E+09   4.3719142331200675E+05   1.1837760347424425E-13   1.5314396224704560E-24   3.7213612848017806E+03
   1.0916770000000000E+09   4.3915549065527262E+05   1.1711149672004477E-13   1.5154719748550638E-24   3.7203499467595711E+03
   1.0936770000000000E+09   4.4111401505140949E+05   1.1586356707922765E-13   1.4997412858347900E-24   3.7193129190645468E+03
   1.0956770000000000E+09   4.4306702986870130E+05   1.1463348199331905E-13   1.4842429221566338E-24   3.7182507017139956E+03
   1.0976770000000000E+09   4.4501456679352699E+05   1.1342091714903814E-13   1.4689723698676696E-24   3.7171637949662972E+03
   1.0996770000000000E+09   4.4695665601931431E+05   1.1222555612827045E-13   1.4539252294551968E-24   3.7160526990555009E+03
   1.1016770000000000E+09   4.4889332641071785E+05   1.1104709008110731E-13   1.4390972112814438E-24   3.7149179139376029E+03
   1.1036770000000000E+09   4.5082460564509034E+05   1.0988521742148106E-13   1.4244841313088860E-24   3.7137599390646419E+03
   1.1056770000000000E+09   4.5275052033383888E+05   1.0873964354457643E-13   1.4100819071074038E-24   3.7125792731832639E+03
   1.1076770000000000E+09   4.5467109612628032E+05   1.0761008056499843E-13   1.3958865541317003E-24   3.7113764141546931E+03
   1.1096770000000000E+09   4.5658635779833217E+05   1.0649624707452873E-13   1.3818941822551894E-24   3.7101518587935388E+03
   1.1116770000000000E+09   4.5849632932777470E+05   1.0539786791828261E-13   1.3681009925461300E-24   3.7089061027231451E+03
   1.1136770000000000E+09   4.6040103395749605E+05   1.0431467398795573E-13   1.3545032742699969E-24   3.7076396402454966E+03
   1.1156770000000000E+09   4.6230049424775981E+05   1.0324640203080202E-13   1.3410974021013102E-24   3.7063529642238900E+03
   1.1176770000000000E+09   4.6419473211823846E+05   1.0219279447295228E-13   1.3278798335276155E-24   3.7050465659767460E+03
   1.1196770000000000E+09   4.6608376888013305E+05   1.0115359925574424E-13   1.3148471064289601E-24   3.7037209351811334E+03
   1.1216770000000000E+09   4.6796762525873177E+05   1.0012856968368961E-13   1.3019958368155623E-24   3.7023765597845822E+03
   1.1236770000000000E+09   4.6984632140648010E+05   9.9117464282805108E-14   1.2893227167075580E-24   3.7010139259239813E+03
   1.1256770000000000E+09   4.7171987690658559E+05   9.8120046668081360E-14   1.2768245121412758E-24   3.6996335178502836E+03
   1.1276770000000000E+09   4.7358831076734152E+05   9.7136085418891686E-14   1.2644980612867529E-24   3.6982358178579375E+03
   1.1296770000000000E+09   4.7545164140714396E+05   9.6165353961292349E-14   1.2523402726630907E-24   3.6968213062179366E+03
   1.1316770000000000E+09   4.7730988663068466E+05   9.5207630456136165E-14   1.2403481234377929E-24   3.6953904611134690E+03
   1.1336770000000000E+09   4.7916306359670166E+05   9.4262697692098792E-14   1.2285186577984579E-24   3.6939437585772566E+03
   1.1356770000000000E+09   4.8101118877824704E+05   9.3330342982709128E-14   1.2168489853850367E-24   3.6924816724296998E+03
   1.1376770000000000E+09   4.8285427791646071E+05   9.2410358066666086E-14   1.2053362797732642E-24   3.6910046742171198E+03
   1.1396770000000000E+09   4.8469234596956713E+05   9.1502539010706400E-14   1.1939777769995998E-24   3.6895132331494260E+03
   1.1416770000000000E+09   4.8652540705894522E+05   9.0606686114477319E-14   1.1827707741203673E-24   3.6880078160367957E+03
   1.1436770000000000E+09   4.8835347441464046E+05   8.9722603816918782E-14   1.1717126277984023E-24   3.6864888872250208E+03
   1.1456770000000000E+09   4.9017656032314786E+05   8.8850100603736470E-14   1.1608007529114438E-24   3.6849569085294038E+03
   1.1476770000000000E+09   4.9199467608043202E+05   8.7988988915675766E-14   1.1500326211780834E-24   3.6834123391673511E+03
   1.1496770000000000E+09   4.9380783195363177E+05   8.7139085057312729E-14   1.1394057597971593E-24   3.6818556356898684E+03
   1.1516770000000000E+09   4.9561603715464333E+05   8.6300209106243120E-14   1.1289177500984955E-24   3.6802872519126486E+03
   1.1536770000000000E+09   4.9741929982923466E+05   8.5472184822462075E-14   1.1185662262017668E-24   3.6787076388473511E+03
   1.1556770000000000E+09   4.9921762706461194E+05   8.4654839557926625E-14   1.1083488736827668E-24   3.6771172446341520E+03
   1.1576770000000000E+09   5.0101102491843933E+05   8.3848004166201719E-14   1.0982634282451641E-24   3.6755165144766784E+03
   1.1596770000000000E+09   5.0279949847146013E+05   8.3051512912218924E-14   1.0883076743974946E-24   3.6739058905806378E+03
   1.1616770000000000E+09   5.0458305190538825E+05   8.2265203382153630E-14   1.0784794441348337E-24   3.6722858120975434E+03
   1.1636770000000000E+09   5.0636168860669795E+05   8.1488916393525908E-14   1.0687766156258930E-24   3.6706567150750652E+03
   1.1656770000000000E+09   5.0813541129623924E+05   8.0722495905612276E-14   1.0591971119061161E-24   3.6690190324154546E+03
   1.1676770000000000E+09   5.0990422218328406E+05   7.9965788930391210E-14   1.0497388995791557E-24   3.6673731938435112E+03
   1.1696770000000000E+09   5.1166812314199843E+05   7.9218645444195774E-14   1.0403999875285552E-24   3.6657196258853919E+03
   1.1716770000000000E+09   5.1342711590689141E+05   7.8480918300415268E-14   1.0311784256437369E-24   3.6640587518594562E+03
   1.1736770000000000E+09   5.1518120228313102E+05   7.7752463143574163E-14   1.0220723035643355E-24   3.6623909918800632E+03
   1.1756770000000000E+09   5.1693038436681830E+05   7.7033138325164455E-14   1.0130797494476566E-24   3.6607167628749608E+03
   1.1776770000000000E+09   5.1867466476950876E+05   7.6322804821680810E-14   1.0041989287651061E-24   3.6590364786166419E+03
   1.1796770000000000E+09   5.2041404684093659E+05   7.5621326155301467E-14   9.9542804313349238E-25   3.6573505497676265E+03
   1.1816770000000000E+09   5.2214853488375182E+05   7.4928568317642917E-14   9.8676532918700096E-25   3.6556593839393595E+03
   1.1836770000000000E+09   5.2387813435405266E+05   7.4244399697014188E-14   9.7820905749576670E-25   3.6539633857639151E+03
   1.1856770000000000E+09   5.2560285204170109E+05   7.3568691009570774E-14   9.6975753153667678E-25   3.6522629569775127E+03
   1.1876770000000000E+09   5.2732269622530940E+05   7.2901315234629164E-14   9.6140908672034545E-25   3.6505584965143671E+03
   1.1896770000000000E+09   5.2903767679717927E+05   7.2242147554405413E-14   9.5316208947825809E-25   3.6488504006092435E+03
   1.1916770000000000E+09   5.3074780535480648E+05   7.1591065298272049E-14   9.4501493641193512E-25   3.6471390629067205E+03
   1.1936770000000000E+09   5.3245309525642858E+05   7.0947947891577588E-14   9.3696605350529587E-25   3.6454248745751202E+03
   1.1956770000000000E+09   5.3415356163962965E+05   7.0312676808903554E-14   9.2901389539918426E-25   3.6437082244228882E+03
   1.1976770000000000E+09   5.3584922140292823E+05   6.9685135531602058E-14   9.2115694472655766E-25   3.6419894990151993E+03
   1.1996770000000000E+09   5.3754009315197088E+05   6.9065209509269832E-14   9.1339371150433868E-25   3.6402690827885576E+03
   1.2016770000000000E+09   5.3922619711261441E+05   6.8452786124832749E-14   9.0572273257806037E-25   3.6385473581614110E+03
   1.2036770000000000E+09   5.4090755501468899E+05   6.7847754662752386E-14   8.9814257111324742E-25   3.6368247056387800E+03
   1.2056770000000000E+09   5.4258418995079445E+05   6.7250006279883396E-14   8.9065181612756580E-25   3.6351015039093068E+03
   1.2076770000000000E+09   5.4425612621521275E+05   6.6659433978469175E-14   8.8324908205714004E-25   3.6333781299333032E+03
   1.2096770000000000E+09   5.4592338912862085E+05   6.6075932580727915E-14   8.7593300834985040E-25   3.6316549590207292E+03
   1.2116770000000000E+09   5.4758600485437177E+05   6.5499398704528449E-14   8.6870225907894953E-25   3.6299323648983031E+03
   1.2136770000000000E+09   5.4924400021226669E+05   6.4929730739658633E-14   8.6155552257025642E-25   3.6282107197653804E+03
   1.2156770000000000E+09   5.5089740249553311E+05   6.4366828824239800E-14   8.5449151103678471E-25   3.6264903943384479E+03
   1.2176770000000000E+09   5.5254623929639126E+05   6.3810594820891235E-14   8.4750896021523387E-25   3.6247717578844658E+03
   1.2196770000000000E+09   5.5419053834490455E+05   6.3260932292338456E-14   8.4060662899988538E-25   3.6230551782435805E+03
   1.2216770000000000E+09   5.5583032736512274E+05   6.2717746476224573E-14   8.3378329907027258E-25   3.6213410218419554E+03
   1.2236770000000000E+09   5.5746563395171484E+05   6.2180944258952604E-14   8.2703777450987005E-25   3.6196296536956215E+03
   1.2256770000000000E+09   5.5909648546887527E+05   6.1650434148544432E-14   8.2036888141509135E-25   3.6179214374065882E+03
   1.2276770000000000E+09   5.6072290897256986E+05   6.1126126246514468E-14   8.1377546749411027E-25   3.6162167351522521E+03
   1.2296770000000000E+09   5.6234493115574471E+05   6.0607932218905796E-14   8.0725640165696896E-25   3.6145159076694786E+03
   1.2316770000000000E+09   5.6396257831523335E+05   6.0095765266669749E-14   8.0081057359895007E-25   3.6128193142345058E+03
   1.2336770000000000E+09   5.6557587633818982E+05   5.9589540095633894E-14   7.9443689338008631E-25   3.6111273126398105E+03
   1.2356770000000000E+09   5.6718485070514481E+05   5.9089172886337886E-14   7.8813429100419376E-25   3.6094402591689359E+03
   1.2376770000000000E+09   5.6878952650649648E+05   5.8594581264007809E-14   7.8190171600074878E-25   3.6077585085702135E+03
   1.2396770000000000E+09   5.7038992846898281E+05   5.8105684268941248E-14   7.7573813701305053E-25   3.6060824140299651E+03
   1.2416770000000000E+09   5.7198608098896558E+05   5.7622402327511175E-14   7.6964254139527719E-25   3.6044123271457765E+03
   1.2436770000000000E+09   5.7357800816948514E+05   5.7144657223983471E-14   7.6361393482093264E-25   3.6027485979002204E+03
   1.2456770000000000E+09   5.7516573385855812E+05   5.6672372073263060E-14   7.5765134090418480E-25   3.6010915746351343E+03
   1.2476770000000000E+09   5.7674928168657469E+05   5.6205471294656293E-14   7.5175380083521645E-25   3.5994416040266815E+03
   1.2496770000000000E+09   5.7832867510117113E+05   5.5743880586674441E-14   7.4592037302994737E-25   3.5977990310610703E+03
   1.2516770000000000E+09   5.7990393739825289E+05   5.5287526902886105E-14   7.4015013279423863E-25   3.5961641990109238E+03
   1.2536770000000000E+09   5.8147509174826159E+05   5.4836338428786127E-14   7.3444217200219148E-25   3.5945374494120883E+03
   1.2556770000000000E+09   5.8304216121699510E+05   5.4390244559643071E-14   7.2879559878806064E-25   3.5929191220407483E+03
   1.2576770000000000E+09   5.8460516878068354E+05   5.3949175879247487E-14   7.2320953725078312E-25   3.5913095548906276E+03
   1.2596770000000000E+09   5.8616413733498752E+05   5.3513064139512703E-14   7.1768312717051737E-25   3.5897090841500467E+03
   1.2616770000000000E+09   5.8771908969801466E+05   5.3081842240831796E-14   7.1221552373593745E-25   3.5881180441785896E+03
   1.2636770000000000E+09   5.8927004860742472E+05   5.2655444213119394E-14   7.0680589728134482E-25   3.5865367674832191E+03
   1.2656770000000000E+09   5.9081703671179200E+05   5.2233805197460403E-14   7.0145343303258180E-25   3.5849655846935875E+03
   1.2676770000000000E+09   5.9236007655657234E+05   5.1816861428273814E-14   6.9615733086053506E-25   3.5834048245363110E+03
   1.2696770000000000E+09   5.9389919056485069E+05   5.1404550215932278E-14   6.9091680504141866E-25   3.5818548138081446E+03
   1.2716770000000000E+09   5.9543440101326420E+05   5.0996809929750293E-14   6.8573108402268640E-25   3.5803158773477767E+03
   1.2736770000000000E+09   5.9696573000339465E+05   5.0593579981276116E-14   6.8059941019369038E-25   3.5787883380061412E+03
   1.2756770000000000E+09   5.9849319942902564E+05   5.0194800807813994E-14   6.7552103966007988E-25   3.5772725166151267E+03
   1.2776770000000000E+09   6.0001683093971119E+05   4.9800413856105316E-14   6.7049524202096708E-25   3.5757687319545626E+03
   1.2796770000000000E+09   6.0153664590122737E+05   4.9410361566090131E-14   6.6552130014777830E-25   3.5742773007173710E+03
   1.2816770000000000E+09   6.0305266535357200E+05   4.9024587354667739E-14   6.6059850996366891E-25   3.5727985374728019E+03
   1.2836770000000000E+09   6.0456490996714216E+05   4.8643035599393086E-14   6.5572618022260246E-25   3.5713327546277505E+03
   1.2856770000000000E+09   6.0607339999785984E+05   4.8265651622031181E-14   6.5090363228701962E-25   3.5698802623860447E+03
   1.2876770000000000E+09   6.0757815524193028E+05   4.7892381671916945E-14   6.4613019990332575E-25   3.5684413687057709E+03
   1.2896770000000000E+09   6.0907919499079103E+05   4.7523172909086140E-14   6.4140522897469088E-25   3.5670163792546164E+03
   1.2916770000000000E+09   6.1057653798673337E+05   4.7157973387156262E-14   6.3672807733082434E-25   3.5656055973632497E+03
   1.2936770000000000E+09   6.1207020237939060E+05   4.6796732035970973E-14   6.3209811449484739E-25   3.5642093239768196E+03
   1.2956770000000000E+09   6.1356020568302134E+05   4.6439398644047762E-14   6.2751472144775695E-25   3.5628278576045868E+03
   1.2976770000000000E+09   6.1504656473415135E+05   4.6085923840907383E-14   6.2297729039149046E-25   3.5614614942677413E+03
   1.2996770000000000E+09   6.1652929564898729E+05   4.5736259079374560E-14   6.1848522451176652E-25   3.5601105274454394E+03
   1.3016770000000000E+09   6.1800841377983626E+05   4.5390356617966492E-14   6.1403793774224965E-25   3.5587752480190393E+03
   1.3036770000000000E+09   6.1948393367020565E+05   4.5048169503461086E-14   6.0963485453125907E-25   3.5574559442145533E+03
   1.3056770000000000E+09   6.2095586900920502E+05   4.4709651553690261E-14   6.0527540961163073E-25   3.5561529015432393E+03
   1.3076770000000000E+09   6.2242423258785764E+05   4.4374757340488011E-14   6.0095904777275188E-25   3.5548664027404025E+03
   1.3096770000000000E+09   6.2388903626273409E+05   4.4043442172577175E-14   5.9668522363182034E-25   3.5535967277024392E+03
   1.3116770000000000E+09   6.2535029093626398E+05   4.3715662077959438E-14   5.9245340139834836E-25   3.5523441534224607E+03
   1.3136770000000000E+09   6.2680800656748388E+05   4.3391373785142004E-14   5.8826305462273983E-25   3.5511089539251175E+03
   1.3156770000000000E+09   6.2826219223079446E+05   4.3070534702343638E-14   5.8411366591708973E-25   3.5498914002017036E+03
   1.3176770000000000E+09   6.2971285624218429E+05   4.2753102893749395E-14   5.8000472663524697E-25   3.5486917601472032E+03
   1.3196770000000000E+09   6.3116000637029076E+05   4.2439037052023373E-14   5.7593573650095345E-25   3.5475102985016297E+03
   1.3216770000000000E+09   6.3260365014165151E+05   4.2128296466752959E-14   5.7190620317909373E-25   3.5463472767985099E+03
   1.3236770000000000E+09   6.3404379523436853E+05   4.1820840989326149E-14   5.6791564179630331E-25   3.5452029533236723E+03
   1.3256770000000000E+09   6.3548044993287406E+05   4.1516630995877896E-14   5.6396357443267866E-25   3.5440775830873022E+03
   1.3276770000000000E+09   6.3691362359145842E+05   4.1215627351219629E-14   5.6004952962394253E-25   3.5429714178112404E+03
   1.3296770000000000E+09   6.3834332703249075E+05   4.0917791377694268E-14   5.5617304192777078E-25   3.5418847059318373E+03
   1.3316770000000000E+09   6.3976957279467210E+05   4.0623084833300332E-14   5.5233365161398042E-25   3.5408176926160559E+03
   1.3336770000000000E+09   6.4119237515630934E+05   4.0331469902728084E-14   5.4853090452927025E-25   3.5397706197858620E+03
   1.3356770000000000E+09   6.4261174989351665E+05   4.0042909202933735E-14   5.4476435216023991E-25   3.5387437261432051E+03
   1.3376770000000000E+09   6.4402771379060252E+05   3.9757365801788815E-14   5.4103355187652116E-25   3.5377372471866984E+03
   1.3396770000000000E+09   6.4544028398811689E+05   3.9474803244788197E-14   5.3733806728728282E-25   3.5367514152114773E+03
   1.3416770000000000E+09   6.4684947731114191E+05   3.9195185581995444E-14   5.3367746860548358E-25   3.5357864592866808E+03
   1.3436770000000000E+09   6.4825530974221288E+05   3.8918477386549836E-14   5.3005133290161964E-25   3.5348426052097593E+03
   1.3456770000000000E+09   6.4965779617268010E+05   3.8644643757942774E-14   5.2645924415324021E-25   3.5339200754426761E+03
   1.3476770000000000E+09   6.5105695048323681E+05   3.8373650307810670E-14   5.2290079305755072E-25   3.5330190890397357E+03
   1.3496770000000000E+09   6.5245278589338553E+05   3.8105463131779906E-14   5.1937557665307937E-25   3.5321398615787230E+03
   1.3516770000000000E+09   6.5384531542321714E+05   3.7840048775746008E-14   5.1588319786296760E-25   3.5312826051051043E+03
   1.3536770000000000E+09   6.5523455227388244E+05   3.7577374206638330E-14   5.1242326509634562E-25   3.5304475280934180E+03
   1.3556770000000000E+09   6.5662050997976575E+05   3.7317406795073632E-14   5.0899539200948110E-25   3.5296348354227034E+03
   1.3576770000000000E+09   6.5800320229946414E+05   3.7060114311364737E-14   5.0559919744830928E-25   3.5288447283574051E+03
   1.3596770000000000E+09   6.5938264294152823E+05   3.6805464929833718E-14   5.0223430550518251E-25   3.5280774045237208E+03
   1.3616770000000000E+09   6.6075884529698605E+05   3.6553427232695048E-14   4.9890034557164702E-25   3.5273330578750342E+03
   1.3636770000000000E+09   6.6213182233064238E+05   3.6303970206002959E-14   4.9559695228458762E-25   3.5266118786471047E+03
   1.3656770000000000E+09   6.6350158667868946E+05   3.6057063225554283E-14   4.9232376533577985E-25   3.5259140533096461E+03
   1.3676770000000000E+09   6.6486815087512985E+05   3.5812676036948287E-14   4.8908042920080825E-25   3.5252397645230094E+03
   1.3696770000000000E+09   6.6623152756264736E+05   3.5570778737316316E-14   4.8586659288921180E-25   3.5245891911050167E+03
   1.3716770000000000E+09   6.6759172957530629E+05   3.5331341764608214E-14   4.8268190979655952E-25   3.5239625080067581E+03
   1.3736770000000000E+09   6.6894876988218294E+05   3.5094335895216660E-14   4.7952603767017969E-25   3.5233598862911040E+03
   1.3756770000000000E+09   6.7030266147412558E+05   3.4859732246015248E-14   4.7639863863587707E-25   3.5227814931079147E+03
   1.3776770000000000E+09   6.7165341729251656E+05   3.4627502275847362E-14   4.7329937921811085E-25   3.5222274916639367E+03
   1.3796770000000000E+09   6.7300105023511383E+05   3.4397617784339947E-14   4.7022793032402761E-25   3.5216980411909935E+03
   1.3816770000000000E+09   6.7434557319140772E+05   3.4170050909704581E-14   4.6718396721343144E-25   3.5211932969168793E+03
   1.3836770000000000E+09   6.7568699902894883E+05   3.3944774128573281E-14   4.6416716949615108E-25   3.5207134100404696E+03
   1.3856770000000000E+09   6.7702534048167721E+05   3.3721760259410502E-14   4.6117722117845811E-25   3.5202585277069838E+03
   1.3876770000000000E+09   6.7836060990424186E+05   3.3500982470000887E-14   4.5821381076638229E-25   3.5198287929758239E+03
   1.3896770000000000E+09   6.7969281871426443E+05   3.3282414294560680E-14   4.5527663150328381E-25   3.5194243447694853E+03
   1.3916770000000000E+09   6.8102197584088217E+05   3.3066029684740316E-14   4.5236538207680986E-25   3.5190453177788886E+03
   1.3936770000000000E+09   6.8234808320901985E+05   3.2851803165974754E-14   4.4947976878116353E-25   3.5186918422607414E+03
   1.3956770000000000E+09   6.8367112320701999E+05   3.2639710282504762E-14   4.4661951166320963E-25   3.5183640435707102E+03
   1.3976770000000000E+09   6.8499102610701451E+05   3.2429728768449090E-14   4.4378436068031799E-25   3.5180620410994538E+03
   1.3996770000000000E+09   6.8630759107897070E+05   3.2221841408569589E-14   4.4097413513767450E-25   3.5177859459854276E+03
   1.4016770000000000E+09   6.8762030919459660E+05   3.2016042490816474E-14   4.3818881256903790E-25   3.5175358565724064E+03
   1.4036770000000000E+09   6.8892800237467932E+05   3.1812351057893838E-14   4.3542871114601488E-25   3.5173118501378108E+03
   1.4056770000000000E+09   6.9022816840982577E+05   3.1610835124949911E-14   4.3269482289361980E-25   3.5171139689862894E+03
   1.4076770000000000E+09   6.9151596407287754E+05   3.1411649580056702E-14   4.2998933524435382E-25   3.5169421980431334E+03
   1.4096770000000000E+09   6.9278295062313753E+05   3.1215083274769796E-14   4.2731628018557113E-25   3.5167964273843086E+03
   1.4116770000000000E+09   6.9401608352549665E+05   3.1021596708811977E-14   4.2468205830820372E-25   3.5166763830712512E+03
   1.4136770000000000E+09   6.9519763194744382E+05   3.0831821803420924E-14   4.2209545082471762E-25   3.5165814964011624E+03
   1.4156770000000000E+09   6.9630586748753209E+05   3.0646523719355982E-14   4.1956712007171201E-25   3.5165106986345800E+03
   1.4176770000000000E+09   6.9731369879536796E+05   3.0466626789595994E-14   4.1710998280228608E-25   3.5164622488803320E+03
   1.4196770000000000E+09   6.9818033790496259E+05   3.0293507044104704E-14   4.1474319122815284E-25   3.5164339135056412E+03
   1.4216770000000000E+09   6.9883848520234507E+05   3.0129518183019540E-14   4.1249925083320062E-25   3.5164236593219334E+03
   1.4236770000000000E+09   6.9920344739261060E+05   2.9977809781038042E-14   4.1042153282073842E-25   3.5164296425336611E+03
   1.4256770000000000E+09   6.9924268586226040E+05   2.9839845791884418E-14   4.0853068407941522E-25   3.5164469024407772E+03
   1.4276770000000000E+09   6.9907199885500723E+05   2.9711529374246698E-14   4.0677204106442744E-25   3.5164632541287378E+03
   1.4296770000000000E+09   6.9892352058630565E+05   2.9583875699174989E-14   4.0502404753059077E-25   3.5164660638398777E+03
   1.4316770000000000E+09   6.9892545651829930E+05   2.9451548990818860E-14   4.0321291134282195E-25   3.5164616209693559E+03
   1.4336770000000000E+09   6.9905092590014683E+05   2.9315223955244529E-14   4.0134864725065781E-25   3.5164430130429932E+03
   1.4356770000000000E+09   6.9879285621780716E+05   2.9196695577779953E-14   3.9972158728298190E-25   3.5164809515449074E+03
   6.5767700000000000E+08  -5.9369292464834484E+02   5.9029835800116630E-08   2.1311326132682872E-22   1.8276610004051479E+03
   6.5967700000000000E+08  -5.1300893078495028E+02   7.0038300100753323E-08   2.0943477339012107E-22   2.2066496203333136E+03
   6.6167700000000000E+08  -4.6005707000553127E+02   7.2944621957655461E-08   1.9460846662867929E-22   2.4733075534497111E+03
   6.6367700000000000E+08  -4.3688969877148554E+02   7.3272954363389816E-08   1.8020249335525469E-22   2.6830341867075945E+03
   6.6567700000000000E+08  -2.9069206086521694E+02   7.1065781525401285E-08   1.6408744122869896E-22   2.8577658707950750E+03
   6.6767700000000000E+08  -3.8409367060575804E+01   6.7073778942627945E-08   1.4711921373073740E-22   3.0083193466403523E+03
   6.6967700000000000E+08   2.8643652354618928E+02   6.2200427100036591E-08   1.3067023985295470E-22   3.1409143994047986E+03
   6.7167700000000000E+08   6.5351003572684863E+02   5.7137453594934931E-08   1.1566577650542813E-22   3.2595193280187800E+03
   6.7367700000000000E+08   1.0421953899132786E+03   5.2289397878354277E-08   1.0247642292148066E-22   3.3668577413382027E+03
   6.7567700000000000E+08   1.4357643771672906E+03   4.7846252462338447E-08   9.1114954064969144E-23   3.4648992708958399E+03
   6.7767700000000000E+08   1.8134102810851025E+03   4.3873807905961540E-08   8.1429234882283561E-23   3.5551233126515217E+03
   6.7967700000000000E+08   2.1478865756383898E+03   4.0373050057739519E-08   7.3210921196431268E-23   3.6386730204318028E+03
   6.8167700000000000E+08   2.4124400930651886E+03   3.7311738607840398E-08   6.6243361727350315E-23   3.7164516539103938E+03
   6.8367700000000000E+08   2.5932288275243673E+03   3.4638377300702202E-08   6.0316394946098370E-23   3.7891864813398233E+03
   6.8567700000000000E+08   2.6911651159135918E+03   3.2287574027550495E-08   5.5227496372929940E-23   3.8574728780757227E+03
   6.8767700000000000E+08   2.7017238038471646E+03   3.0185328056837506E-08   5.0784643513424338E-23   3.9218049877766052E+03
   6.8967700000000000E+08   2.5890814152748621E+03   2.8261237109028526E-08   4.6821737682620112E-23   3.9825970155064924E+03
   6.9167700000000000E+08   2.2947768226750736E+03   2.6466967773629516E-08   4.3223939817510083E-23   4.0401989386268183E+03
   6.9367700000000000E+08   1.7938136631623786E+03   2.4788019487199825E-08   3.9941074691947346E-23   4.0949097907627665E+03
   6.9567700000000000E+08   1.1504794150384337E+03   2.3237134889569633E-08   3.6971729757554771E-23   4.1469895170146647E+03
   6.9767700000000000E+08   5.1968987426999229E+02   2.1835211315020997E-08   3.4329628212748864E-23   4.1966683542348001E+03
   6.9967700000000000E+08   9.5339625004073099E+01   2.0595357198422406E-08   3.2017654474443094E-23   4.2441527540358065E+03
   7.0167700000000000E+08   4.7076565828302542E+01   1.9517241194857762E-08   3.0019536599074876E-23   4.2896283104323829E+03
   7.0367700000000000E+08   4.7848544164353012E+02   1.8588867549937199E-08   2.8303307511384388E-23   4.3332610678114243E+03
   7.0567700000000000E+08   1.4151932234983344E+03   1.7791031140075986E-08   2.6828529318661125E-23   4.3751984346794106E+03
   7.0767700000000000E+08   2.8158123976981165E+03   1.7101644379122285E-08   2.5552883188132323E-23   4.4155703440019770E+03
   7.0967700000000000E+08   4.5939038570965204E+03   1.6498907433903832E-08   2.4436698088331524E-23   4.4544908049977021E+03
   7.1167700000000000E+08   6.6410467431583365E+03   1.5963203498303773E-08   2.3445407111050447E-23   4.4920597317116035E+03
   7.1367700000000000E+08   8.8455194631932682E+03   1.5477980253901433E-08   2.2550449484352797E-23   4.5283648613974583E+03
   7.1567700000000000E+08   1.1105370402264249E+04   1.5029963740532349E-08   2.1729209078413701E-23   4.5634836071312602E+03
   7.1767700000000000E+08   1.3333656395083999E+04   1.4608878365154326E-08   2.0964288902271553E-23   4.5974847254106689E+03
   7.1967700000000000E+08   1.5460861011706091E+04   1.4207134909629773E-08   2.0242796620460920E-23   4.6304297466223152E+03
   7.2167700000000000E+08   1.7438807302786117E+04   1.3819638719599020E-08   1.9555866897673410E-23   4.6623742067597686E+03
   7.2367700000000000E+08   1.9239708113051154E+04   1.3443146985867482E-08   1.8897581917658948E-23   4.6933686911593868E+03
   7.2567700000000000E+08   2.0851980565978716E+04   1.3075851505336984E-08   1.8264267095587877E-23   4.7234596671456693E+03
   7.2767700000000000E+08   2.2276931830604153E+04   1.2716966688585796E-08   1.7653830875384116E-23   4.7526901295267617E+03
   7.2967700000000000E+08   2.3525308973072271E+04   1.2366377618991239E-08   1.7065218973371293E-23   4.7811000988988471E+03
   7.3167700000000000E+08   2.4614024187188075E+04   1.2024353168695384E-08   1.6497982039047007E-23   4.8087270008912637E+03
   7.3367700000000000E+08   2.5563276056197199E+04   1.1691326910752624E-08   1.5951953627962821E-23   4.8356059526622939E+03
   7.3567700000000000E+08   2.6394219872346097E+04   1.1367743825444548E-08   1.5427029873344406E-23   4.8617699802093694E+03
   7.3767700000000000E+08   2.7127257857730179E+04   1.1053965527295185E-08   1.4923036149673707E-23   4.8872501866334333E+03
   7.3967700000000000E+08   2.7780936601990452E+04   1.0750223285259964E-08   1.4439662506198063E-23   4.9120758874946205E+03
   7.4167700000000000E+08   2.8371374064905005E+04   1.0456605962278503E-08   1.3976447890074314E-23   4.9362747253312082E+03
   7.4367700000000000E+08   2.8912096384715183E+04   1.0173070425041037E-08   1.3532794780576308E-23   4.9598727716159974E+03
   7.4567700000000000E+08   2.9414154108209994E+04   9.8994638348533945E-09   1.3107999172826005E-23   4.9828946212499768E+03
   7.4767700000000000E+08   2.9886399217307197E+04   9.6355499809474248E-09   1.2701285113592705E-23   5.0053634823119855E+03
   7.4967700000000000E+08   3.0335829862661387E+04   9.3810346248797143E-09   1.2311837096613449E-23   5.0273012621899470E+03
   7.5167700000000000E+08   3.0767939177410055E+04   9.1355871968078743E-09   1.1938826962004649E-23   5.0487286502940842E+03
   7.5367700000000000E+08   3.1187031201231621E+04   8.8988578963288171E-09   1.1581434274676197E-23   5.0696651971199408E+03
   7.5567700000000000E+08   3.1596487355342560E+04   8.6704903088012861E-09   1.1238860545175988E-23   5.0901293893128259E+03
   7.5767700000000000E+08   3.1998980417011673E+04   8.4501301821267740E-09   1.0910338317143930E-23   5.1101387204416642E+03
   7.5967700000000000E+08   3.2396640532972826E+04   8.2374311859086554E-09   1.0595136326588898E-23   5.1297097573175988E+03
   7.6167700000000000E+08   3.2791181112570797E+04   8.0320584449135225E-09   1.0292561851998861E-23   5.1488582018304405E+03
   7.6367700000000000E+08   3.3183993057726933E+04   7.8336905126721917E-09   1.0001961172411205E-23   5.1675989483928870E+03
   7.6567700000000000E+08   3.3576214982587408E+04   7.6420202987451039E-09   9.7227188253784660E-24   5.1859461371683519E+03
   7.6767700000000000E+08   3.3968785703988149E+04   7.4567553218179044E-09   9.4542561552740963E-24   5.2039132033128735E+03
   7.6967700000000000E+08   3.4362483842318215E+04   7.2776175456386162E-09   9.1960294821285310E-24   5.2215129224907887E+03
   7.7167700000000000E+08   3.4757958103532386E+04   7.1043429684536414E-09   8.9475281032963657E-24   5.2387574529340091E+03
   7.7367700000000000E+08   3.5155750800511727E+04   6.9366810755924094E-09   8.7082722584373506E-24   5.2556583743119409E+03
   7.7567700000000000E+08   3.5556316413831039E+04   6.7743942236907959E-09   8.4778111341140717E-24   5.2722267236684984E+03
   7.7767700000000000E+08   3.5960036449010731E+04   6.6172569982834677E-09   8.2557209498431959E-24   5.2884730286673494E+03
   7.7967700000000000E+08   3.6367231470380029E+04   6.4650555696175228E-09   8.0416031462986238E-24   5.3044073383694322E+03
   7.8167700000000000E+08   3.6778170935352595E+04   6.3175870611535601E-09   7.8350826838521835E-24   5.3200392517489381E+03
   7.8367700000000000E+08   3.7193081280512364E+04   6.1746589389464677E-09   7.6358064525022805E-24   5.3353779441366969E+03
   7.8567700000000000E+08   3.7612152595043604E+04   6.0360884263554743E-09   7.4434417903511496E-24   5.3504321917634325E+03
   7.8767700000000000E+08   3.8035544138424812E+04   5.9017019463098768E-09   7.2576751058010183E-24   5.3652103945600838E+03
   7.8967700000000000E+08   3.8463388904860622E+04   5.7713345920280932E-09   7.0782105977269363E-24   5.3797205973583086E+03
   7.9167700000000000E+08   3.8895797398034229E+04   5.6448296262817512E-09   6.9047690675676405E-24   5.3939705096214693E+03
   7.9367700000000000E+08   3.9332860750904249E+04   5.5220380087941288E-09   6.7370868172772700E-24   5.4079675238246946E+03
   7.9567700000000000E+08   3.9774653302964587E+04   5.4028179510404711E-09   6.5749146272468024E-24   5.4217187325920904E+03
   7.9767700000000000E+08   4.0221234729457108E+04   5.2870344975060520E-09   6.4180168085514773E-24   5.4352309446894096E+03
   7.9967700000000000E+08   4.0672651802153778E+04   5.1745591323190782E-09   6.2661703241658664E-24   5.4485106999620348E+03
   8.0167700000000000E+08   4.1128939848709153E+04   5.0652694100859415E-09   6.1191639740886082E-24   5.4615642832999838E+03
   8.0367700000000000E+08   4.1590123966725419E+04   4.9590486097050592E-09   5.9767976396233361E-24   5.4743977377047695E+03
   8.0567700000000000E+08   4.2056220039290558E+04   4.8557854099129068E-09   5.8388815823647569E-24   5.4870168765262506E+03
   8.0767700000000000E+08   4.2527235590651420E+04   4.7553735853169405E-09   5.7052357937355580E-24   5.4994272949319184E+03
   8.0967700000000000E+08   4.3003170513744117E+04   4.6577117216903178E-09   5.5756893912094843E-24   5.5116343806656814E+03
   8.1167700000000000E+08   4.3484017695443959E+04   4.5627029493379731E-09   5.4500800576354885E-24   5.5236433241483446E+03
   8.1367700000000000E+08   4.3969763560500229E+04   4.4702546933905744E-09   5.3282535203475432E-24   5.5354591279676806E+03
   8.1567700000000000E+08   4.4460388551131822E+04   4.3802784399373226E-09   5.2100630670010543E-24   5.5470866158019699E+03
   8.1767700000000000E+08   4.4955867556062258E+04   4.2926895169690687E-09   5.0953690953208808E-24   5.5585304408172615E+03
   8.1967700000000000E+08   4.5456170300266662E+04   4.2074068891656974E-09   4.9840386941741254E-24   5.5697950935753952E+03
   8.2167700000000000E+08   4.5961261704768716E+04   4.1243529656251211E-09   4.8759452535945419E-24   5.5808849094866709E+03
   8.2367700000000000E+08   4.6471102224362927E+04   4.0434534196921098E-09   4.7709681015813966E-24   5.5918040758386096E+03
   8.2567700000000000E+08   4.6985648169981578E+04   3.9646370201027987E-09   4.6689921656754946E-24   5.6025566384294380E+03
   8.2767700000000000E+08   4.7504852021499391E+04   3.8878354727133129E-09   4.5699076574772185E-24   5.6131465078329747E+03
   8.2967700000000000E+08   4.8028662735932492E+04   3.8129832721275070E-09   4.4736097784166824E-24   5.6235774653193348E+03
   8.3167700000000000E+08   4.8557026055158341E+04   3.7400175625792157E-09   4.3799984452149357E-24   5.6338531684540776E+03
   8.3367700000000000E+08   4.9089884816389080E+04   3.6688780074587517E-09   4.2889780335890331E-24   5.6439771563967070E+03
   8.3567700000000000E+08   4.9627179267631458E+04   3.5995066669016357E-09   4.2004571388534712E-24   5.6539528549178021E+03
   8.3767700000000000E+08   5.0168847389239629E+04   3.5318478828820623E-09   4.1143483521593721E-24   5.6637835811526820E+03
   8.3967700000000000E+08   5.0714825221447274E+04   3.4658481712738225E-09   4.0305680511913328E-24   5.6734725481081414E+03
   8.4167700000000000E+08   5.1265047196477244E+04   3.4014561203609473E-09   3.9490362042142699E-24   5.6830228689376190E+03
   8.4367700000000000E+08   5.1819446472565884E+04   3.3386222952989664E-09   3.8696761864297439E-24   5.6924375609989638E+03
   8.4567700000000000E+08   5.2377955266056015E+04   3.2772991480482950E-09   3.7924146076662970E-24   5.7017195497080793E+03
   8.4767700000000000E+08   5.2940505176721243E+04   3.2174409323244319E-09   3.7171811504928392E-24   5.7108716722006429E+03
   8.4967700000000000E+08   5.3507027500760691E+04   3.1590036231360919E-09   3.6439084179087915E-24   5.7198966808132855E+03
   8.5167700000000000E+08   5.4077453525498415E+04   3.1019448405133675E-09   3.5725317898314846E-24   5.7287972463948554E+03
   8.5367700000000000E+08   5.4651714799810681E+04   3.0462237770626007E-09   3.5029892876691954E-24   5.7375759614576054E+03
   8.5567700000000000E+08   5.5229743374679776E+04   2.9918011290224733E-09   3.4352214463371992E-24   5.7462353431774991E+03
   8.5767700000000000E+08   5.5811472009028083E+04   2.9386390305363904E-09   3.3691711931436433E-24   5.7547778362521094E+03
   8.5967700000000000E+08   5.6396834337086766E+04   2.8867009908975497E-09   3.3047837330399514E-24   5.7632058156242892E+03
   8.6167700000000000E+08   5.6985764994907462E+04   2.8359518345638048E-09   3.2420064397956782E-24   5.7715215890788650E+03
   8.6367700000000000E+08   5.7578199705161249E+04   2.7863576437784321E-09   3.1807887527187287E-24   5.7797273997195089E+03
   8.6567700000000000E+08   5.8174075320969285E+04   2.7378857036678932E-09   3.1210820785966811E-24   5.7878254283322067E+03
   8.6767700000000000E+08   5.8773329831068324E+04   2.6905044497182837E-09   3.0628396985830339E-24   5.7958177956415793E+03
   8.6967700000000000E+08   5.9375902330037752E+04   2.6441834175565356E-09   3.0060166797919672E-24   5.8037065644656841E+03
   8.7167700000000000E+08   5.9981732958500819E+04   2.5988931949810300E-09   2.9505697913969719E-24   5.8114937417748260E+03
   8.7367700000000000E+08   6.0590762819105643E+04   2.5546053761981388E-09   2.8964574250520679E-24   5.8191812806593725E+03
   8.7567700000000000E+08   6.1202933874654962E+04   2.5112925182271236E-09   2.8436395194698485E-24   5.8267710822114122E+03
   8.7767700000000000E+08   6.1818188834950532E+04   2.4689280994363722E-09   2.7920774889995011E-24   5.8342649973247253E+03
   8.7967700000000000E+08   6.2436471038788164E+04   2.4274864801699065E-09   2.7417341560509686E-24   5.8416648284173516E+03
   8.8167700000000000E+08   6.3057724337097512E+04   2.3869428654157156E-09   2.6925736872102706E-24   5.8489723310806967E+03
   8.8367700000000000E+08   6.3681892982557561E+04   2.3472732694577916E-09   2.6445615328867734E-24   5.8561892156589638E+03
   8.8567700000000000E+08   6.4308921530204090E+04   2.3084544824426262E-09   2.5976643703270058E-24   5.8633171487624913E+03
   8.8767700000000000E+08   6.4938754752777168E+04   2.2704640387789154E-09   2.5518500498222097E-24   5.8703577547182804E+03
   8.8967700000000000E+08   6.5571337574148958E+04   2.2332801872750853E-09   2.5070875439265773E-24   5.8773126169608513E+03
   8.9167700000000000E+08   6.6206615024823812E+04   2.1968818628997424E-09   2.4633468994866519E-24   5.8841832793665180E+03
   8.9367700000000000E+08   6.6844532226746145E+04   2.1612486600148371E-09   2.4205991922480846E-24   5.8909712475336810E+03
   8.9567700000000000E+08   6.7485034423615783E+04   2.1263608068607273E-09   2.3788164837317566E-24   5.8976779900119936E+03
   8.9767700000000000E+08   6.8128067093494174E+04   2.0921991409270169E-09   2.3379717799141261E-24   5.9043049394828122E+03
   8.9967700000000000E+08   6.8773576221971918E+04   2.0587450845660355E-09   2.2980389909431367E-24   5.9108534938934508E+03
   9.0167700000000000E+08   6.9421508887013595E+04   2.0259806197366289E-09   2.2589928906060836E-24   5.9173250175477042E+03
   9.0367700000000000E+08   7.0071814411377592E+04   1.9938882601217541E-09   2.2208090735614515E-24   5.9237208421551823E+03
   9.0567700000000000E+08   7.0724446437989856E+04   1.9624510183194320E-09   2.1834639077636897E-24   5.9300422678423092E+03
   9.0767700000000000E+08   7.1379366253852408E+04   1.9316523662002826E-09   2.1469344799809439E-24   5.9362905641278858E+03
   9.0967700000000000E+08   7.2036547272880372E+04   1.9014761894965457E-09   2.1111985356435215E-24   5.9424669708662186E+03
   9.1167700000000000E+08   7.2695979444211465E+04   1.8719067452942652E-09   2.0762344227121789E-24   5.9485726991598258E+03
   9.1367700000000000E+08   7.3357670346224331E+04   1.8429286438265976E-09   2.0420210632829623E-24   5.9546089322410844E+03
   9.1567700000000000E+08   7.4021637589921447E+04   1.8145268886049917E-09   2.0085379903898116E-24   5.9605768263180553E+03
   9.1767700000000000E+08   7.4687887195735209E+04   1.7866870065653390E-09   1.9757654844139997E-24   5.9664775113740088E+03
   9.1967700000000000E+08   7.5356378284244667E+04   1.7593952612954711E-09   1.9436848004009434E-24   5.9723120919086823E+03
   9.2167700000000000E+08   7.6026987195745882E+04   1.7326388610340107E-09   1.9122783878189012E-24   5.9780816476156742E+03
   9.2367700000000000E+08   7.6699497643655108E+04   1.7064059900154542E-09   1.8815299138120398E-24   5.9837872340101267E+03
   9.2567700000000000E+08   7.7373641918689042E+04   1.6806855114570124E-09   1.8514239249475566E-24   5.9894298830454381E+03
   9.2767700000000000E+08   7.8049186815638706E+04   1.6554663895994832E-09   1.8219452033434292E-24   5.9950106037667838E+03
   9.2967700000000000E+08   7.8726010557615940E+04   1.6307371723679926E-09   1.7930781951981886E-24   6.0005303830212824E+03
   9.3167700000000000E+08   7.9404107916312860E+04   1.6064859773572677E-09   1.7648069959809961E-24   6.0059901861917187E+03
   9.3367700000000000E+08   8.0083514570792497E+04   1.5827009555259228E-09   1.7371158585008492E-24   6.0113909578809034E+03
   9.3567700000000000E+08   8.0764222623383903E+04   1.5593706904341047E-09   1.7099896251303316E-24   6.0167336224929377E+03
   9.3767700000000000E+08   8.1446192454475007E+04   1.5364843752922940E-09   1.6834139129145077E-24   6.0220190847530648E+03
   9.3967700000000000E+08   8.2129446415070968E+04   1.5140319552019883E-09   1.6573752630067591E-24   6.0272482302643875E+03
   9.4167700000000000E+08   8.2814069554344242E+04   1.4920037737252524E-09   1.6318607538191835E-24   6.0324219260915470E+03
   9.4367700000000000E+08   8.3500036039391547E+04   1.4703892675435122E-09   1.6068565756225764E-24   6.0375410212321376E+03
   9.4567700000000000E+08   8.4187046964372508E+04   1.4491759184375881E-09   1.5823468823494005E-24   6.0426063469157889E+03
   9.4767700000000000E+08   8.4874610304672504E+04   1.4283502697890448E-09   1.5583148926354371E-24   6.0476187168762499E+03
   9.4967700000000000E+08   8.5562322661211612E+04   1.4079006143129219E-09   1.5347458132044363E-24   6.0525789278162147E+03
   9.5167700000000000E+08   8.6250122274557201E+04   1.3878188383044986E-09   1.5116288436491730E-24   6.0574877601837288E+03
   9.5367700000000000E+08   8.6938726487304040E+04   1.3681003164685797E-09   1.4889570389746761E-24   6.0623459790768466E+03
   9.5567700000000000E+08   8.7628714117314245E+04   1.3487449921163221E-09   1.4667284489856903E-24   6.0671543347430288E+03
   9.5767700000000000E+08   8.8320681497630299E+04   1.3297547920093360E-09   1.4449434989095626E-24   6.0719135627587493E+03
   9.5967700000000000E+08   8.9014495588182734E+04   1.3111140092092779E-09   1.4235834714977296E-24   6.0766243840570396E+03
   9.6167700000000000E+08   8.9709674066452149E+04   1.2928119378999125E-09   1.4026350431662675E-24   6.0812875050485363E+03
   9.6367700000000000E+08   9.0406039499103485E+04   1.2748398190164679E-09   1.3820871075044178E-24   6.0859036180654712E+03
   9.6567700000000000E+08   9.1103501275762595E+04   1.2571898498951667E-09   1.3619296690354892E-24   6.0904734017949877E+03
   9.6767700000000000E+08   9.1801998036545730E+04   1.2398547008717386E-09   1.3421533072134028E-24   6.0949975216627045E+03
   9.6967700000000000E+08   9.2501481817808803E+04   1.2228273523860554E-09   1.3227489945093484E-24   6.0994766301847148E+03
   9.7167700000000000E+08   9.3201913081369523E+04   1.2061010348546707E-09   1.3037080280344332E-24   6.1039113672990825E+03
   9.7367700000000000E+08   9.3903258249988969E+04   1.1896691968747839E-09   1.2850219925830189E-24   6.1083023606823663E+03
   9.7567700000000000E+08   9.4605487954062948E+04   1.1735254823985701E-09   1.2666827336856579E-24   6.1126502260540174E+03
   9.7767700000000000E+08   9.5308575597887801E+04   1.1576637140729634E-09   1.2486823375009411E-24   6.1169555674701405E+03
   9.7967700000000000E+08   9.6012496333840405E+04   1.1420778810557607E-09   1.2310131156756059E-24   6.1212189776075211E+03
   9.8167700000000000E+08   9.6717226580692499E+04   1.1267621290776249E-09   1.2136675927495315E-24   6.1254410380386253E+03
   9.8367700000000000E+08   9.7422743895253981E+04   1.1117107521676960E-09   1.1966384954662622E-24   6.1296223194981812E+03
   9.8567700000000000E+08   9.8129026909353342E+04   1.0969181863643745E-09   1.1799187443183790E-24   6.1337633821417894E+03
   9.8767700000000000E+08   9.8836055236616259E+04   1.0823790049648346E-09   1.1635014468311863E-24   6.1378647757970111E+03
   9.8967700000000000E+08   9.9543809321966022E+04   1.0680879144905497E-09   1.1473798916900730E-24   6.1419270402069769E+03
   9.9167700000000000E+08   1.0025227021264107E+05   1.0540397510010134E-09   1.1315475433070080E-24   6.1459507052669051E+03
   9.9367700000000000E+08   1.0096141943599698E+05   1.0402294768907162E-09   1.1159980369597972E-24   6.1499362912536808E+03
   9.9567700000000000E+08   1.0167123938733854E+05   1.0266521791020079E-09   1.1007251754945198E-24   6.1538843090489163E+03
   9.9767700000000000E+08   1.0238171456200925E+05   1.0133030706643832E-09   1.0857229296326512E-24   6.1577952603560743E+03
   9.9967700000000000E+08   1.0309283350677115E+05   1.0001774968316263E-09   1.0709854432422493E-24   6.1616696379124860E+03
   1.0016770000000000E+09   1.0380459074603449E+05   9.8727094432019507E-10   1.0565070419691105E-24   6.1655079256961635E+03
   1.0036770000000000E+09   1.0451698771378235E+05   9.7457904800886859E-10   1.0422822391952662E-24   6.1693105991276534E+03
   1.0056770000000000E+09   1.0523003147811875E+05   9.6209758485862378E-10   1.0283057283998701E-24   6.1730781252656452E+03
   1.0076770000000000E+09   1.0594373083818716E+05   9.4982245242716618E-10   1.0145723591416256E-24   6.1768109629952241E+03
   1.0096770000000000E+09   1.0665809049855606E+05   9.3774963108779979E-10   1.0010770957381736E-24   6.1805095632082630E+03
   1.0116770000000000E+09   1.0737310536078406E+05   9.2587514101437869E-10   9.8781497044619982E-25   6.1841743689759196E+03
   1.0136770000000000E+09   1.0808875547806549E+05   9.1419500876662119E-10   9.7478104701819519E-25   6.1878058157137466E+03
   1.0156770000000000E+09   1.0880500032455260E+05   9.0270526170545913E-10   9.6197041393203470E-25   6.1914043313416196E+03
   1.0176770000000000E+09   1.0952178809782902E+05   8.9140190399665747E-10   9.4937815840207453E-25   6.1949703364408488E+03
   1.0196770000000000E+09   1.1023905512465590E+05   8.8028096588695821E-10   9.3699941762962310E-25   6.1985042444097935E+03
   1.0216770000000000E+09   1.1095673640818600E+05   8.6933855730133960E-10   9.2482943543874586E-25   6.2020064616193267E+03
   1.0236770000000000E+09   1.1167477423762833E+05   8.5857091031264241E-10   9.1286360661697602E-25   6.2054773875684059E+03
   1.0256770000000000E+09   1.1239312460262494E+05   8.4797441242468146E-10   9.0109751149385032E-25   6.2089174150386661E+03
   1.0276770000000000E+09   1.1311176047390426E+05   8.3754562162455853E-10   8.8952693110445425E-25   6.2123269302462832E+03
   1.0296770000000000E+09   1.1383067175525778E+05   8.2728126255131389E-10   8.7814784228081022E-25   6.2157063129896869E+03
   1.0316770000000000E+09   1.1454986256125099E+05   8.1717820813308061E-10   8.6695639733419071E-25   6.2190559367919068E+03
   1.0336770000000000E+09   1.1526934695637399E+05   8.0723345342759118E-10   8.5594889551225357E-25   6.2223761690369583E+03
   1.0356770000000000E+09   1.1598914433470355E+05   7.9744408834221643E-10   8.4512175333657679E-25   6.2256673711003968E+03
   1.0376770000000000E+09   1.1670927534765068E+05   7.8780727418862262E-10   8.3447147908277572E-25   6.2289298984744737E+03
   1.0396770000000000E+09   1.1742975888960734E+05   7.7832022664553461E-10   8.2399465412541124E-25   6.2321641008885945E+03
   1.0416770000000000E+09   1.1815061027746602E+05   7.6898020552846289E-10   8.1368792155619756E-25   6.2353703224259189E+03
   1.0436770000000000E+09   1.1887184048920858E+05   7.5978451030486906E-10   8.0354798093397604E-25   6.2385489016366446E+03
   1.0456770000000000E+09   1.1959345618470872E+05   7.5073047963751148E-10   7.9357158733206760E-25   6.2417001716485902E+03
   1.0476770000000000E+09   1.2031546020512725E+05   7.4181549320442717E-10   7.8375555281649091E-25   6.2448244602752047E+03
   1.0496770000000000E+09   1.2103785229346971E+05   7.3303697437688510E-10   7.7409674884565673E-25   6.2479220901214503E+03
   1.0516770000000000E+09   1.2176062985290859E+05   7.2439239281083749E-10   7.6459210858820802E-25   6.2509933786873326E+03
   1.0536770000000000E+09   1.2248378863385088E+05   7.1587926645296409E-10   7.5523862862995506E-25   6.2540386384693629E+03
   1.0556770000000000E+09   1.2320732330121422E+05   7.0749516279199258E-10   7.4603336989121416E-25   6.2570581770597692E+03
   1.0576770000000000E+09   1.2393122787313830E+05   6.9923769938931597E-10   7.3697345779159563E-25   6.2600522972435838E+03
   1.0596770000000000E+09   1.2465549604372632E+05   6.9110454382108389E-10   7.2805608180316489E-25   6.2630212970934654E+03
   1.0616770000000000E+09   1.2538012141140063E+05   6.8309341318785353E-10   7.1927849455789181E-25   6.2659654700624033E+03
   1.0636770000000000E+09   1.2610509763529131E+05   6.7520207333300974E-10   7.1063801065924917E-25   6.2688851050742960E+03
   1.0656770000000000E+09   1.2683041853901515E+05   6.6742833788137940E-10   7.0213200531600168E-25   6.2717804866123215E+03
   1.0676770000000000E+09   1.2755607817725984E+05   6.5977006717808336E-10   6.9375791288275701E-25   6.2746518948053281E+03
   1.0696770000000000E+09   1.2828207087673299E+05   6.5222516718225910E-10   6.8551322536483487E-25   6.2774996055121455E+03
   1.0716770000000000E+09   1.2900839125999267E+05   6.4479158835185530E-10   6.7739549092537332E-25   6.2803238904039545E+03
   1.0736770000000000E+09   1.2973503425838059E+05   6.3746732454283035E-10   6.6940231241894592E-25   6.2831250170446374E+03
   1.0756770000000000E+09   1.3046199511844361E+05   6.3025041193713482E-10   6.6153134596641479E-25   6.2859032489694282E+03
   1.0776770000000000E+09   1.3118926940471094E+05   6.2313892800700289E-10   6.5378029957858939E-25   6.2886588457614962E+03
   1.0796770000000000E+09   1.3191685300043377E+05   6.1613099051790190E-10   6.4614693183069395E-25   6.2913920631270057E+03
   1.0816770000000000E+09   1.3264474210690233E+05   6.0922475656856603E-10   6.3862905058564907E-25   6.2941031529681923E+03
   1.0836770000000000E+09   1.3337293324131428E+05   6.0241842166452869E-10   6.3122451176196346E-25   6.2967923634549998E+03
   1.0856770000000000E+09   1.3410142323289643E+05   5.9571021882095470E-10   6.2393121814149440E-25   6.2994599390949115E+03
   1.0876770000000000E+09   1.3483020921701487E+05   5.8909841769131105E-10   6.1674711821308098E-25   6.3021061208011533E+03
   1.0896770000000000E+09   1.3555928862718094E+05   5.8258132371982135E-10   6.0967020504952039E-25   6.3047311459595749E+03
   1.0916770000000000E+09   1.3628865918508358E+05   5.7615727731682512E-10   6.0269851521669389E-25   6.3073352484937786E+03
   1.0936770000000000E+09   1.3701831888889091E+05   5.6982465305714161E-10   5.9583012771459664E-25   6.3099186589288502E+03
   1.0956770000000000E+09   1.3774826600008036E+05   5.6358185890166312E-10   5.8906316295021381E-25   6.3124816044537520E+03
   1.0976770000000000E+09   1.3847849902892820E+05   5.5742733544218803E-10   5.8239578174198134E-25   6.3150243089822297E+03
   1.0996770000000000E+09   1.3920901671863042E+05   5.5135955516898631E-10   5.7582618435502424E-25   6.3175469932122869E+03
   1.1016770000000000E+09   1.3993981802784963E+05   5.4537702176012877E-10   5.6935260956587944E-25   6.3200498746845333E+03
   1.1036770000000000E+09   1.4067090211134116E+05   5.3947826939128206E-10   5.6297333375511474E-25   6.3225331678390858E+03
   1.1056770000000000E+09   1.4140226829822018E+05   5.3366186206463475E-10   5.5668667002620421E-25   6.3249970840712313E+03
   1.1076770000000000E+09   1.4213391606739603E+05   5.2792639295580533E-10   5.5049096734921088E-25   6.3274418317859690E+03
   1.1096770000000000E+09   1.4286584501969977E+05   5.2227048377778573E-10   5.4438460972809653E-25   6.3298676164512090E+03
   1.1116770000000000E+09   1.4359805484624131E+05   5.1669278416141887E-10   5.3836601539089120E-25   6.3322746406499500E+03
   1.1136770000000000E+09   1.4433054529258926E+05   5.1119197105205872E-10   5.3243363600217701E-25   6.3346631041311621E+03
   1.1156770000000000E+09   1.4506331611838122E+05   5.0576674812240485E-10   5.2658595589765273E-25   6.3370332038597589E+03
   1.1176770000000000E+09   1.4579636705203992E+05   5.0041584520153719E-10   5.2082149134063861E-25   6.3393851340653246E+03
   1.1196770000000000E+09   1.4652969774031511E+05   4.9513801772028969E-10   5.1513878980046603E-25   6.3417190862898742E+03
   1.1216770000000000E+09   1.4726330769245731E+05   4.8993204617301200E-10   5.0953642925262956E-25   6.3440352494345070E+03
   1.1236770000000000E+09   1.4799719621890751E+05   4.8479673559572550E-10   5.0401301750052409E-25   6.3463338098051518E+03
   1.1256770000000000E+09   1.4873136236451461E+05   4.7973091506049523E-10   4.9856719151842419E-25   6.3486149511572885E+03
   1.1276770000000000E+09   1.4946580483643853E+05   4.7473343718566065E-10   4.9319761681516552E-25   6.3508788547396862E+03
   1.1296770000000000E+09   1.5020052192706580E+05   4.6980317766133104E-10   4.8790298681775358E-25   6.3531256993372626E+03
   1.1316770000000000E+09   1.5093551143246677E+05   4.6493903478930024E-10   4.8268202227387597E-25   6.3553556613129522E+03
   1.1336770000000000E+09   1.5167077056715509E+05   4.6013992903624745E-10   4.7753347067199056E-25   6.3575689146487675E+03
   1.1356770000000000E+09   1.5240629587617106E+05   4.5540480259876241E-10   4.7245610567734062E-25   6.3597656309859649E+03
   1.1376770000000000E+09   1.5314208314577444E+05   4.5073261897845189E-10   4.6744872658196399E-25   6.3619459796643405E+03
   1.1396770000000000E+09   1.5387812731432714E+05   4.4612236256507087E-10   4.6251015776643707E-25   6.3641101277606886E+03
   1.1416770000000000E+09   1.5461442238524751E+05   4.4157303822532727E-10   4.5763924817080637E-25   6.3662582401265163E+03
   1.1436770000000000E+09   1.5535096134419975E+05   4.3708367089476087E-10   4.5283487077191757E-25   6.3683904794249111E+03
   1.1456770000000000E+09   1.5608773608295870E+05   4.3265330516991974E-10   4.4809592206416426E-25   6.3705070061666765E+03
   1.1476770000000000E+09   1.5682473733263364E+05   4.2828100489790035E-10   4.4342132154054689E-25   6.3726079787456874E+03
   1.1496770000000000E+09   1.5756195460912408E+05   4.2396585276030569E-10   4.3881001117090564E-25   6.3746935534735931E+03
   1.1516770000000000E+09   1.5829937617379247E+05   4.1970694984873043E-10   4.3426095487429046E-25   6.3767638846136861E+03
   1.1536770000000000E+09   1.5903698901239055E+05   4.1550341522907834E-10   4.2977313798260471E-25   6.3788191244142326E+03
   1.1556770000000000E+09   1.5977477883519611E+05   4.1135438549231631E-10   4.2534556669301270E-25   6.3808594231410780E+03
   1.1576770000000000E+09   1.6051273010111065E+05   4.0725901428975461E-10   4.2097726750710054E-25   6.3828849291095412E+03
   1.1596770000000000E+09   1.6125082606815637E+05   4.0321647185154642E-10   4.1666728665538830E-25   6.3848957887158222E+03
   1.1616770000000000E+09   1.6198904887231524E+05   3.9922594448782275E-10   4.1241468950658488E-25   6.3868921464676177E+03
   1.1636770000000000E+09   1.6272737963602529E+05   3.9528663407281376E-10   4.0821855996188673E-25   6.3888741450145035E+03
   1.1656770000000000E+09   1.6346579860687201E+05   3.9139775751321773E-10   4.0407799983565073E-25   6.3908419251772430E+03
   1.1676770000000000E+09   1.6420428532610365E+05   3.8755854620325092E-10   3.9999212822486202E-25   6.3927956259770108E+03
   1.1696770000000000E+09   1.6494281882557049E+05   3.8376824546984076E-10   3.9596008087098100E-25   6.3947353846638389E+03
   1.1716770000000000E+09   1.6568137785059839E+05   3.8002611401257464E-10   3.9198100951885937E-25   6.3966613367447544E+03
   1.1736770000000000E+09   1.6641994110517297E+05   3.7633142334399798E-10   3.8805408127847747E-25   6.3985736160110855E+03
   1.1756770000000000E+09   1.6715848751469399E+05   3.7268345723683445E-10   3.8417847799616730E-25   6.4004723545657462E+03
   1.1776770000000000E+09   1.6789699650054722E+05   3.6908151118527081E-10   3.8035339564266677E-25   6.4023576828496152E+03
   1.1796770000000000E+09   1.6863544825984802E+05   3.6552489188798801E-10   3.7657804372577986E-25   6.4042297296678244E+03
   1.1816770000000000E+09   1.6937382404302800E+05   3.6201291676064916E-10   3.7285164473551866E-25   6.4060886222153940E+03
   1.1836770000000000E+09   1.7011210642153866E+05   3.5854491348535192E-10   3.6917343362932457E-25   6.4079344861025156E+03
   1.1856770000000000E+09   1.7085027953784014E+05   3.5512021960389418E-10   3.6554265736429372E-25   6.4097674453793588E+03
   1.1876770000000000E+09   1.7158832933007547E+05   3.5173818216075972E-10   3.6195857448233587E-25   6.4115876225606380E+03
   1.1896770000000000E+09   1.7232624372442177E+05   3.4839815740033923E-10   3.5842045475278970E-25   6.4133951386493936E+03
   1.1916770000000000E+09   1.7306401278903507E+05   3.4509951052138995E-10   3.5492757887538410E-25   6.4151901131608274E+03
   1.1936770000000000E+09   1.7380162884471694E+05   3.4184161548985107E-10   3.5147923824458048E-25   6.4169726641453699E+03
   1.1956770000000000E+09   1.7453908652889184E+05   3.3862385490929915E-10   3.4807473477438030E-25   6.4187429082115068E+03
   1.1976770000000000E+09   1.7527638281109725E+05   3.3544561994641968E-10   3.4471338078075967E-25   6.4205009605481491E+03
   1.1996770000000000E+09   1.7601351695990367E+05   3.3230631030706874E-10   3.4139449891704484E-25   6.4222469349466428E+03
   1.2016770000000000E+09   1.7675049046285162E+05   3.2920533425693192E-10   3.3811742215595299E-25   6.4239809438222264E+03
   1.2036770000000000E+09   1.7748730690261058E+05   3.2614210867949421E-10   3.3488149381068974E-25   6.4257030982353399E+03
   1.2056770000000000E+09   1.7822397179399568E+05   3.2311605916300209E-10   3.3168606758649699E-25   6.4274135079122707E+03
   1.2076770000000000E+09   1.7896049238769093E+05   3.2012662010755250E-10   3.2853050765345932E-25   6.4291122812655549E+03
   1.2096770000000000E+09   1.7969687744752254E+05   3.1717323484309887E-10   3.2541418873108011E-25   6.4307995254138941E+03
   1.2116770000000000E+09   1.8043313700877182E+05   3.1425535574932161E-10   3.2233649617530647E-25   6.4324753462016424E+03
   1.2136770000000000E+09   1.8116928212542686E+05   3.1137244436870704E-10   3.1929682605909638E-25   6.4341398482181721E+03
   1.2156770000000000E+09   1.8190532461433913E+05   3.0852397150485783E-10   3.1629458523838817E-25   6.4357931348164411E+03
   1.2176770000000000E+09   1.8264127680402581E+05   3.0570941729910043E-10   3.1332919139634764E-25   6.4374353081314875E+03
   1.2196770000000000E+09   1.8337715129530863E+05   3.0292827127961672E-10   3.1040007306002623E-25   6.4390664690984531E+03
   1.2216770000000000E+09   1.8411296074015208E+05   3.0018003237873629E-10   3.0750666958500108E-25   6.4406867174702566E+03
   1.2236770000000000E+09   1.8484871764393765E+05   2.9746420891558376E-10   3.0464843110516817E-25   6.4422961518348538E+03
   1.2256770000000000E+09   1.8558443419508892E+05   2.9478031854287034E-10   3.0182481844649692E-25   6.4438948696323123E+03
   1.2276770000000000E+09   1.8632012212444111E+05   2.9212788815825658E-10   2.9903530300524056E-25   6.4454829671715070E+03
   1.2296770000000000E+09   1.8705579259520918E+05   2.8950645378220893E-10   2.9627936659263244E-25   6.4470605396462570E+03
   1.2316770000000000E+09   1.8779145612289087E+05   2.8691556040566752E-10   2.9355650124947100E-25   6.4486276811516036E+03
   1.2336770000000000E+09   1.8852712252309849E+05   2.8435476181182210E-10   2.9086620903506491E-25   6.4501844846994654E+03
   1.2356770000000000E+09   1.8926280088424115E+05   2.8182362037705225E-10   2.8820800179571647E-25   6.4517310422340088E+03
   1.2376770000000000E+09   1.8999849956124913E+05   2.7932170685641293E-10   2.8558140091825266E-25   6.4532674446470392E+03
   1.2396770000000000E+09   1.9073422618618264E+05   2.7684860015893929E-10   2.8298593707402791E-25   6.4547937817927022E+03
   1.2416770000000000E+09   1.9146998769154411E+05   2.7440388711775317E-10   2.8042114995845319E-25   6.4563101425023233E+03
   1.2436770000000000E+09   1.9220579034239997E+05   2.7198716225927802E-10   2.7788658803046592E-25   6.4578166145987270E+03
   1.2456770000000000E+09   1.9294163977389212E+05   2.6959802757516909E-10   2.7538180825559052E-25   6.4593132849104049E+03
   1.2476770000000000E+09   1.9367754103130387E+05   2.6723609229976027E-10   2.7290637585542599E-25   6.4608002392854705E+03
   1.2496770000000000E+09   1.9441349861042266E+05   2.6490097269511110E-10   2.7045986406566167E-25   6.4622775626054199E+03
   1.2516770000000000E+09   1.9514951649652814E+05   2.6259229184504299E-10   2.6804185390401173E-25   6.4637453387984833E+03
   1.2536770000000000E+09   1.9588559820078019E+05   2.6030967945907121E-10   2.6565193394895386E-25   6.4652036508528972E+03
   1.2556770000000000E+09   1.9662174679324459E+05   2.5805277168663961E-10   2.6328970012965115E-25   6.4666525808300257E+03
   1.2576770000000000E+09   1.9735796493209244E+05   2.5582121094174354E-10   2.6095475552713026E-25   6.4680922098770297E+03
   1.2596770000000000E+09   1.9809425488883880E+05   2.5361464573775337E-10   2.5864671018647124E-25   6.4695226182395218E+03
   1.2616770000000000E+09   1.9883061856967275E+05   2.5143273053205983E-10   2.5636518093960258E-25   6.4709438852740368E+03
   1.2636770000000000E+09   1.9956705753311922E+05   2.4927512558000621E-10   2.5410979123813476E-25   6.4723560894600869E+03
   1.2656770000000000E+09   2.0030357300434430E+05   2.4714149679753960E-10   2.5188017099561167E-25   6.4737593084122454E+03
   1.2676770000000000E+09   2.0104016588639465E+05   2.4503151563202374E-10   2.4967595643860024E-25   6.4751536188918517E+03
   1.2696770000000000E+09   2.0177683676864073E+05   2.4294485894069170E-10   2.4749678996605333E-25   6.4765390968186812E+03
   1.2716770000000000E+09   2.0251358593255910E+05   2.4088120887631723E-10   2.4534232001650095E-25   6.4779158172823227E+03
   1.2736770000000000E+09   2.0325041335491042E+05   2.3884025277974515E-10   2.4321220094268320E-25   6.4792838545533696E+03
   1.2756770000000000E+09   2.0398731870827352E+05   2.3682168307899754E-10   2.4110609289330826E-25   6.4806432820945565E+03
   1.2776770000000000E+09   2.0472430135883807E+05   2.3482519719467431E-10   2.3902366170164608E-25   6.4819941725714571E+03
   1.2796770000000000E+09   2.0546136036133391E+05   2.3285049745141102E-10   2.3696457878067537E-25   6.4833365978633683E+03
   1.2816770000000000E+09   2.0619849445096802E+05   2.3089729099507703E-10   2.3492852102447483E-25   6.4846706290735401E+03
   1.2836770000000000E+09   2.0693570203220981E+05   2.2896528971547106E-10   2.3291517071555190E-25   6.4859963365399099E+03
   1.2856770000000000E+09   2.0767298116422739E+05   2.2705421017416848E-10   2.3092421543779875E-25   6.4873137898448449E+03
   1.2876770000000000E+09   2.0841032954271280E+05   2.2516377353730137E-10   2.2895534799478122E-25   6.4886230578253990E+03
   1.2896770000000000E+09   2.0914774447773423E+05   2.2329370551300118E-10   2.2700826633310493E-25   6.4899242085832320E+03
   1.2916770000000000E+09   2.0988522286709162E+05   2.2144373629333773E-10   2.2508267347068378E-25   6.4912173094939608E+03
   1.2936770000000000E+09   2.1062276116446475E+05   2.1961360050072571E-10   2.2317827742982966E-25   6.4925024272170494E+03
   1.2956770000000000E+09   2.1136035534135377E+05   2.1780303713884444E-10   2.2129479117524412E-25   6.4937796277049574E+03
   1.2976770000000000E+09   2.1209800084157047E+05   2.1601178954832105E-10   2.1943193255712046E-25   6.4950489762124835E+03
   1.2996770000000000E+09   2.1283569252680236E+05   2.1423960536750396E-10   2.1758942425969734E-25   6.4963105373056760E+03
   1.3016770000000000E+09   2.1357342461186097E+05   2.1248623649862678E-10   2.1576699375553633E-25   6.4975643748708790E+03
   1.3036770000000000E+09   2.1431119058882588E+05   2.1075143907928434E-10   2.1396437326544249E-25   6.4988105521235257E+03
   1.3056770000000000E+09   2.1504898314083999E+05   2.0903497345827620E-10   2.1218129972305339E-25   6.5000491316166308E+03
   1.3076770000000000E+09   2.1578679404916632E+05   2.0733660417331650E-10   2.1041751474152694E-25   6.5012801752493879E+03
   1.3096770000000000E+09   2.1652461410158814E+05   2.0565609992567373E-10   2.0867276457731877E-25   6.5025037442754510E+03
   1.3116770000000000E+09   2.1726243301633254E+05   2.0399323354365157E-10   2.0694680008282146E-25   6.5037198993111806E+03
   1.3136770000000000E+09   2.1800023940296232E+05   2.0234778192316196E-10   2.0523937663595815E-25   6.5049287003435729E+03
   1.3156770000000000E+09   2.1873802078872564E+05   2.0071952593040627E-10   2.0355025403153582E-25   6.5061302067384449E+03
   1.3176770000000000E+09   2.1947576374354988E+05   1.9910825024990549E-10   2.0187919631743902E-25   6.5073244772479948E+03
   1.3196770000000000E+09   2.2021345413612309E+05   1.9751374316264237E-10   2.0022597156026608E-25   6.5085115700186798E+03
   1.3216770000000000E+09   2.2095107754391778E+05   1.9593579624532890E-10   1.9859035153143042E-25   6.5096915425988482E+03
   1.3236770000000000E+09   2.2168861981903683E+05   1.9437420399409162E-10   1.9697211131720300E-25   6.5108644519461295E+03
   1.3256770000000000E+09   2.2242606777908996E+05   1.9282876339382393E-10   1.9537102887434719E-25   6.5120303544352882E+03
   1.3276770000000000E+09   2.2316340995154541E+05   1.9129927347569054E-10   1.9378688457453803E-25   6.5131893058652686E+03
   1.3296770000000000E+09   2.2390063725993002E+05   1.8978553492496804E-10   1.9221946080054789E-25   6.5143413614668470E+03
   1.3316770000000000E+09   2.2463774351406319E+05   1.8828734981226305E-10   1.9066854166811768E-25   6.5154865759098775E+03
   1.3336770000000000E+09   2.2537472556927739E+05   1.8680452151585858E-10   1.8913391294187219E-25   6.5166250033106835E+03
   1.3356770000000000E+09   2.2611158306277028E+05   1.8533685487619562E-10   1.8761536218644872E-25   6.5177566972390068E+03
   1.3376770000000000E+09   2.2684831772004304E+05   1.8388415657610261E-10   1.8611267914590125E-25   6.5188817107253826E+03
   1.3396770000000000E+09   2.2758493233607686E+05   1.8244623568118844E-10   1.8462565628462101E-25   6.5200000962675877E+03
   1.3416770000000000E+09   2.2832142964303162E+05   1.8102290422122132E-10   1.8315408936885927E-25   6.5211119058376298E+03
   1.3436770000000000E+09   2.2905781133739804E+05   1.7961397766639777E-10   1.8169777794106257E-25   6.5222171908881674E+03
   1.3456770000000000E+09   2.2979407751887341E+05   1.7821927516952331E-10   1.8025652555682987E-25   6.5233160023587579E+03
   1.3476770000000000E+09   2.3053022667902682E+05   1.7683861950990506E-10   1.7883013972009297E-25   6.5244083906821443E+03
   1.3496770000000000E+09   2.3126625619731893E+05   1.7547183677080506E-10   1.7741843154935176E-25   6.5254944057902721E+03
   1.3516770000000000E+09   2.3200216311986302E+05   1.7411875587512062E-10   1.7602121530146905E-25   6.5265740971205651E+03
   1.3536770000000000E+09   2.3273794489268906E+05   1.7277920815284305E-10   1.7463830792862898E-25   6.5276475136216250E+03
   1.3556770000000000E+09   2.3347359975392508E+05   1.7145302709166023E-10   1.7326952882116357E-25   6.5287147037594605E+03
   1.3576770000000000E+09   2.3420912665625260E+05   1.7014004833259939E-10   1.7191469979829459E-25   6.5297757155231757E+03
   1.3596770000000000E+09   2.3494452481910758E+05   1.6884010985534698E-10   1.7057364529028272E-25   6.5308305964307883E+03
   1.3616770000000000E+09   2.3567979318352512E+05   1.6755305221145485E-10   1.6924619256845578E-25   6.5318793935346921E+03
   1.3636770000000000E+09   2.3641493006481341E+05   1.6627871865507474E-10   1.6793217187132492E-25   6.5329221534272292E+03
   1.3656770000000000E+09   2.3714993315498167E+05   1.6501695509490222E-10   1.6663141635011200E-25   6.5339589222464783E+03
   1.3676770000000000E+09   2.3788479980487502E+05   1.6376760990273713E-10   1.6534376186991205E-25   6.5349897456812114E+03
   1.3696770000000000E+09   2.3861952735597789E+05   1.6253053369378877E-10   1.6406904678287542E-25   6.5360146689774056E+03
   1.3716770000000000E+09   2.3935411329609924E+05   1.6130557919187191E-10   1.6280711178755827E-25   6.5370337369436429E+03
   1.3736770000000000E+09   2.4008855516998810E+05   1.6009260121619087E-10   1.6155779991110102E-25   6.5380469939567674E+03
   1.3756770000000000E+09   2.4082285036309625E+05   1.5889145673499857E-10   1.6032095655873116E-25   6.5390544839679533E+03
   1.3776770000000000E+09   2.4155699595211743E+05   1.5770200489366109E-10   1.5909642953732195E-25   6.5400562505069229E+03
   1.3796770000000000E+09   2.4229098873005921E+05   1.5652410696434313E-10   1.5788406899992157E-25   6.5410523366861971E+03
   1.3816770000000000E+09   2.4302482534990346E+05   1.5535762624156438E-10   1.5668372733600352E-25   6.5420427852035582E+03
   1.3836770000000000E+09   2.4375850243055064E+05   1.5420242795543071E-10   1.5549525907989631E-25   6.5430276383438240E+03
   1.3856770000000000E+09   2.4449201649648446E+05   1.5305837926015400E-10   1.5431852089538144E-25   6.5440069379799334E+03
   1.3876770000000000E+09   2.4522536368686345E+05   1.5192534931857166E-10   1.5315337165720138E-25   6.5449807255764545E+03
   1.3896770000000000E+09   2.4595853904725239E+05   1.5080320953777847E-10   1.5199967268532464E-25   6.5459490421961000E+03
   1.3916770000000000E+09   2.4669153458825752E+05   1.4969183423975490E-10   1.5085728841907409E-25   6.5469119285127217E+03
   1.3936770000000000E+09   2.4742433358156704E+05   1.4859110267544416E-10   1.4972608844913772E-25   6.5478694248303436E+03
   1.3956770000000000E+09   2.4815689438878759E+05   1.4750090479029690E-10   1.4860595333931725E-25   6.5488215711058192E+03
   1.3976770000000000E+09   2.4888910739914532E+05   1.4642115661725005E-10   1.4749679016909351E-25   6.5497684069647166E+03
   1.3996770000000000E+09   2.4962068777455532E+05   1.4535183862255023E-10   1.4639857123926715E-25   6.5507099716932435E+03
   1.4016770000000000E+09   2.5035092735124103E+05   1.4429308440959869E-10   1.4531142356616232E-25   6.5516463041803827E+03
   1.4036770000000000E+09   2.5107816865973349E+05   1.4324536891938696E-10   1.4423581865156018E-25   6.5525774427809765E+03
   1.4056770000000000E+09   2.5179880332397704E+05   1.4220986747816214E-10   1.4317293428201213E-25   6.5535034250795507E+03
   1.4076770000000000E+09   2.5250561243787388E+05   1.4118905264273100E-10   1.4212525544902767E-25   6.5544242875627178E+03
   1.4096770000000000E+09   2.5318550721540736E+05   1.4018751046413728E-10   1.4109739523970659E-25   6.5553400652692944E+03
   1.4116770000000000E+09   2.5381731636917649E+05   1.3921274258061254E-10   1.4009689979756268E-25   6.5562507915729284E+03
   1.4136770000000000E+09   2.5437091305332986E+05   1.3827546526411934E-10   1.3913454544443769E-25   6.5571564983140861E+03
   1.4156770000000000E+09   2.5480837432309770E+05   1.3738907600082781E-10   1.3822379931703117E-25   6.5580572163860179E+03
   1.4176770000000000E+09   2.5508401274055213E+05   1.3656930435807500E-10   1.3738047231340575E-25   6.5589529763114733E+03
   1.4196770000000000E+09   2.5513425992112840E+05   1.3583738726848263E-10   1.3662592539104151E-25   6.5598438071059263E+03
   1.4216770000000000E+09   2.5485292557233918E+05   1.3522927085710662E-10   1.3599632306170413E-25   6.5607297303803643E+03
   1.4236770000000000E+09   2.5408289716799447E+05   1.3480129060654011E-10   1.3554828105764141E-25   6.5616107478024751E+03
   1.4256770000000000E+09   2.5270342934821715E+05   1.3460288743960281E-10   1.3533130384804271E-25   6.5624868289224214E+03
   1.4276770000000000E+09   2.5082840023140321E+05   1.3460219982761001E-10   1.3531297494103528E-25   6.5633579266816005E+03
   1.4296770000000000E+09   2.4887636428669115E+05   1.3464488313833605E-10   1.3533791792832772E-25   6.5642240616189583E+03
   1.4316770000000000E+09   2.4722794237440155E+05   1.3457031045576123E-10   1.3524495206312742E-25   6.5650854631406510E+03
   1.4336770000000000E+09   2.4584826584380984E+05   1.3439072502978208E-10   1.3504675842924982E-25   6.5659425940932788E+03
   1.4356770000000000E+09   2.4435460120922991E+05   1.3414608183887258E-10   1.3478341583767138E-25   6.5667939107255415E+03
