  99.9999999999964615   5.0000000000000003E-02 390 2001
  79.5818920706261537   1.9965231352463610E+02
   6.5767700000000000E+08  -1.4486496110071191E+03   1.7135849607307962E-08   3.0499437095871955E-18   1.0808387074858369E+03
   6.5967700000000000E+08  -1.3929090682415385E+03   2.4082028316856628E-08   4.1747055257183564E-18   1.1097222339816224E+03
   6.6167700000000000E+08  -1.2875859448858300E+03   2.7326316718144646E-08   4.6552597429550486E-18   1.1292347946007210E+03
   6.6367700000000000E+08  -1.1083701724493512E+03   2.7975976846815204E-08   4.7130314169006137E-18   1.1419103166371817E+03
   6.6567700000000000E+08  -7.9755403534419338E+02   2.6779304586896452E-08   4.4767481675832271E-18   1.1507572028553845E+03
   6.6767700000000000E+08  -3.9108358950451242E+02   2.4653195098519353E-08   4.0984754648195853E-18   1.1571720747205220E+03
   6.6967700000000000E+08   8.5623908059147723E+01   2.2230718936154983E-08   3.6798786673647201E-18   1.1621630947793408E+03
   6.7167700000000000E+08   6.0426288141934083E+02   1.9868676330271034E-08   3.2768223527323416E-18   1.1664418928851501E+03
   6.7367700000000000E+08   1.1380153529689642E+03   1.7729795990224457E-08   2.9137902790451236E-18   1.1705568743712320E+03
   6.7567700000000000E+08   1.6570680489609801E+03   1.5866567887754043E-08   2.5978340404467950E-18   1.1749480438294722E+03
   6.7767700000000000E+08   2.1270991760389074E+03   1.4277251973192054E-08   2.3276188649094171E-18   1.1799940770104022E+03
   6.7967700000000000E+08   2.5183470213860496E+03   1.2938438049663374E-08   2.0982465217193616E-18   1.1862395794571112E+03
   6.8167700000000000E+08   2.8238450657102780E+03   1.1823809967562004E-08   1.9034102484928191E-18   1.1950115677428932E+03
   6.8367700000000000E+08   3.0580895758280649E+03   1.0917280865215038E-08   1.7361293245632683E-18   1.2097050181058601E+03
   6.8567700000000000E+08   3.2176292153944351E+03   1.0216886109843730E-08   1.5894268555152078E-18   1.2365881402572932E+03
   6.8767700000000000E+08   3.2438402116087886E+03   9.7221192734047182E-09   1.4574965049042744E-18   1.2832181518558164E+03
   6.8967700000000000E+08   3.0570510013442340E+03   9.4138206749048919E-09   1.3371138776561401E-18   1.3543926751163351E+03
   6.9167700000000000E+08   2.6523241811746361E+03   9.2474279970732009E-09   1.2277115299127396E-18   1.4490110437428032E+03
   6.9367700000000000E+08   2.1488653180784195E+03   9.1677993198266775E-09   1.1299813118407015E-18   1.5607771873565421E+03
   6.9567700000000000E+08   1.7482266351700212E+03   9.1293031504231509E-09   1.0443867856285443E-18   1.6816024521397460E+03
   6.9767700000000000E+08   1.6530844172777122E+03   9.1044436874256048E-09   9.7057620730976896E-19   1.8045579981285030E+03
   6.9967700000000000E+08   2.0060088068686885E+03   9.0806988782418366E-09   9.0749193507424999E-19   1.9249682547387406E+03
   7.0167700000000000E+08   2.8652861669638919E+03   9.0535688750074966E-09   8.5368419833867617E-19   2.0401854154379298E+03
   7.0367700000000000E+08   4.2099415665227398E+03   9.0212648145656714E-09   8.0758823225549414E-19   2.1489411438148400E+03
   7.0567700000000000E+08   5.9608567102224888E+03   8.9821521173846460E-09   7.6771027256864034E-19   2.2507648565173413E+03
   7.0767700000000000E+08   8.0063408431465405E+03   8.9340957982909107E-09   7.3273061800262816E-19   2.3455966737410045E+03
   7.0967700000000000E+08   1.0224488064917394E+04   8.8746683143298157E-09   7.0154530725590867E-19   2.4335679556982413E+03
   7.1167700000000000E+08   1.2498866927337251E+04   8.8015604600390375E-09   6.7326772928599652E-19   2.5148897424455949E+03
   7.1367700000000000E+08   1.4727558155609204E+04   8.7129250378926749E-09   6.4720926922274454E-19   2.5898005606118390E+03
   7.1567700000000000E+08   1.6828732561327775E+04   8.6076267582026515E-09   6.2285395772167000E-19   2.6585465565518557E+03
   7.1767700000000000E+08   1.8742984746367070E+04   8.4853798685109198E-09   5.9983153919303501E-19   2.7213792156940490E+03
   7.1967700000000000E+08   2.0432262717601967E+04   8.3467435439085877E-09   5.7788902651921024E-19   2.7785594516051160E+03
   7.2167700000000000E+08   2.1877803372644867E+04   8.1930179687234260E-09   5.5686377693306954E-19   2.8303621652056677E+03
   7.2367700000000000E+08   2.3077303860997094E+04   8.0260909791477059E-09   5.3666002294640073E-19   2.8770797808931075E+03
   7.2567700000000000E+08   2.4041637396931910E+04   7.8482545218017350E-09   5.1722860445362133E-19   2.9190236633145605E+03
   7.2767700000000000E+08   2.4791345855251420E+04   7.6620119974227831E-09   4.9854992852766763E-19   2.9565228567478548E+03
   7.2967700000000000E+08   2.5353147870471210E+04   7.4698963493476516E-09   4.8062024738159145E-19   2.9899201122309951E+03
   7.3167700000000000E+08   2.5756713743049932E+04   7.2743158351484792E-09   4.6344131372295900E-19   3.0195656632233317E+03
   7.3367700000000000E+08   2.6031935460511882E+04   7.0774390378793899E-09   4.4701331394636700E-19   3.0458095936859659E+03
   7.3567700000000000E+08   2.6206851790082495E+04   6.8811237719217829E-09   4.3133075556279599E-19   3.0689938279034031E+03
   7.3767700000000000E+08   2.6306288311675409E+04   6.6868875891772635E-09   4.1638076882386952E-19   3.0894447380936149E+03
   7.3967700000000000E+08   2.6351169658680312E+04   6.4959124954412357E-09   4.0214316662703037E-19   3.1074671346263076E+03
   7.4167700000000000E+08   2.6358384357085641E+04   6.3090737338542037E-09   3.8859159307441937E-19   3.1233400768241481E+03
   7.4367700000000000E+08   2.6341042390501781E+04   6.1269823369951832E-09   3.7569518482479004E-19   3.1373146030084026E+03
   7.4567700000000000E+08   2.6308964315553021E+04   5.9500327170474273E-09   3.6342031676899097E-19   3.1496132055821513E+03
   7.4767700000000000E+08   2.6269266078908997E+04   5.7784490067785571E-09   3.5173216384497424E-19   3.1604307070635336E+03
   7.4967700000000000E+08   2.6226941862652722E+04   5.6123263669806836E-09   3.4059594899105606E-19   3.1699361267680943E+03
   7.5167700000000000E+08   2.6185386019361013E+04   5.4516655506414983E-09   3.2997784738426954E-19   3.1782751424728031E+03
   7.5367700000000000E+08   2.6146827030707082E+04   5.2964004690388077E-09   3.1984557764476883E-19   3.1855728152303482E+03
   7.5567700000000000E+08   2.6112668641489803E+04   5.1464193647834396E-09   3.1016873892280249E-19   3.1919363294046088E+03
   7.5767700000000000E+08   2.6083746360567980E+04   5.0015805928808951E-09   3.0091895903717784E-19   3.1974575829927348E+03
   7.5967700000000000E+08   2.6060513457436529E+04   4.8617240993618563E-09   2.9206991266808636E-19   3.2022155335363891E+03
   7.6167700000000000E+08   2.6043171844726086E+04   4.7266796027397053E-09   2.8359725713998985E-19   3.2062782579565451E+03
   7.6367700000000000E+08   2.6031761901770013E+04   4.5962723232485904E-09   2.7547852101347346E-19   3.2097047208227759E+03
   7.6567700000000000E+08   2.6026222847159115E+04   4.4703269282720362E-09   2.6769296983508900E-19   3.2125462676804564E+03
   7.6767700000000000E+08   2.6026432619495456E+04   4.3486702009126231E-09   2.6022146482112216E-19   3.2148478716605987E+03
   7.6967700000000000E+08   2.6032233845663057E+04   4.2311328048934492E-09   2.5304632400233550E-19   3.2166491660368142E+03
   7.7167700000000000E+08   2.6043450546309159E+04   4.1175504148403661E-09   2.4615119108051570E-19   3.2179852953842847E+03
   7.7367700000000000E+08   2.6059898766309110E+04   4.0077644032375952E-09   2.3952091448217777E-19   3.2188876155205799E+03
   7.7567700000000000E+08   2.6081393263635186E+04   3.9016222189441188E-09   2.3314143740573048E-19   3.2193842688016061E+03
   7.7767700000000000E+08   2.6107751657812620E+04   3.7989775520247339E-09   2.2699969869336721E-19   3.2195006574343815E+03
   7.7967700000000000E+08   2.6138796945488830E+04   3.6996903514362699E-09   2.2108354385698062E-19   3.2192598337187410E+03
   7.8167700000000000E+08   2.6174358965598232E+04   3.6036267423943349E-09   2.1538164536725949E-19   3.2186828227700917E+03
   7.8367700000000000E+08   2.6214275186454968E+04   3.5106588764855473E-09   2.0988343125729521E-19   3.2177888903885387E+03
   7.8567700000000000E+08   2.6258391053043764E+04   3.4206647379604494E-09   2.0457902112134538E-19   3.2165957663255199E+03
   7.8767700000000000E+08   2.6306560047973588E+04   3.3335279228653636E-09   1.9945916866044345E-19   3.2151198312169440E+03
   7.8967700000000000E+08   2.6358643566035375E+04   3.2491374028678333E-09   1.9451521001334784E-19   3.2133762738434989E+03
   7.9167700000000000E+08   2.6414510668414783E+04   3.1673872821976072E-09   1.8973901719976780E-19   3.2113792240837083E+03
   7.9367700000000000E+08   2.6474037760918894E+04   3.0881765536529641E-09   1.8512295608592789E-19   3.2091418658870343E+03
   7.9567700000000000E+08   2.6537108226450113E+04   3.0114088578296306E-09   1.8065984835739319E-19   3.2066765337638585E+03
   7.9767700000000000E+08   2.6603612032544046E+04   2.9369922484227474E-09   1.7634293704994507E-19   3.2039947956247361E+03
   7.9967700000000000E+08   2.6673445328339953E+04   2.8648389654974201E-09   1.7216585524652346E-19   3.2011075242697411E+03
   8.0167700000000000E+08   2.6746510040839683E+04   2.7948652179247681E-09   1.6812259759764402E-19   3.1980249594025258E+03
   8.0367700000000000E+08   2.6822713477075642E+04   2.7269909756709769E-09   1.6420749436526505E-19   3.1947567617010191E+03
   8.0567700000000000E+08   2.6901967936485886E+04   2.6611397722580010E-09   1.6041518772676730E-19   3.1913120602009467E+03
   8.0767700000000000E+08   2.6984190336148113E+04   2.5972385174497910E-09   1.5674061010737404E-19   3.1876994940253367E+03
   8.0967700000000000E+08   2.7069301850393920E+04   2.5352173200320536E-09   1.5317896433679019E-19   3.1839272493126846E+03
   8.1167700000000000E+08   2.7157227565635829E+04   2.4750093204256018E-09   1.4972570544965048E-19   3.1800030920498648E+03
   8.1367700000000000E+08   2.7247896150890618E+04   2.4165505327894342E-09   1.4637652397013098E-19   3.1759343973966206E+03
   8.1567700000000000E+08   2.7341239544442236E+04   2.3597796962180593E-09   1.4312733053921872E-19   3.1717281759911534E+03
   8.1767700000000000E+08   2.7437192657285894E+04   2.3046381346092995E-09   1.3997424175898761E-19   3.1673910976470070E+03
   8.1967700000000000E+08   2.7535693094351132E+04   2.2510696247677037E-09   1.3691356714214484E-19   3.1629295127864125E+03
   8.2167700000000000E+08   2.7636680894991496E+04   2.1990202723092797E-09   1.3394179706729525E-19   3.1583494719022647E+03
   8.2367700000000000E+08   2.7740098294730593E+04   2.1484383949410651E-09   1.3105559165103147E-19   3.1536567432971806E+03
   8.2567700000000000E+08   2.7845889510711055E+04   2.0992744127017037E-09   1.2825177045727764E-19   3.1488568293124576E+03
   8.2767700000000000E+08   2.7954000553628113E+04   2.0514807447636798E-09   1.2552730297242546E-19   3.1439549812302193E+03
   8.2967700000000000E+08   2.8064379069053652E+04   2.0050117124127269E-09   1.2287929978184127E-19   3.1389562130075692E+03
   8.3167700000000000E+08   2.8176974210914697E+04   1.9598234478340340E-09   1.2030500438940628E-19   3.1338653139811672E+03
   8.3367700000000000E+08   2.8291736549447782E+04   1.9158738083476982E-09   1.1780178562700882E-19   3.1286868606633057E+03
   8.3567700000000000E+08   2.8408618015184024E+04   1.8731222957470196E-09   1.1536713060543347E-19   3.1234252277356272E+03
   8.3767700000000000E+08   2.8527571879452131E+04   1.8315299804031830E-09   1.1299863816201949E-19   3.1180845983334261E+03
   8.3967700000000000E+08   2.8648552770557912E+04   1.7910594298090019E-09   1.1069401276388826E-19   3.1126689737017905E+03
   8.4167700000000000E+08   2.8771516723298733E+04   1.7516746412434584E-09   1.0845105882859168E-19   3.1071821822938891E+03
   8.4367700000000000E+08   2.8896421257895818E+04   1.7133409782485344E-09   1.0626767542679744E-19   3.1016278883717532E+03
   8.4567700000000000E+08   2.9023225482895443E+04   1.6760251106209967E-09   1.0414185133420293E-19   3.0960096001603852E+03
   8.4767700000000000E+08   2.9151890215230153E+04   1.6396949576351437E-09   1.0207166040233184E-19   3.0903306775972301E+03
   8.4967700000000000E+08   2.9282378109559981E+04   1.6043196342282990E-09   1.0005525722027066E-19   3.0845943397107940E+03
   8.5167700000000000E+08   2.9414653788331085E+04   1.5698693998993717E-09   9.8090873041788504E-20   3.0788036716546126E+03
   8.5367700000000000E+08   2.9548683963771018E+04   1.5363156100917910E-09   9.6176811954659054E-20   3.0729616314160562E+03
   8.5567700000000000E+08   2.9684437543320819E+04   1.5036306698553606E-09   9.4311447271375478E-20   3.0670710562136287E+03
   8.5767700000000000E+08   2.9821885710780080E+04   1.4717879896062487E-09   9.2493218122789041E-20   3.0611346685915773E+03
   8.5967700000000000E+08   2.9961001976677740E+04   1.4407619428296706E-09   9.0720626238473327E-20   3.0551550822170179E+03
   8.6167700000000000E+08   3.0101762192988626E+04   1.4105278255948591E-09   8.8992232899781687E-20   3.0491348073821996E+03
   8.6367700000000000E+08   3.0244144529196074E+04   1.3810618177757852E-09   8.7306656053581011E-20   3.0430762562131176E+03
   8.6567700000000000E+08   3.0388129408723122E+04   1.3523409458926431E-09   8.5662567576452233E-20   3.0369817475853615E+03
   8.6767700000000000E+08   3.0533699406779971E+04   1.3243430475080757E-09   8.4058690680740933E-20   3.0308535117487436E+03
   8.6967700000000000E+08   3.0680839112584054E+04   1.2970467371272403E-09   8.2493797455157111E-20   3.0246936946635237E+03
   8.7167700000000000E+08   3.0829534960564353E+04   1.2704313735626299E-09   8.0966706533691080E-20   3.0185043620531942E+03
   8.7367700000000000E+08   3.0979775036493244E+04   1.2444770287322138E-09   7.9476280887399166E-20   3.0122875031810368E+03
   8.7567700000000000E+08   3.1131548865411565E+04   1.2191644578636594E-09   7.8021425734157361E-20   3.0060450343602238E+03
   8.7767700000000000E+08   3.1284847188704007E+04   1.1944750710784236E-09   7.6601086561808214E-20   2.9997788022098039E+03
   8.7967700000000000E+08   3.1439661737750372E+04   1.1703909063276006E-09   7.5214247260256386E-20   2.9934905866710756E+03
   8.8167700000000000E+08   3.1595985011240089E+04   1.1468946036477428E-09   7.3859928358069583E-20   2.9871821038008693E+03
   8.8367700000000000E+08   3.1753810062580233E+04   1.1239693806996024E-09   7.2537185359031368E-20   2.9808550083596251E+03
   8.8567700000000000E+08   3.1913130302937447E+04   1.1015990095467637E-09   7.1245107173921206E-20   2.9745108962131408E+03
   8.8767700000000000E+08   3.2073939324500469E+04   1.0797677946246838E-09   6.9982814642583066E-20   2.9681513065672061E+03
   8.8967700000000000E+08   3.2236230747826015E+04   1.0584605518434622E-09   6.8749459141059480E-20   2.9617777240544488E+03
   8.9167700000000000E+08   3.2399998097224659E+04   1.0376625887582851E-09   6.7544221268121140E-20   2.9553915806924906E+03
   8.9367700000000000E+08   3.2565234710316650E+04   1.0173596857259015E-09   6.6366309604623901E-20   2.9489942577329139E+03
   8.9567700000000000E+08   3.2731933694717332E+04   9.9753807793500065E-10   6.5214959537179353E-20   2.9425870874227280E+03
   8.9767700000000000E+08   3.2900087961150515E+04   9.7818443813664121E-10   6.4089432133489933E-20   2.9361713547064319E+03
   8.9967700000000000E+08   3.3069690395924532E+04   9.5928585978302460E-10   6.2989013048600605E-20   2.9297482989125865E+03
   9.0167700000000000E+08   3.3240734295679576E+04   9.4082984008347727E-10   6.1913011427381542E-20   2.9233191155008431E+03
   9.0367700000000000E+08   3.3413214275332830E+04   9.2280426221222766E-10   6.0860758748959428E-20   2.9168849580027845E+03
   9.0567700000000000E+08   3.3587127947761939E+04   9.0519737567193652E-10   5.9831607541298374E-20   2.9104469403750063E+03
   9.0767700000000000E+08   3.3762478661515306E+04   8.8799777399096119E-10   5.8824929903142272E-20   2.9040061400754767E+03
   9.0967700000000000E+08   3.3939279258721392E+04   8.7119437022265055E-10   5.7840115855379148E-20   2.8975636022006606E+03
   9.1167700000000000E+08   3.4117555882473294E+04   8.5477637402717253E-10   5.6876571769312857E-20   2.8911203448269630E+03
   9.1367700000000000E+08   3.4297349173245697E+04   8.3873327969398804E-10   5.5933719508155523E-20   2.8846773650709119E+03
   9.1567700000000000E+08   3.4478708298711426E+04   8.2305488007261725E-10   5.5010997325705710E-20   2.8782356441937345E+03
   9.1767700000000000E+08   3.4661673068627919E+04   8.0773132045169991E-10   5.4107863545844437E-20   2.8717961486246022E+03
   9.1967700000000000E+08   3.4846243938168649E+04   7.9275318929360370E-10   5.3223802918875497E-20   2.8653598231437340E+03
   9.2167700000000000E+08   3.5032350656488947E+04   7.7811160604846231E-10   5.2358333037052878E-20   2.8589275743774283E+03
   9.2367700000000000E+08   3.5219842540200319E+04   7.6379822774793819E-10   5.1511005444291999E-20   2.8525002482354589E+03
   9.2567700000000000E+08   3.5408523277393382E+04   7.4980510502510806E-10   5.0681396469302162E-20   2.8460786118624801E+03
   9.2767700000000000E+08   3.5598225776384941E+04   7.3612440994700340E-10   4.9869088922136823E-20   2.8396633529377068E+03
   9.2967700000000000E+08   3.5788879506641366E+04   7.2274819826720950E-10   4.9073655515489119E-20   2.8332551004244474E+03
   9.3167700000000000E+08   3.5980514777100965E+04   7.0966841987983194E-10   4.8294658834801212E-20   2.8268544546817675E+03
   9.3367700000000000E+08   3.6173192648784599E+04   6.9687715630413308E-10   4.7531667027117219E-20   2.8204620070264223E+03
   9.3567700000000000E+08   3.6366932096397853E+04   6.8436683217743181E-10   4.6784268303840005E-20   2.8140783387678030E+03
   9.3767700000000000E+08   3.6561759989848426E+04   6.7213038359129052E-10   4.6052082795957295E-20   2.8077040134721597E+03
   9.3967700000000000E+08   3.6757861215506564E+04   6.6016148318566155E-10   4.5334778054688447E-20   2.8013395941626391E+03
   9.4167700000000000E+08   3.6955573363029900E+04   6.4845440361160045E-10   4.4632059402316476E-20   2.7949856917045804E+03
   9.4367700000000000E+08   3.7155089345913708E+04   6.3700306871017562E-10   4.3943604537864521E-20   2.7886429908890664E+03
   9.4567700000000000E+08   3.7356138615132746E+04   6.2580000145642585E-10   4.3268991474483366E-20   2.7823121910540476E+03
   9.4767700000000000E+08   3.7558036568615607E+04   6.1483650300626597E-10   4.2607711749175173E-20   2.7759938796622664E+03
   9.4967700000000000E+08   3.7760114587736622E+04   6.0410414013764352E-10   4.1959273961747683E-20   2.7696884427450000E+03
   9.5167700000000000E+08   3.7962149915640846E+04   5.9359612590554605E-10   4.1323299382504419E-20   2.7633960959966671E+03
   9.5367700000000000E+08   3.8164478719850827E+04   5.8330757462148130E-10   4.0699538952733067E-20   2.7571170125531717E+03
   9.5567700000000000E+08   3.8367922217909625E+04   5.7323477549061826E-10   4.0087821931325315E-20   2.7508514598812162E+03
   9.5767700000000000E+08   3.8573116645609771E+04   5.6337395991141128E-10   3.9487969552655239E-20   2.7445998650667930E+03
   9.5967700000000000E+08   3.8780029735588971E+04   5.5372046142835026E-10   3.8899736901142943E-20   2.7383627576302129E+03
   9.6167700000000000E+08   3.8988431283107588E+04   5.4426904890099846E-10   3.8322837309919941E-20   2.7321406558874805E+03
   9.6367700000000000E+08   3.9198176748466409E+04   5.3501456543109300E-10   3.7756987587898719E-20   2.7259340212644702E+03
   9.6567700000000000E+08   3.9409179241458965E+04   5.2595207051676190E-10   3.7201917850838572E-20   2.7197432729278171E+03
   9.6767700000000000E+08   3.9621384508874376E+04   5.1707681706973743E-10   3.6657369838760160E-20   2.7135687996345882E+03
   9.6967700000000000E+08   3.9834756419147052E+04   5.0838422497554219E-10   3.6123095037421057E-20   2.7074109673472490E+03
   9.7167700000000000E+08   4.0049269695176503E+04   4.9986986462652441E-10   3.5598853534694601E-20   2.7012701238130912E+03
   9.7367700000000000E+08   4.0264906139334023E+04   4.9152944512040169E-10   3.5084413221663270E-20   2.6951466015302881E+03
   9.7567700000000000E+08   4.0481652384099834E+04   4.8335880439564450E-10   3.4579549136953887E-20   2.6890407198255366E+03
   9.7767700000000000E+08   4.0699498191170809E+04   4.7535390124393811E-10   3.4084042947057953E-20   2.6829527863503663E+03
   9.7967700000000000E+08   4.0918435150241021E+04   4.6751080885593225E-10   3.3597682537398516E-20   2.6768830981410333E+03
   9.8167700000000000E+08   4.1138455899535751E+04   4.5982570917728903E-10   3.3120261661539060E-20   2.6708319423745265E+03
   9.8367700000000000E+08   4.1359553746459242E+04   4.5229488795977387E-10   3.2651579639173953E-20   2.6647995969444842E+03
   9.8567700000000000E+08   4.1581722455261006E+04   4.4491473070441630E-10   3.2191441116737812E-20   2.6587863309331601E+03
   9.8767700000000000E+08   4.1804956092760433E+04   4.3768171932449442E-10   3.1739655878535944E-20   2.6527924050157326E+03
   9.8967700000000000E+08   4.2029248847144270E+04   4.3059242915560734E-10   3.1296038681798671E-20   2.6468180718128456E+03
   9.9167700000000000E+08   4.2254594736246443E+04   4.2364352608783787E-10   3.0860409099622828E-20   2.6408635761852324E+03
   9.9367700000000000E+08   4.2480987357029706E+04   4.1683176379293767E-10   3.0432591369974654E-20   2.6349291554595666E+03
   9.9567700000000000E+08   4.2708420152518833E+04   4.1015398142479319E-10   3.0012414278011967E-20   2.6290150396215536E+03
   9.9767700000000000E+08   4.2936887757720346E+04   4.0360710269117796E-10   2.9599711136615275E-20   2.6231214516033401E+03
   9.9967700000000000E+08   4.3166388643442340E+04   3.9718813716462637E-10   2.9194319928207828E-20   2.6172486078741003E+03
   1.0016770000000000E+09   4.3396928399202690E+04   3.9089418345452569E-10   2.8796083580609848E-20   2.6113967195356608E+03
   1.0036770000000000E+09   4.3628522541065126E+04   3.8472243298751882E-10   2.8404850286425541E-20   2.6055659939728152E+03
   1.0056770000000000E+09   4.3861196850706358E+04   3.7867017039586210E-10   2.8020473572917686E-20   2.5997566368867160E+03
   1.0076770000000000E+09   4.4094983610022849E+04   3.7273476307696508E-10   2.7642811572399998E-20   2.5939688542202002E+03
   1.0096770000000000E+09   4.4329913817429078E+04   3.6691364299907159E-10   2.7271725717887949E-20   2.5882028531298215E+03
   1.0116770000000000E+09   4.4566007721299349E+04   3.6120428918261614E-10   2.6907079488884417E-20   2.5824588413503352E+03
   1.0136770000000000E+09   4.4803266655232219E+04   3.5560421501764743E-10   2.6548737517879980E-20   2.5767370248948591E+03
   1.0156770000000000E+09   4.5041669027952194E+04   3.5011096093907068E-10   2.6196565095930204E-20   2.5710376045748590E+03
   1.0176770000000000E+09   4.5281169125420609E+04   3.4472209223762042E-10   2.5850428058507935E-20   2.5653607720831651E+03
   1.0196770000000000E+09   4.5521700897474431E+04   3.3943520478713873E-10   2.5510193260462367E-20   2.5597067062289889E+03
   1.0216770000000000E+09   4.5763188997885998E+04   3.3424793962638592E-10   2.5175729711261637E-20   2.5540755702296974E+03
   1.0236770000000000E+09   4.6005560738044893E+04   3.2915800094571070E-10   2.4846909961233329E-20   2.5484675109929008E+03
   1.0256770000000000E+09   4.6248755741530549E+04   3.2416316973859645E-10   2.4523611158194600E-20   2.5428826604482492E+03
   1.0276770000000000E+09   4.6492731967056519E+04   3.1926131079608750E-10   2.4205715600275826E-20   2.5373211383649841E+03
   1.0296770000000000E+09   4.6737467389486555E+04   3.1445037272122210E-10   2.3893110760510347E-20   2.5317830559311033E+03
   1.0316770000000000E+09   4.6982957892421022E+04   3.0972838226796607E-10   2.3585688881894245E-20   2.5262685193388620E+03
   1.0336770000000000E+09   4.7229212713780216E+04   3.0509343531533746E-10   2.3283346317967515E-20   2.5207776327879587E+03
   1.0356770000000000E+09   4.7476248988308929E+04   3.0054368691335934E-10   2.2985982803793293E-20   2.5153105005822554E+03
   1.0376770000000000E+09   4.7724086668964475E+04   2.9607734230385301E-10   2.2693500801937410E-20   2.5098672282600019E+03
   1.0396770000000000E+09   4.7972744616687283E+04   2.9169264998325949E-10   2.2405805004616705E-20   2.5044479228937025E+03
   1.0416770000000000E+09   4.8222238139815541E+04   2.8738789707247958E-10   2.2122802012083245E-20   2.4990526927986907E+03
   1.0436770000000000E+09   4.8472577874500159E+04   2.8316140670072928E-10   2.1844400164670263E-20   2.4936816469075875E+03
   1.0456770000000000E+09   4.8723769679295568E+04   2.7901153684609013E-10   2.1570509485656501E-20   2.4883348940282235E+03
   1.0476770000000000E+09   4.8975815159138088E+04   2.7493668004231249E-10   2.1301041689533449E-20   2.4830125421367125E+03
   1.0496770000000000E+09   4.9228712482358154E+04   2.7093526346532560E-10   2.1035910218222869E-20   2.4777146977903253E+03
   1.0516770000000000E+09   4.9482457248945037E+04   2.6700574906998231E-10   2.0775030279873710E-20   2.4724414656914037E+03
   1.0536770000000000E+09   4.9737043267464302E+04   2.6314663359622753E-10   2.0518318876333415E-20   2.4671929483980493E+03
   1.0556770000000000E+09   4.9992463178975071E+04   2.5935644837432574E-10   2.0265694813923348E-20   2.4619692461587556E+03
   1.0576770000000000E+09   5.0248708919674376E+04   2.5563375892846861E-10   2.0017078697542175E-20   2.4567704568418703E+03
   1.0596770000000000E+09   5.0505772042424614E+04   2.5197716441400662E-10   1.9772392910905391E-20   2.4515966759320477E+03
   1.0616770000000000E+09   5.0763643928276193E+04   2.4838529693500922E-10   1.9531561586617811E-20   2.4464479965706655E+03
   1.0636770000000000E+09   5.1022315919013185E+04   2.4485682078669423E-10   1.9294510569604373E-20   2.4413245096230253E+03
   1.0656770000000000E+09   5.1281779396496197E+04   2.4139043165899750E-10   1.9061167376777543E-20   2.4362263037604180E+03
   1.0676770000000000E+09   5.1542025828169710E+04   2.3798485582752690E-10   1.8831461155033608E-20   2.4311534655493492E+03
   1.0696770000000000E+09   5.1803046792262532E+04   2.3463884934946026E-10   1.8605322638988466E-20   2.4261060795432213E+03
   1.0716770000000000E+09   5.2064833991802385E+04   2.3135119727534479E-10   1.8382684109343243E-20   2.4210842283738830E+03
   1.0736770000000000E+09   5.2327379263483264E+04   2.2812071288309071E-10   1.8163479352402517E-20   2.4160879928417003E+03
   1.0756770000000000E+09   5.2590674585192821E+04   2.2494623693732057E-10   1.7947643621019151E-20   2.4111174520037052E+03
   1.0776770000000000E+09   5.2854712084311432E+04   2.2182663697500802E-10   1.7735113597062556E-20   2.4061726832598251E+03
   1.0796770000000000E+09   5.3119484047505779E+04   2.1876080661673872E-10   1.7525827355378680E-20   2.4012537624374309E+03
   1.0816770000000000E+09   5.3384982931680490E+04   2.1574766490189870E-10   1.7319724329126891E-20   2.3963607638744834E+03
   1.0836770000000000E+09   5.3651201375136996E+04   2.1278615564558296E-10   1.7116745276336497E-20   2.3914937605014529E+03
   1.0856770000000000E+09   5.3918132207811163E+04   2.0987524681506287E-10   1.6916832247527837E-20   2.3866528239220465E+03
   1.0876770000000000E+09   5.4185768459700383E+04   2.0701392992407443E-10   1.6719928554275689E-20   2.3818380244926143E+03
   1.0896770000000000E+09   5.4454103367027703E+04   2.0420121944378699E-10   1.6525978738639588E-20   2.3770494313999957E+03
   1.0916770000000000E+09   5.4723130376139889E+04   2.0143615222985235E-10   1.6334928543428449E-20   2.3722871127375433E+03
   1.0936770000000000E+09   5.4992843145425599E+04   1.9871778696530275E-10   1.6146724883295871E-20   2.3675511355790686E+03
   1.0956770000000000E+09   5.5263235545612704E+04   1.9604520361917177E-10   1.5961315816670688E-20   2.3628415660504961E+03
   1.0976770000000000E+09   5.5534301658692362E+04   1.9341750292063492E-10   1.5778650518520461E-20   2.3581584693990908E+03
   1.0996770000000000E+09   5.5806035775477321E+04   1.9083380584830266E-10   1.5598679253931998E-20   2.3535019100601153E+03
   1.1016770000000000E+09   5.6078432391561648E+04   1.8829325313413094E-10   1.5421353352478655E-20   2.3488719517208242E+03
   1.1036770000000000E+09   5.6351486201262938E+04   1.8579500478129487E-10   1.5246625183334435E-20   2.3442686573816081E+03
   1.1056770000000000E+09   5.6625192089014905E+04   1.8333823959536884E-10   1.5074448131093666E-20   2.3396920894141276E+03
   1.1076770000000000E+09   5.6899545117666945E+04   1.8092215472819739E-10   1.4904776572258501E-20   2.3351423096161593E+03
   1.1096770000000000E+09   5.7174540513191678E+04   1.7854596523395057E-10   1.4737565852364976E-20   2.3306193792628478E+03
   1.1116770000000000E+09   5.7450173645383111E+04   1.7620890363696133E-10   1.4572772263726347E-20   2.3261233591540272E+03
   1.1136770000000000E+09   5.7726440004216100E+04   1.7391021951107243E-10   1.4410353023783259E-20   2.3216543096572113E+03
   1.1156770000000000E+09   5.8003335171641076E+04   1.7164917907026004E-10   1.4250266254053020E-20   2.3172122907458688E+03
   1.1176770000000000E+09   5.8280854788649012E+04   1.6942506477039303E-10   1.4092470959677854E-20   2.3127973620325556E+03
   1.1196770000000000E+09   5.8558994517536492E+04   1.6723717492197369E-10   1.3936927009570400E-20   2.3084095827965357E+03
   1.1216770000000000E+09   5.8837749999362539E+04   1.6508482331371312E-10   1.3783595117155384E-20   2.3040490120054606E+03
   1.1236770000000000E+09   5.9117116806672238E+04   1.6296733884675502E-10   1.3632436821702549E-20   2.2997157083307538E+03
   1.1256770000000000E+09   5.9397090391649894E+04   1.6088406517933010E-10   1.3483414470242836E-20   2.2954097301563661E+03
   1.1276770000000000E+09   5.9677666029970067E+04   1.5883436038154302E-10   1.3336491200052774E-20   2.2911311355805833E+03
   1.1296770000000000E+09   5.9958838760737002E+04   1.5681759659993436E-10   1.3191630921686200E-20   2.2868799824106372E+03
   1.1316770000000000E+09   6.0240603323046111E+04   1.5483315973137280E-10   1.3048798302524457E-20   2.2826563281499161E+03
   1.1336770000000000E+09   6.0522954089858576E+04   1.5288044910574303E-10   1.2907958750807619E-20   2.2784602299776625E+03
   1.1356770000000000E+09   6.0805885000054259E+04   1.5095887717680916E-10   1.2769078400100974E-20   2.2742917447211262E+03
   1.1376770000000000E+09   6.1089389489723340E+04   1.4906786922053290E-10   1.2632124094141482E-20   2.2701509288202146E+03
   1.1396770000000000E+09   6.1373460423950193E+04   1.4720686304004633E-10   1.2497063372000254E-20   2.2660378382848862E+03
   1.1416770000000000E+09   6.1658090030541876E+04   1.4537530867639711E-10   1.2363864453489340E-20   2.2619525286455423E+03
   1.1436770000000000E+09   6.1943269837355750E+04   1.4357266812411855E-10   1.2232496224733154E-20   2.2578950548969597E+03
   1.1456770000000000E+09   6.2228990615052600E+04   1.4179841505063753E-10   1.2102928223820376E-20   2.2538654714363533E+03
   1.1476770000000000E+09   6.2515242327259330E+04   1.4005203451850612E-10   1.1975130626447670E-20   2.2498638319964120E+03
   1.1496770000000000E+09   6.2802014090234232E+04   1.3833302270946446E-10   1.1849074231466838E-20   2.2458901895743079E+03
   1.1516770000000000E+09   6.3089294144196028E+04   1.3664088664937771E-10   1.1724730446248432E-20   2.2419445963578355E+03
   1.1536770000000000E+09   6.3377069838470568E+04   1.3497514393317898E-10   1.1602071271780882E-20   2.2380271036500599E+03
   1.1556770000000000E+09   6.3665327632527347E+04   1.3333532244908222E-10   1.1481069287434179E-20   2.2341377617940125E+03
   1.1576770000000000E+09   6.3954053114807029E+04   1.3172096010149219E-10   1.1361697635330542E-20   2.2302766200990918E+03
   1.1596770000000000E+09   6.4243231040975683E+04   1.3013160453226091E-10   1.1243930004282727E-20   2.2264437267709977E+03
   1.1616770000000000E+09   6.4532845392863026E+04   1.2856681284019637E-10   1.1127740613282902E-20   2.2226391288470973E+03
   1.1636770000000000E+09   6.4822879458872507E+04   1.2702615129902476E-10   1.1013104194551033E-20   2.2188628721391451E+03
   1.1656770000000000E+09   6.5113315936077415E+04   1.2550919507433050E-10   1.0899995976180649E-20   2.2151150011853215E+03
   1.1676770000000000E+09   6.5404137053552033E+04   1.2401552794035036E-10   1.0788391664452114E-20   2.2113955592134598E+03
   1.1696770000000000E+09   6.5695324715771319E+04   1.2254474199783326E-10   1.0678267425915149E-20   2.2077045881172075E+03
   1.1716770000000000E+09   6.5986860664128209E+04   1.2109643739452563E-10   1.0569599869375464E-20   2.2040421284466856E+03
   1.1736770000000000E+09   6.6278726653845166E+04   1.1967022205014105E-10   1.0462366027949993E-20   2.2004082194149687E+03
   1.1756770000000000E+09   6.6570904642796449E+04   1.1826571138792342E-10   1.0356543341381227E-20   2.1968028989213526E+03
   1.1776770000000000E+09   6.6863376988070115E+04   1.1688252807509197E-10   1.0252109638821021E-20   2.1932262035920407E+03
   1.1796770000000000E+09   6.7156126645509779E+04   1.1552030177454975E-10   1.0149043122307132E-20   2.1896781688384413E+03
   1.1816770000000000E+09   6.7449137367063697E+04   1.1417866891020313E-10   1.0047322351157257E-20   2.1861588289328233E+03
   1.1836770000000000E+09   6.7742393890505933E+04   1.1285727244811830E-10   9.9469262274991204E-21   2.1826682171006032E+03
   1.1856770000000000E+09   6.8035882116087349E+04   1.1155576169547313E-10   9.8478339831354777E-21   2.1792063656280775E+03
   1.1876770000000000E+09   6.8329589264869137E+04   1.1027379211889642E-10   9.7500251679140932E-21   2.1757733059839693E+03
   1.1896770000000000E+09   6.8623504013948041E+04   1.0901102518331545E-10   9.6534796397335542E-21   2.1723690689527475E+03
   1.1916770000000000E+09   6.8917616604446142E+04   1.0776712821187954E-10   9.5581775562685879E-21   2.1689936847773397E+03
   1.1936770000000000E+09   6.9211918919013711E+04   1.0654177426692572E-10   9.4640993684456113E-21   2.1656471833085975E+03
   1.1956770000000000E+09   6.9506404526613056E+04   1.0533464205133143E-10   9.3712258156437189E-21   2.1623295941586625E+03
   1.1976770000000000E+09   6.9801068693480789E+04   1.0414541582899923E-10   9.2795379225410411E-21   2.1590409468553503E+03
   1.1996770000000000E+09   7.0095908360340982E+04   1.0297378536265388E-10   9.1890169974735589E-21   2.1557812709946379E+03
   1.2016770000000000E+09   7.0390922087100786E+04   1.0181944586666472E-10   9.0996446321280470E-21   2.1525505963884716E+03
   1.2036770000000000E+09   7.0686109967344149E+04   1.0068209797222002E-10   9.0114027023518888E-21   2.1493489532053100E+03
   1.2056770000000000E+09   7.0981473515911202E+04   9.9561447701929795E-11   8.9242733698350238E-21   2.1461763721011284E+03
   1.2076770000000000E+09   7.1277015533675207E+04   9.8457206450778516E-11   8.8382390844003190E-21   2.1430328843389052E+03
   1.2096770000000000E+09   7.1572739954250806E+04   9.7369090970344497E-11   8.7532825866324818E-21   2.1399185218950606E+03
   1.2116770000000000E+09   7.1868651677822287E+04   9.6296823353288194E-11   8.6693869105781650E-21   2.1368333175517296E+03
   1.2136770000000000E+09   7.2164756397507314E+04   9.5240131015306283E-11   8.5865353862622567E-21   2.1337773049741922E+03
   1.2156770000000000E+09   7.2461060423696690E+04   9.4198746672049152E-11   8.5047116417877934E-21   2.1307505187732504E+03
   1.2176770000000000E+09   7.2757570511630664E+04   9.3172408308848969E-11   8.4238996048145401E-21   2.1277529945527494E+03
   1.2196770000000000E+09   7.3054293697066096E+04   9.2160859141554365E-11   8.3440835032484269E-21   2.1247847689428477E+03
   1.2216770000000000E+09   7.3351237144304236E+04   9.1163847567236148E-11   8.2652478650139698E-21   2.1218458796199870E+03
   1.2236770000000000E+09   7.3648408010052139E+04   9.0181127104062504E-11   8.1873775168285464E-21   2.1189363653147852E+03
   1.2256770000000000E+09   7.3945813325684372E+04   8.9212456320154547E-11   8.1104575819431843E-21   2.1160562658093068E+03
   1.2276770000000000E+09   7.4243459899415830E+04   8.8257598751772744E-11   8.0344734768636800E-21   2.1132056219252750E+03
   1.2296770000000000E+09   7.4541354238855100E+04   8.7316322811652104E-11   7.9594109071094504E-21   2.1103844755048585E+03
   1.2316770000000000E+09   7.4839502493382228E+04   8.6388401688713253E-11   7.8852558621065211E-21   2.1075928693856258E+03
   1.2336770000000000E+09   7.5137910414892627E+04   8.5473613240696803E-11   7.8119946093426609E-21   2.1048308473711509E+03
   1.2356770000000000E+09   7.5436583334762123E+04   8.4571739881450680E-11   7.7396136879319807E-21   2.1020984541986195E+03
   1.2376770000000000E+09   7.5735526154406529E+04   8.3682568464680223E-11   7.6680999017467644E-21   2.0993957355045545E+03
   1.2396770000000000E+09   7.6034743346620948E+04   8.2805890165906700E-11   7.5974403122712567E-21   2.0967227377895615E+03
   1.2416770000000000E+09   7.6334238964891527E+04   8.1941500364244372E-11   7.5276222313225007E-21   2.0940795083828020E+03
   1.2436770000000000E+09   7.6634016658113193E+04   8.1089198525367562E-11   7.4586332137639385E-21   2.0914660954066417E+03
   1.2456770000000000E+09   7.6934079688475831E+04   8.0248788086792345E-11   7.3904610503167681E-21   2.0888825477417563E+03
   1.2476770000000000E+09   7.7234430950708018E+04   7.9420076346321072E-11   7.3230937605501797E-21   2.0863289149928455E+03
   1.2496770000000000E+09   7.7535072991268127E+04   7.8602874354254350E-11   7.2565195861104073E-21   2.0838052474549231E+03
   1.2516770000000000E+09   7.7836008026465017E+04   7.7796996809757013E-11   7.1907269842290466E-21   2.0813115960801238E+03
   1.2536770000000000E+09   7.8137237958820624E+04   7.7002261961585428E-11   7.1257046215350778E-21   2.0788480124448638E+03
   1.2556770000000000E+09   7.8438764391251927E+04   7.6218491513248636E-11   7.0614413681826815E-21   2.0764145487171668E+03
   1.2576770000000000E+09   7.8740588638900328E+04   7.5445510532556263E-11   6.9979262922959252E-21   2.0740112576239276E+03
   1.2596770000000000E+09   7.9042711738608123E+04   7.4683147365432286E-11   6.9351486547242106E-21   2.0716381924179382E+03
   1.2616770000000000E+09   7.9345134456194108E+04   7.3931233553808759E-11   6.8730979040963310E-21   2.0692954068444101E+03
   1.2636770000000000E+09   7.9647857291776920E+04   7.3189603757377766E-11   6.8117636721570603E-21   2.0669829551068351E+03
   1.2656770000000000E+09   7.9950880483437941E+04   7.2458095678972265E-11   6.7511357693692258E-21   2.0647008918320103E+03
   1.2676770000000000E+09   8.0254204009513982E+04   7.1736549993345695E-11   6.6912041807638159E-21   2.0624492720340422E+03
   1.2696770000000000E+09   8.0557827589754044E+04   7.1024810279146821E-11   6.6319590620226984E-21   2.0602281510772245E+03
   1.2716770000000000E+09   8.0861750685501174E+04   7.0322722953918296E-11   6.5733907357812256E-21   2.0580375846376655E+03
   1.2736770000000000E+09   8.1165972498996154E+04   6.9630137211967880E-11   6.5154896881397233E-21   2.0558776286635521E+03
   1.2756770000000000E+09   8.1470491971819793E+04   6.8946904964988800E-11   6.4582465653751445E-21   2.0537483393339567E+03
   1.2776770000000000E+09   8.1775307782453267E+04   6.8272880785314309E-11   6.4016521708448185E-21   2.0516497730160886E+03
   1.2796770000000000E+09   8.2080418342904668E+04   6.7607921851694777E-11   6.3456974620743805E-21   2.0495819862208900E+03
   1.2816770000000000E+09   8.2385821794327567E+04   6.6951887897482224E-11   6.2903735480214393E-21   2.0475450355568903E+03
   1.2836770000000000E+09   8.2691516001522788E+04   6.6304641161108033E-11   6.2356716865065247E-21   2.0455389776822112E+03
   1.2856770000000000E+09   8.2997498546169430E+04   6.5666046338739802E-11   6.1815832818027070E-21   2.0435638692546254E+03
   1.2876770000000000E+09   8.3303766718568251E+04   6.5035970539008829E-11   6.1280998823756463E-21   2.0416197668795674E+03
   1.2896770000000000E+09   8.3610317507578351E+04   6.4414283239717547E-11   6.0752131787674347E-21   2.0397067270559764E+03
   1.2916770000000000E+09   8.3917147588321823E+04   6.3800856246452795E-11   6.0229150016190657E-21   2.0378248061198378E+03
   1.2936770000000000E+09   8.4224253307055202E+04   6.3195563653070470E-11   5.9711973198300194E-21   2.0359740601852832E+03
   1.2956770000000000E+09   8.4531630662433745E+04   6.2598281804054858E-11   5.9200522388570232E-21   2.0341545450830763E+03
   1.2976770000000000E+09   8.4839275282193834E+04   6.2008889258802880E-11   5.8694719991586336E-21   2.0323663162962391E+03
   1.2996770000000000E+09   8.5147182394142379E+04   6.1427266757917497E-11   5.8194489747953692E-21   2.0306094288926054E+03
   1.3016770000000000E+09   8.5455346790406969E+04   6.0853297191576709E-11   5.7699756721937936E-21   2.0288839374539457E+03
   1.3036770000000000E+09   8.5763762784338251E+04   6.0286865569931487E-11   5.7210447290720725E-21   2.0271898960013509E+03
   1.3056770000000000E+09   8.6072424160515278E+04   5.9727858995227848E-11   5.6726489134999567E-21   2.0255273579165148E+03
   1.3076770000000000E+09   8.6381324120256584E+04   5.9176166634864357E-11   5.6247811230196570E-21   2.0238963758586372E+03
   1.3096770000000000E+09   8.6690455228047096E+04   5.8631679693879993E-11   5.5774343836848427E-21   2.0222970016768672E+03
   1.3116770000000000E+09   8.6999809368366521E+04   5.8094291384411948E-11   5.5306018487821209E-21   2.0207292863185583E+03
   1.3136770000000000E+09   8.7309377727159430E+04   5.7563896888592653E-11   5.4842767968945817E-21   2.0191932797341717E+03
   1.3156770000000000E+09   8.7619150816759036E+04   5.7040393310396977E-11   5.4384526288716152E-21   2.0176890307805011E+03
   1.3176770000000000E+09   8.7929118565965735E+04   5.6523679611477338E-11   5.3931228632194820E-21   2.0162165871248724E+03
   1.3196770000000000E+09   8.8239270496158395E+04   5.6013656526520124E-11   5.3482811294698245E-21   2.0147759951540386E+03
   1.3216770000000000E+09   8.8549595997629338E+04   5.5510226455608443E-11   5.3039211592661830E-21   2.0133672998924167E+03
   1.3236770000000000E+09   8.8860084706153459E+04   5.5013293334808985E-11   5.2600367752646059E-21   2.0119905449347405E+03
   1.3256770000000000E+09   8.9170726958110157E+04   5.4522762491606939E-11   5.2166218784651106E-21   2.0106457723978040E+03
   1.3276770000000000E+09   8.9481514275860929E+04   5.4038540498175610E-11   5.1736704352089229E-21   2.0093330228943616E+03
   1.3296770000000000E+09   8.9792439809447707E+04   5.3560535041252013E-11   5.1311764656453148E-21   2.0080523355294051E+03
   1.3316770000000000E+09   9.0103498644748659E+04   5.3088654830495713E-11   5.0891340357888550E-21   2.0068037479149948E+03
   1.3336770000000000E+09   9.0414687891695386E+04   5.2622809565384774E-11   5.0475372551329630E-21   2.0055872961954283E+03
   1.3356770000000000E+09   9.0726006496131726E+04   5.2162909972446553E-11   5.0063802810091091E-21   2.0044030150706608E+03
   1.3376770000000000E+09   9.1037454775429971E+04   5.1708867910224609E-11   4.9656573295040771E-21   2.0032509378040422E+03
   1.3396770000000000E+09   9.1349033750754868E+04   5.1260596521606996E-11   4.9253626910306750E-21   2.0021310962016114E+03
   1.3416770000000000E+09   9.1660744416887785E+04   5.0818010397192608E-11   4.8854907470892243E-21   2.0010435205549618E+03
   1.3436770000000000E+09   9.1972587126973274E+04   5.0381025705636220E-11   4.8460359839767507E-21   1.9999882395473021E+03
   1.3456770000000000E+09   9.2284561251982566E+04   4.9949560252480394E-11   4.8069929996979487E-21   1.9989652801310376E+03
   1.3476770000000000E+09   9.2596665197284907E+04   4.9523533448797444E-11   4.7683565022115497E-21   1.9979746673920213E+03
   1.3496770000000000E+09   9.2908896740755765E+04   4.9102866200009277E-11   4.7301212999360999E-21   1.9970164244181351E+03
   1.3516770000000000E+09   9.3221253541350859E+04   4.8687480753036764E-11   4.6922822881349141E-21   1.9960905721864506E+03
   1.3536770000000000E+09   9.3533733605404617E+04   4.8277300554282910E-11   4.6548344362219331E-21   1.9951971294748698E+03
   1.3556770000000000E+09   9.3846335525037066E+04   4.7872250163828857E-11   4.6177727803866498E-21   1.9943361127939147E+03
   1.3576770000000000E+09   9.4159058414524086E+04   4.7472255244009170E-11   4.5810924233415952E-21   1.9935075363265314E+03
   1.3596770000000000E+09   9.4471901616629286E+04   4.7077242605177141E-11   4.5447885395882701E-21   1.9927114118619736E+03
   1.3616770000000000E+09   9.4784864356991442E+04   4.6687140265683148E-11   4.5088563820857257E-21   1.9919477487146723E+03
   1.3636770000000000E+09   9.5097945531636156E+04   4.6301877480841352E-11   4.4732912859528697E-21   1.9912165536279442E+03
   1.3656770000000000E+09   9.5411143715898594E+04   4.5921384718187106E-11   4.4380886669822183E-21   1.9905178306703010E+03
   1.3676770000000000E+09   9.5724457341641042E+04   4.5545593590001877E-11   4.4032440159888371E-21   1.9898515811348839E+03
   1.3696770000000000E+09   9.6037884893638009E+04   4.5174436777871277E-11   4.3687528923336673E-21   1.9892178034487172E+03
   1.3716770000000000E+09   9.6351424986475831E+04   4.4807847983257221E-11   4.3346109199110978E-21   1.9886164930912855E+03
   1.3736770000000000E+09   9.6665076287244665E+04   4.4445761914919564E-11   4.3008137866709962E-21   1.9880476425162599E+03
   1.3756770000000000E+09   9.6978837365964355E+04   4.4088114296572939E-11   4.2673572460896180E-21   1.9875112410698471E+03
   1.3776770000000000E+09   9.7292706596808537E+04   4.3734841866976307E-11   4.2342371179052282E-21   1.9870072749037415E+03
   1.3796770000000000E+09   9.7606682173173263E+04   4.3385882356664505E-11   4.2014492865797780E-21   1.9865357268861087E+03
   1.3816770000000000E+09   9.7920762195852352E+04   4.3041174448713849E-11   4.1689896981874293E-21   1.9860965765159756E+03
   1.3836770000000000E+09   9.8234944734567573E+04   4.2700657745111717E-11   4.1368543578129254E-21   1.9856897998436443E+03
   1.3856770000000000E+09   9.8549227784103583E+04   4.2364272755929433E-11   4.1050393291332504E-21   1.9853153693950269E+03
   1.3876770000000000E+09   9.8863609073342144E+04   4.2031960917259886E-11   4.0735407367759609E-21   1.9849732540942357E+03
   1.3896770000000000E+09   9.9178085594597826E+04   4.1703664653904748E-11   4.0423547730234275E-21   1.9846634191761846E+03
   1.3916770000000000E+09   9.9492652295963475E+04   4.1379327570431889E-11   4.0114777170081190E-21   1.9843858260712948E+03
   1.3936770000000000E+09   9.9807298238297692E+04   4.1058895038871046E-11   3.9809059925185293E-21   1.9841404322105589E+03
   1.3956770000000000E+09   1.0012199574666789E+05   4.0742315894231755E-11   3.9506363336797950E-21   1.9839271906058887E+03
   1.3976770000000000E+09   1.0043667166109054E+05   4.0429546973342166E-11   3.9206662275706154E-21   1.9837460488337592E+03
   1.3996770000000000E+09   1.0075113609927433E+05   4.0120564433718495E-11   3.8909950173315491E-21   1.9835969465378337E+03
   1.4016770000000000E+09   1.0106491865068722E+05   3.9815389951873235E-11   3.8616264550901646E-21   1.9834798094962339E+03
   1.4036770000000000E+09   1.0137692360296364E+05   3.9514146330002113E-11   3.8325741212897060E-21   1.9833945362846252E+03
   1.4056770000000000E+09   1.0168477939659159E+05   3.9217163616755033E-11   3.8038717704330314E-21   1.9833409702837280E+03
   1.4076770000000000E+09   1.0198377392331368E+05   3.8925155548369974E-11   3.7755905434478763E-21   1.9833188455244456E+03
   1.4096770000000000E+09   1.0226543169522042E+05   3.8639460815947965E-11   3.7478625356325889E-21   1.9833276916031580E+03
   1.4116770000000000E+09   1.0251616842454321E+05   3.8362279733257842E-11   3.7209039996367293E-21   1.9833666853215827E+03
   1.4136770000000000E+09   1.0271683748909556E+05   3.8096760719091035E-11   3.6950240483359320E-21   1.9834344511894856E+03
   1.4156770000000000E+09   1.0284349556627066E+05   3.7846837543377155E-11   3.6706091937499056E-21   1.9835288403244929E+03
   1.4176770000000000E+09   1.0286714983058628E+05   3.7617117998064874E-11   3.6481128061784700E-21   1.9836467354992139E+03
   1.4196770000000000E+09   1.0274673717576305E+05   3.7413819084988631E-11   3.6281460198417004E-21   1.9837838751655966E+03
   1.4216770000000000E+09   1.0241344952516853E+05   3.7247505288515810E-11   3.6117437832478182E-21   1.9839344924106606E+03
   1.4236770000000000E+09   1.0176802187506606E+05   3.7134805613270763E-11   3.6005328586233723E-21   1.9840903632205182E+03
   1.4256770000000000E+09   1.0074030874838540E+05   3.7090321885735819E-11   3.5959496654663025E-21   1.9842394039764220E+03
   1.4276770000000000E+09   9.9412323307710292E+04   3.7104424452253007E-11   3.5970867968302319E-21   1.9843663485419356E+03
   1.4296770000000000E+09   9.8047758035276187E+04   3.7130894740512807E-11   3.5994839500450793E-21   1.9844595211271783E+03
   1.4316770000000000E+09   9.6866166934885012E+04   3.7121636210462204E-11   3.5984777202657861E-21   1.9845194684069688E+03
   1.4336770000000000E+09   9.5846528207836294E+04   3.7080561427573087E-11   3.5944296132833398E-21   1.9845561401964464E+03
   1.4356770000000000E+09   9.4622566657742049E+04   3.7018327421349340E-11   3.5883625335023389E-21   1.9845751562590203E+03
   6.5767700000000000E+08  -5.7835508316926680E+03   3.7640436421120423E-13   3.9964024060696068E-24   1.1418867267112169E+03
   6.5967700000000000E+08  -4.9221375659503983E+03   6.9180849809403249E-13   7.0364280179073320E-24   1.1919862059068607E+03
   6.6167700000000000E+08  -4.1006733888948338E+03   1.0465808902973985E-12   1.0284797809568593E-23   1.2337143852344775E+03
   6.6367700000000000E+08  -3.2102167622782213E+03   1.4296797616879474E-12   1.3721063389861483E-23   1.2632479001551576E+03
   6.6567700000000000E+08  -2.1976102892606195E+03   1.8246386141770059E-12   1.7191985933470214E-23   1.2867328857823777E+03
   6.6767700000000000E+08  -1.1939513286346955E+03   2.2366136368470271E-12   2.0748693627870070E-23   1.3068862744366515E+03
   6.6967700000000000E+08  -3.4422672374992885E+02   2.6885682331168631E-12   2.4518327928294244E-23   1.3294371171233438E+03
   6.7167700000000000E+08   7.6235977665232069E+00   3.2366609201805826E-12   2.8602114045608773E-23   1.3719448584839486E+03
   6.7367700000000000E+08  -1.2688353293493553E+03   4.0110177668905397E-12   3.2324201093380654E-23   1.5044036280666592E+03
   6.7567700000000000E+08  -6.8530525202026529E+03   5.3147764061810353E-12   3.4843061117252896E-23   1.8492953684986735E+03
   6.7767700000000000E+08  -1.8155052997560724E+04   7.4586205593044453E-12   3.9082636067749103E-23   2.3137277303432743E+03
   6.7967700000000000E+08  -3.1972459032437902E+04   1.0656963154876065E-11   4.8185980779103819E-23   2.6813304952546364E+03
   6.8167700000000000E+08  -4.4070922202102331E+04   1.5319875041900680E-11   6.4369010933064895E-23   2.8854660794994811E+03
   6.8367700000000000E+08  -5.1583562147593315E+04   2.2026203703112729E-11   9.0287500632356435E-23   2.9576692543181575E+03
   6.8567700000000000E+08  -5.4023226673864949E+04   3.1417167208613199E-11   1.2899430555887219E-22   2.9528002633761685E+03
   6.8767700000000000E+08  -5.2603991279974529E+04   4.4080371458447728E-11   1.8329422934187057E-22   2.9156409392450587E+03
   6.8967700000000000E+08  -4.8980993408027731E+04   6.0403673636981921E-11   2.5484460121464037E-22   2.8735946144069826E+03
   6.9167700000000000E+08  -4.4444829627601714E+04   8.0419429900123886E-11   3.4333623168797422E-22   2.8397423622560455E+03
   6.9367700000000000E+08  -3.9694196094053019E+04   1.0371193339497401E-10   4.4616419247901149E-22   2.8181986615937467E+03
   6.9567700000000000E+08  -3.4956575083852033E+04   1.2945686834747062E-10   5.5880979241592585E-22   2.8086568055694675E+03
   6.9767700000000000E+08  -3.0208302514201237E+04   1.5658587266562874E-10   6.7577632800687040E-22   2.8092292951042214E+03
   6.9967700000000000E+08  -2.5342757362368793E+04   1.8399793409415540E-10   7.9165792478224635E-22   2.8178181981426142E+03
   7.0167700000000000E+08  -2.0257746138658684E+04   2.1073337075140965E-10   9.0195285655908969E-22   2.8326118122342459E+03
   7.0367700000000000E+08  -1.4888882836068495E+04   2.3606740563607088E-10   1.0034512900838708E-21   2.8521825458820035E+03
   7.0567700000000000E+08  -9.2152169466956057E+03   2.5952558138611378E-10   1.0942411582027760E-21   2.8754426681454702E+03
   7.0767700000000000E+08  -3.2521664597388058E+03   2.8084867280971162E-10   1.1734842463988872E-21   2.9015676359573267E+03
   7.0967700000000000E+08   2.9614599059530588E+03   2.9993901904683867E-10   1.2411205490754779E-21   2.9299255626393169E+03
   7.1167700000000000E+08   9.3877430009964792E+03   3.1681605300042312E-10   1.2976259542469255E-21   2.9600240655986718E+03
   7.1367700000000000E+08   1.5949251586185368E+04   3.3150389014304590E-10   1.3434803052078073E-21   2.9915406682486614E+03
   7.1567700000000000E+08   2.2560437591799633E+04   3.4413788601565563E-10   1.3796664525309459E-21   3.0240987496439534E+03
   7.1767700000000000E+08   2.9176779958563351E+04   3.5486284494208377E-10   1.4071924723848820E-21   3.0573461577297121E+03
   7.1967700000000000E+08   3.5764730262482670E+04   3.6380982583551022E-10   1.4269563535156420E-21   3.0910164846465050E+03
   7.2167700000000000E+08   4.2294344174467195E+04   3.7110204501390868E-10   1.4397746032070040E-21   3.1249021678930631E+03
   7.2367700000000000E+08   4.8741016303127682E+04   3.7685517612763825E-10   1.4463877109960771E-21   3.1588379561382508E+03
   7.2567700000000000E+08   5.5086358655129618E+04   3.8117894119013506E-10   1.4474702155525301E-21   3.1926907178584211E+03
   7.2767700000000000E+08   6.1318506768365398E+04   3.8417917874343384E-10   1.4436420135446795E-21   3.2263531120120797E+03
   7.2967700000000000E+08   6.7431994652052119E+04   3.8595979198404168E-10   1.4354787028525400E-21   3.2597395099125015E+03
   7.3167700000000000E+08   7.3427251735542304E+04   3.8662415149114115E-10   1.4235195561120358E-21   3.2927831325968973E+03
   7.3367700000000000E+08   7.9309774475954138E+04   3.8627570683225751E-10   1.4082724462952352E-21   3.3254337494865317E+03
   7.3567700000000000E+08   8.5089065188160705E+04   3.8501775647653818E-10   1.3902157427512207E-21   3.3576555642783601E+03
   7.3767700000000000E+08   9.0777464005649934E+04   3.8295250483033378E-10   1.3697977761205688E-21   3.3894251217880160E+03
   7.3967700000000000E+08   9.6389006172367357E+04   3.8017965839516105E-10   1.3474348205031333E-21   3.4207292104392632E+03
   7.4167700000000000E+08   1.0193841517901537E+05   3.7679485930487922E-10   1.3235086191358726E-21   3.4515628138902334E+03
   7.4367700000000000E+08   1.0744029872764205E+05   3.7288822706535976E-10   1.2983643206479286E-21   3.4819271927034474E+03
   7.4567700000000000E+08   1.1290857010742041E+05   3.6854320139647913E-10   1.2723093896168042E-21   3.5118281694202310E+03
   7.4767700000000000E+08   1.1835608093079450E+05   3.6383578424391406E-10   1.2456137246571537E-21   3.5412746648250327E+03
   7.4967700000000000E+08   1.2379442917696023E+05   3.5883419357575651E-10   1.2185109422993581E-21   3.5702775032025697E+03
   7.5167700000000000E+08   1.2923389821630245E+05   3.5359888103151400E-10   1.1912006076287371E-21   3.5988484786295526E+03
   7.5367700000000000E+08   1.3468348426041513E+05   3.4818283324872122E-10   1.1638511144342456E-21   3.6269996565865340E+03
   7.5567700000000000E+08   1.4015097693492111E+05   3.4263206824180750E-10   1.1366029160475572E-21   3.6547428757482439E+03
   7.5767700000000000E+08   1.4564306671261965E+05   3.3698624565024339E-10   1.1095718528968412E-21   3.6820894121462411E+03
   7.5967700000000000E+08   1.5116546143509168E+05   3.3127932522213295E-10   1.0828523871280726E-21   3.7090497698061067E+03
   7.6167700000000000E+08   1.5672300099628090E+05   3.2554022564980400E-10   1.0565206196621287E-21   3.7356335664009071E+03
   7.6367700000000000E+08   1.6231976421596890E+05   3.1979345221015257E-10   1.0306370204090295E-21   3.7618494878813012E+03
   7.6567700000000000E+08   1.6795916520785086E+05   3.1405967489726799E-10   1.0052488442156674E-21   3.7877052914349410E+03
   7.6767700000000000E+08   1.7364403853285636E+05   3.0835624848700493E-10   9.8039223369994030E-22   3.8132078409465671E+03
   7.6967700000000000E+08   1.7937671351712965E+05   3.0269767258358564E-10   9.5609402762645612E-22   3.8383631631530202E+03
   7.7167700000000000E+08   1.8515907863098138E+05   2.9709599380438325E-10   9.3237330270154305E-22   3.8631765158919161E+03
   7.7367700000000000E+08   1.9099263700737245E+05   2.9156115453677679E-10   9.0924268022237166E-22   3.8876524623109403E+03
   7.7567700000000000E+08   1.9687855418379125E+05   2.8610129373782682E-10   8.8670942901447915E-22   3.9117949467593471E+03
   7.7767700000000000E+08   2.0281769907587513E+05   2.8072300549927333E-10   8.6477639407449418E-22   3.9356073694522820E+03
   7.7967700000000000E+08   2.0881067908845728E+05   2.7543156089337426E-10   8.4344277734176324E-22   3.9590926579954526E+03
   7.8167700000000000E+08   2.1485787016639498E+05   2.7023109816851810E-10   8.2270479370855662E-22   3.9822533345763991E+03
   7.8367700000000000E+08   2.2095944249419478E+05   2.6512478581599312E-10   8.0255622212364394E-22   4.0050915781421331E+03
   7.8567700000000000E+08   2.2711538247248388E+05   2.6011496246302024E-10   7.8298886864578637E-22   4.0276092812461316E+03
   7.8767700000000000E+08   2.3332551152927816E+05   2.5520325700741859E-10   7.6399295564649054E-22   4.0498081015016564E+03
   7.8967700000000000E+08   2.3958950226214732E+05   2.5039069191795228E-10   7.4555744906334259E-22   4.0716895077521967E+03
   7.9167700000000000E+08   2.4590689235131515E+05   2.4567777218963840E-10   7.2767033364919989E-22   4.0932548211854696E+03
   7.9367700000000000E+08   2.5227709663158812E+05   2.4106456206548161E-10   7.1031884451490607E-22   4.1145052516902715E+03
   7.9567700000000000E+08   2.5869941766173212E+05   2.3655075131166382E-10   6.9348966188472718E-22   4.1354419297970735E+03
   7.9767700000000000E+08   2.6517305508303136E+05   2.3213571255688401E-10   6.7716907483552896E-22   4.1560659345621525E+03
   7.9967700000000000E+08   2.7169711401437869E+05   2.2781855097245671E-10   6.6134311883686217E-22   4.1763783177577807E+03
   8.0167700000000000E+08   2.7827061268961319E+05   2.2359814737227083E-10   6.4599769111803853E-22   4.1963801247220990E+03
   8.0367700000000000E+08   2.8489248950436286E+05   2.1947319564554218E-10   6.3111864723269950E-22   4.2160724122058746E+03
   8.0567700000000000E+08   2.9156160960482515E+05   2.1544223529574226E-10   6.1669188164812642E-22   4.2354562635319780E+03
   8.0767700000000000E+08   2.9827677111997840E+05   2.1150367974205414E-10   6.0270339473624259E-22   4.2545328013592871E+03
   8.0967700000000000E+08   3.0503671111187909E+05   2.0765584094163438E-10   5.8913934816969233E-22   4.2733031983176124E+03
   8.1167700000000000E+08   3.1184011129605869E+05   2.0389695080874573E-10   5.7598611041598068E-22   4.2917686857551253E+03
   8.1367700000000000E+08   3.1868560356537462E+05   2.0022517983791331E-10   5.6323029376438829E-22   4.3099305608155937E+03
   8.1567700000000000E+08   3.2557177533600572E+05   1.9663865328036829E-10   5.5085878410483556E-22   4.3277901920400700E+03
   8.1767700000000000E+08   3.3249717472308368E+05   1.9313546517440103E-10   5.3885876449772219E-22   4.3453490236668222E+03
   8.1967700000000000E+08   3.3946031554557238E+05   1.8971369048922634E-10   5.2721773342259368E-22   4.3626085787844277E+03
   8.2167700000000000E+08   3.4645968215494743E+05   1.8637139560733173E-10   5.1592351846636744E-22   4.3795704614761980E+03
   8.2367700000000000E+08   3.5349373407959763E+05   1.8310664734096042E-10   5.0496428610464491E-22   4.3962363580791807E+03
   8.2567700000000000E+08   3.6056091047621530E+05   1.7991752065352190E-10   4.9432854813901277E-22   4.4126080376681311E+03
   8.2767700000000000E+08   3.6765963438041403E+05   1.7680210523557876E-10   4.8400516527641786E-22   4.4286873518634520E+03
   8.2967700000000000E+08   3.7478831675082474E+05   1.7375851106711454E-10   4.7398334827163309E-22   4.4444762340523830E+03
   8.3167700000000000E+08   3.8194536030375678E+05   1.7078487308247977E-10   4.6425265699849199E-22   4.4599766981040730E+03
   8.3367700000000000E+08   3.8912916313860693E+05   1.6787935504140250E-10   4.5480299776860113E-22   4.4751908366517100E+03
   8.3567700000000000E+08   3.9633812215732387E+05   1.6504015269835593E-10   4.4562461917628363E-22   4.4901208190081343E+03
   8.3767700000000000E+08   4.0357063628404489E+05   1.6226549635308676E-10   4.3670810671442477E-22   4.5047688887752665E+03
   8.3967700000000000E+08   4.1082510949320107E+05   1.5955365285698798E-10   4.2804437637681162E-22   4.5191373612021025E+03
   8.4167700000000000E+08   4.1809995365589671E+05   1.5690292714295112E-10   4.1962466743748770E-22   4.5332286203406238E+03
   8.4367700000000000E+08   4.2539359121496172E+05   1.5431166334018502E-10   4.1144053457595111E-22   4.5470451160439725E+03
   8.4567700000000000E+08   4.3270445769883040E+05   1.5177824552999378E-10   4.0348383949792188E-22   4.5605893608462275E+03
   8.4767700000000000E+08   4.4003100408329885E+05   1.4930109819353823E-10   3.9574674218443422E-22   4.5738639267583867E+03
   8.4967700000000000E+08   4.4737169900847529E+05   1.4687868639797028E-10   3.8822169188656642E-22   4.5868714420103979E+03
   8.5167700000000000E+08   4.5472503085595829E+05   1.4450951576295447E-10   3.8090141796893259E-22   4.5996145877646750E+03
   8.5367700000000000E+08   4.6208950968876941E+05   1.4219213224536009E-10   3.7377892069175513E-22   4.6120960948222255E+03
   8.5567700000000000E+08   4.6946366905402928E+05   1.3992512177579075E-10   3.6684746200878473E-22   4.6243187403385118E+03
   8.5767700000000000E+08   4.7684606764610735E+05   1.3770710977658426E-10   3.6010055644639611E-22   4.6362853445625933E+03
   8.5967700000000000E+08   4.8423529082614125E+05   1.3553676058697827E-10   3.5353196211785992E-22   4.6479987676098417E+03
   8.6167700000000000E+08   4.9162995199267555E+05   1.3341277681732701E-10   3.4713567191611573E-22   4.6594619062758466E+03
   8.6367700000000000E+08   4.9902869379778625E+05   1.3133389865060921E-10   3.4090590491840043E-22   4.6706776908968777E+03
   8.6567700000000000E+08   5.0643018920346955E+05   1.2929890310605640E-10   3.3483709802697405E-22   4.6816490822605501E+03
   8.6767700000000000E+08   5.1383314237428817E+05   1.2730660327660091E-10   3.2892389786200465E-22   4.6923790685691829E+03
   8.6967700000000000E+08   5.2123628940419445E+05   1.2535584754904690E-10   3.2316115291553698E-22   4.7028706624575361E+03
   8.7167700000000000E+08   5.2863839887789241E+05   1.2344551881345105E-10   3.1754390596945141E-22   4.7131268980663335E+03
   8.7367700000000000E+08   5.3603827226992836E+05   1.2157453366618609E-10   3.1206738677545536E-22   4.7231508281729812E+03
   8.7567700000000000E+08   5.4343474418766308E+05   1.1974184160955566E-10   3.0672700499141904E-22   4.7329455213811389E+03
   8.7767700000000000E+08   5.5082668246716121E+05   1.1794642424962723E-10   3.0151834336573475E-22   4.7425140593712476E+03
   8.7967700000000000E+08   5.5821298813367914E+05   1.1618729449312260E-10   2.9643715115974054E-22   4.7518595342146155E+03
   8.8167700000000000E+08   5.6559259524070972E+05   1.1446349574370107E-10   2.9147933779745254E-22   4.7609850457542689E+03
   8.8367700000000000E+08   5.7296447060331784E+05   1.1277410109774135E-10   2.8664096673177338E-22   4.7698936990561479E+03
   8.8567700000000000E+08   5.8032761344316334E+05   1.1111821253966050E-10   2.8191824951665629E-22   4.7785886019346999E+03
   8.8767700000000000E+08   5.8768105496457592E+05   1.0949496013679283E-10   2.7730754007515033E-22   4.7870728625572019E+03
   8.8967700000000000E+08   5.9502385788502253E+05   1.0790350123364634E-10   2.7280532915318740E-22   4.7953495871314371E+03
   8.9167700000000000E+08   6.0235511595307267E+05   1.0634301964451698E-10   2.6840823894730207E-22   4.8034218776817424E+03
   8.9367700000000000E+08   6.0967395351009700E+05   1.0481272484119258E-10   2.6411301788922101E-22   4.8112928299194755E+03
   8.9567700000000000E+08   6.1697952520349005E+05   1.0331185112736055E-10   2.5991653555779929E-22   4.8189655312159921E+03
   8.9767700000000000E+08   6.2427101606366108E+05   1.0183965678121465E-10   2.5581577766380050E-22   4.8264430586904919E+03
   8.9967700000000000E+08   6.3154764234630147E+05   1.0039542313019148E-10   2.5180784100952041E-22   4.8337284774326172E+03
   9.0167700000000000E+08   6.3880865383424424E+05   9.8978453496378415E-11   2.4788992826248551E-22   4.8408248388915208E+03
   9.0367700000000000E+08   6.4605333863535465E+05   9.7588071925304784E-11   2.4405934231916343E-22   4.8477351794783617E+03
   9.0567700000000000E+08   6.5328103165711509E+05   9.6223621610230998E-11   2.4031348003501387E-22   4.8544625194444134E+03
   9.0767700000000000E+08   6.6049112728630495E+05   9.4884463004199671E-11   2.3664982529921008E-22   4.8610098621033412E+03
   9.0967700000000000E+08   6.6768309436031641E+05   9.3569971856099179E-11   2.3306594204085872E-22   4.8673801934508574E+03
   9.1167700000000000E+08   6.7485648634502047E+05   9.2279537876913633E-11   2.2955946891886835E-22   4.8735764821801258E+03
   9.1367700000000000E+08   6.8201093228094943E+05   9.1012565349026628E-11   2.2612811894331412E-22   4.8796016799696654E+03
   9.1567700000000000E+08   6.8914608893821982E+05   8.9768477303926149E-11   2.2276968803251406E-22   4.8854587216783593E+03
   9.1767700000000000E+08   6.9626154142849264E+05   8.8546724070567311E-11   2.1948207445545805E-22   4.8911505246337456E+03
   9.1967700000000000E+08   7.0335666890642839E+05   8.7346794234112636E-11   2.1626330428463765E-22   4.8966799855490290E+03
   9.2167700000000000E+08   7.1043054164223163E+05   8.6168221793902709E-11   2.1311154753667583E-22   4.9020499731346044E+03
   9.2367700000000000E+08   7.1748195074706734E+05   8.5010580799724444E-11   2.1002510355501474E-22   4.9072633156064676E+03
   9.2567700000000000E+08   7.2450963363094430E+05   8.3873462843443021E-11   2.0700234430495296E-22   4.9123227861687656E+03
   9.2767700000000000E+08   7.3151261447440786E+05   8.2756445860478448E-11   2.0404163629990461E-22   4.9172310961682742E+03
   9.2967700000000000E+08   7.3849042448434199E+05   8.1659075231305557E-11   2.0114129248148011E-22   4.9219909086742800E+03
   9.3167700000000000E+08   7.4544304813996237E+05   8.0580868729991716E-11   1.9829958245361928E-22   4.9266048688268411E+03
   9.3367700000000000E+08   7.5237075645246473E+05   7.9521329010782207E-11   1.9551476123346242E-22   4.9310756358701856E+03
   9.3567700000000000E+08   7.5927435666884028E+05   7.8479905325434812E-11   1.9278497360063001E-22   4.9354059061022535E+03
   9.3767700000000000E+08   7.6615669037202874E+05   7.7455804710500613E-11   1.9010779155037350E-22   4.9395983840269901E+03
   9.3967700000000000E+08   7.7302523297004960E+05   7.6447689809157351E-11   1.8747947703503645E-22   4.9436557231592042E+03
   9.4167700000000000E+08   7.7989298367757758E+05   7.5453631465783546E-11   1.8489486566453381E-22   4.9475806396944245E+03
   9.4367700000000000E+08   7.8677421103166079E+05   7.4471693715943966E-11   1.8234878980811556E-22   4.9513762831441963E+03
   9.4567700000000000E+08   7.9367612993252056E+05   7.3500916899446720E-11   1.7983847441552182E-22   4.9550464879340861E+03
   9.4767700000000000E+08   8.0059281597768818E+05   7.2541903945716068E-11   1.7736497276321585E-22   4.9585954746945681E+03
   9.4967700000000000E+08   8.0750718079766852E+05   7.1596422571486335E-11   1.7493221103919680E-22   4.9620270054345001E+03
   9.5167700000000000E+08   8.1439937616139092E+05   7.0666376349104600E-11   1.7254449490679606E-22   4.9653435302602838E+03
   9.5367700000000000E+08   8.2125965874820598E+05   6.9753355568154739E-11   1.7020528914752159E-22   4.9685497105352470E+03
   9.5567700000000000E+08   8.2803550034515304E+05   6.8861066904880780E-11   1.6792376948631067E-22   4.9716341093603178E+03
   9.5767700000000000E+08   8.3468615795968368E+05   6.7993784893947222E-11   1.6570907470413061E-22   4.9746268662550692E+03
   9.5967700000000000E+08   8.4128245589808968E+05   6.7143196315163720E-11   1.6354176113953903E-22   4.9774960931842197E+03
   9.6167700000000000E+08   8.4784214264435833E+05   6.6307259910920503E-11   1.6141608455576357E-22   4.9802582007130068E+03
   9.6367700000000000E+08   8.5437101091656170E+05   6.5485100451576469E-11   1.5932967520540176E-22   4.9829142498124393E+03
   9.6567700000000000E+08   8.6087065639292367E+05   6.4676282058224806E-11   1.5728123022580550E-22   4.9854657292156526E+03
   9.6767700000000000E+08   8.6734153138648346E+05   6.3880488591476997E-11   1.5526973404318876E-22   4.9879145683473143E+03
   9.6967700000000000E+08   8.7378375548015465E+05   6.3097442574424672E-11   1.5329427140810359E-22   4.9902628053883882E+03
   9.7167700000000000E+08   8.8019734005224379E+05   6.2326884403949300E-11   1.5135397972036285E-22   4.9925124827016616E+03
   9.7367700000000000E+08   8.8658226360720349E+05   6.1568565073005971E-11   1.4944803167457261E-22   4.9946656219597990E+03
   9.7567700000000000E+08   8.9293850208373973E+05   6.0822242851087830E-11   1.4757562695170020E-22   4.9967242184654297E+03
   9.7767700000000000E+08   8.9926604155682749E+05   6.0087681833704620E-11   1.4573598833979913E-22   4.9986902399256869E+03
   9.7967700000000000E+08   9.0556488289191981E+05   5.9364651436719031E-11   1.4392836013732014E-22   5.0005656262975181E+03
   9.8167700000000000E+08   9.1183504270617070E+05   5.8652926268881955E-11   1.4215200748439429E-22   5.0023522898735846E+03
   9.8367700000000000E+08   9.1807655243831046E+05   5.7952286124355657E-11   1.4040621599703995E-22   5.0040521154953094E+03
   9.8567700000000000E+08   9.2428945651527261E+05   5.7262515992792907E-11   1.3869029145763111E-22   5.0056669608033253E+03
   9.8767700000000000E+08   9.3047381052062009E+05   5.6583406032656368E-11   1.3700355943311999E-22   5.0071986563935907E+03
   9.8967700000000000E+08   9.3662967940426548E+05   5.5914751529840292E-11   1.3534536487353868E-22   5.0086490058892023E+03
   9.9167700000000000E+08   9.4275713430268841E+05   5.5256352968876334E-11   1.3371507199545744E-22   5.0100197860270846E+03
   9.9367700000000000E+08   9.4885624560329574E+05   5.4608016388629056E-11   1.3211206486347715E-22   5.0113127468284410E+03
   9.9567700000000000E+08   9.5492707050845877E+05   5.3969554100255696E-11   1.3053574885600973E-22   5.0125296118702672E+03
   9.9767700000000000E+08   9.6096963642096205E+05   5.3340785576804351E-11   1.2898555255541815E-22   5.0136720785641728E+03
   9.9967700000000000E+08   9.6698392680609378E+05   5.2721537953557973E-11   1.2746092871507964E-22   5.0147418180827954E+03
   1.0016770000000000E+09   9.7296988004921901E+05   5.2111645408885485E-11   1.2596135253926058E-22   5.0157404749236221E+03
   1.0036770000000000E+09   9.7892741352816543E+05   5.1510946752224422E-11   1.2448631566214627E-22   5.0166696656656241E+03
   1.0056770000000000E+09   9.8485647669054533E+05   5.0919281272196384E-11   1.2303531593874507E-22   5.0175309776553622E+03
   1.0076770000000000E+09   9.9075712263143214E+05   5.0336483891772048E-11   1.2160784554824378E-22   5.0183259689132119E+03
   1.0096770000000000E+09   9.9662957678684604E+05   4.9762381252522986E-11   1.2020338131702449E-22   5.0190561697644362E+03
   1.0116770000000000E+09   1.0024742762841424E+06   4.9196790331337228E-11   1.1882138111526156E-22   5.0197230868942434E+03
   1.0136770000000000E+09   1.0082918634973215E+06   4.8639520191418984E-11   1.1746128778658272E-22   5.0203282094271790E+03
   1.0156770000000000E+09   1.0140831445642079E+06   4.8090375884359927E-11   1.1612253839772690E-22   5.0208730099300610E+03
   1.0176770000000000E+09   1.0198490007966663E+06   4.7549165188092841E-11   1.1480458026621538E-22   5.0213589483438682E+03
   1.0196770000000000E+09   1.0255902587868636E+06   4.7015706864303489E-11   1.1350689060995325E-22   5.0217874780216052E+03
   1.0216770000000000E+09   1.0313075811535591E+06   4.6489836497251355E-11   1.1222899061392180E-22   5.0221600406024809E+03
   1.0236770000000000E+09   1.0370014001425185E+06   4.5971409292731396E-11   1.1097045216284239E-22   5.0224780605020660E+03
   1.0256770000000000E+09   1.0426718931051975E+06   4.5460300020344303E-11   1.0973089764052581E-22   5.0227429411542862E+03
   1.0276770000000000E+09   1.0483190016220268E+06   4.4956400360294751E-11   1.0850999349772598E-22   5.0229560600024333E+03
   1.0296770000000000E+09   1.0539424830561380E+06   4.4459614620060382E-11   1.0730743986359162E-22   5.0231187647610077E+03
   1.0316770000000000E+09   1.0595419786794393E+06   4.3969854906713354E-11   1.0612295881402542E-22   5.0232323713514897E+03
   1.0336770000000000E+09   1.0651170829517392E+06   4.3487036675778415E-11   1.0495628352141662E-22   5.0232981634486259E+03
   1.0356770000000000E+09   1.0706674024930450E+06   4.3011075246377473E-11   1.0380714971605515E-22   5.0233173933038724E+03
   1.0376770000000000E+09   1.0761925986154582E+06   4.2541883515090722E-11   1.0267529002932208E-22   5.0232912833909913E+03
   1.0396770000000000E+09   1.0816924121877837E+06   4.2079370814837427E-11   1.0156043109769928E-22   5.0232210284349412E+03
   1.0416770000000000E+09   1.0871666730566437E+06   4.1623442692091469E-11   1.0046229288702409E-22   5.0231077974870559E+03
   1.0436770000000000E+09   1.0926152979821523E+06   4.1174001311930702E-11   9.9380589539832401E-23   5.0229527358370060E+03
   1.0456770000000000E+09   1.0980382813604446E+06   4.0730946215362076E-11   9.8315031082530355E-23   5.0227569666614054E+03
   1.0476770000000000E+09   1.1034356824249486E+06   4.0294175210470966E-11   9.7265325465496266E-23   5.0225215923829610E+03
   1.0496770000000000E+09   1.1088076116414389E+06   3.9863585248524147E-11   9.6231180576265796E-23   5.0222476957582621E+03
   1.0516770000000000E+09   1.1141542180027640E+06   3.9439073199379139E-11   9.5212306018115700E-23   5.0219363407332448E+03
   1.0536770000000000E+09   1.1194756780972343E+06   3.9020536488598169E-11   9.4208414562215685E-23   5.0215885731100698E+03
   1.0556770000000000E+09   1.1247721872402187E+06   3.8607873590251447E-11   9.3219223257810767E-23   5.0212054210658016E+03
   1.0576770000000000E+09   1.1300439526029157E+06   3.8200984387303580E-11   9.2244454228224374E-23   5.0207878955581682E+03
   1.0596770000000000E+09   1.1352911880930131E+06   3.7799770419608327E-11   9.1283835200225971E-23   5.0203369906476701E+03
   1.0616770000000000E+09   1.1405141106796358E+06   3.7404135041545266E-11   9.0337099819288955E-23   5.0198536837593210E+03
   1.0636770000000000E+09   1.1457129378577403E+06   3.7013983510087654E-11   8.9403987800370628E-23   5.0193389359027724E+03
   1.0656770000000000E+09   1.1508878859806738E+06   3.6629223021380684E-11   8.8484244957410515E-23   5.0187936918652504E+03
   1.0676770000000000E+09   1.1560391692333331E+06   3.6249762710775378E-11   8.7577623147269907E-23   5.0182188803881736E+03
   1.0696770000000000E+09   1.1611669990612119E+06   3.5875513628243731E-11   8.6683880156619073E-23   5.0176154143355352E+03
   1.0716770000000000E+09   1.1662715839094953E+06   3.5506388698363101E-11   8.5802779553739367E-23   5.0169841908594808E+03
   1.0736770000000000E+09   1.1713531291602910E+06   3.5142302671681377E-11   8.4934090521522121E-23   5.0163260915664750E+03
   1.0756770000000000E+09   1.1764118371855556E+06   3.4783172072255012E-11   8.4077587683110219E-23   5.0156419826860010E+03
   1.0776770000000000E+09   1.1814479074584728E+06   3.4428915144497872E-11   8.3233050927665731E-23   5.0149327152424903E+03
   1.0796770000000000E+09   1.1864615366865725E+06   3.4079451801194171E-11   8.2400265240666119E-23   5.0141991252303587E+03
   1.0816770000000000E+09   1.1914529189453183E+06   3.3734703573611779E-11   8.1579020540923235E-23   5.0134420337919601E+03
   1.0836770000000000E+09   1.1964222458013603E+06   3.3394593564057842E-11   8.0769111525094176E-23   5.0126622473978641E+03
   1.0856770000000000E+09   1.2013697064206474E+06   3.3059046400894821E-11   7.9970337519669980E-23   5.0118605580291214E+03
   1.0876770000000000E+09   1.2062954876595146E+06   3.2727988195890277E-11   7.9182502340082166E-23   5.0110377433610574E+03
   1.0896770000000000E+09   1.2111997741379451E+06   3.2401346503736916E-11   7.8405414156478254E-23   5.0101945669483302E+03
   1.0916770000000000E+09   1.2160827482947700E+06   3.2079050283582370E-11   7.7638885365730577E-23   5.0093317784107194E+03
   1.0936770000000000E+09   1.2209445904251868E+06   3.1761029862421293E-11   7.6882732469273164E-23   5.0084501136193139E+03
   1.0956770000000000E+09   1.2257854787018374E+06   3.1447216900207846E-11   7.6136775956379352E-23   5.0075502948826152E+03
   1.0976770000000000E+09   1.2306055891817871E+06   3.1137544356543543E-11   7.5400840192485773E-23   5.0066330311321317E+03
   1.0996770000000000E+09   1.2354050958024845E+06   3.0831946458797747E-11   7.4674753312174923E-23   5.0056990181070869E+03
   1.1016770000000000E+09   1.2401841703703024E+06   3.0530358671521251E-11   7.3958347116435665E-23   5.0047489385379949E+03
   1.1036770000000000E+09   1.2449429825451535E+06   3.0232717667027796E-11   7.3251456973857646E-23   5.0037834623288445E+03
   1.1056770000000000E+09   1.2496816998241972E+06   2.9938961297036167E-11   7.2553921725458283E-23   5.0028032467377725E+03
   1.1076770000000000E+09   1.2544004875268042E+06   2.9649028565288449E-11   7.1865583592897446E-23   5.0018089365561273E+03
   1.1096770000000000E+09   1.2590995087820969E+06   2.9362859601077776E-11   7.1186288089878572E-23   5.0008011642859256E+03
   1.1116770000000000E+09   1.2637789245194725E+06   2.9080395633635549E-11   7.0515883936578853E-23   4.9997805503155341E+03
   1.1136770000000000E+09   1.2684388934618058E+06   2.8801578967340079E-11   6.9854222976979075E-23   4.9987477030936088E+03
   1.1156770000000000E+09   1.2730795721204921E+06   2.8526352957714219E-11   6.9201160098979804E-23   4.9977032193012483E+03
   1.1176770000000000E+09   1.2777011147911535E+06   2.8254661988185201E-11   6.8556553157206804E-23   4.9966476840222531E+03
   1.1196770000000000E+09   1.2823036735487054E+06   2.7986451447580222E-11   6.7920262898409027E-23   4.9955816709114752E+03
   1.1216770000000000E+09   1.2868873982404619E+06   2.7721667708332784E-11   6.7292152889359692E-23   4.9945057423611115E+03
   1.1236770000000000E+09   1.2914524364760991E+06   2.7460258105375076E-11   6.6672089447170226E-23   4.9934204496649627E+03
   1.1256770000000000E+09   1.2959989336135092E+06   2.7202170915691335E-11   6.6059941571929916E-23   4.9923263331804783E+03
   1.1276770000000000E+09   1.3005270327398733E+06   2.6947355338506811E-11   6.5455580881582509E-23   4.9912239224885652E+03
   1.1296770000000000E+09   1.3050368746475931E+06   2.6695761476086863E-11   6.4858881548952429E-23   4.9901137365510722E+03
   1.1316770000000000E+09   1.3095285978051876E+06   2.6447340315116654E-11   6.4269720240825511E-23   4.9889962838658103E+03
   1.1336770000000000E+09   1.3140023383235552E+06   2.6202043708633747E-11   6.3687976058990918E-23   4.9878720626191889E+03
   1.1356770000000000E+09   1.3184582299185616E+06   2.5959824358478366E-11   6.3113530483138836E-23   4.9867415608362135E+03
   1.1376770000000000E+09   1.3228964038712725E+06   2.5720635798226051E-11   6.2546267315502869E-23   4.9856052565280097E+03
   1.1396770000000000E+09   1.3273169889876533E+06   2.5484432376561177E-11   6.1986072627126607E-23   4.9844636178367118E+03
   1.1416770000000000E+09   1.3317201115599643E+06   2.5251169241047148E-11   6.1432834705624539E-23   4.9833171031777974E+03
   1.1436770000000000E+09   1.3361058953325220E+06   2.5020802322244569E-11   6.0886444004298230E-23   4.9821661613798860E+03
   1.1456770000000000E+09   1.3404744614748340E+06   2.4793288318126397E-11   6.0346793092463713E-23   4.9810112318220281E+03
   1.1476770000000000E+09   1.3448259285654349E+06   2.4568584678737364E-11   5.9813776606840134E-23   4.9798527445686941E+03
   1.1496770000000000E+09   1.3491604125899756E+06   2.4346649591044022E-11   5.9287291203850843E-23   4.9786911205024353E+03
   1.1516770000000000E+09   1.3534780269572376E+06   2.4127441963924180E-11   5.8767235512691376E-23   4.9775267714545025E+03
   1.1536770000000000E+09   1.3577788825367012E+06   2.3910921413247753E-11   5.8253510089027810E-23   4.9763601003335962E+03
   1.1556770000000000E+09   1.3620630877211492E+06   2.3697048247007516E-11   5.7746017369205607E-23   4.9751915012529653E+03
   1.1576770000000000E+09   1.3663307485174504E+06   2.3485783450465420E-11   5.7244661624866360E-23   4.9740213596561116E+03
   1.1596770000000000E+09   1.3705819686681030E+06   2.3277088671292176E-11   5.6749348917899030E-23   4.9728500524414239E+03
   1.1616770000000000E+09   1.3748168498054051E+06   2.3070926204689994E-11   5.6259987055683226E-23   4.9716779480860441E+03
   1.1636770000000000E+09   1.3790354916391785E+06   2.2867258978502741E-11   5.5776485546617838E-23   4.9705054067692454E+03
   1.1656770000000000E+09   1.3832379921778382E+06   2.2666050538334718E-11   5.5298755555969212E-23   4.9693327804957335E+03
   1.1676770000000000E+09   1.3874244479813259E+06   2.2467265032715684E-11   5.4826709862115506E-23   4.9681604132191260E+03
   1.1696770000000000E+09   1.3915949544430217E+06   2.2270867198366642E-11   5.4360262813305275E-23   4.9669886409659512E+03
   1.1716770000000000E+09   1.3957496060962856E+06   2.2076822345636948E-11   5.3899330285089112E-23   4.9658177919604168E+03
   1.1736770000000000E+09   1.3998884969397858E+06   2.1885096344198478E-11   5.3443829638621161E-23   4.9646481867502216E+03
   1.1756770000000000E+09   1.4040117207745058E+06   2.1695655609091044E-11   5.2993679680050638E-23   4.9634801383335216E+03
   1.1776770000000000E+09   1.4081193715440116E+06   2.1508467087224317E-11   5.2548800621250336E-23   4.9623139522872452E+03
   1.1796770000000000E+09   1.4122115436687982E+06   2.1323498244439652E-11   5.2109114042128885E-23   4.9611499268966745E+03
   1.1816770000000000E+09   1.4162883323648588E+06   2.1140717053236392E-11   5.1674542854774649E-23   4.9599883532863987E+03
   1.1836770000000000E+09   1.4203498339365835E+06   2.0960091981254820E-11   5.1245011269655137E-23   4.9588295155522474E+03
   1.1856770000000000E+09   1.4243961460343469E+06   2.0781591980596973E-11   5.0820444764065322E-23   4.9576736908942275E+03
   1.1876770000000000E+09   1.4284273678680006E+06   2.0605186478044966E-11   5.0400770052971127E-23   4.9565211497499704E+03
   1.1896770000000000E+09   1.4324436003687121E+06   2.0430845366213699E-11   4.9985915062338041E-23   4.9553721559282894E+03
   1.1916770000000000E+09   1.4364449462932618E+06   2.0258538995648538E-11   4.9575808904970735E-23   4.9542269667424498E+03
   1.1936770000000000E+09   1.4404315102668817E+06   2.0088238167850035E-11   4.9170381858821289E-23   4.9530858331425734E+03
   1.1956770000000000E+09   1.4444033987629348E+06   1.9919914129179448E-11   4.8769565347654464E-23   4.9519489998466115E+03
   1.1976770000000000E+09   1.4483607200200125E+06   1.9753538565572788E-11   4.8373291923893344E-23   4.9508167054693613E+03
   1.1996770000000000E+09   1.4523035838992707E+06   1.9589083597968371E-11   4.7981495253413095E-23   4.9496891826490155E+03
   1.2016770000000000E+09   1.4562321016870220E+06   1.9426521778331758E-11   4.7594110101999024E-23   4.9485666581706064E+03
   1.2036770000000000E+09   1.4601463858493785E+06   1.9265826086150818E-11   4.7211072323153976E-23   4.9474493530860800E+03
   1.2056770000000000E+09   1.4640465497473998E+06   1.9106969925262469E-11   4.6832318846914901E-23   4.9463374828304268E+03
   1.2076770000000000E+09   1.4679327073222934E+06   1.8949927120872523E-11   4.6457787669332987E-23   4.9452312573337886E+03
   1.2096770000000000E+09   1.4718049727610815E+06   1.8794671916629803E-11   4.6087417842273738E-23   4.9441308811291137E+03
   1.2116770000000000E+09   1.4756634601534477E+06   1.8641178971625745E-11   4.5721149463212886E-23   4.9430365534554358E+03
   1.2136770000000000E+09   1.4795082831505043E+06   1.8489423357200307E-11   4.5358923664729152E-23   4.9419484683566579E+03
   1.2156770000000000E+09   1.4833395546357303E+06   1.8339380553451842E-11   4.5000682603433751E-23   4.9408668147759454E+03
   1.2176770000000000E+09   1.4871573864175479E+06   1.8191026445366496E-11   4.4646369448120104E-23   4.9397917766458650E+03
   1.2196770000000000E+09   1.4909618889518473E+06   1.8044337318503406E-11   4.4295928366966650E-23   4.9387235329745572E+03
   1.2216770000000000E+09   1.4947531711012309E+06   1.7899289854195234E-11   4.3949304513684300E-23   4.9376622579280956E+03
   1.2236770000000000E+09   1.4985313399359917E+06   1.7755861124248041E-11   4.3606444012555991E-23   4.9366081209096528E+03
   1.2256770000000000E+09   1.5022965005799532E+06   1.7614028585145743E-11   4.3267293942373637E-23   4.9355612866355050E+03
   1.2276770000000000E+09   1.5060487561021452E+06   1.7473770071790502E-11   4.2931802319335930E-23   4.9345219152086747E+03
   1.2296770000000000E+09   1.5097882074533778E+06   1.7335063790827842E-11   4.2599918079019055E-23   4.9334901621903600E+03
   1.2316770000000000E+09   1.5135149534449221E+06   1.7197888313622636E-11   4.2271591057572898E-23   4.9324661786696752E+03
   1.2336770000000000E+09   1.5172290907649747E+06   1.7062222568964336E-11   4.1946771972326995E-23   4.9314501113320921E+03
   1.2356770000000000E+09   1.5209307140275140E+06   1.6928045835585313E-11   4.1625412402004953E-23   4.9304421025269421E+03
   1.2376770000000000E+09   1.5246199158475199E+06   1.6795337734576363E-11   4.1307464766749491E-23   4.9294422903340701E+03
   1.2396770000000000E+09   1.5282967869363164E+06   1.6664078221781061E-11   4.0992882308152107E-23   4.9284508086300903E+03
   1.2416770000000000E+09   1.5319614162110856E+06   1.6534247580240474E-11   4.0681619069460714E-23   4.9274677871542099E+03
   1.2436770000000000E+09   1.5356138909131254E+06   1.6405826412749673E-11   4.0373629876113584E-23   4.9264933515737021E+03
   1.2456770000000000E+09   1.5392542967301386E+06   1.6278795634576169E-11   4.0068870316720121E-23   4.9255276235491210E+03
   1.2476770000000000E+09   1.5428827179186773E+06   1.6153136466377973E-11   3.9767296724579618E-23   4.9245707207992564E+03
   1.2496770000000000E+09   1.5464992374236272E+06   1.6028830427348677E-11   3.9468866159804246E-23   4.9236227571658001E+03
   1.2516770000000000E+09   1.5501039369923689E+06   1.5905859328607183E-11   3.9173536392089167E-23   4.9226838426776048E+03
   1.2536770000000000E+09   1.5536968972818048E+06   1.5784205266843668E-11   3.8881265884155633E-23   4.9217540836147309E+03
   1.2556770000000000E+09   1.5572781979570456E+06   1.5663850618225012E-11   3.8592013775876526E-23   4.9208335825719469E+03
   1.2576770000000000E+09   1.5608479177809055E+06   1.5544778032560570E-11   3.8305739869083157E-23   4.9199224385219495E+03
   1.2596770000000000E+09   1.5644061346938154E+06   1.5426970427722439E-11   3.8022404613041239E-23   4.9190207468779099E+03
   1.2616770000000000E+09   1.5679529258839327E+06   1.5310410984314773E-11   3.7741969090578884E-23   4.9181285995556445E+03
   1.2636770000000000E+09   1.5714883678475108E+06   1.5195083140581890E-11   3.7464395004843447E-23   4.9172460850350344E+03
   1.2656770000000000E+09   1.5750125364396803E+06   1.5080970587545554E-11   3.7189644666660716E-23   4.9163732884209130E+03
   1.2676770000000000E+09   1.5785255069157793E+06   1.4968057264361480E-11   3.6917680982472720E-23   4.9155102915031657E+03
   1.2696770000000000E+09   1.5820273539634112E+06   1.4856327353884613E-11   3.6648467442826740E-23   4.9146571728161371E+03
   1.2716770000000000E+09   1.5855181517252624E+06   1.4745765278434518E-11   3.6381968111393225E-23   4.9138140076973168E+03
   1.2736770000000000E+09   1.5889979738127836E+06   1.4636355695750887E-11   3.6118147614487360E-23   4.9129808683452493E+03
   1.2756770000000000E+09   1.5924668933107345E+06   1.4528083495130195E-11   3.5856971131071941E-23   4.9121578238765569E+03
   1.2776770000000000E+09   1.5959249827726812E+06   1.4420933793734024E-11   3.5598404383215921E-23   4.9113449403822387E+03
   1.2796770000000000E+09   1.5993723142075909E+06   1.4314891933058312E-11   3.5342413626982751E-23   4.9105422809830061E+03
   1.2816770000000000E+09   1.6028089590577499E+06   1.4209943475552543E-11   3.5088965643720004E-23   4.9097499058837202E+03
   1.2836770000000000E+09   1.6062349881683032E+06   1.4106074201377381E-11   3.4838027731720657E-23   4.9089678724269370E+03
   1.2856770000000000E+09   1.6096504717487642E+06   1.4003270105288591E-11   3.4589567698226280E-23   4.9081962351453940E+03
   1.2876770000000000E+09   1.6130554793268712E+06   1.3901517393635503E-11   3.4343553851741328E-23   4.9074350458135214E+03
   1.2896770000000000E+09   1.6164500796950811E+06   1.3800802481463402E-11   3.4099954994631323E-23   4.9066843534979853E+03
   1.2916770000000000E+09   1.6198343408499479E+06   1.3701111989709197E-11   3.3858740415978669E-23   4.9059442046070899E+03
   1.2936770000000000E+09   1.6232083299244156E+06   1.3602432742482672E-11   3.3619879884675315E-23   4.9052146429391514E+03
   1.2956770000000000E+09   1.6265721131128110E+06   1.3504751764427804E-11   3.3383343642737469E-23   4.9044957097298493E+03
   1.2976770000000000E+09   1.6299257555880868E+06   1.3408056278160708E-11   3.3149102398832699E-23   4.9037874436985894E+03
   1.2996770000000000E+09   1.6332693214107277E+06   1.3312333701782414E-11   3.2917127322014381E-23   4.9030898810938270E+03
   1.3016770000000000E+09   1.6366028734289496E+06   1.3217571646464604E-11   3.2687390035654816E-23   4.9024030557377937E+03
   1.3036770000000000E+09   1.6399264731707587E+06   1.3123757914098959E-11   3.2459862611554400E-23   4.9017269990704626E+03
   1.3056770000000000E+09   1.6432401807303890E+06   1.3030880494989011E-11   3.2234517564171059E-23   4.9010617401931459E+03
   1.3076770000000000E+09   1.6465440546550131E+06   1.2938927565540501E-11   3.2011327844859657E-23   4.9004073059118546E+03
   1.3096770000000000E+09   1.6498381518426978E+06   1.2847887485872406E-11   3.1790266835928861E-23   4.8997637207802654E+03
   1.3116770000000000E+09   1.6531225274689256E+06   1.2757748797230775E-11   3.1571308344223444E-23   4.8991310071422331E+03
   1.3136770000000000E+09   1.6563972349660504E+06   1.2668500219044305E-11   3.1354426593836298E-23   4.8985091851731886E+03
   1.3156770000000000E+09   1.6596623260859149E+06   1.2580130645428179E-11   3.1139596217474872E-23   4.8978982729195859E+03
   1.3176770000000000E+09   1.6629178510781410E+06   1.2492629140937607E-11   3.0926792245996107E-23   4.8972982863351754E+03
   1.3196770000000000E+09   1.6661638590119591E+06   1.2405984935416547E-11   3.0715990095730636E-23   4.8967092393130879E+03
   1.3216770000000000E+09   1.6694003982549070E+06   1.2320187417897401E-11   3.0507165553486159E-23   4.8961311437133118E+03
   1.3236770000000000E+09   1.6726275170957581E+06   1.2235226129689986E-11   3.0300294759564129E-23   4.8955640093863649E+03
   1.3256770000000000E+09   1.6758452644628223E+06   1.2151090757041093E-11   3.0095354189713324E-23   4.8950078441961423E+03
   1.3276770000000000E+09   1.6790536906482193E+06   1.2067771124002994E-11   2.9892320637570229E-23   4.8944626540469180E+03
   1.3296770000000000E+09   1.6822528479144275E+06   1.1985257186348055E-11   2.9691171199620601E-23   4.8939284429213321E+03
   1.3316770000000000E+09   1.6854427908454342E+06   1.1903539027413423E-11   2.9491883264840219E-23   4.8934052129355632E+03
   1.3336770000000000E+09   1.6886235763245649E+06   1.1822606856577168E-11   2.9294434510737681E-23   4.8928929644155969E+03
   1.3356770000000000E+09   1.6917952630821215E+06   1.1742451010615047E-11   2.9098802906444447E-23   4.8923916959916423E+03
   1.3376770000000000E+09   1.6949579108524004E+06   1.1663061957529402E-11   2.8904966721911074E-23   4.8919014047002074E+03
   1.3396770000000000E+09   1.6981115792902044E+06   1.1584430301730743E-11   2.8712904540546699E-23   4.8914220860756686E+03
   1.3416770000000000E+09   1.7012563268856390E+06   1.1506546788933446E-11   2.8522595271359818E-23   4.8909537342104704E+03
   1.3436770000000000E+09   1.7043922101435999E+06   1.1429402309045038E-11   2.8334018156413238E-23   4.8904963417686668E+03
   1.3456770000000000E+09   1.7075192832349895E+06   1.1352987895820451E-11   2.8147152770535392E-23   4.8900498999519659E+03
   1.3476770000000000E+09   1.7106375981845637E+06   1.1277294723049676E-11   2.7961979012588157E-23   4.8896143984370801E+03
   1.3496770000000000E+09   1.7137472054781753E+06   1.1202314098232417E-11   2.7778477090441801E-23   4.8891898253198287E+03
   1.3516770000000000E+09   1.7168481548213852E+06   1.1128037455591663E-11   2.7596627504027923E-23   4.8887761671050712E+03
   1.3536770000000000E+09   1.7199404957332173E+06   1.1054456350455207E-11   2.7416411031383896E-23   4.8883734087656812E+03
   1.3556770000000000E+09   1.7230242777467240E+06   1.0981562456335494E-11   2.7237808721052317E-23   4.8879815338627359E+03
   1.3576770000000000E+09   1.7260995501809141E+06   1.0909347564733176E-11   2.7060801891145751E-23   4.8876005246856821E+03
   1.3596770000000000E+09   1.7291663616555864E+06   1.0837803586404773E-11   2.6885372132269859E-23   4.8872303623561584E+03
   1.3616770000000000E+09   1.7322247596332405E+06   1.0766922552245472E-11   2.6711501309932966E-23   4.8868710268546083E+03
   1.3636770000000000E+09   1.7352747902271969E+06   1.0696696612374529E-11   2.6539171562907612E-23   4.8865224969714855E+03
   1.3656770000000000E+09   1.7383164983390451E+06   1.0627118033208505E-11   2.6368365296734722E-23   4.8861847502303890E+03
   1.3676770000000000E+09   1.7413499279903665E+06   1.0558179193522222E-11   2.6199065174488807E-23   4.8858577628491657E+03
   1.3696770000000000E+09   1.7443751226189085E+06   1.0489872580961753E-11   2.6031254108228661E-23   4.8855415097798414E+03
   1.3716770000000000E+09   1.7473921251742421E+06   1.0422190789928520E-11   2.5864915253508778E-23   4.8852359648132942E+03
   1.3736770000000000E+09   1.7504009780160913E+06   1.0355126520655858E-11   2.5700032006840225E-23   4.8849411006886976E+03
   1.3756770000000000E+09   1.7534017227600652E+06   1.0288672578491595E-11   2.5536588003976006E-23   4.8846568891462139E+03
   1.3776770000000000E+09   1.7563944002260484E+06   1.0222821872469449E-11   2.5374567116806174E-23   4.8843833009084356E+03
   1.3796770000000000E+09   1.7593790505289128E+06   1.0157567413048501E-11   2.5213953448328111E-23   4.8841203056327267E+03
   1.3816770000000000E+09   1.7623557132165199E+06   1.0092902309688065E-11   2.5054731327041961E-23   4.8838678718928250E+03
   1.3836770000000000E+09   1.7653244273169090E+06   1.0028819769044952E-11   2.4896885302662539E-23   4.8836259672033148E+03
   1.3856770000000000E+09   1.7682852312094229E+06   9.9653130940769339E-12   2.4740400144213071E-23   4.8833945580177788E+03
   1.3876770000000000E+09   1.7712381622487702E+06   9.9023756840177986E-12   2.4585260841196472E-23   4.8831736095443839E+03
   1.3896770000000000E+09   1.7741832558146408E+06   9.8400010361836271E-12   2.4431452611580485E-23   4.8829630851004822E+03
   1.3916770000000000E+09   1.7771205425824292E+06   9.7781827542870818E-12   2.4278960930908597E-23   4.8827629444436352E+03
   1.3936770000000000E+09   1.7800500405768666E+06   9.7169145774323390E-12   2.4127771623444719E-23   4.8825731398791877E+03
   1.3956770000000000E+09   1.7829717332381895E+06   9.6561904672706250E-12   2.3977871119129947E-23   4.8823936078712386E+03
   1.3976770000000000E+09   1.7858855127217113E+06   9.5960048455966707E-12   2.3829247120952732E-23   4.8822242528076995E+03
   1.3996770000000000E+09   1.7887910432444541E+06   9.5363531909814890E-12   2.3681890212191743E-23   4.8820649202438453E+03
   1.4016770000000000E+09   1.7916874569871251E+06   9.4772334133825011E-12   2.3535797423504020E-23   4.8819153634581317E+03
   1.4036770000000000E+09   1.7945727391509220E+06   9.4186487177153767E-12   2.3390979419927403E-23   4.8817752251767324E+03
   1.4056770000000000E+09   1.7974426251105668E+06   9.3606128661824466E-12   2.3247473329406022E-23   4.8816440852317282E+03
   1.4076770000000000E+09   1.8002889156869149E+06   9.3031583505730475E-12   2.3105362204448617E-23   4.8815216359163987E+03
   1.4096770000000000E+09   1.8030974527723158E+06   9.2463461913815417E-12   2.2964798091272309E-23   4.8814079563172527E+03
   1.4116770000000000E+09   1.8058465848330811E+06   9.1902727222969363E-12   2.2826018701534670E-23   4.8813035638389356E+03
   1.4136770000000000E+09   1.8085072039824605E+06   9.1350668250498182E-12   2.2689344568352998E-23   4.8812085628760378E+03
   1.4156770000000000E+09   1.8110438411491178E+06   9.0808794053802699E-12   2.2555161992354290E-23   4.8811206664102392E+03
   1.4176770000000000E+09   1.8134118070834628E+06   9.0278932724317057E-12   2.2423949897507058E-23   4.8810346213703606E+03
   1.4196770000000000E+09   1.8155425738361650E+06   8.9764029660963536E-12   2.2296444108958176E-23   4.8809495712330627E+03
   1.4216770000000000E+09   1.8173236669228987E+06   8.9269423097658648E-12   2.2173875971302973E-23   4.8808864076707896E+03
   1.4236770000000000E+09   1.8186194949992381E+06   8.8802033326169969E-12   2.2057759298686086E-23   4.8808909327802867E+03
   1.4256770000000000E+09   1.8193926544849533E+06   8.8363823850232853E-12   2.1948521822150002E-23   4.8809775556649711E+03
   1.4276770000000000E+09   1.8198544876160251E+06   8.7943269877175211E-12   2.1843744967168546E-23   4.8810482227421880E+03
   1.4296770000000000E+09   1.8203871734871329E+06   8.7519912430950497E-12   2.1738985336290354E-23   4.8809593547776367E+03
   1.4316770000000000E+09   1.8211778391719433E+06   8.7085546480215334E-12   2.1632008316613120E-23   4.8807529625180568E+03
   1.4336770000000000E+09   1.8221704161665530E+06   8.6643213033458381E-12   2.1523434499461166E-23   4.8804578055836500E+03
   1.4356770000000000E+09   1.8225883274614511E+06   8.6240882259941278E-12   2.1422416792450319E-23   4.8807022315793592E+03
   6.5767700000000000E+08  -2.8180855679250549E+03   3.5759171377350120E-16   1.5758422607415547E-26   1.0924633454342857E+03
   6.5967700000000000E+08  -2.8446858676573124E+03   6.0613533000644665E-16   2.5894101773877006E-26   1.1269403235792709E+03
   6.6167700000000000E+08  -2.8090910577936274E+03   1.0017756863197496E-15   4.1898889213888450E-26   1.1510657940343965E+03
   6.6367700000000000E+08  -2.7729707974358821E+03   1.6351172141159707E-15   6.7311919209899310E-26   1.1694700071924372E+03
   6.6567700000000000E+08  -2.9926566396790354E+03   2.7038465901884322E-15   1.0931030616799858E-25   1.1908391588114964E+03
   6.6767700000000000E+08  -4.2540188390730700E+03   4.8671834522607118E-15   1.9060196790901834E-25   1.2293697041209300E+03
   6.6967700000000000E+08  -6.4341525712843550E+03   1.0589318377293164E-14   3.9835120876423590E-25   1.2797762240169066E+03
   6.7167700000000000E+08  -7.1429821771871375E+03   2.7105174216931289E-14   1.0040870761585853E-24   1.2996098571765444E+03
   6.7367700000000000E+08  -5.8857208236011566E+03   6.9429801757408836E-14   2.5988349435186217E-24   1.2861730298747261E+03
   6.7567700000000000E+08  -3.9979292118559856E+03   1.5827769599881562E-13   6.0224926812419398E-24   1.2652478549933562E+03
   6.7767700000000000E+08  -2.1963868062833139E+03   3.0914461935382551E-13   1.1918237654047689E-23   1.2487681737803798E+03
   6.7967700000000000E+08  -6.4606396915149674E+02   5.1948083202597740E-13   2.0181025159736672E-23   1.2392487070857003E+03
   6.8167700000000000E+08   6.6449812119733917E+02   7.6652403659572050E-13   2.9820347377869311E-23   1.2375001224740295E+03
   6.8367700000000000E+08   1.7859176270564401E+03   1.0188130748813700E-12   3.9361307584762232E-23   1.2461122442547749E+03
   6.8567700000000000E+08   2.7481070799016020E+03   1.2517409700943468E-12   4.7426876414386490E-23   1.2706388081139867E+03
   6.8767700000000000E+08   3.5254929273510456E+03   1.4556553197321887E-12   5.3173126828623080E-23   1.3179487517672494E+03
   6.8967700000000000E+08   4.0632372440219046E+03   1.6328568240094829E-12   5.6471629039740733E-23   1.3920343766168701E+03
   6.9167700000000000E+08   4.3609043292745600E+03   1.7890231040045552E-12   5.7775401633479845E-23   1.4907511287991108E+03
   6.9367700000000000E+08   4.5225867159469635E+03   1.9273338167670534E-12   5.7753624054244322E-23   1.6066077992567741E+03
   6.9567700000000000E+08   4.7280367625662320E+03   2.0481531178882922E-12   5.6987422812527989E-23   1.7302767607382309E+03
   6.9767700000000000E+08   5.1618918437235407E+03   2.1509942211595530E-12   5.5853702333443847E-23   1.8540414887099926E+03
   6.9967700000000000E+08   5.9647661101055210E+03   2.2363392674092036E-12   5.4570305945385552E-23   1.9729381549442228E+03
   7.0167700000000000E+08   7.2192146992133139E+03   2.3057392441918489E-12   5.3256399802631680E-23   2.0843495747166662E+03
   7.0367700000000000E+08   8.9514370714151864E+03   2.3612620863089548E-12   5.1971607922184846E-23   2.1873093596418676E+03
   7.0567700000000000E+08   1.1140854025370167E+04   2.4049697555015410E-12   5.0741305118931342E-23   2.2818135589629101E+03
   7.0767700000000000E+08   1.3733150618207375E+04   2.4386091199273922E-12   4.9571334097689646E-23   2.3683384042166672E+03
   7.0967700000000000E+08   1.6653857878484472E+04   2.4635142503095872E-12   4.8456904415561113E-23   2.4475500594238747E+03
   7.1167700000000000E+08   1.9820221279878722E+04   2.4806395365349387E-12   4.7388128817027525E-23   2.5201493086953747E+03
   7.1367700000000000E+08   2.3148211121246557E+04   2.4906379493686681E-12   4.6353291928666390E-23   2.5867960525313761E+03
   7.1567700000000000E+08   2.6558631630853532E+04   2.4939527818289243E-12   4.5340852798672285E-23   2.6480776339947211E+03
   7.1767700000000000E+08   2.9982546114678349E+04   2.4909164135361168E-12   4.4340833849456421E-23   2.7045030109324675E+03
   7.1967700000000000E+08   3.3362560819810074E+04   2.4818269908000750E-12   4.3345505440883807E-23   2.7565101928136751E+03
   7.2167700000000000E+08   3.6653354518726657E+04   2.4669937058457333E-12   4.2349509839633169E-23   2.8044766227976024E+03
   7.2367700000000000E+08   3.9821416880089295E+04   2.4467645974054420E-12   4.1349765312851671E-23   2.8487301359030143E+03
   7.2567700000000000E+08   4.2844316303435364E+04   2.4215401880354596E-12   4.0345232054261431E-23   2.8895594502662939E+03
   7.2767700000000000E+08   4.5709656009529441E+04   2.3917761744039109E-12   3.9336598414052080E-23   2.9272236420759991E+03
   7.2967700000000000E+08   4.8413791721146794E+04   2.3579775133567521E-12   3.8325921489731392E-23   2.9619602397546678E+03
   7.3167700000000000E+08   5.0960360669665948E+04   2.3206859243773313E-12   3.7316246572127535E-23   2.9939916509605482E+03
   7.3367700000000000E+08   5.3358687279135498E+04   2.2804629411762991E-12   3.6311228638181994E-23   3.0235297477734803E+03
   7.3567700000000000E+08   5.5622158658796041E+04   2.2378708776291998E-12   3.5314779838486920E-23   3.0507786078244194E+03
   7.3767700000000000E+08   5.7766678027443522E+04   2.1934541190416594E-12   3.4330765417561736E-23   3.0759356046118319E+03
   7.3967700000000000E+08   5.9809296866309312E+04   2.1477228346060243E-12   3.3362764872440350E-23   3.0991912034768857E+03
   7.4167700000000000E+08   6.1767099408933886E+04   2.1011405712540185E-12   3.2413906458609391E-23   3.1207279102485518E+03
   7.4367700000000000E+08   6.3656372829828870E+04   2.0541163971171476E-12   3.1486773691761950E-23   3.1407188243520418E+03
   7.4567700000000000E+08   6.5492058140262241E+04   2.0070015061605850E-12   3.0583374501853211E-23   3.1593261810343179E+03
   7.4767700000000000E+08   6.7287447133757421E+04   1.9600896378976463E-12   2.9705158840258107E-23   3.1767001580870196E+03
   7.4967700000000000E+08   6.9054074275521794E+04   1.9136203647204649E-12   2.8853069031054307E-23   3.1929781025253728E+03
   7.5167700000000000E+08   7.0801748195732464E+04   1.8677842360269573E-12   2.8027608366185133E-23   3.2082842267927904E+03
   7.5367700000000000E+08   7.2538672121128402E+04   1.8227288741215160E-12   2.7228916278504845E-23   3.2227297457721324E+03
   7.5567700000000000E+08   7.4271612117378972E+04   1.7785653117745518E-12   2.6456841828070394E-23   3.2364133784985356E+03
   7.5767700000000000E+08   7.6006083014514792E+04   1.7353740784748672E-12   2.5711010434293793E-23   3.2494221181947528E+03
   7.5967700000000000E+08   7.7746532088928056E+04   1.6932107384524791E-12   2.4990881362575424E-23   3.2618321738775348E+03
   7.6167700000000000E+08   7.9496508843827498E+04   1.6521107378058122E-12   2.4295795303875593E-23   3.2737099985853883E+03
   7.6367700000000000E+08   8.1258815267604703E+04   1.6120935264049934E-12   2.3625012530014906E-23   3.2851133367376960E+03
   7.6567700000000000E+08   8.3035634955720961E+04   1.5731659880427466E-12   2.2977742713186231E-23   3.2960922416206408E+03
   7.6767700000000000E+08   8.4828641875455520E+04   1.5353252488295905E-12   2.2353167728879677E-23   3.3066900307315004E+03
   7.6967700000000000E+08   8.6639090790938790E+04   1.4985609486496258E-12   2.1750458759850538E-23   3.3169441603956634E+03
   7.7167700000000000E+08   8.8467891847290375E+04   1.4628570616977291E-12   2.1168788892498767E-23   3.3268870113971875E+03
   7.7367700000000000E+08   9.0315671843547825E+04   1.4281933457491450E-12   2.0607342218596308E-23   3.3365465846065567E+03
   7.7567700000000000E+08   9.2182824517778106E+04   1.3945464899637019E-12   2.0065320268582627E-23   3.3459471102847483E+03
   7.7767700000000000E+08   9.4069551860934749E+04   1.3618910202346518E-12   1.9541946430954136E-23   3.3551095774896462E+03
   7.7967700000000000E+08   9.5975898148659020E+04   1.3302000107716636E-12   1.9036468865554525E-23   3.3640521913596626E+03
   7.8167700000000000E+08   9.7901778074248476E+04   1.2994456414361896E-12   1.8548162298951424E-23   3.3727907664540676E+03
   7.8367700000000000E+08   9.9847000099558238E+04   1.2695996325547998E-12   1.8076328995607840E-23   3.3813390641381725E+03
   7.8567700000000000E+08   1.0181128591824786E+05   1.2406335825050686E-12   1.7620299125573151E-23   3.3897090814655135E+03
   7.8767700000000000E+08   1.0379428674516594E+05   1.2125192281608814E-12   1.7179430693869633E-23   3.3979112983008513E+03
   7.8967700000000000E+08   1.0579559700119009E+05   1.1852286441217500E-12   1.6753109154929907E-23   3.4059548886596372E+03
   7.9167700000000000E+08   1.0781476584872852E+05   1.1587343933459331E-12   1.6340746804094558E-23   3.4138479014808563E+03
   7.9367700000000000E+08   1.0985130694294965E+05   1.1330096391988903E-12   1.5941782014819163E-23   3.4215974153394045E+03
   7.9567700000000000E+08   1.1190470669314331E+05   1.1080282268704089E-12   1.5555678372795705E-23   3.4292096709613461E+03
   7.9767700000000000E+08   1.1397443127287005E+05   1.0837647404914499E-12   1.5181923745178639E-23   3.4366901848370494E+03
   7.9967700000000000E+08   1.1605993257350591E+05   1.0601945410018555E-12   1.4820029313379269E-23   3.4440438467327904E+03
   8.0167700000000000E+08   1.1816065326099897E+05   1.0372937888062631E-12   1.4469528590573581E-23   3.4512750034763235E+03
   8.0367700000000000E+08   1.2027603106772614E+05   1.0150394544530824E-12   1.4129976439580364E-23   3.4583875310289809E+03
   8.0567700000000000E+08   1.2240550242919321E+05   9.9340931993119808E-13   1.3800948102591138E-23   3.4653848965493698E+03
   8.0767700000000000E+08   1.2454850555724658E+05   9.7238197266904994E-13   1.3482038251079718E-23   3.4722702118934435E+03
   8.0967700000000000E+08   1.2670448302684163E+05   9.5193679391184795E-13   1.3172860061810325E-23   3.4790462797763994E+03
   8.1167700000000000E+08   1.2887288394147124E+05   9.3205394282374038E-13   1.2873044323017836E-23   3.4857156336370458E+03
   8.1367700000000000E+08   1.3105316573244703E+05   9.1271433739668839E-13   1.2582238573422228E-23   3.4922805720895358E+03
   8.1567700000000000E+08   1.3324479563905057E+05   8.9389963303305127E-13   1.2300106275650433E-23   3.4987431887163107E+03
   8.1767700000000000E+08   1.3544725190962158E+05   8.7559219949555904E-13   1.2026326024815154E-23   3.5051053978453674E+03
   8.1967700000000000E+08   1.3766002475796625E+05   8.5777509677692599E-13   1.1760590792362264E-23   3.5113689568615332E+03
   8.2167700000000000E+08   1.3988261710462856E+05   8.4043205032709092E-13   1.1502607204823885E-23   3.5175354855224864E+03
   8.2367700000000000E+08   1.4211454512853071E+05   8.2354742598363184E-13   1.1252094856766175E-23   3.5236064826833340E+03
   8.2567700000000000E+08   1.4435533865118437E+05   8.0710620487631747E-13   1.1008785656973229E-23   3.5295833407768373E+03
   8.2767700000000000E+08   1.4660454137301960E+05   7.9109395851700103E-13   1.0772423206742982E-23   3.5354673583484332E+03
   8.2967700000000000E+08   1.4886171097920762E+05   7.7549682423895735E-13   1.0542762209079283E-23   3.5412597509042398E+03
   8.3167700000000000E+08   1.5112641913075332E+05   7.6030148111257417E-13   1.0319567907522537E-23   3.5469616602958486E+03
   8.3367700000000000E+08   1.5339825135536902E+05   7.4549512643582501E-13   1.0102615553369139E-23   3.5525741628361420E+03
   8.3567700000000000E+08   1.5567680685177172E+05   7.3106545287606744E-13   9.8916899000676259E-24   3.5580982763155116E+03
   8.3767700000000000E+08   1.5796169822042578E+05   7.1700062632321436E-13   9.6865847236406912E-24   3.5635349660666975E+03
   8.3967700000000000E+08   1.6025255113328723E+05   7.0328926450172458E-13   9.4871023680551875E-24   3.5688851502082944E+03
   8.4167700000000000E+08   1.6254900395463032E+05   6.8992041637960984E-13   9.2930533145451100E-24   3.5741497041814878E+03
   8.4367700000000000E+08   1.6485070732471012E+05   6.7688354240461433E-13   9.1042557739627042E-24   3.5793294646811969E+03
   8.4567700000000000E+08   1.6715732371749810E+05   6.6416849559099196E-13   8.9205353012962797E-24   3.5844252330710506E+03
   8.4767700000000000E+08   1.6946852698303148E+05   6.5176550347413342E-13   8.7417244315437381E-24   3.5894377783613218E+03
   8.4967700000000000E+08   1.7178400188417395E+05   6.3966515094351073E-13   8.5676623361561901E-24   3.5943678398195798E+03
   8.5167700000000000E+08   1.7410344363654053E+05   6.2785836395756270E-13   8.3981944992762515E-24   3.5992161292754217E+03
   8.5367700000000000E+08   1.7642655745914252E+05   6.1633639413674593E-13   8.2331724129867601E-24   3.6039833331727218E+03
   8.5567700000000000E+08   1.7875305814204202E+05   6.0509080422292187E-13   8.0724532907576667E-24   3.6086701144156759E+03
   8.5767700000000000E+08   1.8108266963584672E+05   5.9411345438526889E-13   7.9158997982436736E-24   3.6132771140479808E+03
   8.5967700000000000E+08   1.8341512466646085E+05   5.8339648934481361E-13   7.7633798005407381E-24   3.6178049527982307E+03
   8.6167700000000000E+08   1.8575016437704157E+05   5.7293232628224566E-13   7.6147661249677672E-24   3.6222542325185877E+03
   8.6367700000000000E+08   1.8808753799782935E+05   5.6271364348696547E-13   7.4699363384015080E-24   3.6266255375383689E+03
   8.6567700000000000E+08   1.9042700254347536E+05   5.5273336969941042E-13   7.3287725381597205E-24   3.6309194359492676E+03
   8.6767700000000000E+08   1.9276832253629653E+05   5.4298467409523440E-13   7.1911611554223782E-24   3.6351364808345329E+03
   8.6967700000000000E+08   1.9511126975332614E+05   5.3346095685708653E-13   7.0569927701790751E-24   3.6392772114505819E+03
   8.7167700000000000E+08   1.9745562299454006E+05   5.2415584027888185E-13   6.9261619367111050E-24   3.6433421543664062E+03
   8.7367700000000000E+08   1.9980116786924988E+05   5.1506316034873601E-13   6.7985670186611731E-24   3.6473318245635364E+03
   8.7567700000000000E+08   2.0214769659769165E+05   5.0617695875889396E-13   6.6741100327963406E-24   3.6512467264972806E+03
   8.7767700000000000E+08   2.0449500782488650E+05   4.9749147529491733E-13   6.5526965006419816E-24   3.6550873551186819E+03
   8.7967700000000000E+08   2.0684290644412718E+05   4.8900114056109726E-13   6.4342353072445303E-24   3.6588541968555014E+03
   8.8167700000000000E+08   2.0919120342784084E+05   4.8070056900441821E-13   6.3186385664058763E-24   3.6625477305502968E+03
   8.8367700000000000E+08   2.1153971566393529E+05   4.7258455220536418E-13   6.2058214918237191E-24   3.6661684283533864E+03
   8.8567700000000000E+08   2.1388826579638961E+05   4.6464805240940964E-13   6.0957022736557331E-24   3.6697167565687637E+03
   8.8767700000000000E+08   2.1623668206971802E+05   4.5688619627825271E-13   5.9882019601028267E-24   3.6731931764515393E+03
   8.8967700000000000E+08   2.1858479817866298E+05   4.4929426884381067E-13   5.8832443436662995E-24   3.6765981449563087E+03
   8.9167700000000000E+08   2.2093245312827543E+05   4.4186770764958915E-13   5.7807558517600897E-24   3.6799321154374738E+03
   8.9367700000000000E+08   2.2327949111837908E+05   4.3460209706081906E-13   5.6806654413206463E-24   3.6831955383054828E+03
   8.9567700000000000E+08   2.2562576148611345E+05   4.2749316271240931E-13   5.5829044968941360E-24   3.6863888616494623E+03
   8.9767700000000000E+08   2.2797111878152713E+05   4.2053676603474283E-13   5.4874067312920708E-24   3.6895125318502751E+03
   8.9967700000000000E+08   2.3031542313015097E+05   4.1372889874080494E-13   5.3941080871435897E-24   3.6925669942357763E+03
   9.0167700000000000E+08   2.3265854116807858E+05   4.0706567706665308E-13   5.3029466364293727E-24   3.6955526938826033E+03
   9.0367700000000000E+08   2.3500034801142855E+05   4.0054333544286673E-13   5.2138624735072754E-24   3.6984700767580266E+03
   9.0567700000000000E+08   2.3734073086047181E+05   3.9415821920616904E-13   5.1267975961330836E-24   3.7013195915242927E+03
   9.0767700000000000E+08   2.3967959469823402E+05   3.8790677611926975E-13   5.0416957709431120E-24   3.7041016924650230E+03
   9.0967700000000000E+08   2.4201686966673232E+05   3.8178554717222561E-13   4.9585023890628737E-24   3.7068168440315867E+03
   9.1167700000000000E+08   2.4435251754221256E+05   3.7579115873349470E-13   4.8771643386112976E-24   3.7094655272239693E+03
   9.1367700000000000E+08   2.4668653122255078E+05   3.6992032054057939E-13   4.7976299533265002E-24   3.7120482471042324E+03
   9.1567700000000000E+08   2.4901891786827936E+05   3.6416983600806103E-13   4.7198491240712519E-24   3.7145655389950857E+03
   9.1767700000000000E+08   2.5134965760853956E+05   3.5853662979205583E-13   4.6437736419545995E-24   3.7170179687235823E+03
   9.1967700000000000E+08   2.5367864138486897E+05   3.5301778855506804E-13   4.5693577257757862E-24   3.7194061211350886E+03
   9.2167700000000000E+08   2.5600561502418498E+05   3.4761059396831208E-13   4.4965584643118992E-24   3.7217305735872019E+03
   9.2367700000000000E+08   2.5833017867157832E+05   3.4231251203930576E-13   4.4253357022072711E-24   3.7239918591536048E+03
   9.2567700000000000E+08   2.6065188260801954E+05   3.3712111022669767E-13   4.3556509833228310E-24   3.7261904355843949E+03
   9.2767700000000000E+08   2.6297039732950850E+05   3.3203392170954665E-13   4.2874657811271503E-24   3.7283266819998844E+03
   9.2967700000000000E+08   2.6528564782389475E+05   3.2704833935362982E-13   4.2207400746386873E-24   3.7304009346794655E+03
   9.3167700000000000E+08   2.6759779139791260E+05   3.2216163733885185E-13   4.1554325541883085E-24   3.7324135459515264E+03
   9.3367700000000000E+08   2.6990702319278615E+05   3.1737115360386997E-13   4.0915029231364845E-24   3.7343649272287730E+03
   9.3567700000000000E+08   2.7221335117439815E+05   3.1267449004210448E-13   4.0289144772633096E-24   3.7362555438840700E+03
   9.3767700000000000E+08   2.7451656530403532E+05   3.0806947991167652E-13   3.9676337215275299E-24   3.7380858691502353E+03
   9.3967700000000000E+08   2.7681645759600692E+05   3.0355397035542693E-13   3.9076275965533994E-24   3.7398563452219951E+03
   9.4167700000000000E+08   2.7911303244669433E+05   2.9912584929154286E-13   3.8488638052612269E-24   3.7415673919366500E+03
   9.4367700000000000E+08   2.8140644146453292E+05   2.9478342895241855E-13   3.7913156966988926E-24   3.7432194451275841E+03
   9.4567700000000000E+08   2.8369671951256361E+05   2.9052563512043365E-13   3.7349646660149277E-24   3.7448129721950281E+03
   9.4767700000000000E+08   2.8598361323205469E+05   2.8635153367276139E-13   3.6797940787543575E-24   3.7463484433643803E+03
   9.4967700000000000E+08   2.8826661942025030E+05   2.8225950391385082E-13   3.6257786878050050E-24   3.7478262862031847E+03
   9.5167700000000000E+08   2.9054508588858112E+05   2.7824673221897891E-13   3.5728781675515051E-24   3.7492468574536106E+03
   9.5367700000000000E+08   2.9281835950740980E+05   2.7430941730725518E-13   3.5210397741987489E-24   3.7506104344229261E+03
   9.5567700000000000E+08   2.9508693144367117E+05   2.7044394435161048E-13   3.4702134147018215E-24   3.7519172212395029E+03
   9.5767700000000000E+08   2.9735207783577254E+05   2.6664842544847732E-13   3.4203711997312824E-24   3.7531675562679884E+03
   9.5967700000000000E+08   2.9961411232659424E+05   2.6292219654711721E-13   3.3715008580464428E-24   3.7543620234538384E+03
   9.6167700000000000E+08   3.0187278515966149E+05   2.5926434777758287E-13   3.3235870622622415E-24   3.7555012500651296E+03
   9.6367700000000000E+08   3.0412794398736057E+05   2.5567361046376908E-13   3.2766100591964025E-24   3.7565858212347616E+03
   9.6567700000000000E+08   3.0637949421957909E+05   2.5214858320364574E-13   3.2305485443445902E-24   3.7576163052542097E+03
   9.6767700000000000E+08   3.0862737370799400E+05   2.4868782886454938E-13   3.1853808947693879E-24   3.7585932608939279E+03
   9.6967700000000000E+08   3.1087153474389110E+05   2.4528991577644187E-13   3.1410856873793590E-24   3.7595172429560325E+03
   9.7167700000000000E+08   3.1311193097038241E+05   2.4195343851083163E-13   3.0976419583012755E-24   3.7603888044810656E+03
   9.7367700000000000E+08   3.1534850637293397E+05   2.3867703134549615E-13   3.0550293704349642E-24   3.7612084966479947E+03
   9.7567700000000000E+08   3.1758118675102788E+05   2.3545937702431910E-13   3.0132283221763525E-24   3.7619768668927604E+03
   9.7767700000000000E+08   3.1980987570990913E+05   2.3229921001808671E-13   2.9722199866533840E-24   3.7626944558557607E+03
   9.7967700000000000E+08   3.2203445741606818E+05   2.2919531319045937E-13   2.9319862668086280E-24   3.7633617940336540E+03
   9.8167700000000000E+08   3.2425480624013906E+05   2.2614650857800848E-13   2.8925096746359091E-24   3.7639793992468358E+03
   9.8367700000000000E+08   3.2647080020451982E+05   2.2315164539442595E-13   2.8537731737421530E-24   3.7645477758958682E+03
   9.8567700000000000E+08   3.2868233357371157E+05   2.2020958932805882E-13   2.8157600371254182E-24   3.7650674163736135E+03
   9.8767700000000000E+08   3.3088932487437100E+05   2.1731921612713365E-13   2.7784537588244569E-24   3.7655388042534082E+03
   9.8967700000000000E+08   3.3309171886098839E+05   2.1447941038735774E-13   2.7418380317990656E-24   3.7659624183808342E+03
   9.9167700000000000E+08   3.3528948315395333E+05   2.1168906849151123E-13   2.7058967792912477E-24   3.7663387368934141E+03
   9.9367700000000000E+08   3.3748260182933352E+05   2.0894710335257166E-13   2.6706142101249915E-24   3.7666682404140456E+03
   9.9567700000000000E+08   3.3967106875273422E+05   2.0625244827883817E-13   2.6359748638384904E-24   3.7669514140775232E+03
   9.9767700000000000E+08   3.4185488321087899E+05   2.0360405780333587E-13   2.6019636179111174E-24   3.7671887485285838E+03
   9.9967700000000000E+08   3.4403405504744465E+05   2.0100090082122005E-13   2.5685655967636092E-24   3.7673807410249246E+03
   1.0016770000000000E+09   3.4620871907404141E+05   1.9844187671918053E-13   2.5357650924267624E-24   3.7675279031670511E+03
   1.0036770000000000E+09   3.4838042475548183E+05   1.9592490100036321E-13   2.5035338643720341E-24   3.7676307825780900E+03
   1.0056770000000000E+09   3.5055582461022947E+05   1.9344436702366776E-13   2.4717986286859721E-24   3.7676900805883643E+03
   1.0076770000000000E+09   3.5274079239307682E+05   1.9099545797393057E-13   2.4404956566913937E-24   3.7677074272210461E+03
   1.0096770000000000E+09   3.5493306547588692E+05   1.8857919806704570E-13   2.4096354424063927E-24   3.7676852329982858E+03
   1.0116770000000000E+09   3.5712519111288973E+05   1.8620054080209861E-13   2.3792790848443088E-24   3.7676254508027450E+03
   1.0136770000000000E+09   3.5931332620065479E+05   1.8386413399116618E-13   2.3494844232963296E-24   3.7675291511765345E+03
   1.0156770000000000E+09   3.6148167630548036E+05   1.8157429147362602E-13   2.3203062783113942E-24   3.7673954929229126E+03
   1.0176770000000000E+09   3.6362874204324285E+05   1.7933254401748744E-13   2.2917622405708047E-24   3.7672263979665045E+03
   1.0196770000000000E+09   3.6576765010679251E+05   1.7712956804318235E-13   2.2637339641453168E-24   3.7670193195314123E+03
   1.0216770000000000E+09   3.6790077410093060E+05   1.7496321901054181E-13   2.2361930100112261E-24   3.7667747073071432E+03
   1.0236770000000000E+09   3.7002859080322727E+05   1.7283251482567874E-13   2.2091259284556302E-24   3.7664928482261903E+03
   1.0256770000000000E+09   3.7215120045905618E+05   1.7073669852673832E-13   2.1825221166845355E-24   3.7661741390023467E+03
   1.0276770000000000E+09   3.7426862198352627E+05   1.6867506273144941E-13   2.1563716264818379E-24   3.7658190014698444E+03
   1.0296770000000000E+09   3.7638086243072205E+05   1.6664690728120449E-13   2.1306646321235578E-24   3.7654278653119277E+03
   1.0316770000000000E+09   3.7848793829477066E+05   1.6465152896208452E-13   2.1053912994250275E-24   3.7650011651810278E+03
   1.0336770000000000E+09   3.8058988603339123E+05   1.6268822058298013E-13   2.0805417724039263E-24   3.7645393411904411E+03
   1.0356770000000000E+09   3.8268677627251140E+05   1.6075626830612062E-13   2.0561061369577325E-24   3.7640428406054152E+03
   1.0376770000000000E+09   3.8477873691332422E+05   1.5885494307674594E-13   2.0320743083559617E-24   3.7635121209165773E+03
   1.0396770000000000E+09   3.8686597710593324E+05   1.5698349082820312E-13   2.0084359018613240E-24   3.7629476552038373E+03
   1.0416770000000000E+09   3.8894879280288762E+05   1.5514113252409425E-13   1.9851802280744796E-24   3.7623499397969658E+03
   1.0436770000000000E+09   3.9102753664892091E+05   1.5332708316934437E-13   1.9622965311918052E-24   3.7617195021093403E+03
   1.0456770000000000E+09   3.9310255198253709E+05   1.5154058878088864E-13   1.9397744595384656E-24   3.7610569047898334E+03
   1.0476770000000000E+09   3.9517409146367927E+05   1.4978096904863527E-13   1.9176046132895332E-24   3.7603627426336539E+03
   1.0496770000000000E+09   3.9724225086668495E+05   1.4804764898950878E-13   1.8957789559868836E-24   3.7596376311975491E+03
   1.0516770000000000E+09   3.9930694200902490E+05   1.4634016774355781E-13   1.8742909365208661E-24   3.7588821893692079E+03
   1.0536770000000000E+09   4.0136791123320122E+05   1.4465816285881886E-13   1.8531352975974604E-24   3.7580970204015744E+03
   1.0556770000000000E+09   4.0342479229767766E+05   1.4300133767444831E-13   1.8323076653987938E-24   3.7572826961373053E+03
   1.0576770000000000E+09   4.0547717323394428E+05   1.4136942356152307E-13   1.8118040694003548E-24   3.7564397475747696E+03
   1.0596770000000000E+09   4.0752465745539882E+05   1.3976214743782765E-13   1.7916205255551223E-24   3.7555686626114425E+03
   1.0616770000000000E+09   4.0956690670962760E+05   1.3817921043697336E-13   1.7717527590948600E-24   3.7546698898147401E+03
   1.0636770000000000E+09   4.1160366231004859E+05   1.3662027872242608E-13   1.7521960810867110E-24   3.7537438460016010E+03
   1.0656770000000000E+09   4.1363474776854145E+05   1.3508498405563287E-13   1.7329453895154589E-24   3.7527909252864852E+03
   1.0676770000000000E+09   4.1566005913404661E+05   1.3357293036054687E-13   1.7139952477575656E-24   3.7518115077662032E+03
   1.0696770000000000E+09   4.1767954952011944E+05   1.3208370273464983E-13   1.6953399954924775E-24   3.7508059667532993E+03
   1.0716770000000000E+09   4.1969321276833379E+05   1.3061687636687478E-13   1.6769738596382214E-24   3.7497746741502442E+03
   1.0736770000000000E+09   4.2170106917199650E+05   1.2917202397622952E-13   1.6588910474217056E-24   3.7487180040306725E+03
   1.0756770000000000E+09   4.2370315445194079E+05   1.2774872130393236E-13   1.6410858153558744E-24   3.7476363347430952E+03
   1.0776770000000000E+09   4.2569951202897489E+05   1.2634655076126195E-13   1.6235525151772281E-24   3.7465300499277459E+03
   1.0796770000000000E+09   4.2769018805639911E+05   1.2496510359667528E-13   1.6062856211846648E-24   3.7453995388074704E+03
   1.0816770000000000E+09   4.2967522849874257E+05   1.2360398100113400E-13   1.5892797441866135E-24   3.7442451960381554E+03
   1.0836770000000000E+09   4.3165467759330361E+05   1.2226279451822140E-13   1.5725296366461801E-24   3.7430674213210959E+03
   1.0856770000000000E+09   4.3362857717352867E+05   1.2094116603587410E-13   1.5560301925060292E-24   3.7418666189086384E+03
   1.0876770000000000E+09   4.3559696648822824E+05   1.1963872754814629E-13   1.5397764440712776E-24   3.7406431970813778E+03
   1.0896770000000000E+09   4.3755988228044135E+05   1.1835512080497952E-13   1.5237635574445333E-24   3.7393975676394880E+03
   1.0916770000000000E+09   4.3951735898425203E+05   1.1708999691849075E-13   1.5079868273842450E-24   3.7381301454284098E+03
   1.0936770000000000E+09   4.4146942896080943E+05   1.1584301596251815E-13   1.4924416720560879E-24   3.7368413479063579E+03
   1.0956770000000000E+09   4.4341612273325492E+05   1.1461384658349555E-13   1.4771236279105921E-24   3.7355315947542795E+03
   1.0976770000000000E+09   4.4535746920236462E+05   1.1340216563053611E-13   1.4620283447907445E-24   3.7342013075255973E+03
   1.0996770000000000E+09   4.4729349583658617E+05   1.1220765780750478E-13   1.4471515813081134E-24   3.7328509093318876E+03
   1.1016770000000000E+09   4.4922422883591690E+05   1.1103001534758615E-13   1.4324892004967947E-24   3.7314808245603954E+03
   1.1036770000000000E+09   4.5114969327157532E+05   1.0986893770994987E-13   1.4180371657426030E-24   3.7300914786194817E+03
   1.1056770000000000E+09   4.5306991320447309E+05   1.0872413129771738E-13   1.4037915369795182E-24   3.7286832977085123E+03
   1.1076770000000000E+09   4.5498491178524174E+05   1.0759530919642428E-13   1.3897484671449394E-24   3.7272567086092281E+03
   1.1096770000000000E+09   4.5689471133869857E+05   1.0648219093192115E-13   1.3759041988818509E-24   3.7258121384959068E+03
   1.1116770000000000E+09   4.5879933343475731E+05   1.0538450224673195E-13   1.3622550614767027E-24   3.7243500147621235E+03
   1.1136770000000000E+09   4.6069879894771054E+05   1.0430197489364113E-13   1.3487974680184325E-24   3.7228707648621535E+03
   1.1156770000000000E+09   4.6259312810514512E+05   1.0323434644527020E-13   1.3355279127637525E-24   3.7213748161652893E+03
   1.1176770000000000E+09   4.6448234052739828E+05   1.0218136011831609E-13   1.3224429686925103E-24   3.7198625958216026E+03
   1.1196770000000000E+09   4.6636645525809960E+05   1.0114276461108382E-13   1.3095392852363213E-24   3.7183345306377246E+03
   1.1216770000000000E+09   4.6824549078600481E+05   1.0011831395295718E-13   1.2968135861636687E-24   3.7167910469614239E+03
   1.1236770000000000E+09   4.7011946505816525E+05   9.9107767364453900E-14   1.2842626676046254E-24   3.7152325705737744E+03
   1.1256770000000000E+09   4.7198839548431954E+05   9.8110889126564044E-14   1.2718833961989314E-24   3.7136595265877550E+03
   1.1276770000000000E+09   4.7385229893244867E+05   9.7127448458107725E-14   1.2596727073515434E-24   3.7120723393522358E+03
   1.1296770000000000E+09   4.7571119171535515E+05   9.6157219399964778E-14   1.2476276035812347E-24   3.7104714323602361E+03
   1.1316770000000000E+09   4.7756508956849569E+05   9.5199980705055015E-14   1.2357451529480325E-24   3.7088572281605266E+03
   1.1336770000000000E+09   4.7941400761932658E+05   9.4255515733102513E-14   1.2240224875472565E-24   3.7072301482715661E+03
   1.1356770000000000E+09   4.8125796034891397E+05   9.3323612349270860E-14   1.2124568020585006E-24   3.7055906130969470E+03
   1.1376770000000000E+09   4.8309696154694282E+05   9.2404062825858649E-14   1.2010453523391729E-24   3.7039390418415319E+03
   1.1396770000000000E+09   4.8493102426147548E+05   9.1496663746418134E-14   1.1897854540543595E-24   3.7022758524276696E+03
   1.1416770000000000E+09   4.8676016074552631E+05   9.0601215911679836E-14   1.1786744813349682E-24   3.7006014614109677E+03
   1.1436770000000000E+09   4.8858438240282581E+05   8.9717524246811643E-14   1.1677098654579294E-24   3.6989162838952452E+03
   1.1456770000000000E+09   4.9040369973545801E+05   8.8845397709658510E-14   1.1568890935436452E-24   3.6972207334465834E+03
   1.1476770000000000E+09   4.9221812229659740E+05   8.7984649199632899E-14   1.1462097072661694E-24   3.6955152220064579E+03
   1.1496770000000000E+09   4.9402765865160472E+05   8.7135095467059842E-14   1.1356693015732011E-24   3.6938001598043284E+03
   1.1516770000000000E+09   4.9583231635100581E+05   8.6296557022796241E-14   1.1252655234131796E-24   3.6920759552701134E+03
   1.1536770000000000E+09   4.9763210191878513E+05   8.5468858048011329E-14   1.1149960704675446E-24   3.6903430149473434E+03
   1.1556770000000000E+09   4.9942702085908398E+05   8.4651826304096233E-14   1.1048586898872456E-24   3.6886017434079322E+03
   1.1576770000000000E+09   5.0121707768433634E+05   8.3845293042619276E-14   1.0948511770318902E-24   3.6868525431697135E+03
   1.1596770000000000E+09   5.0300227596698259E+05   8.3049092915372784E-14   1.0849713742115864E-24   3.6850958146179992E+03
   1.1616770000000000E+09   5.0478261841645022E+05   8.2263063884525832E-14   1.0752171694310975E-24   3.6833319559326555E+03
   1.1636770000000000E+09   5.0655810698208725E+05   8.1487047132981599E-14   1.0655864951370836E-24   3.6815613630220787E+03
   1.1656770000000000E+09   5.0832874298188824E+05   8.0720886975054634E-14   1.0560773269694166E-24   3.6797844294656293E+03
   1.1676770000000000E+09   5.1009452725581510E+05   7.9964430767645651E-14   1.0466876825184465E-24   3.6780015464659155E+03
   1.1696770000000000E+09   5.1185546034140961E+05   7.9217528822163084E-14   1.0374156200910856E-24   3.6762131028122712E+03
   1.1716770000000000E+09   5.1361154266858130E+05   7.8480034317450178E-14   1.0282592374888015E-24   3.6744194848565648E+03
   1.1736770000000000E+09   5.1536277476919827E+05   7.7751803214111599E-14   1.0192166708024544E-24   3.6726210765023070E+03
   1.1756770000000000E+09   5.1710915749671799E+05   7.7032694170576159E-14   1.0102860932283193E-24   3.6708182592076182E+03
   1.1776770000000000E+09   5.1885069225004752E+05   7.6322568461369707E-14   1.0014657139114842E-24   3.6690114120024973E+03
   1.1796770000000000E+09   5.2058738119565131E+05   7.5621289898021570E-14   9.9275377682233370E-25   3.6672009115203159E+03
   1.1816770000000000E+09   5.2231922748170065E+05   7.4928724753038724E-14   9.8414855967205809E-25   3.6653871320431476E+03
   1.1836770000000000E+09   5.2404623543796438E+05   7.4244741687385782E-14   9.7564837287328444E-25   3.6635704455602554E+03
   1.1856770000000000E+09   5.2576841075556655E+05   7.3569211681842362E-14   9.6725155855117180E-25   3.6617512218385955E+03
   1.1876770000000000E+09   5.2748576064138254E+05   7.2902007972522626E-14   9.5895648960925188E-25   3.6599298285039340E+03
   1.1896770000000000E+09   5.2919829394233797E+05   7.2243005990824315E-14   9.5076156885412309E-25   3.6581066311308814E+03
   1.1916770000000000E+09   5.3090602123635507E+05   7.1592083307871975E-14   9.4266522818050013E-25   3.6562819933398914E+03
   1.1936770000000000E+09   5.3260895488725894E+05   7.0949119583534539E-14   9.3466592781833520E-25   3.6544562768991177E+03
   1.1956770000000000E+09   5.3430710906278063E+05   7.0313996519867710E-14   9.2676215564069450E-25   3.6526298418289452E+03
   1.1976770000000000E+09   5.3600049971552100E+05   6.9686597818836412E-14   9.1895242653111979E-25   3.6508030465069046E+03
   1.1996770000000000E+09   5.3768914452851890E+05   6.9066809143969339E-14   9.1123528180645718E-25   3.6489762477708359E+03
   1.2016770000000000E+09   5.3937306282771006E+05   6.8454518085621797E-14   9.0360928869139688E-25   3.6471498010181708E+03
   1.2036770000000000E+09   5.4105227546506771E+05   6.7849614129356757E-14   8.9607303983867565E-25   3.6453240602994483E+03
   1.2056770000000000E+09   5.4272680467672925E+05   6.7251988626985574E-14   8.8862515288920666E-25   3.6434993784044027E+03
   1.2076770000000000E+09   5.4439667392133572E+05   6.6661534769725467E-14   8.8126427006517497E-25   3.6416761069392560E+03
   1.2096770000000000E+09   5.4606190770409990E+05   6.6078147562960532E-14   8.7398905778945190E-25   3.6398545963939996E+03
   1.2116770000000000E+09   5.4772253139245207E+05   6.5501723802091577E-14   8.6679820632447000E-25   3.6380351961991078E+03
   1.2136770000000000E+09   5.4937857102928218E+05   6.4932162048956565E-14   8.5969042942364064E-25   3.6362182547710695E+03
   1.2156770000000000E+09   5.5103005314926954E+05   6.4369362608420935E-14   8.5266446398977537E-25   3.6344041195467762E+03
   1.2176770000000000E+09   5.5267700460390642E+05   6.3813227504696510E-14   8.4571906973440027E-25   3.6325931370068756E+03
   1.2196770000000000E+09   5.5431945239978633E+05   6.3263660457108668E-14   8.3885302883386607E-25   3.6307856526887031E+03
   1.2216770000000000E+09   5.5595742355423921E+05   6.2720566855057173E-14   8.3206514557847733E-25   3.6289820111894769E+03
   1.2236770000000000E+09   5.5759094497139310E+05   6.2183853732017684E-14   8.2535424601215808E-25   3.6271825561607125E+03
   1.2256770000000000E+09   5.5922004334064864E+05   6.1653429738534851E-14   8.1871917756151121E-25   3.6253876302950434E+03
   1.2276770000000000E+09   5.6084474505840917E+05   6.1129205114245612E-14   8.1215880865432934E-25   3.6235975753065673E+03
   1.2296770000000000E+09   5.6246507617286651E+05   6.0611091659045998E-14   8.0567202832859095E-25   3.6218127319060141E+03
   1.2316770000000000E+09   5.6408106235045567E+05   6.0099002703607174E-14   7.9925774583425589E-25   3.6200334397719339E+03
   1.2336770000000000E+09   5.6569272886187013E+05   5.9592853079471942E-14   7.9291489023056367E-25   3.6182600375190273E+03
   1.2356770000000000E+09   5.6730010058474378E+05   5.9092559089010108E-14   7.8664240998221293E-25   3.6164928626646297E+03
   1.2376770000000000E+09   5.6890320201972872E+05   5.8598038475518472E-14   7.8043927255796124E-25   3.6147322515942669E+03
   1.2396770000000000E+09   5.7050205731663038E+05   5.8109210393716333E-14   7.7430446403480971E-25   3.6129785395268677E+03
   1.2416770000000000E+09   5.7209669030733232E+05   5.7625995380864328E-14   7.6823698871065161E-25   3.6112320604802449E+03
   1.2436770000000000E+09   5.7368712454251386E+05   5.7148315328688270E-14   7.6223586872773124E-25   3.6094931472371668E+03
   1.2456770000000000E+09   5.7527338332962291E+05   5.6676093456232000E-14   7.5630014370853130E-25   3.6077621313121899E+03
   1.2476770000000000E+09   5.7685548976997309E+05   5.6209254283719324E-14   7.5042887040513869E-25   3.6060393429194137E+03
   1.2496770000000000E+09   5.7843346679330792E+05   5.5747723607456435E-14   7.4462112236254153E-25   3.6043251109410653E+03
   1.2516770000000000E+09   5.8000733718855784E+05   5.5291428475777517E-14   7.3887598959592069E-25   3.6026197628968685E+03
   1.2536770000000000E+09   5.8157712362979085E+05   5.4840297166012571E-14   7.3319257828170727E-25   3.6009236249140367E+03
   1.2556770000000000E+09   5.8314284869682346E+05   5.4394259162416179E-14   7.2757001046163879E-25   3.5992370216977019E+03
   1.2576770000000000E+09   5.8470453488999000E+05   5.3953245135011079E-14   7.2200742375925491E-25   3.5975602765015442E+03
   1.2596770000000000E+09   5.8626220463893120E+05   5.3517186919267802E-14   7.1650397110782557E-25   3.5958937110984307E+03
   1.2616770000000000E+09   5.8781588030535914E+05   5.3086017496547741E-14   7.1105882048878844E-25   3.5942376457508140E+03
   1.2636770000000000E+09   5.8936558417992701E+05   5.2659670975225295E-14   7.0567115467960781E-25   3.5925923991806708E+03
   1.2656770000000000E+09   5.9091133847339032E+05   5.2238082572411677E-14   7.0034017101005303E-25   3.5909582885387467E+03
   1.2676770000000000E+09   5.9245316530234937E+05   5.1821188596196536E-14   6.9506508112579360E-25   3.5893356293729403E+03
   1.2696770000000000E+09   5.9399108666980127E+05   5.1408926428339578E-14   6.8984511075842179E-25   3.5877247355956206E+03
   1.2716770000000000E+09   5.9552512444087130E+05   5.1001234507328151E-14   6.8467949950078638E-25   3.5861259194497138E+03
   1.2736770000000000E+09   5.9705530031399487E+05   5.0598052311741324E-14   6.7956750058684129E-25   3.5845394914734106E+03
   1.2756770000000000E+09   5.9858163578800240E+05   5.0199320343836176E-14   6.7450838067487617E-25   3.5829657604633558E+03
   1.2776770000000000E+09   6.0010415212552773E+05   4.9804980113290700E-14   6.6950141963323506E-25   3.5814050334362091E+03
   1.2796770000000000E+09   6.0162287031329272E+05   4.9414974121025874E-14   6.6454591032747267E-25   3.5798576155884525E+03
   1.2816770000000000E+09   6.0313781101992144E+05   4.9029245843028914E-14   6.5964115840787030E-25   3.5783238102543946E+03
   1.2836770000000000E+09   6.0464899455200532E+05   4.8647739714099121E-14   6.5478648209622753E-25   3.5768039188623138E+03
   1.2856770000000000E+09   6.0615644080906874E+05   4.8270401111458469E-14   6.4998121197112276E-25   3.5752982408886573E+03
   1.2876770000000000E+09   6.0766016923817177E+05   4.7897176338164419E-14   6.4522469075074997E-25   3.5738070738103529E+03
   1.2896770000000000E+09   6.0916019878875313E+05   4.7528012606285996E-14   6.4051627307276928E-25   3.5723307130552012E+03
   1.2916770000000000E+09   6.1065654786812025E+05   4.7162858019831756E-14   6.3585532527096656E-25   3.5708694519504029E+03
   1.2936770000000000E+09   6.1214923429783271E+05   4.6801661557436035E-14   6.3124122514877079E-25   3.5694235816692053E+03
   1.2956770000000000E+09   6.1363827527084597E+05   4.6444373054851919E-14   6.2667336175021718E-25   3.5679933911758267E+03
   1.2976770000000000E+09   6.1512368730907445E+05   4.6090943187316483E-14   6.2215113512922602E-25   3.5665791671685483E+03
   1.2996770000000000E+09   6.1660548622067191E+05   4.5741323451892486E-14   6.1767395611855162E-25   3.5651811940211160E+03
   1.3016770000000000E+09   6.1808368705635518E+05   4.5395466149891905E-14   6.1324124609980667E-25   3.5637997537224142E+03
   1.3036770000000000E+09   6.1955830406439991E+05   4.5053324369479251E-14   6.0885243677587931E-25   3.5624351258143520E+03
   1.3056770000000000E+09   6.2102935064495704E+05   4.4714851968495638E-14   6.0450696994627847E-25   3.5610875873279901E+03
   1.3076770000000000E+09   6.2249683930622577E+05   4.4380003557443417E-14   6.0020429728458547E-25   3.5597574127178868E+03
   1.3096770000000000E+09   6.2396078162799345E+05   4.4048734482402681E-14   5.9594388011488840E-25   3.5584448737947746E+03
   1.3116770000000000E+09   6.2542118824188097E+05   4.3721000807446921E-14   5.9172518918128638E-25   3.5571502396568053E+03
   1.3136770000000000E+09   6.2687806884198240E+05   4.3396759295900236E-14   5.8754770440140577E-25   3.5558737766201089E+03
   1.3156770000000000E+09   6.2833143224354705E+05   4.3075967389569515E-14   5.8341091459199407E-25   3.5546157481496311E+03
   1.3176770000000000E+09   6.2978128650914761E+05   4.2758583185022335E-14   5.7931431715365075E-25   3.5533764147920065E+03
   1.3196770000000000E+09   6.3122763915974682E+05   4.2444565406116712E-14   5.7525741770349684E-25   3.5521560341127388E+03
   1.3216770000000000E+09   6.3267049747989280E+05   4.2133873372468416E-14   5.7123972965097394E-25   3.5509548606406311E+03
   1.3236770000000000E+09   6.3410986891144328E+05   4.1826466964337759E-14   5.6726077372275970E-25   3.5497731458225517E+03
   1.3256770000000000E+09   6.3554576150826458E+05   4.1522306585597202E-14   5.6332007745885230E-25   3.5486111379915496E+03
   1.3276770000000000E+09   6.3697818439981190E+05   4.1221353127666904E-14   5.5941717471876270E-25   3.5474690823502879E+03
   1.3296770000000000E+09   6.3840714818925620E+05   4.0923567938387413E-14   5.5555160525183684E-25   3.5463472209700449E+03
   1.3316770000000000E+09   6.3983266520160215E+05   4.0628912800161603E-14   5.5172291439116585E-25   3.5452457928030731E+03
   1.3336770000000000E+09   6.4125474950679415E+05   4.0337349921007261E-14   5.4793065292172510E-25   3.5441650337032247E+03
   1.3356770000000000E+09   6.4267341667759581E+05   4.0048841940161345E-14   5.4417437714664062E-25   3.5431051764472354E+03
   1.3376770000000000E+09   6.4408868329965929E+05   3.9763351946755986E-14   5.4045364913324377E-25   3.5420664507476295E+03
   1.3396770000000000E+09   6.4550056631926983E+05   3.9480843506553777E-14   5.3676803707230227E-25   3.5410490832488476E+03
   1.3416770000000000E+09   6.4690908237134083E+05   3.9201280688922581E-14   5.3311711564497468E-25   3.5400532975009473E+03
   1.3436770000000000E+09   6.4831424725215742E+05   3.8924628085364860E-14   5.2950046627923190E-25   3.5390793139101684E+03
   1.3456770000000000E+09   6.4971607567068818E+05   3.8650850812808548E-14   5.2591767720213680E-25   3.5381273496713366E+03
   1.3476770000000000E+09   6.5111458132913418E+05   3.8379914499410887E-14   5.2236834325536371E-25   3.5371976186919651E+03
   1.3496770000000000E+09   6.5250977727251546E+05   3.8111785256404938E-14   5.1885206551979353E-25   3.5362903315197577E+03
   1.3516770000000000E+09   6.5390167635045759E+05   3.7846429644389017E-14   5.1536845086185524E-25   3.5354056952832348E+03
   1.3536770000000000E+09   6.5529029159768985E+05   3.7583814644094387E-14   5.1191711153769517E-25   3.5345439136496407E+03
   1.3556770000000000E+09   6.5667563638604735E+05   3.7323907639058153E-14   5.0849766495707707E-25   3.5337051867969449E+03
   1.3576770000000000E+09   6.5805772431528918E+05   3.7066676411647259E-14   5.0510973362833063E-25   3.5328897113913781E+03
   1.3596770000000000E+09   6.5943656893862493E+05   3.6812089147392885E-14   5.0175294521741240E-25   3.5320976805604082E+03
   1.3616770000000000E+09   6.6081218349512108E+05   3.6560114438889103E-14   4.9842693260287068E-25   3.5313292838548059E+03
   1.3636770000000000E+09   6.6218458080092643E+05   3.6310721281755148E-14   4.9513133382423159E-25   3.5305847072005267E+03
   1.3656770000000000E+09   6.6355377334692830E+05   3.6063879060543284E-14   4.9186579189376599E-25   3.5298641328469375E+03
   1.3676770000000000E+09   6.6491977352516260E+05   3.5819557528808733E-14   4.8862995452770586E-25   3.5291677393202954E+03
   1.3696770000000000E+09   6.6628259383962292E+05   3.5577726790851546E-14   4.8542347389864298E-25   3.5284957013873532E+03
   1.3716770000000000E+09   6.6764224698888906E+05   3.5338357291013846E-14   4.8224600648965640E-25   3.5278481900280617E+03
   1.3736770000000000E+09   6.6899874580955238E+05   3.5101419811327014E-14   4.7909721306207866E-25   3.5272253724110415E+03
   1.3756770000000000E+09   6.7035210316283908E+05   3.4866885473567426E-14   4.7597675868408505E-25   3.5266274118656415E+03
   1.3776770000000000E+09   6.7170233186327282E+05   3.4634725740761343E-14   4.7288431275265761E-25   3.5260544678489168E+03
   1.3796770000000000E+09   6.7304944468444737E+05   3.4404912416012642E-14   4.6981954897939731E-25   3.5255066959107517E+03
   1.3816770000000000E+09   6.7439345439429570E+05   3.4177417640318583E-14   4.6678214536222781E-25   3.5249842476619224E+03
   1.3836770000000000E+09   6.7573437374135386E+05   3.3952213892416957E-14   4.6377178418439760E-25   3.5244872707462796E+03
   1.3856770000000000E+09   6.7707221534294658E+05   3.3729273992215581E-14   4.6078815206250432E-25   3.5240159088132718E+03
   1.3876770000000000E+09   6.7840699143936625E+05   3.3508571108295670E-14   4.5783094005130655E-25   3.5235703014829601E+03
   1.3896770000000000E+09   6.7973871333588345E+05   3.3290078775044273E-14   4.5489984388268738E-25   3.5231505842921374E+03
   1.3916770000000000E+09   6.8106738985062763E+05   3.3073770943697547E-14   4.5199456467376183E-25   3.5227568885967221E+03
   1.3936770000000000E+09   6.8239302279682446E+05   3.2859622138806573E-14   4.4911481108978851E-25   3.5223893413659944E+03
   1.3956770000000000E+09   6.8371559444511239E+05   3.2647607903544967E-14   4.4626030548918022E-25   3.5220480647117884E+03
   1.3976770000000000E+09   6.8503503493010497E+05   3.2437705971540077E-14   4.4343080007646408E-25   3.5217331748193374E+03
   1.3996770000000000E+09   6.8635114323190169E+05   3.2229899129460794E-14   4.4062611632549119E-25   3.5214447796527347E+03
   1.4016770000000000E+09   6.8766341010896047E+05   3.2024181673671477E-14   4.3784623382680270E-25   3.5211829744034994E+03
   1.4036770000000000E+09   6.8897065690588322E+05   3.1820572670212453E-14   4.3509147262665180E-25   3.5209478332123736E+03
   1.4056770000000000E+09   6.9027038033500407E+05   3.1619140187743732E-14   4.3236282631115584E-25   3.5207393952706580E+03
   1.4076770000000000E+09   6.9155773525121622E+05   3.1420039221490805E-14   4.2966248334777694E-25   3.5205576424562305E+03
   1.4096770000000000E+09   6.9282427981610748E+05   3.1223558811800925E-14   4.2699447595113376E-25   3.5204024619549455E+03
   1.4116770000000000E+09   6.9405696510430938E+05   3.1030159748526445E-14   4.2436520386809981E-25   3.5202735771965595E+03
   1.4136770000000000E+09   6.9523805492610438E+05   3.0840474338635066E-14   4.2178344632023095E-25   3.5201704170773160E+03
   1.4156770000000000E+09   6.9634581495228654E+05   3.0655268201611402E-14   4.1925986273904691E-25   3.5200919104115924E+03
   1.4176770000000000E+09   6.9735314619151398E+05   3.0475466248001942E-14   4.1680736630987707E-25   3.5200363137335116E+03
   1.4196770000000000E+09   6.9821924686143140E+05   3.0302445459803062E-14   4.1444510429516066E-25   3.5200013924364953E+03
   1.4216770000000000E+09   6.9887679306176305E+05   3.0138561241020299E-14   4.1220557334178146E-25   3.5199851187834561E+03
   1.4236770000000000E+09   6.9924106718694489E+05   2.9986965324295793E-14   4.1013213013443407E-25   3.5199856636384425E+03
   1.4256770000000000E+09   6.9927954259755148E+05   2.9849122245945525E-14   4.0824540869737858E-25   3.5199980778467102E+03
   1.4276770000000000E+09   6.9910809180386947E+05   2.9720931756422126E-14   4.0649075609832240E-25   3.5200101640906701E+03
   1.4296770000000000E+09   6.9895893002113805E+05   2.9593403522676298E-14   4.0474666571941244E-25   3.5200092695542962E+03
   1.4316770000000000E+09   6.9896024882703391E+05   2.9461200818680744E-14   4.0293940344626430E-25   3.5200017238004225E+03
   1.4336770000000000E+09   6.9908509727714676E+05   2.9325000880389840E-14   4.0107901189028607E-25   3.5199805873950318E+03
   1.4356770000000000E+09   6.9882633740587044E+05   2.9206610841918346E-14   3.9945565805208367E-25   3.5200169749611014E+03
   6.5767700000000000E+08  -1.4487169680048492E+03   2.9013201522094831E-08   1.0460628254255653E-22   1.8298959263445392E+03
   6.5967700000000000E+08  -1.3929869843700912E+03   4.8065653526080378E-08   1.4318396297917617E-22   2.2147973212070469E+03
   6.6167700000000000E+08  -1.2876699441424607E+03   6.0063768950610869E-08   1.5966733027720069E-22   2.4819969460097750E+03
   6.6367700000000000E+08  -1.1084530013640867E+03   6.5933182973918057E-08   1.6165060243582042E-22   2.6911806379204077E+03
   6.6567700000000000E+08  -7.9762457937919703E+02   6.6675605279723145E-08   1.5354867608304489E-22   2.8651371421976428E+03
   6.6767700000000000E+08  -3.9113258240313348E+02   6.4233939730162896E-08   1.4057698085205060E-22   3.0149482288438644E+03
   6.6967700000000000E+08   8.5593544879057262E+01   6.0198876403927270E-08   1.2622242089251592E-22   3.1469038993752292E+03
   6.7167700000000000E+08   6.0419069124929536E+02   5.5618477391898737E-08   1.1240107932822273E-22   3.2649775275597835E+03
   6.7367700000000000E+08   1.1375889309048582E+03   5.1078098002551820E-08   9.9952390299366401E-23   3.3718778882160168E+03
   6.7567700000000000E+08   1.6552296239185077E+03   4.6860846656973937E-08   8.9117859898841925E-23   3.4695555808791737E+03
   6.7767700000000000E+08   2.1216358365033543E+03   4.3077687719450886E-08   7.9853388752940453E-23   3.5594720171085091E+03
   6.7967700000000000E+08   2.5056922132409904E+03   3.9746008749652540E-08   7.1992678029245247E-23   3.6427554019160889E+03
   6.8167700000000000E+08   2.7985939024592262E+03   3.6830174825226364E-08   6.5320494489754830E-23   3.7202981740991031E+03
   6.8367700000000000E+08   3.0129614486943997E+03   3.4259122189009733E-08   5.9598663099011633E-23   3.7928209859199264E+03
   6.8567700000000000E+08   3.1440021756725673E+03   3.1943004982935047E-08   5.4589369558924008E-23   3.8609150135649597E+03
   6.8767700000000000E+08   3.1327168535824321E+03   2.9800117326077367E-08   5.0094884337647535E-23   3.9250702493805388E+03
   6.8967700000000000E+08   2.9003904880742998E+03   2.7790181369190157E-08   4.6005504494450087E-23   3.9856963008657704E+03
   6.9167700000000000E+08   2.4446637568564283E+03   2.5921209018199669E-08   4.2301662193909014E-23   4.0431407416957900E+03
   6.9367700000000000E+08   1.8889302373533117E+03   2.4224326049120440E-08   3.9005759945310347E-23   4.0977050347859285E+03
   6.9567700000000000E+08   1.4399898190073986E+03   2.2723905862604293E-08   3.6131317095173813E-23   4.1496556686715730E+03
   6.9767700000000000E+08   1.3058633079991064E+03   2.1424948717249161E-08   3.3663330152973976E-23   4.1992301263868576E+03
   6.9967700000000000E+08   1.6337003429386791E+03   2.0315040447518078E-08   3.1562613037859434E-23   4.2466396116779151E+03
   7.0167700000000000E+08   2.4852535014767891E+03   1.9371055158638451E-08   2.9777009327433138E-23   4.2920706650052289E+03
   7.0367700000000000E+08   3.8420296512438308E+03   1.8565385656850613E-08   2.8251113534733207E-23   4.3356868431052544E+03
   7.0567700000000000E+08   5.6267139897457919E+03   1.7870339044241354E-08   2.6932656847724588E-23   4.3776308054404763E+03
   7.0767700000000000E+08   7.7289848417456105E+03   1.7260748491503216E-08   2.5775922027379767E-23   4.4180267288445639E+03
   7.0967700000000000E+08   1.0028025644079853E+04   1.6715212158338717E-08   2.4743013133425287E-23   4.4569828365708327E+03
   7.1167700000000000E+08   1.2408646557331074E+04   1.6216411649532114E-08   2.3803779640755116E-23   4.4945938401939857E+03
   7.1367700000000000E+08   1.4768918009489040E+04   1.5750782659916689E-08   2.2934863613029742E-23   4.5309431404314855E+03
   7.1567700000000000E+08   1.7026111097264482E+04   1.5308367666647370E-08   2.2119102113452641E-23   4.5661047392716509E+03
   7.1767700000000000E+08   1.9120622021444797E+04   1.4882209200994982E-08   2.1344343701038875E-23   4.6001448903705577E+03
   7.1967700000000000E+08   2.1014004129500310E+04   1.4467782444126947E-08   2.0602399296162549E-23   4.6331234738832673E+03
   7.2167700000000000E+08   2.2686563356954073E+04   1.4062479282130451E-08   1.9888134346950142E-23   4.6650950989087978E+03
   7.2367700000000000E+08   2.4134542445187097E+04   1.3665129857072566E-08   1.9198666869364260E-23   4.6961099798942323E+03
   7.2567700000000000E+08   2.5366892258270760E+04   1.3275573704362330E-08   1.8532677764343616E-23   4.7262146232930836E+03
   7.2767700000000000E+08   2.6401863054739479E+04   1.2894286691085671E-08   1.7889832500277635E-23   4.7554523560003254E+03
   7.2967700000000000E+08   2.7263647697195098E+04   1.2522071119269112E-08   1.7270316067040214E-23   4.7838637250378733E+03
   7.3167700000000000E+08   2.7979311959209343E+04   1.2159815220526594E-08   1.6674482472175545E-23   4.8114867960960646E+03
   7.3367700000000000E+08   2.8576218732257712E+04   1.1808323963787295E-08   1.6102614998846333E-23   4.8383573763106397E+03
   7.3567700000000000E+08   2.9080085182005339E+04   1.1468217040168857E-08   1.5554786140280482E-23   4.8645091836447355E+03
   7.3767700000000000E+08   2.9513717714321298E+04   1.1139883823649000E-08   1.5030799017602423E-23   4.8899739814112509E+03
   7.3967700000000000E+08   2.9896375746488440E+04   1.0823481387626574E-08   1.4530188303547815E-23   4.9147816920704117E+03
   7.4167700000000000E+08   3.0243647086027100E+04   1.0518960442180517E-08   1.4052258245426388E-23   4.9389605000635465E+03
   7.4367700000000000E+08   3.0567683576624091E+04   1.0226105610294353E-08   1.3596138508685946E-23   4.9625369495701389E+03
   7.4567700000000000E+08   3.0877647155339211E+04   9.9445795329156249E-09   1.3160843451337454E-23   4.9855360400544005E+03
   7.4767700000000000E+08   3.1180241505783004E+04   9.6739639046080904E-09   1.2745325756297809E-23   5.0079813204094908E+03
   7.4967700000000000E+08   3.1480240454914205E+04   9.4137938006744744E-09   1.2348519938118823E-23   5.0298949813227155E+03
   7.5167700000000000E+08   3.1780960046369633E+04   9.1635841154364426E-09   1.1969374579041816E-23   5.0512979449729719E+03
   7.5367700000000000E+08   3.2084650314264469E+04   8.9228484918079535E-09   1.1606874183278693E-23   5.0722099511024671E+03
   7.5567700000000000E+08   3.2392802859506744E+04   8.6911119170051848E-09   1.1260052506429995E-23   5.0926496386765693E+03
   7.5767700000000000E+08   3.2706381988894962E+04   8.4679184112571909E-09   1.0927999456231846E-23   5.1126346226111173E+03
   7.5967700000000000E+08   3.3025992392678985E+04   8.2528351655390270E-09   1.0609863484707565E-23   5.1321815653144440E+03
   7.6167700000000000E+08   3.3351997350812489E+04   8.0454542611010189E-09   1.0304851034142224E-23   5.1513062430158107E+03
   7.6367700000000000E+08   3.3684600165729375E+04   7.8453928390180793E-09   1.0012224207149192E-23   5.1700236070177270E+03
   7.6567700000000000E+08   3.4023899259224563E+04   7.6522923428857051E-09   9.7312974811535454E-24   5.1883478401186712E+03
   7.6767700000000000E+08   3.4369924956628500E+04   7.4658172577626212E-09   9.4614340091687369E-24   5.2062924085151990E+03
   7.6967700000000000E+08   3.4722663828107557E+04   7.2856536182446830E-09   9.2020418439492754E-24   5.2238701095201604E+03
   7.7167700000000000E+08   3.5082074720625416E+04   7.1115074525641131E-09   8.9525702809420550E-24   5.2410931154379887E+03
   7.7367700000000000E+08   3.5448099305099575E+04   6.9431032585675781E-09   8.7125064225225521E-24   5.2579730139270850E+03
   7.7567700000000000E+08   3.5820669023838149E+04   6.7801825619633548E-09   8.4813720080468739E-24   5.2745208451603066E+03
   7.7767700000000000E+08   3.6199709674345337E+04   6.6225025794259182E-09   8.2587205200311265E-24   5.2907471360711043E+03
   7.7967700000000000E+08   3.6585144430654742E+04   6.4698349929778890E-09   8.0441345579046391E-24   5.3066619319483016E+03
   7.8167700000000000E+08   3.6976895818931815E+04   6.3219648332450231E-09   7.8372234614135264E-24   5.3222748256183722E+03
   7.8367700000000000E+08   3.7374886981611009E+04   6.1786894648044440E-09   7.6376211619833024E-24   5.3375949844310744E+03
   7.8567700000000000E+08   3.7779042448850516E+04   6.0398176650530498E-09   7.4449842397132376E-24   5.3526311752432830E+03
   7.8767700000000000E+08   3.8189288563537630E+04   5.9051687876483487E-09   7.2589901646579087E-24   5.3673917875765846E+03
   7.8967700000000000E+08   3.8605553660418125E+04   5.7745720019253039E-09   7.0793357027722572E-24   5.3818848551069004E+03
   7.9167700000000000E+08   3.9027768070843063E+04   5.6478656003706750E-09   6.9057354688609991E-24   5.3961180756288268E+03
   7.9367700000000000E+08   3.9455864005612355E+04   5.5248963670225646E-09   6.7379206108242977E-24   5.4100988296235191E+03
   7.9567700000000000E+08   3.9889775355461235E+04   5.4055190004450946E-09   6.5756376113065910E-24   5.4238341975464846E+03
   7.9767700000000000E+08   4.0329437439487374E+04   5.2895955856549907E-09   6.4186471944878519E-24   5.4373309759404883E+03
   7.9967700000000000E+08   4.0774786724850841E+04   5.1769951100296360E-09   6.2667233271988180E-24   5.4505956924689599E+03
   8.0167700000000000E+08   4.1225760535612368E+04   5.0675930188013939E-09   6.1196523048042528E-24   5.4636346199562749E+03
   8.0367700000000000E+08   4.1682296764138657E+04   4.9612708062472708E-09   5.9772319134006506E-24   5.4764537895133453E+03
   8.0567700000000000E+08   4.2144333594871154E+04   4.8579156391238984E-09   5.8392706608369196E-24   5.4890590028198749E+03
   8.0767700000000000E+08   4.2611809247291036E+04   4.7574200092830426E-09   5.7055870699070134E-24   5.5014558436280895E+03
   8.0967700000000000E+08   4.3084661742525583E+04   4.6596814127424901E-09   5.5760090278014452E-24   5.5136496885470951E+03
   8.1167700000000000E+08   4.3562828696204291E+04   4.5646020527852275E-09   5.4503731865520007E-24   5.5256457171617312E+03
   8.1367700000000000E+08   4.4046247138804210E+04   4.4720885649243470E-09   5.3285244097754618E-24   5.5374489215352123E+03
   8.1567700000000000E+08   4.4534853363808586E+04   4.3820517618052966E-09   5.2103152615267985E-24   5.5490641151404434E+03
   8.1767700000000000E+08   4.5028582803465717E+04   4.2944063963245627E-09   5.0956055335179193E-24   5.5604959412612789E+03
   8.1967700000000000E+08   4.5527369931695772E+04   4.2090709414282302E-09   4.9842618073529406E-24   5.5717488809014612E+03
   8.2167700000000000E+08   4.6031148193712594E+04   4.1259673852164465E-09   4.8761570487795705E-24   5.5828272602357820E+03
   8.2367700000000000E+08   4.6539849962083776E+04   4.0450210401227257E-09   4.7711702312634438E-24   5.5937352576353096E+03
   8.2567700000000000E+08   4.7053406519173994E+04   3.9661603650617434E-09   4.6691859864624840E-24   5.6044769102958689E+03
   8.2767700000000000E+08   4.7571748066127351E+04   3.8893167995469492E-09   4.5700942794147938E-24   5.6150561204966925E+03
   8.2967700000000000E+08   4.8094803758647860E+04   3.8144246088712573E-09   4.4737901064595582E-24   5.6254766615139397E+03
   8.3167700000000000E+08   4.8622501769780982E+04   3.7414207395217247E-09   4.3801732140889590E-24   5.6357421832120172E+03
   8.3367700000000000E+08   4.9154769379638114E+04   3.6702446840640303E-09   4.2891478370838721E-24   5.6458562173337068E+03
   8.3567700000000000E+08   4.9691533091521029E+04   3.6008383547865001E-09   4.2006224544195635E-24   5.6558221825085966E+03
   8.3767700000000000E+08   5.0232718773202250E+04   3.5331459654383102E-09   4.1145095615438015E-24   5.6656433889978289E+03
   8.3967700000000000E+08   5.0778251821230551E+04   3.4671139204345193E-09   4.0307254577314958E-24   5.6753230431917791E+03
   8.4167700000000000E+08   5.1328057345130452E+04   3.4026907109341897E-09   3.9491900473110624E-24   5.6848642518761371E+03
   8.4367700000000000E+08   5.1882060367322971E+04   3.3398268172286872E-09   3.8698266536406813E-24   5.6942700262806829E+03
   8.4567700000000000E+08   5.2440186033605292E+04   3.2784746169076139E-09   3.7925618447906001E-24   5.7035432859239572E+03
   8.4767700000000000E+08   5.3002359828188411E+04   3.2185882983013879E-09   3.7173252699628282E-24   5.7126868622661859E+03
   8.4967700000000000E+08   5.3568507786693546E+04   3.1601237787330587E-09   3.6440495057536067E-24   5.7217035021818483E+03
   8.5167700000000000E+08   5.4138556700218178E+04   3.1030386271486373E-09   3.5726699114381587E-24   5.7305958712625115E+03
   8.5367700000000000E+08   5.4712434303659320E+04   3.0472919907347139E-09   3.5031244925314347E-24   5.7393665569598379E+03
   8.5567700000000000E+08   5.5290069441938038E+04   2.9928445251743055E-09   3.4353537719531118E-24   5.7480180715778934E+03
   8.5767700000000000E+08   5.5871392208595142E+04   2.9396583282358905E-09   3.3693006681988259E-24   5.7565528551234238E+03
   8.5967700000000000E+08   5.6456334052385835E+04   2.8876968764347507E-09   3.3049103799913710E-24   5.7649732780219947E+03
   8.6167700000000000E+08   5.7044827848914159E+04   2.8369249645492956E-09   3.2421302769540323E-24   5.7732816437075571E+03
   8.6367700000000000E+08   5.7636807935927733E+04   2.7873086478159557E-09   3.1809097959119363E-24   5.7814801910923843E+03
   8.6567700000000000E+08   5.8232210112541339E+04   2.7388151866631275E-09   3.1212003424843107E-24   5.7895710969239017E+03
   8.6767700000000000E+08   5.8830971604252220E+04   2.6914129938768592E-09   3.0629551976807310E-24   5.7975564780345849E+03
   8.6967700000000000E+08   5.9433030997074122E+04   2.6450715841166031E-09   3.0061294292556730E-24   5.8054383934906737E+03
   8.7167700000000000E+08   6.0038328145330161E+04   2.5997615257191452E-09   2.9506798076090379E-24   5.8132188466450643E+03
   8.7367700000000000E+08   6.0646804058578055E+04   2.5554543947415732E-09   2.8965647260446707E-24   5.8208997870994963E+03
   8.7567700000000000E+08   6.1258400773722104E+04   2.5121227312009200E-09   2.8437441252155251E-24   5.8284831125808250E+03
   8.7767700000000000E+08   6.1873061218593532E+04   2.4697399974694173E-09   2.7921794215939394E-24   5.8359706707358273E+03
   8.7967700000000000E+08   6.2490729073177012E+04   2.4282805387806962E-09   2.7418334398090647E-24   5.8433642608488253E+03
   8.8167700000000000E+08   6.3111348634239825E+04   2.3877195457955604E-09   2.6926703486931150E-24   5.8506656354860834E+03
   8.8367700000000000E+08   6.3734864688472939E+04   2.3480330191665866E-09   2.6446556008742852E-24   5.8578765020707160E+03
   8.8567700000000000E+08   6.4361222398465005E+04   2.3091977360301374E-09   2.5977558757485131E-24   5.8649985243917363E+03
   8.8767700000000000E+08   6.4990367205072616E+04   2.2711912183425988E-09   2.5519390256551626E-24   5.8720333240504369E+03
   8.8967700000000000E+08   6.5622244749354722E+04   2.2339917029639591E-09   2.5071740250719211E-24   5.8789824818473553E+03
   8.9167700000000000E+08   6.6256800817895622E+04   2.1975781133724404E-09   2.4634309226279869E-24   5.8858475391127395E+03
   8.9367700000000000E+08   6.6893981318564198E+04   2.1619300328592641E-09   2.4206807957009417E-24   5.8926299989833387E+03
   8.9567700000000000E+08   6.7533732302660312E+04   2.1270276789823779E-09   2.3788957072891626E-24   5.8993313276280742E+03
   8.9767700000000000E+08   6.8176000069819973E+04   2.0928518789143589E-09   2.3380486646961785E-24   5.9059529554252704E+03
   8.9967700000000000E+08   6.8820731433273191E+04   2.0593840450441827E-09   2.2981135792618021E-24   5.9124962780937603E+03
   9.0167700000000000E+08   6.9467874295591071E+04   2.0266061497257957E-09   2.2590652258625373E-24   5.9189626577804502E+03
   9.0367700000000000E+08   7.0117378790107090E+04   1.9945006974198875E-09   2.2208792001969845E-24   5.9253534241068028E+03
   9.0567700000000000E+08   7.0769199344990746E+04   1.9630506919155482E-09   2.1835318712712706E-24   5.9316698751770864E+03
   9.0767700000000000E+08   7.1423298004176846E+04   1.9322395966657373E-09   2.1470003269187745E-24   5.9379132785513184E+03
   9.0967700000000000E+08   7.2079648937366263E+04   1.9020512891566565E-09   2.1112623134308992E-24   5.9440848721859702E+03
   9.1167700000000000E+08   7.2738242939635413E+04   1.8724700177633309E-09   2.0762961787441084E-24   5.9501858653442796E+03
   9.1367700000000000E+08   7.3399088698713691E+04   1.8434803823840517E-09   2.0420808427825462E-24   5.9562174394759459E+03
   9.1567700000000000E+08   7.4062205380926433E+04   1.8150673733743926E-09   2.0085958329521811E-24   5.9621807490610690E+03
   9.1767700000000000E+08   7.4727600953669724E+04   1.7872165020625944E-09   1.9758214209644912E-24   5.9680769224081569E+03
   9.1967700000000000E+08   7.5395236227649337E+04   1.7599140181673858E-09   1.9437388547642221E-24   5.9739070623934440E+03
   9.2167700000000000E+08   7.6064987705708889E+04   1.7331471261161283E-09   1.9123305874076265E-24   5.9796722471356934E+03
   9.2367700000000000E+08   7.6736636749741709E+04   1.7069040226818615E-09   1.8815803071517727E-24   5.9853735306201615E+03
   9.2567700000000000E+08   7.7409911912876763E+04   1.6811735935386166E-09   1.8514725920537205E-24   5.9910119433116542E+03
   9.2767700000000000E+08   7.8084578599378685E+04   1.6559448109995170E-09   1.8219922394849691E-24   5.9965884928065661E+03
   9.2967700000000000E+08   7.8760519081117745E+04   1.6312061949523045E-09   1.7931236711481207E-24   6.0021041645449059E+03
   9.3167700000000000E+08   7.9437735375002696E+04   1.6069458161850706E-09   1.7648509376494355E-24   6.0075599225470005E+03
   9.3367700000000000E+08   8.0116265956423507E+04   1.5831518020481848E-09   1.7371582725423267E-24   6.0129567100966560E+03
   9.3567700000000000E+08   8.0796098309860550E+04   1.5598127484513294E-09   1.7100305380287363E-24   6.0182954503154433E+03
   9.3767700000000000E+08   8.1477189635567891E+04   1.5369178695849573E-09   1.6834533797834731E-24   6.0235770466776057E+03
   9.3967700000000000E+08   8.2159567193442374E+04   1.5144571221687738E-09   1.6574133569773890E-24   6.0288023835700842E+03
   9.4167700000000000E+08   8.2843319385053328E+04   1.4924208448472616E-09   1.6318975480926940E-24   6.0339723268788939E+03
   9.4367700000000000E+08   8.3528412466355599E+04   1.4707984139234354E-09   1.6068920832251566E-24   6.0390877244527373E+03
   9.4567700000000000E+08   8.4214534087593274E+04   1.4495771776948186E-09   1.5823809767066467E-24   6.0441494063910995E+03
   9.4767700000000000E+08   8.4901183919752963E+04   1.4287435948187961E-09   1.5583473606744065E-24   6.0491581853159132E+03
   9.4967700000000000E+08   8.5587964269232965E+04   1.4082860202092678E-09   1.5347765147561484E-24   6.0541148568515891E+03
   9.5167700000000000E+08   8.6274831382079545E+04   1.3881964729898392E-09   1.5116577872941894E-24   6.0590202004234206E+03
   9.5367700000000000E+08   8.6962656357914297E+04   1.3684705576791923E-09   1.4889845146464551E-24   6.0638749801627882E+03
   9.5567700000000000E+08   8.7651685503660017E+04   1.3491093279376661E-09   1.4667558275494118E-24   6.0686799453834155E+03
   9.5767700000000000E+08   8.8342957896110689E+04   1.3301130567853220E-09   1.4449705644598519E-24   6.0734358307225439E+03
   9.5967700000000000E+08   8.9035962092336864E+04   1.3114659181585215E-09   1.4236097423795321E-24   6.0781433561662288E+03
   9.6167700000000000E+08   8.9730313464762177E+04   1.2931575102188633E-09   1.4026604013066062E-24   6.0828032272052160E+03
   9.6367700000000000E+08   9.0425854951340909E+04   1.2751791604994512E-09   1.3821115362720804E-24   6.0874161352845531E+03
   9.6567700000000000E+08   9.1122498708047875E+04   1.2575230874194433E-09   1.3619531790892751E-24   6.0919827582304606E+03
   9.6767700000000000E+08   9.1820183158209154E+04   1.2401819647396791E-09   1.3421759165512977E-24   6.0965037606305759E+03
   9.6967700000000000E+08   9.2518860383706458E+04   1.2231487727699259E-09   1.3227707243262697E-24   6.1009797941844708E+03
   9.7167700000000000E+08   9.3218491326655814E+04   1.2064167410989498E-09   1.3037289018247829E-24   6.1054114980342374E+03
   9.7367700000000000E+08   9.3919042914099409E+04   1.1899793168896674E-09   1.2850420353782401E-24   6.1097994990802927E+03
   9.7567700000000000E+08   9.4620486125562413E+04   1.1738301420077748E-09   1.2667019712448505E-24   6.1141444122850571E+03
   9.7767700000000000E+08   9.5322794592251856E+04   1.1579630365252191E-09   1.2487007956803815E-24   6.1184468409660512E+03
   9.7967700000000000E+08   9.6025943641605991E+04   1.1423719867522805E-09   1.2310308200378641E-24   6.1227073770793668E+03
   9.8167700000000000E+08   9.6729909851057455E+04   1.1270511354628352E-09   1.2136845683560170E-24   6.1269266014940631E+03
   9.8367700000000000E+08   9.7434670926740349E+04   1.1119947737173490E-09   1.1966547667805613E-24   6.1311050842582499E+03
   9.8567700000000000E+08   9.8140205639794571E+04   1.0971973346220884E-09   1.1799343351658833E-24   6.1352433848571845E+03
   9.8767700000000000E+08   9.8846493734931384E+04   1.0826533885931097E-09   1.1635163803774902E-24   6.1393420524638641E+03
   9.8967700000000000E+08   9.9553515785255819E+04   1.0683576393135102E-09   1.1473941904133261E-24   6.1434016261821807E+03
   9.9167700000000000E+08   1.0026125296849645E+05   1.0543049200330913E-09   1.1315612289580014E-24   6.1474226352829810E+03
   9.9367700000000000E+08   1.0096968694238471E+05   1.0404901903683690E-09   1.1160111305280694E-24   6.1514055994332221E+03
   9.9567700000000000E+08   1.0167880021811250E+05   1.0269085345743725E-09   1.1007376972399001E-24   6.1553510289185951E+03
   9.9767700000000000E+08   1.0238857736390272E+05   1.0135551631342212E-09   1.0857348991715772E-24   6.1592594248603073E+03
   9.9967700000000000E+08   1.0309900695998900E+05   1.0004254189971844E-09   1.0709968797407233E-24   6.1631312794265841E+03
   1.0016770000000000E+09   1.0381008354145594E+05   9.8751478658059197E-10   1.0565179640814605E-24   6.1669670760391937E+03
   1.0036770000000000E+09   1.0452180856801388E+05   9.7481889857789042E-10   1.0422926651182932E-24   6.1707672895748401E+03
   1.0056770000000000E+09   1.0523418921076560E+05   9.6233352989856567E-10   1.0283156759511764E-24   6.1745323865605314E+03
   1.0076770000000000E+09   1.0594723445503735E+05   9.5005457617912637E-10   1.0145818458404639E-24   6.1782628253614739E+03
   1.0096770000000000E+09   1.0666094917064813E+05   9.3797801615945022E-10   1.0010861390677815E-24   6.1819590563612110E+03
   1.0116770000000000E+09   1.0737532798344200E+05   9.2609986733809720E-10   9.8782358672240366E-25   6.1856215221336188E+03
   1.0136770000000000E+09   1.0809035124999227E+05   9.1441615307202890E-10   9.7478925081336245E-25   6.1892506576079504E+03
   1.0156770000000000E+09   1.0880597855015163E+05   9.0292289232103589E-10   9.6197821237898117E-25   6.1928468902282457E+03
   1.0176770000000000E+09   1.0952215752147840E+05   8.9161609982780733E-10   9.4938557160580483E-25   6.1964106401101435E+03
   1.0196770000000000E+09   1.1023882496460067E+05   8.8049180024348597E-10   9.3700646128427159E-25   6.1999423201964046E+03
   1.0216770000000000E+09   1.1095591584376433E+05   8.6954610122242504E-10   9.2483612435076922E-25   6.2034423364120576E+03
   1.0236770000000000E+09   1.1167337238178668E+05   8.5877523272807088E-10   9.1286995482830613E-25   6.2069110878196143E+03
   1.0256770000000000E+09   1.1239115047307330E+05   8.4817558021875682E-10   9.0110353229253613E-25   6.2103489667734202E+03
   1.0276770000000000E+09   1.1310922298523519E+05   8.3774369969890459E-10   8.8953263703109267E-25   6.2137563590712643E+03
   1.0296770000000000E+09   1.1382757971808902E+05   8.2747631390967208E-10   8.7815324516047274E-25   6.2171336441018993E+03
   1.0316770000000000E+09   1.1454622468530439E+05   8.1737029398650090E-10   8.6696150833535623E-25   6.2204811949870818E+03
   1.0336770000000000E+09   1.1526517185618095E+05   8.0742263331192066E-10   8.5595372522582937E-25   6.2237993787178384E+03
   1.0356770000000000E+09   1.1598444053591853E+05   7.9763042023578657E-10   8.4512631186235249E-25   6.2270885562847316E+03
   1.0376770000000000E+09   1.1670405129222450E+05   7.8799081461940313E-10   8.3447577611087140E-25   6.2303490828028553E+03
   1.0396770000000000E+09   1.1742402293920143E+05   7.7850103078126081E-10   8.2399869900421040E-25   6.2335813076320910E+03
   1.0416770000000000E+09   1.1814437071562999E+05   7.6915832724797586E-10   8.1369172334321084E-25   6.2367855744935159E+03
   1.0436770000000000E+09   1.1886510552355385E+05   7.5996000225250466E-10   8.0355154843018556E-25   6.2399622215825530E+03
   1.0456770000000000E+09   1.1958623395047654E+05   7.5090339326437003E-10   7.9357492910287843E-25   6.2431115816792390E+03
   1.0476770000000000E+09   1.2030775877126571E+05   7.4198587880085373E-10   7.8375867720331438E-25   6.2462339822562308E+03
   1.0496770000000000E+09   1.2102967967171762E+05   7.3320488109990561E-10   7.7409966397194685E-25   6.2493297455843922E+03
   1.0516770000000000E+09   1.2175199400967127E+05   7.2455786870934332E-10   7.6459482236291733E-25   6.2523991888362516E+03
   1.0536770000000000E+09   1.2247469750400125E+05   7.1604235849224941E-10   7.5524114875026677E-25   6.2554426241872889E+03
   1.0556770000000000E+09   1.2319778480247024E+05   7.0765591687830054E-10   7.4603570384543806E-25   6.2584603589148974E+03
   1.0576770000000000E+09   1.2392124991944489E+05   6.9939616039445580E-10   7.3697561286242267E-25   6.2614526954954690E+03
   1.0596770000000000E+09   1.2464508655610250E+05   6.9126075560670545E-10   7.2805806507099922E-25   6.2644199316989898E+03
   1.0616770000000000E+09   1.2536928832495333E+05   6.8324741862895990E-10   7.1928031290388388E-25   6.2673623606816664E+03
   1.0636770000000000E+09   1.2609384890151331E+05   6.7535391434028429E-10   7.1063967076765319E-25   6.2702802710762317E+03
   1.0656770000000000E+09   1.2681876212298525E+05   6.6757805542214925E-10   7.0213351367565656E-25   6.2731739470803659E+03
   1.0676770000000000E+09   1.2754402204987344E+05   6.5991770129585228E-10   6.9375927578765753E-25   6.2760436685427976E+03
   1.0696770000000000E+09   1.2826962300256362E+05   6.5237075701497387E-10   6.8551444891393943E-25   6.2788897110475318E+03
   1.0716770000000000E+09   1.2899555958175557E+05   6.4493517214918340E-10   6.7739658102192124E-25   6.2817123459961640E+03
   1.0736770000000000E+09   1.2972182667921770E+05   6.3760893968276803E-10   6.6940327476962258E-25   6.2845118406879801E+03
   1.0756770000000000E+09   1.3044841948334286E+05   6.3039009494234876E-10   6.6153218608075193E-25   6.2872884583985497E+03
   1.0776770000000000E+09   1.3117533348234984E+05   6.2327671456126288E-10   6.5378102276895527E-25   6.2900424584562370E+03
   1.0796770000000000E+09   1.3190256446658488E+05   6.1626691548285396E-10   6.4614754321314186E-25   6.2927740963170099E+03
   1.0816770000000000E+09   1.3263010853028938E+05   6.0935885400111543E-10   6.3862955508185639E-25   6.2954836236375631E+03
   1.0836770000000000E+09   1.3335796207252971E+05   6.0255072483490382E-10   6.3122491410235264E-25   6.2981712883467098E+03
   1.0856770000000000E+09   1.3408612179667983E+05   5.9584076023146815E-10   6.2393152286951925E-25   6.3008373347151846E+03
   1.0876770000000000E+09   1.3481458470789736E+05   5.8922722909574943E-10   6.1674732969059301E-25   6.3034820034237937E+03
   1.0896770000000000E+09   1.3554334810825795E+05   5.8270843614328273E-10   6.0967032746303796E-25   6.3061055316300390E+03
   1.0916770000000000E+09   1.3627240958948989E+05   5.7628272107583795E-10   6.0269855258434982E-25   6.3087081530333180E+03
   1.0936770000000000E+09   1.3700176702343294E+05   5.6994845777980841E-10   5.9583008389350878E-25   6.3112900979385331E+03
   1.0956770000000000E+09   1.3773141855041537E+05   5.6370405354763142E-10   5.8906304164405582E-25   6.3138515933183126E+03
   1.0976770000000000E+09   1.3846136256569950E+05   5.5754794832224142E-10   5.8239558650851526E-25   6.3163928628738859E+03
   1.0996770000000000E+09   1.3919159770401064E+05   5.5147861396409016E-10   5.7582591861341068E-25   6.3189141270945238E+03
   1.1016770000000000E+09   1.3992212282202585E+05   5.4549455353981009E-10   5.6935227660363108E-25   6.3214156033157205E+03
   1.1036770000000000E+09   1.4065293697858494E+05   5.3959430063125670E-10   5.6297293673458807E-25   6.3238975057760726E+03
   1.1056770000000000E+09   1.4138403941228907E+05   5.3377641866365856E-10   5.5668621199058808E-25   6.3263600456728927E+03
   1.1076770000000000E+09   1.4211542951611825E+05   5.2803950025171542E-10   5.5049045122798477E-25   6.3288034312165628E+03
   1.1096770000000000E+09   1.4284710680867970E+05   5.2238216656281057E-10   5.4438403834200306E-25   6.3312278676838014E+03
   1.1116770000000000E+09   1.4357907090171191E+05   5.1680306669673068E-10   5.3836539145641240E-25   6.3336335574696523E+03
   1.1136770000000000E+09   1.4431132146346653E+05   5.1130087708169912E-10   5.3243296213562250E-25   6.3360207001384124E+03
   1.1156770000000000E+09   1.4504385817764123E+05   5.0587430088658744E-10   5.2658523461887035E-25   6.3383894924734295E+03
   1.1176770000000000E+09   1.4577668069753118E+05   5.0052206744942959E-10   5.2082072507644102E-25   6.3407401285257929E+03
   1.1196770000000000E+09   1.4650978859514385E+05   4.9524293172232183E-10   5.1513798088780497E-25   6.3430727996620881E+03
   1.1216770000000000E+09   1.4724318130506264E+05   4.9003567373277043E-10   5.0953557994158820E-25   6.3453876946109276E+03
   1.1236770000000000E+09   1.4797685806294286E+05   4.8489909806147036E-10   5.0401212995715180E-25   6.3476849995086232E+03
   1.1256770000000000E+09   1.4871081783862851E+05   4.7983203333635704E-10   4.9856626782745808E-25   6.3499648979439207E+03
   1.1276770000000000E+09   1.4944505926402780E+05   4.7483333174252446E-10   4.9319665898265650E-25   6.3522275710015647E+03
   1.1296770000000000E+09   1.5017958055605725E+05   4.6990186854746180E-10   4.8790199677362507E-25   6.3544731973052531E+03
   1.1316770000000000E+09   1.5091437943516803E+05   4.6503654164070093E-10   4.8268100187442089E-25   6.3567019530593134E+03
   1.1336770000000000E+09   1.5164945304020290E+05   4.6023627108677143E-10   4.7753242170230756E-25   6.3589140120897873E+03
   1.1356770000000000E+09   1.5238479784058384E+05   4.5549999868999275E-10   4.7245502985372546E-25   6.3611095458845084E+03
   1.1376770000000000E+09   1.5312040954711611E+05   4.5082668756935156E-10   4.6744762555425147E-25   6.3632887236323249E+03
   1.1396770000000000E+09   1.5385628302298303E+05   4.4621532174140417E-10   4.6250903312028577E-25   6.3654517122615971E+03
   1.1416770000000000E+09   1.5459241219679880E+05   4.4166490570885644E-10   4.5763810142993413E-25   6.3675986764777690E+03
   1.1436770000000000E+09   1.5532878997989118E+05   4.3717446405221923E-10   4.5283370340027817E-25   6.3697297788002297E+03
   1.1456770000000000E+09   1.5606540819024888E+05   4.3274304102176192E-10   4.4809473546806661E-25   6.3718451795984083E+03
   1.1476770000000000E+09   1.5680225748581736E+05   4.2836970012682183E-10   4.4342011707070600E-25   6.3739450371270696E+03
   1.1496770000000000E+09   1.5753932731001041E+05   4.2405352371954399E-10   4.3880879012443654E-25   6.3760295075609702E+03
   1.1516770000000000E+09   1.5827660585243662E+05   4.1979361257013434E-10   4.3425971849663162E-25   6.3780987450286702E+03
   1.1536770000000000E+09   1.5901408002786656E+05   4.1558908543095145E-10   4.2977188746937027E-25   6.3801529016458862E+03
   1.1556770000000000E+09   1.5975173547639919E+05   4.1143907858703186E-10   4.2534430319178351E-25   6.3821921275479863E+03
   1.1576770000000000E+09   1.6048955658758720E+05   4.0734274539113916E-10   4.2097599211914225E-25   6.3842165709218398E+03
   1.1596770000000000E+09   1.6122752655095243E+05   4.0329925578203390E-10   4.1666600043730136E-25   6.3862263780372468E+03
   1.1616770000000000E+09   1.6196562743483696E+05   3.9930779578537738E-10   4.1241339347188685E-25   6.3882216932775027E+03
   1.1636770000000000E+09   1.6270384029490623E+05   3.9536756699761674E-10   4.0821725508253167E-25   6.3902026591696203E+03
   1.1656770000000000E+09   1.6344214531284478E+05   3.9147778605413212E-10   4.0407668704347799E-25   6.3921694164138644E+03
   1.1676770000000000E+09   1.6418052196486475E+05   3.8763768408404812E-10   3.9999080841299132E-25   6.3941221039126312E+03
   1.1696770000000000E+09   1.6491894921864147E+05   3.8384650615520655E-10   3.9595875489514266E-25   6.3960608587990773E+03
   1.1716770000000000E+09   1.6565740575617444E+05   3.8010351071388797E-10   3.9197967819866888E-25   6.3979858164651296E+03
   1.1736770000000000E+09   1.6639587021895367E+05   3.7640796902489959E-10   3.8805274539866245E-25   6.3998971105888022E+03
   1.1756770000000000E+09   1.6713432147069808E+05   3.7275916461857830E-10   3.8417713830774329E-25   6.4017948731613633E+03
   1.1776770000000000E+09   1.6787273887190834E+05   3.6915639275187769E-10   3.8035205286406299E-25   6.4036792345138410E+03
   1.1796770000000000E+09   1.6861110255957808E+05   3.6559895989120836E-10   3.7657669854393513E-25   6.4055503233431000E+03
   1.1816770000000000E+09   1.6934939372476062E+05   3.6208618322474695E-10   3.7285029780693479E-25   6.4074082667375787E+03
   1.1836770000000000E+09   1.7008759488024388E+05   3.5861739021171931E-10   3.6917208558108554E-25   6.4092531902024948E+03
   1.1856770000000000E+09   1.7082569011050992E+05   3.5519191817551648E-10   3.6554130879506191E-25   6.4110852176845956E+03
   1.1876770000000000E+09   1.7156366529638093E+05   3.5180911394653884E-10   3.6195722596331838E-25   6.4129044715966847E+03
   1.1896770000000000E+09   1.7230150830734521E+05   3.4846833355930275E-10   3.5841910682868296E-25   6.4147110728414928E+03
   1.1916770000000000E+09   1.7303920915547488E+05   3.4516894200678741E-10   3.5492623206530062E-25   6.4165051408353529E+03
   1.1936770000000000E+09   1.7377676010607046E+05   3.4191031305315853E-10   3.5147789304295549E-25   6.4182867935312752E+03
   1.1956770000000000E+09   1.7451415574161924E+05   3.3869182910415164E-10   3.4807339165186117E-25   6.4200561474418264E+03
   1.1976770000000000E+09   1.7525139297726983E+05   3.3551288113247025E-10   3.4471204018507893E-25   6.4218133176613665E+03
   1.1996770000000000E+09   1.7598847102773882E+05   3.3237286865379362E-10   3.4139316127387470E-25   6.4235584178880172E+03
   1.2016770000000000E+09   1.7672539132724228E+05   3.2927119974740361E-10   3.3811608786974630E-25   6.4252915604453019E+03
   1.2036770000000000E+09   1.7746215740565219E+05   3.2620729111409749E-10   3.3488016326549694E-25   6.4270128563031494E+03
   1.2056770000000000E+09   1.7819877472550908E+05   3.2318056816313840E-10   3.3168474114677414E-25   6.4287224150987040E+03
   1.2076770000000000E+09   1.7893525048576071E+05   3.2019046511929827E-10   3.2852918566484253E-25   6.4304203451566118E+03
   1.2096770000000000E+09   1.7967159339903877E+05   3.1723642514084759E-10   3.2541287152114445E-25   6.4321067535090106E+03
   1.2116770000000000E+09   1.8040781344998593E+05   3.1431790043939670E-10   3.2233518405430290E-25   6.4337817459149137E+03
   1.2136770000000000E+09   1.8114392164252597E+05   3.1143435239293830E-10   3.1929551932065720E-25   6.4354454268795580E+03
   1.2156770000000000E+09   1.8187992974403678E+05   3.0858525164412968E-10   3.1629328416021225E-25   6.4370978996729400E+03
   1.2176770000000000E+09   1.8261585003417425E+05   3.0577007817686194E-10   3.1332789624085381E-25   6.4387392663483806E+03
   1.2196770000000000E+09   1.8335169506553002E+05   3.0298832136534397E-10   3.1039878407498240E-25   6.4403696277603831E+03
   1.2216770000000000E+09   1.8408747744249398E+05   3.0023947999134645E-10   3.0750538700412151E-25   6.4419890835823971E+03
   1.2236770000000000E+09   1.8482320962354526E+05   2.9752306222679984E-10   3.0464715514868788E-25   6.4435977323241159E+03
   1.2256770000000000E+09   1.8555890375089916E+05   2.9483858558051054E-10   3.0182354932171447E-25   6.4451956713483351E+03
   1.2276770000000000E+09   1.8629457150989256E+05   2.9218557680946135E-10   2.9903404090703501E-25   6.4467829968877522E+03
   1.2296770000000000E+09   1.8703022401896556E+05   2.8956357179660213E-10   2.9627811170396012E-25   6.4483598040611305E+03
   1.2316770000000000E+09   1.8776587174957909E+05   2.8697211539842985E-10   2.9355525374183350E-25   6.4499261868894446E+03
   1.2336770000000000E+09   1.8850152447404937E+05   2.8441076126669375E-10   2.9086496906896102E-25   6.4514822383115670E+03
   1.2356770000000000E+09   1.8923719123823859E+05   2.8187907164925365E-10   2.8820676952107236E-25   6.4530280501996931E+03
   1.2376770000000000E+09   1.8997288035527800E+05   2.7937661717548231E-10   2.8558017647483751E-25   6.4545637133745768E+03
   1.2396770000000000E+09   1.9070859941617679E+05   2.7690297663148763E-10   2.8298472059185010E-25   6.4560893176202781E+03
   1.2416770000000000E+09   1.9144435531312448E+05   2.7445773673015009E-10   2.8041994155814976E-25   6.4576049516990843E+03
   1.2436770000000000E+09   1.9218015427160880E+05   2.7204049188024878E-10   2.7788538782367427E-25   6.4591107033656563E+03
   1.2456770000000000E+09   1.9291600188791583E+05   2.6965084395832053E-10   2.7538061634531025E-25   6.4606066593812702E+03
   1.2476770000000000E+09   1.9365190316918254E+05   2.6728840208603641E-10   2.7290519233637307E-25   6.4620929055277620E+03
   1.2496770000000000E+09   1.9438786257374892E+05   2.6495278241517112E-10   2.7045868902460797E-25   6.4635695266211696E+03
   1.2516770000000000E+09   1.9512388405012412E+05   2.6264360792158452E-10   2.6804068742012384E-25   6.4650366065252401E+03
   1.2536770000000000E+09   1.9585997107337083E+05   2.6036050820907365E-10   2.6565077609411104E-25   6.4664942281645308E+03
   1.2556770000000000E+09   1.9659612667810533E+05   2.5810311932355461E-10   2.6328855096876293E-25   6.4679424735375705E+03
   1.2576770000000000E+09   1.9733235348768748E+05   2.5587108357762203E-10   2.6095361511843781E-25   6.4693814237295765E+03
   1.2596770000000000E+09   1.9806865373943857E+05   2.5366404938532077E-10   2.5864557858184507E-25   6.4708111589251039E+03
   1.2616770000000000E+09   1.9880502930595930E+05   2.5148167110672494E-10   2.5636405818482835E-25   6.4722317584202501E+03
   1.2636770000000000E+09   1.9954148171277912E+05   2.4932360890182352E-10   2.5410867737318304E-25   6.4736433006350517E+03
   1.2656770000000000E+09   2.0027801215263738E+05   2.4718952859312354E-10   2.5187906605490726E-25   6.4750458631253450E+03
   1.2676770000000000E+09   2.0101462149671582E+05   2.4507910153640865E-10   2.4967486045127640E-25   6.4764395225944945E+03
   1.2696770000000000E+09   2.0175131030306581E+05   2.4299200449914699E-10   2.4749570295619552E-25   6.4778243549050812E+03
   1.2716770000000000E+09   2.0248807882237597E+05   2.4092791954611618E-10   2.4534124200338269E-25   6.4792004350902225E+03
   1.2736770000000000E+09   2.0322492700113883E+05   2.3888653393189296E-10   2.4321113194099013E-25   6.4805678373648307E+03
   1.2756770000000000E+09   2.0396185448217110E+05   2.3686753999991271E-10   2.4110503291335406E-25   6.4819266351366023E+03
   1.2776770000000000E+09   2.0469886060239421E+05   2.3487063508783869E-10   2.3902261074957959E-25   6.4832769010168795E+03
   1.2796770000000000E+09   2.0543594438775352E+05   2.3289552143897393E-10   2.3696353685867839E-25   6.4846187068313347E+03
   1.2816770000000000E+09   2.0617310454514579E+05   2.3094190611943214E-10   2.3492748813095032E-25   6.4859521236304336E+03
   1.2836770000000000E+09   2.0691033945119291E+05   2.2900950094078590E-10   2.3291414684530588E-25   6.4872772216997728E+03
   1.2856770000000000E+09   2.0764764713766857E+05   2.2709802238790100E-10   2.3092320058221526E-25   6.4885940705702942E+03
   1.2876770000000000E+09   2.0838502527331913E+05   2.2520719155167012E-10   2.2895434214198700E-25   6.4899027390282217E+03
   1.2896770000000000E+09   2.0912247114170360E+05   2.2333673406642807E-10   2.2700726946813087E-25   6.4912032951248657E+03
   1.2916770000000000E+09   2.0985998161454848E+05   2.2148638005187328E-10   2.2508168557561668E-25   6.4924958061863854E+03
   1.2936770000000000E+09   2.1059755311988213E+05   2.1965586405943906E-10   2.2317729848396264E-25   6.4937803388232614E+03
   1.2956770000000000E+09   2.1133518160397466E+05   2.1784492502319374E-10   2.2129382115521863E-25   6.4950569589396409E+03
   1.2976770000000000E+09   2.1207286248582168E+05   2.1605330621549800E-10   2.1943097143706576E-25   6.4963257317425223E+03
   1.2996770000000000E+09   2.1281059060270540E+05   2.1428075520776346E-10   2.1758847201136335E-25   6.4975867217509040E+03
   1.3016770000000000E+09   2.1354836014543357E+05   2.1252702383659600E-10   2.1576605034842775E-25   6.4988399928046301E+03
   1.3036770000000000E+09   2.1428616458248271E+05   2.1079186817524886E-10   2.1396343866694469E-25   6.5000856080731437E+03
   1.3056770000000000E+09   2.1502399657378742E+05   2.0907504850945979E-10   2.1218037389855856E-25   6.5013236300641602E+03
   1.3076770000000000E+09   2.1576184787779511E+05   2.0737632931513620E-10   2.1041659765455546E-25   6.5025541206320531E+03
   1.3096770000000000E+09   2.1649970925986316E+05   2.0569547923298282E-10   2.0867185618963869E-25   6.5037771409861862E+03
   1.3116770000000000E+09   2.1723757041619325E+05   2.0403227103195718E-10   2.0694590035455505E-25   6.5049927516992311E+03
   1.3136770000000000E+09   2.1797541993473150E+05   2.0238648154981583E-10   2.0523848552568033E-25   6.5062010127150998E+03
   1.3156770000000000E+09   2.1871324532153300E+05   2.0075789159574648E-10   2.0354937149635656E-25   6.5074019833569055E+03
   1.3176770000000000E+09   2.1945103312578608E+05   1.9914628579834954E-10   2.0187832231306407E-25   6.5085957223348241E+03
   1.3196770000000000E+09   2.2018876919592111E+05   1.9755145238369705E-10   2.0022510604103205E-25   6.5097822877537183E+03
   1.3216770000000000E+09   2.2092643908966778E+05   1.9597318287451076E-10   1.9858949445031281E-25   6.5109617371208542E+03
   1.3236770000000000E+09   2.2166402863992896E+05   1.9441127171374372E-10   1.9697126262579791E-25   6.5121341273533517E+03
   1.3256770000000000E+09   2.2240152464566659E+05   1.9286551583381763E-10   1.9537018852283421E-25   6.5132995147858146E+03
   1.3276770000000000E+09   2.2313891561623060E+05   1.9133571421404490E-10   1.9378605251164361E-25   6.5144579551776906E+03
   1.3296770000000000E+09   2.2387619245750300E+05   1.8982166748839572E-10   1.9221863697352679E-25   6.5156095037205978E+03
   1.3316770000000000E+09   2.2461334896204260E+05   1.8832317767670092E-10   1.9066772602277030E-25   6.5167542150457648E+03
   1.3336770000000000E+09   2.2535038196817174E+05   1.8684004810703929E-10   1.8913310542262719E-25   6.5178921432313427E+03
   1.3356770000000000E+09   2.2608729109618769E+05   1.8537208357031593E-10   1.8761456273651523E-25   6.5190233418093949E+03
   1.3376770000000000E+09   2.2682407805468145E+05   1.8391909070062195E-10   1.8611188770748555E-25   6.5201478637732107E+03
   1.3396770000000000E+09   2.2756074562164705E+05   1.8248087851576335E-10   1.8462487279917983E-25   6.5212657615836897E+03
   1.3416770000000000E+09   2.2829729651218400E+05   1.8105725899875837E-10   1.8315331377735766E-25   6.5223770871765546E+03
   1.3436770000000000E+09   2.2903373240576161E+05   1.7964804757412832E-10   1.8169701018417369E-25   6.5234818919684649E+03
   1.3456770000000000E+09   2.2977005338524983E+05   1.7825306335004652E-10   1.8025576557505339E-25   6.5245802268635043E+03
   1.3476770000000000E+09   2.3050625792577249E+05   1.7687212906210985E-10   1.7882938745377125E-25   6.5256721422593209E+03
   1.3496770000000000E+09   2.3124234339087401E+05   1.7550507075064020E-10   1.7741768693859866E-25   6.5267576880532279E+03
   1.3516770000000000E+09   2.3197830681132138E+05   1.7415171729622965E-10   1.7602047828606286E-25   6.5278369136482916E+03
   1.3536770000000000E+09   2.3271414561830537E+05   1.7281189998714037E-10   1.7463757844792618E-25   6.5289098679593708E+03
   1.3556770000000000E+09   2.3344985803547825E+05   1.7148545226990452E-10   1.7326880681407406E-25   6.5299765994189374E+03
   1.3576770000000000E+09   2.3418544300124384E+05   1.7017220974504956E-10   1.7191398520333798E-25   6.5310371559830355E+03
   1.3596770000000000E+09   2.3492089972085433E+05   1.6887201035250185E-10   1.7057293804570039E-25   6.5320915851369709E+03
   1.3616770000000000E+09   2.3565622712125556E+05   1.6758469460483934E-10   1.6924549261232622E-25   6.5331399339008394E+03
   1.3636770000000000E+09   2.3639142350384188E+05   1.6631010571801135E-10   1.6793147914164242E-25   6.5341822488351263E+03
   1.3656770000000000E+09   2.3712648654700781E+05   1.6504808956319894E-10   1.6663073078480305E-25   6.5352185760461252E+03
   1.3676770000000000E+09   2.3786141358835032E+05   1.6379849447531490E-10   1.6534308340681211E-25   6.5362489611916853E+03
   1.3696770000000000E+09   2.3859620195645664E+05   1.6256117103323998E-10   1.6406837535970616E-25   6.5372734494867927E+03
   1.3716770000000000E+09   2.3933084912651934E+05   1.6133597192503129E-10   1.6280644734193282E-25   6.5382920857095478E+03
   1.3736770000000000E+09   2.4006535263085872E+05   1.6012275193474046E-10   1.6155714238057162E-25   6.5393049142067248E+03
   1.3756770000000000E+09   2.4079970984265572E+05   1.5892136799608994E-10   1.6032030588085265E-25   6.5403119788996273E+03
   1.3776770000000000E+09   2.4153391782652386E+05   1.5773167922053305E-10   1.5909578564969964E-25   6.5413133232886594E+03
   1.3796770000000000E+09   2.4226797336363548E+05   1.5655354684688817E-10   1.5788343184023067E-25   6.5423089904571680E+03
   1.3816770000000000E+09   2.4300187309540974E+05   1.5538683413685844E-10   1.5668309684198973E-25   6.5432990230741016E+03
   1.3836770000000000E+09   2.4373561362942646E+05   1.5423140628825067E-10   1.5549463518938499E-25   6.5442834633957564E+03
   1.3856770000000000E+09   2.4446919147903373E+05   1.5308713042351714E-10   1.5431790354630982E-25   6.5452623532670341E+03
   1.3876770000000000E+09   2.4520260277237141E+05   1.5195387567430711E-10   1.5315276078767859E-25   6.5462357341245870E+03
   1.3896770000000000E+09   2.4593584254396908E+05   1.5083151341719645E-10   1.5199906823374079E-25   6.5472036470036146E+03
   1.3916770000000000E+09   2.4666890279297027E+05   1.4971991794459078E-10   1.5085669032436228E-25   6.5481661325507985E+03
   1.3936770000000000E+09   2.4740176677792464E+05   1.4861896847964282E-10   1.4972549665149691E-25   6.5491232310434289E+03
   1.3956770000000000E+09   2.4813439284216092E+05   1.4752855494416756E-10   1.4860536778222552E-25   6.5500749824118711E+03
   1.3976770000000000E+09   2.4886667134267578E+05   1.4644859335782570E-10   1.4749621080461841E-25   6.5510214262555928E+03
   1.3996770000000000E+09   2.4959831737438770E+05   1.4537906419899287E-10   1.4639799804118826E-25   6.5519626018347899E+03
   1.4016770000000000E+09   2.5032862262671962E+05   1.4432010114241731E-10   1.4531085656014045E-25   6.5528985480125748E+03
   1.4036770000000000E+09   2.5105592931671129E+05   1.4327217932859236E-10   1.4423525797864570E-25   6.5538293031180538E+03
   1.4056770000000000E+09   2.5177662844481636E+05   1.4223647453575117E-10   1.4317238031850938E-25   6.5547549047098501E+03
   1.4076770000000000E+09   2.5248349998768134E+05   1.4121546021435638E-10   1.4212470900238785E-25   6.5556753892491115E+03
   1.4096770000000000E+09   2.5316345341851350E+05   1.4021372396981507E-10   1.4109685780844186E-25   6.5565907917498589E+03
   1.4116770000000000E+09   2.5379531520898515E+05   1.3923876978615251E-10   1.4009637380908238E-25   6.5575011455626200E+03
   1.4136770000000000E+09   2.5434895631371508E+05   1.3830131694517166E-10   1.3913403430791487E-25   6.5584064825070154E+03
   1.4156770000000000E+09   2.5478645222559158E+05   1.3741476624962134E-10   1.3822330722071622E-25   6.5593068334576737E+03
   1.4176770000000000E+09   2.5506211371685681E+05   1.3659485101785124E-10   1.3738000422118154E-25   6.5602022289191809E+03
   1.4196770000000000E+09   2.5511236626743199E+05   1.3586281440466287E-10   1.3662548848432043E-25   6.5610926978856205E+03
   1.4216770000000000E+09   2.5483100467364592E+05   1.3525461505463213E-10   1.3599593026570545E-25   6.5619782619395446E+03
   1.4236770000000000E+09   2.5406090194406215E+05   1.3482660631503484E-10   1.3554795250316853E-25   6.5628589227154471E+03
   1.4256770000000000E+09   2.5268133413741723E+05   1.3462823465416359E-10   1.3533105576716299E-25   6.5637346497406033E+03
   1.4276770000000000E+09   2.5080626157824762E+05   1.3462760405752862E-10   1.3531279496416409E-25   6.5646053959725396E+03
   1.4296770000000000E+09   2.4885431102403169E+05   1.3467030699521666E-10   1.3533776002852160E-25   6.5654711820152152E+03
   1.4316770000000000E+09   2.4720604015648793E+05   1.3459569927238498E-10   1.3524478367629947E-25   6.5663322373117662E+03
   1.4336770000000000E+09   2.4582643765188006E+05   1.3441608278195659E-10   1.3504660360189185E-25   6.5671890245081831E+03
   1.4356770000000000E+09   2.4433272089290211E+05   1.3417144479200796E-10   1.3478332328920365E-25   6.5680399996928645E+03
