  99.9999999999964615   5.0000000000000003E-02 390 2001
  75.4116216248195883  20.3256673978489211
   6.5767700000000000E+08  -9.5856605016031290E+02   2.5866348685111472E-08   4.4521436666529066E-18   1.1176685461175894E+03
   6.5967700000000000E+08  -9.1699288802408978E+02   3.0718485847406320E-08   5.1136277515394145E-18   1.1556272292350698E+03
   6.6167700000000000E+08  -8.4714003246310756E+02   3.2009527444566875E-08   5.2082895096138378E-18   1.1823096033444522E+03
   6.6367700000000000E+08  -7.4863987941421817E+02   3.1526928747429051E-08   5.0532329660995225E-18   1.2002160110780674E+03
   6.6567700000000000E+08  -5.2367274902788927E+02   2.9682629269047631E-08   4.7083164274794448E-18   1.2127849444582223E+03
   6.6767700000000000E+08  -1.9833381204390119E+02   2.7122713883624763E-08   4.2705815950954742E-18   1.2217805020194398E+03
   6.6967700000000000E+08   1.9773133921788050E+02   2.4364667108188296E-08   3.8155719709619828E-18   1.2284228996058066E+03
   6.7167700000000000E+08   6.3817022713183303E+02   2.1720065411288709E-08   3.3872062564316161E-18   1.2335778353819755E+03
   6.7367700000000000E+08   1.1032568461844428E+03   1.9333728763031921E-08   3.0045582039227876E-18   1.2378900480736359E+03
   6.7567700000000000E+08   1.5738858261407179E+03   1.7250069181712050E-08   2.6721961634508170E-18   1.2418512435556356E+03
   6.7767700000000000E+08   2.0252104205616772E+03   1.5463322102569226E-08   2.3877326126834786E-18   1.2458454850332073E+03
   6.7967700000000000E+08   2.4269446649262868E+03   1.3947029675575885E-08   2.1459884776720900E-18   1.2502630913100761E+03
   6.8167700000000000E+08   2.7547696680779591E+03   1.2668966208412465E-08   1.9409192630048539E-18   1.2556852100359247E+03
   6.8367700000000000E+08   3.0001143492013884E+03   1.1600472888512863E-08   1.7662244586568445E-18   1.2635047250366085E+03
   6.8567700000000000E+08   3.1656927734926667E+03   1.0724056306598471E-08   1.6157229971456452E-18   1.2768481471270863E+03
   6.8767700000000000E+08   3.2397368658548398E+03   1.0033244226698417E-08   1.4834788184927185E-18   1.3010893010492277E+03
   6.8967700000000000E+08   3.1707944578205643E+03   9.5233610925280143E-09   1.3646873554217679E-18   1.3424686588447692E+03
   6.9167700000000000E+08   2.9008182669930575E+03   9.1774623971963145E-09   1.2564741692603591E-18   1.4051287520900109E+03
   6.9367700000000000E+08   2.4332039266042284E+03   8.9613513497751478E-09   1.1579692582640326E-18   1.4887560752573902E+03
   6.9567700000000000E+08   1.8720161683956269E+03   8.8324105389848778E-09   1.0694334558625955E-18   1.5888121505714819E+03
   6.9767700000000000E+08   1.3955122788440888E+03   8.7531475542363383E-09   9.9119182313029765E-19   1.6988444292366053E+03
   6.9967700000000000E+08   1.1921338519364165E+03   8.6983945433080398E-09   9.2306150024261136E-19   1.8128235594053783E+03
   7.0167700000000000E+08   1.4035454738654817E+03   8.6543838143522661E-09   8.6429803174263443E-19   1.9262812591603702E+03
   7.0367700000000000E+08   2.0962987933050385E+03   8.6142798781503981E-09   8.1378057607163669E-19   2.0363795630068973E+03
   7.0567700000000000E+08   3.2614662929096053E+03   8.5742105558698685E-09   7.7023040867105850E-19   2.1415122113506436E+03
   7.0767700000000000E+08   4.8319200246652390E+03   8.5311002323567588E-09   7.3238116111350712E-19   2.2408611720117347E+03
   7.0967700000000000E+08   6.7059123459597431E+03   8.4819537636274586E-09   6.9908461464999133E-19   2.3340665134465776E+03
   7.1167700000000000E+08   8.7688739431287977E+03   8.4238827455934167E-09   6.6936156380750379E-19   2.4210213206298877E+03
   7.1367700000000000E+08   1.0909679988580981E+04   8.3543636634295841E-09   6.4241443738034200E-19   2.5017571809100714E+03
   7.1567700000000000E+08   1.3030229324330297E+04   8.2714637863643187E-09   6.1761649701712878E-19   2.5763837802343269E+03
   7.1767700000000000E+08   1.5050489213488419E+04   8.1739795475001032E-09   5.9449122832483313E-19   2.6450578029889921E+03
   7.1967700000000000E+08   1.6911639868930237E+04   8.0615238687790886E-09   5.7269100056012967E-19   2.7079700525295430E+03
   7.2167700000000000E+08   1.8576063643249556E+04   7.9345225830140012E-09   5.5197442366845781E-19   2.7653424305624053E+03
   7.2367700000000000E+08   2.0024813124966575E+04   7.7941000087182725E-09   5.3218226419405992E-19   2.8174268471968712E+03
   7.2567700000000000E+08   2.1254584388227442E+04   7.6419128471107650E-09   5.1321559808918819E-19   2.8645031527782357E+03
   7.2767700000000000E+08   2.2274240986567860E+04   7.4799676063115347E-09   4.9501724613668065E-19   2.9068756822412665E+03
   7.2967700000000000E+08   2.3101262862036339E+04   7.3104398815084297E-09   4.7755647075568933E-19   2.9448680991516985E+03
   7.3167700000000000E+08   2.3758392282089706E+04   7.1355130426012669E-09   4.6081700323981377E-19   2.9788167037381791E+03
   7.3367700000000000E+08   2.4270705441863818E+04   6.9572488810428631E-09   4.4478831592860391E-19   3.0090627246617369E+03
   7.3567700000000000E+08   2.4663274099650920E+04   6.7774968627303730E-09   4.2945987459759957E-19   3.0359443308689529E+03
   7.3767700000000000E+08   2.4959493772944021E+04   6.5978422376026917E-09   4.1481790866675735E-19   3.0597891528857294E+03
   7.3967700000000000E+08   2.5180062338547916E+04   6.4195883369861329E-09   4.0084412782841277E-19   3.0809079659014619E+03
   7.4167700000000000E+08   2.5342520087687510E+04   6.2437650424862808E-09   3.8751576766668800E-19   3.0995899574989367E+03
   7.4367700000000000E+08   2.5461216264586696E+04   6.0711544941084622E-09   3.7480640815113916E-19   3.1160997292640886E+03
   7.4567700000000000E+08   2.5547556764564371E+04   5.9023258207668881E-09   3.6268712216448867E-19   3.1306759416173545E+03
   7.4767700000000000E+08   2.5610402693197539E+04   5.7376724636883912E-09   3.5112764939385285E-19   3.1435313451027632E+03
   7.4967700000000000E+08   2.5656519497969552E+04   5.5774477606519395E-09   3.4009741918915680E-19   3.1548538595953278E+03
   7.5167700000000000E+08   2.5691010100837182E+04   5.4217963674379799E-09   3.2956634650483654E-19   3.1648083534878970E+03
   7.5367700000000000E+08   2.5717695338017365E+04   5.2707805515684296E-09   3.1950539210501987E-19   3.1735388145782067E+03
   7.5567700000000000E+08   2.5739427396952829E+04   5.1244013518452958E-09   3.0988691543471183E-19   3.1811706687234473E+03
   7.5767700000000000E+08   2.5758336337353219E+04   4.9826151265892208E-09   3.0068486367341247E-19   3.1878130720259528E+03
   7.5967700000000000E+08   2.5776017497853434E+04   4.8453462326568690E-09   2.9187484173118579E-19   3.1935610651310330E+03
   7.6167700000000000E+08   2.5793670570681854E+04   4.7124966030613224E-09   2.8343410203874448E-19   3.1984975283815165E+03
   7.6367700000000000E+08   2.5812201227166912E+04   4.5839529150522939E-09   2.7534148450830852E-19   3.2026949129200625E+03
   7.6567700000000000E+08   2.5832294823312448E+04   4.4595919244791898E-09   2.6757732865109833E-19   3.2062167468470207E+03
   7.6767700000000000E+08   2.5854469847526776E+04   4.3392844220729131E-09   2.6012337276397696E-19   3.2091189298278546E+03
   7.6967700000000000E+08   2.5879116925325809E+04   4.2228981604959002E-09   2.5296264969477277E-19   3.2114508368336396E+03
   7.7167700000000000E+08   2.5906527615883435E+04   4.1103000137868845E-09   2.4607938485414415E-19   3.2132562543540398E+03
   7.7367700000000000E+08   2.5936915995694060E+04   4.0013575631912581E-09   2.3945889956549832E-19   3.2145741722636708E+03
   7.7567700000000000E+08   2.5970435107192858E+04   3.8959402526225122E-09   2.3308752120590384E-19   3.2154394528323387E+03
   7.7767700000000000E+08   2.6007189699090912E+04   3.7939202196757632E-09   2.2695250060322962E-19   3.2158833959873837E+03
   7.7967700000000000E+08   2.6047246236957326E+04   3.6951728809327386E-09   2.2104193659534743E-19   3.2159342173720443E+03
   7.8167700000000000E+08   2.6090640860410451E+04   3.5995773305455595E-09   2.1534470736666212E-19   3.2156174532801306E+03
   7.8367700000000000E+08   2.6137385762023659E+04   3.5070165966768345E-09   2.0985040804760824E-19   3.2149563043218327E+03
   7.8567700000000000E+08   2.6187474329385263E+04   3.4173777897748281E-09   2.0454929402474652E-19   3.2139719277372001E+03
   7.8767700000000000E+08   2.6240885302367191E+04   3.3305521687814718E-09   1.9943222941990331E-19   3.2126836866240747E+03
   7.8967700000000000E+08   2.6297586136859460E+04   3.2464351454404687E-09   1.9449064023117768E-19   3.2111093629623751E+03
   7.9167700000000000E+08   2.6357535723778827E+04   3.1649262423573204E-09   1.8971647167233866E-19   3.2092653401637103E+03
   7.9367700000000000E+08   2.6420686581534719E+04   3.0859290169893257E-09   1.8510214929256425E-19   3.2071667599199773E+03
   7.9567700000000000E+08   2.6486986617255930E+04   3.0093509610474194E-09   1.8064054350190571E-19   3.2048276573340545E+03
   7.9767700000000000E+08   2.6556380534414697E+04   2.9351033826848435E-09   1.7632493716768443E-19   3.2022610776617144E+03
   7.9967700000000000E+08   2.6628810950465482E+04   2.8631012771939909E-09   1.7214899598282820E-19   3.1994791774524383E+03
   8.0167700000000000E+08   2.6704219276774897E+04   2.7932631906302540E-09   1.6810674133899128E-19   3.1964933124273493E+03
   8.0367700000000000E+08   2.6782546403831300E+04   2.7255110797551842E-09   1.6419252546552461E-19   3.1933141140593843E+03
   8.0567700000000000E+08   2.6863733227077941E+04   2.6597701708816264E-09   1.6040100862037865E-19   3.1899515565095198E+03
   8.0767700000000000E+08   2.6947721042433994E+04   2.5959688195665588E-09   1.5672713814122923E-19   3.1864150153135947E+03
   8.0967700000000000E+08   2.7034451835443469E+04   2.5340383725967996E-09   1.5316612918485617E-19   3.1827133189973511E+03
   8.1167700000000000E+08   2.7123868483851216E+04   2.4739130333214137E-09   1.4971344700043220E-19   3.1788547946156827E+03
   8.1367700000000000E+08   2.7215914890130574E+04   2.4155297310797408E-09   1.4636479059810414E-19   3.1748473080601520E+03
   8.1567700000000000E+08   2.7310536057933899E+04   2.3588279952376983E-09   1.4311607768833032E-19   3.1706982998510712E+03
   8.1767700000000000E+08   2.7407678124507387E+04   2.3037498341632359E-09   1.3996343078003179E-19   3.1664148170235912E+03
   8.1967700000000000E+08   2.7507288359676942E+04   2.2502396193326355E-09   1.3690316433688180E-19   3.1620035416274004E+03
   8.2167700000000000E+08   2.7609315140971132E+04   2.1982439746533829E-09   1.3393177290111353E-19   3.1574708162842076E+03
   8.2367700000000000E+08   2.7713707913668924E+04   2.1477116710089949E-09   1.3104592010317227E-19   3.1528226671838906E+03
   8.2567700000000000E+08   2.7820417143942017E+04   2.0985935259704158E-09   1.2824242848347174E-19   3.1480648248470843E+03
   8.2767700000000000E+08   2.7929394272676171E+04   2.0508423085722611E-09   1.2551827005951250E-19   3.1432027429370505E+03
   8.2967700000000000E+08   2.8040591676923821E+04   2.0044126490166611E-09   1.2287055757775809E-19   3.1382416153658573E+03
   8.3167700000000000E+08   2.8153962645156167E+04   1.9592609531397394E-09   1.2029653639501992E-19   3.1331863919078291E+03
   8.3367700000000000E+08   2.8269461371494090E+04   1.9153453214539232E-09   1.1779357693877607E-19   3.1280417925055708E+03
   8.3567700000000000E+08   2.8387042972884024E+04   1.8726254725617488E-09   1.1535916769990000E-19   3.1228123204301937E+03
   8.3767700000000000E+08   2.8506663531732458E+04   1.8310626707228775E-09   1.1299090871481639E-19   3.1175022744365215E+03
   8.3967700000000000E+08   2.8628280164866381E+04   1.7906196573455320E-09   1.1068650549722865E-19   3.1121157600356109E+03
   8.4167700000000000E+08   2.8751851117919501E+04   1.7512605861660801E-09   1.0844376338235213E-19   3.1066566999904026E+03
   8.4367700000000000E+08   2.8877335882439431E+04   1.7129509618767805E-09   1.0626058224916012E-19   3.1011288441252459E+03
   8.4567700000000000E+08   2.9004695331293573E+04   1.6756575819615320E-09   1.0413495158855309E-19   3.0955357785264691E+03
   8.4767700000000000E+08   2.9133891866429054E+04   1.6393484815033927E-09   1.0206494588769565E-19   3.0898809341984897E+03
   8.4967700000000000E+08   2.9264889571839347E+04   1.6039928807356820E-09   1.0004872030306032E-19   3.0841675952286801E+03
   8.5167700000000000E+08   2.9397654363794209E+04   1.5695611351203859E-09   9.8084506597010053E-20   3.0783989065038440E+03
   8.5367700000000000E+08   2.9532154130074363E+04   1.5360246877533868E-09   9.6170609315067158E-20   3.0725778810121565E+03
   8.5567700000000000E+08   2.9668358850155488E+04   1.5033560239144959E-09   9.4305402183315840E-20   3.0667074067565077E+03
   8.5767700000000000E+08   2.9806240688993548E+04   1.4715286276014565E-09   9.2487324707691862E-20   3.0607902532987109E+03
   8.5967700000000000E+08   2.9945774058243202E+04   1.4405169399090202E-09   9.0714878959132066E-20   3.0548290779488543E+03
   8.6167700000000000E+08   3.0086935640296753E+04   1.4102963191368736E-09   8.8986626530704190E-20   3.0488264316102814E+03
   8.6367700000000000E+08   3.0229704372376127E+04   1.3808430025316294E-09   8.7301185654813376E-20   3.0427847642881429E+03
   8.6567700000000000E+08   3.0374061389890787E+04   1.3521340695880391E-09   8.5657228470381021E-20   3.0367064302682361E+03
   8.6767700000000000E+08   3.0519989930276264E+04   1.3241474068517670E-09   8.4053478431454121E-20   3.0305936929726031E+03
   8.6967700000000000E+08   3.0667475200405832E+04   1.2968616741801485E-09   8.2488707850017324E-20   3.0244487294990972E+03
   8.7167700000000000E+08   3.0816504212307344E+04   1.2702562724278659E-09   8.0961735566824616E-20   3.0182736348535041E+03
   8.7367700000000000E+08   3.0967065593225303E+04   1.2443113125313582E-09   7.9471424744853275E-20   3.0120704258846340E+03
   8.7567700000000000E+08   3.1119149376979072E+04   1.2190075859691802E-09   7.8016680780515193E-20   3.0058410449349676E+03
   8.7767700000000000E+08   3.1272746784043044E+04   1.1943265365758574E-09   7.6596449328082019E-20   2.9995873632214443E+03
   8.7967700000000000E+08   3.1427849997838875E+04   1.1702502336843985E-09   7.5209714432905230E-20   2.9933111839630446E+03
   8.8167700000000000E+08   3.1584451944374021E+04   1.1467613465684568E-09   7.3855496769009558E-20   2.9870142452733758E+03
   8.8367700000000000E+08   3.1742546081700671E+04   1.1238431201495145E-09   7.2532851976524919E-20   2.9806982228377078E+03
   8.8567700000000000E+08   3.1902126204772238E+04   1.1014793519280985E-09   7.1240869094246778E-20   2.9743647323945806E+03
   8.8767700000000000E+08   3.2063186270317172E+04   1.0796543700914121E-09   6.9978669082401088E-20   2.9680153320424342E+03
   8.8967700000000000E+08   3.2225720245619603E+04   1.0583530127421390E-09   6.8745403430396768E-20   2.9616515243914378E+03
   8.9167700000000000E+08   3.2389721985191045E+04   1.0375606081838182E-09   6.7540252843909222E-20   2.9552747585805482E+03
   8.9367700000000000E+08   3.2555185141500631E+04   1.0172629561821959E-09   6.6362426004726636E-20   2.9488864321800188E+03
   8.9567700000000000E+08   3.2722103122775206E+04   9.9744631009136335E-10   6.5211158394845651E-20   2.9424878930016612E+03
   8.9767700000000000E+08   3.2890469127274264E+04   9.7809735967139525E-10   6.4085711172149278E-20   2.9360804408455906E+03
   8.9967700000000000E+08   3.3060276317164156E+04   9.5920321430596807E-10   6.2985370076882107E-20   2.9296653292278943E+03
   9.0167700000000000E+08   3.3231518255164432E+04   9.4075138612864984E-10   6.1909444334179066E-20   2.9232437671657804E+03
   9.0367700000000000E+08   3.3404189815009384E+04   9.2272977229280258E-10   6.0857265498345588E-20   2.9168169211541376E+03
   9.0567700000000000E+08   3.3578288863461341E+04   9.0512663539274924E-10   5.9828186167299086E-20   2.9103859175523180E+03
   9.0767700000000000E+08   3.3753818996699578E+04   8.8793058122694248E-10   5.8821578505216753E-20   2.9039518456917676E+03
   9.0967700000000000E+08   3.3930793284936488E+04   8.7113053440050941E-10   5.7836832597426208E-20   2.8975157620394707E+03
   9.1167700000000000E+08   3.4109238042136938E+04   8.5471571558874307E-10   5.6873354887900014E-20   2.8910786955547101E+03
   9.1367700000000000E+08   3.4289193955324066E+04   8.3867562983224489E-10   5.5930567336731828E-20   2.8846416537448822E+03
   9.1567700000000000E+08   3.4470710049216192E+04   8.2300008071855142E-10   5.5007908334142032E-20   2.8782056277421784E+03
   9.1767700000000000E+08   3.4653825837154938E+04   8.0767922415148320E-10   5.4104836371521145E-20   2.8717715932936849E+03
   9.1967700000000000E+08   3.4838541602018624E+04   7.9270365816933260E-10   5.3220836334108074E-20   2.8653405039627141E+03
   9.2167700000000000E+08   3.5024787564638769E+04   7.7806450903390147E-10   5.2355425795307324E-20   2.8589132747704534E+03
   9.2367700000000000E+08   3.5212414546386419E+04   7.6375343667216378E-10   5.1508156039958884E-20   2.8524907599195408E+03
   9.2567700000000000E+08   3.5401228268575418E+04   7.4976249233695680E-10   5.0678602999659025E-20   2.8460737350072964E+03
   9.2767700000000000E+08   3.5591062646158403E+04   7.3608385185922614E-10   4.9866349315381278E-20   2.8396628962533673E+03
   9.2967700000000000E+08   3.5781845859322631E+04   7.2270958251817205E-10   4.9070968082931267E-20   2.8332588807449620E+03
   9.3167700000000000E+08   3.5973605501269572E+04   7.0963164933732976E-10   4.8292022553948501E-20   2.8268622960304847E+03
   9.3367700000000000E+08   3.6166401904151069E+04   6.9684214372078626E-10   4.7529081220866214E-20   2.8204737397754611E+03
   9.3567700000000000E+08   3.6360256572216276E+04   6.8433349179319066E-10   4.6781732085566540E-20   2.8140937995793943E+03
   9.3767700000000000E+08   3.6555197068977635E+04   6.7209862457875741E-10   4.6049594627598639E-20   2.8077230456096304E+03
   9.3967700000000000E+08   3.6751403103535238E+04   6.6013120347850494E-10   4.5332335341622613E-20   2.8013620468136705E+03
   9.4167700000000000E+08   3.6949207797286625E+04   6.4842549199948959E-10   4.4629658668671763E-20   2.7950114182020802E+03
   9.4367700000000000E+08   3.7148809178476156E+04   6.3697542924754742E-10   4.3941243127652554E-20   2.7886718477770019E+03
   9.4567700000000000E+08   3.7349950803233893E+04   6.2577358971194290E-10   4.3266670051725644E-20   2.7823440396284655E+03
   9.4767700000000000E+08   3.7551959881790244E+04   6.1481132618475102E-10   4.2605434295872059E-20   2.7760285893848304E+03
   9.4967700000000000E+08   3.7754166921249300E+04   6.0408020669344885E-10   4.1957044284871892E-20   2.7697258936790745E+03
   9.5167700000000000E+08   3.7956336588025202E+04   5.9357340555062334E-10   4.1321118358683168E-20   2.7634361776840447E+03
   9.5367700000000000E+08   3.8158780581621984E+04   5.8328598633664246E-10   4.0697403743745564E-20   2.7571596194396056E+03
   9.5567700000000000E+08   3.8362295815272839E+04   5.7321420157109704E-10   4.0085727003314008E-20   2.7508964869363381E+03
   9.5767700000000000E+08   3.8567542990117261E+04   5.6335430353062187E-10   3.9485910742808978E-20   2.7446472041437237E+03
   9.5967700000000000E+08   3.8774520016628776E+04   5.5370167320811408E-10   3.8897713246021190E-20   2.7384123011839329E+03
   9.6167700000000000E+08   3.8982990856894990E+04   5.4425109618971906E-10   3.8320848838841470E-20   2.7321923025059750E+03
   9.6367700000000000E+08   3.9192807221319905E+04   5.3499741383739649E-10   3.7755034050201059E-20   2.7259876747426774E+03
   9.6567700000000000E+08   3.9403880432152015E+04   5.2593568478917002E-10   3.7199998793716007E-20   2.7197988414695760E+03
   9.6767700000000000E+08   3.9616155542998866E+04   5.1706116245111676E-10   3.6655484714598826E-20   2.7136261953474987E+03
   9.6967700000000000E+08   3.9829596095995061E+04   5.0836926775298085E-10   3.6121243251716135E-20   2.7074701059423978E+03
   9.7167700000000000E+08   4.0044176609819915E+04   4.9985557227778449E-10   3.5597034464219200E-20   2.7013309243841695E+03
   9.7367700000000000E+08   4.0259878751716467E+04   4.9151578637432783E-10   3.5082626225834007E-20   2.6952089863669476E+03
   9.7567700000000000E+08   4.0476689078093877E+04   4.8334574928425528E-10   3.4577793568064901E-20   2.6891046142495707E+03
   9.7767700000000000E+08   4.0694597323592425E+04   4.7534142113855296E-10   3.4082318158903392E-20   2.6830181185713905E+03
   9.7967700000000000E+08   4.0913595086104251E+04   4.6749887647480011E-10   3.3595987891434868E-20   2.6769497991285693E+03
   9.8167700000000000E+08   4.1133675034037136E+04   4.5981429856458099E-10   3.3118596530620215E-20   2.6708999457428495E+03
   9.8367700000000000E+08   4.1354830516880989E+04   4.5228397444364317E-10   3.2649943409447705E-20   2.6648688388469541E+03
   9.8567700000000000E+08   4.1577055346108187E+04   4.4490429084360156E-10   3.2189833188415386E-20   2.6588567499635269E+03
   9.8767700000000000E+08   4.1800343636201593E+04   4.3767173085157200E-10   3.1738075666144808E-20   2.6528639421146740E+03
   9.8967700000000000E+08   4.2024689619738063E+04   4.3058287092233429E-10   3.1294485614337400E-20   2.6468906701784445E+03
   9.9167700000000000E+08   4.2250087353122035E+04   4.2363437801402908E-10   3.0858882620745662E-20   2.6409371811864999E+03
   9.9367700000000000E+08   4.2476530466927237E+04   4.1682300681610612E-10   3.0431090938021065E-20   2.6350037145525453E+03
   9.9567700000000000E+08   4.2704012437995829E+04   4.1014559744177223E-10   3.0010939365241426E-20   2.6290905022684587E+03
   9.9767700000000000E+08   4.2932527946743263E+04   4.0359907449564399E-10   2.9598261227917752E-20   2.6231977691959996E+03
   9.9967700000000000E+08   4.3162075518402940E+04   3.9718044837761107E-10   2.9192894519062014E-20   2.6173257336629322E+03
   1.0016770000000000E+09   4.3392660803513711E+04   3.9088681851006897E-10   2.8794682178882256E-20   2.6114746085626707E+03
   1.0036770000000000E+09   4.3624299390784341E+04   3.8471537729080843E-10   2.8403472426744716E-20   2.6056446030076672E+03
   1.0056770000000000E+09   4.3857017113462854E+04   3.7866341025525135E-10   2.8019118814260848E-20   2.5998359243707214E+03
   1.0076770000000000E+09   4.4090846228344315E+04   3.7272828521116492E-10   2.7641479464065025E-20   2.5940487802090047E+03
   1.0096770000000000E+09   4.4325817636391817E+04   3.6690743427854607E-10   2.7270415782632524E-20   2.5882833792158881E+03
   1.0116770000000000E+09   4.4561951565977470E+04   3.6119833695427192E-10   2.6905791249354414E-20   2.5825399305750557E+03
   1.0136770000000000E+09   4.4799249551621200E+04   3.5559850758907082E-10   2.6547470534846778E-20   2.5768186416900858E+03
   1.0156770000000000E+09   4.5037690253246285E+04   3.5010548765431122E-10   2.6195318975946972E-20   2.5711197147399776E+03
   1.0176770000000000E+09   4.5277227840953921E+04   3.4471684298007311E-10   2.5849202418527093E-20   2.5654433427715262E+03
   1.0196770000000000E+09   4.5517796077871011E+04   3.3943016962681547E-10   2.5508987703350962E-20   2.5597897058823887E+03
   1.0216770000000000E+09   4.5759319655996063E+04   3.3424310895820218E-10   2.5174543838066520E-20   2.5541589684958035E+03
   1.0236770000000000E+09   4.6001725927503860E+04   3.2915336560123079E-10   2.4845743381069161E-20   2.5485512786800628E+03
   1.0256770000000000E+09   4.6244954564972046E+04   3.2415872099152721E-10   2.4522463490057458E-20   2.5429667694842788E+03
   1.0276770000000000E+09   4.6488963580924101E+04   3.1925704035385374E-10   2.4204586473703323E-20   2.5374055617593381E+03
   1.0296770000000000E+09   4.6733731004715992E+04   3.1444627271052313E-10   2.3891999815708665E-20   2.5318677677391547E+03
   1.0316770000000000E+09   4.6979252770949875E+04   3.0972444521540392E-10   2.3584595769433529E-20   2.5263534946275395E+03
   1.0336770000000000E+09   4.7225538161944460E+04   3.0508965412438454E-10   2.3282270698154852E-20   2.5208628476021145E+03
   1.0356770000000000E+09   4.7472604348705565E+04   3.0054005483961507E-10   2.2984924345877323E-20   2.5153959319113437E+03
   1.0376770000000000E+09   4.7720471312336471E+04   2.9607385293055277E-10   2.2692459183294033E-20   2.5099528540049373E+03
   1.0396770000000000E+09   4.7969157934965784E+04   2.9168929719851291E-10   2.2404779910025537E-20   2.5045337218339519E+03
   1.0416770000000000E+09   4.8218679540897414E+04   2.8738467504905748E-10   2.2121793133153484E-20   2.4991386445597991E+03
   1.0436770000000000E+09   4.8469046778848751E+04   2.8315830987857924E-10   2.1843407199426436E-20   2.4937677319293994E+03
   1.0456770000000000E+09   4.8720265518111999E+04   2.7900855991730892E-10   2.1569532138261629E-20   2.4884210935340316E+03
   1.0476770000000000E+09   4.8972337373688351E+04   2.7493381793808426E-10   2.1300079670112221E-20   2.4830988381034736E+03
   1.0496770000000000E+09   4.9225260524025318E+04   2.7093251134429596E-10   2.1034963242745193E-20   2.4778010729200946E+03
   1.0516770000000000E+09   4.9479030579643892E+04   2.6700310230762537E-10   2.0774098070067298E-20   2.4725279033839638E+03
   1.0536770000000000E+09   4.9733641360163194E+04   2.6314408777491595E-10   2.0517401159605738E-20   2.4672794327247548E+03
   1.0556770000000000E+09   4.9989085518182124E+04   2.5935399927392280E-10   2.0264791323282128E-20   2.4620557618375356E+03
   1.0576770000000000E+09   5.0245355001817188E+04   2.5563140251735644E-10   2.0016189171510797E-20   2.4568569892133246E+03
   1.0596770000000000E+09   5.0502441376104311E+04   2.5197489684051610E-10   1.9771517093433448E-20   2.4516832109365637E+03
   1.0616770000000000E+09   5.0760336034404638E+04   2.4838311451922210E-10   1.9530699226986952E-20   2.4465345207265041E+03
   1.0636770000000000E+09   5.1019030330847156E+04   2.4485472001259338E-10   1.9293661422329880E-20   2.4414110100053126E+03
   1.0656770000000000E+09   5.1278515659582263E+04   2.4138840916694701E-10   1.9060331201506405E-20   2.4363127679809618E+03
   1.0676770000000000E+09   5.1538783500217338E+04   2.3798290840705500E-10   1.8830637716438695E-20   2.4312398817372527E+03
   1.0696770000000000E+09   5.1799825442954898E+04   2.3463697393233983E-10   1.8604511706660006E-20   2.4261924363262433E+03
   1.0716770000000000E+09   5.2061633202562618E+04   2.3134939092895943E-10   1.8381885457678401E-20   2.4211705148604765E+03
   1.0736770000000000E+09   5.2324198627209480E+04   2.2811897280408135E-10   1.8162692760493915E-20   2.4161741986037150E+03
   1.0756770000000000E+09   5.2587513705971796E+04   2.2494456044552038E-10   1.7946868872544290E-20   2.4112035670597097E+03
   1.0776770000000000E+09   5.2851570577121471E+04   2.2182502150765396E-10   1.7734350480174465E-20   2.4062586980590131E+03
   1.0796770000000000E+09   5.3116361537913734E+04   2.1875924972296651E-10   1.7525075662599452E-20   2.4013396678440963E+03
   1.0816770000000000E+09   5.3381879055541176E+04   2.1574616423750148E-10   1.7318983857243517E-20   2.3964465511530425E+03
   1.0836770000000000E+09   5.3648115778289335E+04   2.1278470896803393E-10   1.7116015826300104E-20   2.3915794213019885E+03
   1.0856770000000000E+09   5.3915064545777503E+04   2.0987385197878193E-10   1.6916113624355691E-20   2.3867383502663592E+03
   1.0876770000000000E+09   5.4182718397385688E+04   2.0701258487593289E-10   1.6719220566956294E-20   2.3819234087607674E+03
   1.0896770000000000E+09   5.4451070578421968E+04   2.0419992221883016E-10   1.6525281200040185E-20   2.3771346663173408E+03
   1.0916770000000000E+09   5.4720114544022523E+04   2.0143490094723485E-10   1.6334241270205263E-20   2.3723721913622039E+03
   1.0936770000000000E+09   5.4989843961074432E+04   1.9871657982442425E-10   1.6146047695806915E-20   2.3676360512898773E+03
   1.0956770000000000E+09   5.5260252708521948E+04   1.9604403889599741E-10   1.5960648538890532E-20   2.3629263125353659E+03
   1.0976770000000000E+09   5.5531334876297566E+04   1.9341637896419662E-10   1.5777992977957425E-20   2.3582430406438039E+03
   1.0996770000000000E+09   5.5803084762889601E+04   1.9083272107737405E-10   1.5598031281547700E-20   2.3535863003375289E+03
   1.1016770000000000E+09   5.6075496871316158E+04   1.8829220603405893E-10   1.5420714782609423E-20   2.3489561555804494E+03
   1.1036770000000000E+09   5.6348565903078779E+04   1.8579399390098615E-10   1.5245995853614711E-20   2.3443526696395902E+03
   1.1056770000000000E+09   5.6622286749566083E+04   1.8333726354442341E-10   1.5073827882381602E-20   2.3397759051435728E+03
   1.1076770000000000E+09   5.6896654480367790E+04   1.8092121217417850E-10   1.4904165248563321E-20   2.3352259241378179E+03
   1.1096770000000000E+09   5.7171664327994440E+04   1.7854505489978204E-10   1.4736963300775801E-20   2.3307027881361396E+03
   1.1116770000000000E+09   5.7447311668585739E+04   1.7620802429845669E-10   1.4572178334343482E-20   2.3262065581683873E+03
   1.1136770000000000E+09   5.7723591998283693E+04   1.7390936999457112E-10   1.4409767569650316E-20   2.3217372948237426E+03
   1.1156770000000000E+09   5.8000500905032801E+04   1.7164835825038363E-10   1.4249689131091309E-20   2.3172950582893041E+03
   1.1176770000000000E+09   5.8278034035658180E+04   1.6942427156790386E-10   1.4091902026622100E-20   2.3128799083835056E+03
   1.1196770000000000E+09   5.8556187058138872E+04   1.6723640830173192E-10   1.3936366127905813E-20   2.3084919045840093E+03
   1.1216770000000000E+09   5.8834955619071865E+04   1.6508408228273114E-10   1.3783042151056359E-20   2.3041311060496546E+03
   1.1236770000000000E+09   5.9114335296405523E+04   1.6296662245234249E-10   1.3631891637972729E-20   2.2997975716361098E+03
   1.1256770000000000E+09   5.9394321547597450E+04   1.6088337250732499E-10   1.3482876938256616E-20   2.2954913599048650E+03
   1.1276770000000000E+09   5.9674909653474293E+04   1.5883369055462427E-10   1.3335961191698054E-20   2.2912125291252833E+03
   1.1296770000000000E+09   5.9956094658177361E+04   1.5681694877601456E-10   1.3191108311308633E-20   2.2869611372694449E+03
   1.1316770000000000E+09   6.0237871305731620E+04   1.5483253310206249E-10   1.3048282966872723E-20   2.2827372419995804E+03
   1.1336770000000000E+09   6.0520233973924318E+04   1.5287984289488981E-10   1.2907450568980259E-20   2.2785409006479890E+03
   1.1356770000000000E+09   6.0803176606365691E+04   1.5095829063910321E-10   1.2768577253494384E-20   2.2743721701893942E+03
   1.1376770000000000E+09   6.1086692643785187E+04   1.4906730164017756E-10   1.2631629866399098E-20   2.2702311072058083E+03
   1.1396770000000000E+09   6.1370774955819172E+04   1.4720631372949235E-10   1.2496575948963154E-20   2.2661177678441099E+03
   1.1416770000000000E+09   6.1655415774744841E+04   1.4537477697513518E-10   1.2363383723147934E-20   2.2620322077666360E+03
   1.1436770000000000E+09   6.1940606632810770E+04   1.4357215339752951E-10   1.2232022077180204E-20   2.2579744820952910E+03
   1.1456770000000000E+09   6.2226338304991259E+04   1.4179791668889742E-10   1.2102460551205245E-20   2.2539446453497935E+03
   1.1476770000000000E+09   6.2512600759150060E+04   1.4005155193554471E-10   1.1974669322931890E-20   2.2499427513808891E+03
   1.1496770000000000E+09   6.2799383115706500E+04   1.3833255534197217E-10   1.1848619193180860E-20   2.2459688532995119E+03
   1.1516770000000000E+09   6.3086673618961038E+04   1.3664043395586181E-10   1.1724281571249696E-20   2.2420230034030974E+03
   1.1536770000000000E+09   6.3374459622239709E+04   1.3497470539306573E-10   1.1601628460013128E-20   2.2381052531003875E+03
   1.1556770000000000E+09   6.3662727588925736E+04   1.3333489756186263E-10   1.1480632440688097E-20   2.2342156528362652E+03
   1.1576770000000000E+09   6.3951463111281788E+04   1.3172054838590852E-10   1.1361266657205517E-20   2.2303542520183100E+03
   1.1596770000000000E+09   6.4240650948694398E+04   1.3013120552553404E-10   1.1243504800149990E-20   2.2265210989468687E+03
   1.1616770000000000E+09   6.4530275086605128E+04   1.2856642609728993E-10   1.1127321090249836E-20   2.2227162407505489E+03
   1.1636770000000000E+09   6.4820318816910571E+04   1.2702577639194298E-10   1.1012690261426548E-20   2.2189397233290729E+03
   1.1656770000000000E+09   6.5110764840045653E+04   1.2550883159145305E-10   1.0899587543442016E-20   2.2151915913054363E+03
   1.1676770000000000E+09   6.5401595388306654E+04   1.2401517548579298E-10   1.0787988644212504E-20   2.2114718879892480E+03
   1.1696770000000000E+09   6.5692792369238159E+04   1.2254440019084052E-10   1.0677869731892474E-20   2.2077806553530031E+03
   1.1716770000000000E+09   6.5984337527140859E+04   1.2109610586888726E-10   1.0569207416861955E-20   2.2041179340228455E+03
   1.1736770000000000E+09   6.6276212619972124E+04   1.1966990045363500E-10   1.0461978733782840E-20   2.2004837632851495E+03
   1.1756770000000000E+09   6.6568399608161984E+04   1.1826539938177860E-10   1.0356161123913798E-20   2.1968781811098793E+03
   1.1776770000000000E+09   6.6860880851166745E+04   1.1688222533347313E-10   1.0251732417894936E-20   2.1933012241913634E+03
   1.1796770000000000E+09   6.7153639307009827E+04   1.1552000798405847E-10   1.0148670819224746E-20   2.1897529280066742E+03
   1.1816770000000000E+09   6.7446658729628049E+04   1.1417838376939629E-10   1.0046954888654693E-20   2.1862333268913658E+03
   1.1836770000000000E+09   6.7739923858596303E+04   1.1285699566704216E-10   9.9465635297197351E-21   2.1827424541318323E+03
   1.1856770000000000E+09   6.8033420595783828E+04   1.1155549299520862E-10   9.8474759756034237E-21   2.1792803420731129E+03
   1.1876770000000000E+09   6.8327136163697054E+04   1.1027353123112034E-10   9.7496717775083407E-21   2.1758470222405099E+03
   1.1896770000000000E+09   6.8621059240717252E+04   1.0901077184987079E-10   9.6531307946618551E-21   2.1724425254729676E+03
   1.1916770000000000E+09   6.8915180069104026E+04   1.0776688218435991E-10   9.5578331860417753E-21   2.1690668820658498E+03
   1.1936770000000000E+09   6.9209490532518612E+04   1.0654153530626875E-10   9.4637594038517651E-21   2.1657201219204653E+03
   1.1956770000000000E+09   6.9503984200824445E+04   1.0533440992742547E-10   9.3708901887225957E-21   2.1624022746974965E+03
   1.1976770000000000E+09   6.9798656341072448E+04   1.0414519032030130E-10   9.2792065665585560E-21   2.1591133699714374E+03
   1.1996770000000000E+09   7.0093503894737354E+04   1.0297356625581947E-10   9.1886898468963765E-21   2.1558534373831440E+03
   1.2016770000000000E+09   7.0388525422432940E+04   1.0181923295619083E-10   9.0993216225984211E-21   2.1526225067876871E+03
   1.2036770000000000E+09   7.0683721018429933E+04   1.0068189106010196E-10   9.0110837706627337E-21   2.1494206083949684E+03
   1.2056770000000000E+09   7.0979092198256563E+04   9.9561246597330254E-11   8.9239584539051838E-21   2.1462477729007692E+03
   1.2076770000000000E+09   7.1274641763490989E+04   9.8457010969713882E-11   8.8379281232504255E-21   2.1431040316062954E+03
   1.2096770000000000E+09   7.1570373648490000E+04   9.7368900935384775E-11   8.7529755203611346E-21   2.1399894165246769E+03
   1.2116770000000000E+09   7.1866292754228358E+04   9.6296638593272254E-11   8.6690836803386455E-21   2.1369039604732875E+03
   1.2136770000000000E+09   7.2162404774674505E+04   9.5239951365074654E-11   8.5862359342399534E-21   2.1338476971512396E+03
   1.2156770000000000E+09   7.2458716021139378E+04   9.4198571972189578E-11   8.5044159111780331E-21   2.1308206612018112E+03
   1.2176770000000000E+09   7.2755233249855228E+04   9.3172238405460671E-11   8.4236075398013738E-21   2.1278228882600201E+03
   1.2196770000000000E+09   7.3051963497645673E+04   9.2160693886024665E-11   8.3437950489838734E-21   2.1248544149859513E+03
   1.2216770000000000E+09   7.3348913929949151E+04   9.1163686816035097E-11   8.2649629675982873E-21   2.1219152790847761E+03
   1.2236770000000000E+09   7.3646091704678998E+04   9.0180970718547186E-11   8.1870961232908612E-21   2.1190055193147005E+03
   1.2256770000000000E+09   7.3943503854474548E+04   8.9212304166390385E-11   8.1101796402231998E-21   2.1161251754842760E+03
   1.2276770000000000E+09   7.4241157188867510E+04   8.8257450700364456E-11   8.0341989357938611E-21   2.1132742884406703E+03
   1.2296770000000000E+09   7.4539058216824706E+04   8.7316178737585584E-11   7.9591397163978712E-21   2.1104529000504904E+03
   1.2316770000000000E+09   7.4837213089113531E+04   8.6388261471207025E-11   7.8849879723203165E-21   2.1076610531747815E+03
   1.2336770000000000E+09   7.5135627559036599E+04   8.5473476763062567E-11   7.8117299718920358E-21   2.1048987916396877E+03
   1.2356770000000000E+09   7.5434306959385533E+04   8.4571607030959020E-11   7.7393522550545722E-21   2.1021661602040776E+03
   1.2376770000000000E+09   7.5733256192989167E+04   8.3682439132433653E-11   7.6678416264924810E-21   2.0994632045253225E+03
   1.2396770000000000E+09   7.6032479734044813E+04   8.2805764246717352E-11   7.5971851484874442E-21   2.0967899711240707E+03
   1.2416770000000000E+09   7.6331981637422359E+04   8.1941377756515313E-11   7.5273701336393428E-21   2.0941465073487593E+03
   1.2436770000000000E+09   7.6631765553374498E+04   8.1089079130977878E-11   7.4583841375801507E-21   2.0915328613402862E+03
   1.2456770000000000E+09   7.6931834745419721E+04   8.0248671810983973E-11   7.3902149517853700E-21   2.0889490819971538E+03
   1.2476770000000000E+09   7.7232192109576514E+04   7.9419963097590556E-11   7.3228505965646746E-21   2.0863952189412103E+03
   1.2496770000000000E+09   7.7532840193557102E+04   7.8602764044244622E-11   7.2562793142909281E-21   2.0838713224839635E+03
   1.2516770000000000E+09   7.7833781214883071E+04   7.7796889353152897E-11   7.1904895629088120E-21   2.0813774435934147E+03
   1.2536770000000000E+09   7.8135017077247539E+04   7.7002157276010787E-11   7.1254700097469385E-21   2.0789136338612489E+03
   1.2556770000000000E+09   7.8436549384697515E+04   7.6218389519165323E-11   7.0612095256458502E-21   2.0764799454701697E+03
   1.2576770000000000E+09   7.8738379453461952E+04   7.5445411153167085E-11   6.9976971794029785E-21   2.0740764311612052E+03
   1.2596770000000000E+09   7.9040508321430360E+04   7.4683050526584571E-11   6.9349222325281853E-21   2.0717031442007324E+03
   1.2616770000000000E+09   7.9342936755427974E+04   7.3931139183901949E-11   6.8728741342981014E-21   2.0693601383470414E+03
   1.2636770000000000E+09   7.9645665256543376E+04   7.3189511787273210E-11   6.8115425170929252E-21   2.0670474678162022E+03
   1.2656770000000000E+09   7.9948694063793984E+04   7.2458006041905138E-11   6.7509171919986676E-21   2.0647651872471051E+03
   1.2676770000000000E+09   8.0252023156418494E+04   7.1736462624840127E-11   6.6909881446575132E-21   2.0625133516654919E+03
   1.2696770000000000E+09   8.0555652255035864E+04   7.1024725116935044E-11   6.6317455313508987E-21   2.0602920164468419E+03
   1.2716770000000000E+09   8.0859580821833792E+04   7.0322639937861153E-11   6.5731796753022042E-21   2.0581012372780233E+03
   1.2736770000000000E+09   8.1163808059872885E+04   6.9630056283978254E-11   6.5152810631885198E-21   2.0559410701175611E+03
   1.2756770000000000E+09   8.1468332911531732E+04   6.8946826068958967E-11   6.4580403418526200E-21   2.0538115711544665E+03
   1.2776770000000000E+09   8.1773154056071653E+04   6.8272803867045222E-11   6.4014483152068871E-21   2.0517127967654974E+03
   1.2796770000000000E+09   8.2078269906266331E+04   6.7607846858827738E-11   6.3454959413214416E-21   2.0496448034707678E+03
   1.2816770000000000E+09   8.2383678604022803E+04   6.6951814779434403E-11   6.2901743296881438E-21   2.0476076478876157E+03
   1.2836770000000000E+09   8.2689378014887043E+04   6.6304569869009276E-11   6.2354747386516659E-21   2.0456013866826165E+03
   1.2856770000000000E+09   8.2995365721278999E+04   6.5665976825372352E-11   6.1813885729993506E-21   2.0436260765216555E+03
   1.2876770000000000E+09   8.3301639014236411E+04   6.5035902758749746E-11   6.1279073817015156E-21   2.0416817740179445E+03
   1.2896770000000000E+09   8.3608194883358185E+04   6.4414217148482550E-11   6.0750228557954176E-21   2.0397685356778741E+03
   1.2916770000000000E+09   8.3915030004508881E+04   6.3800791801642846E-11   6.0227268264079558E-21   2.0378864178445679E+03
   1.2936770000000000E+09   8.4222140724695520E+04   6.3195500813520189E-11   5.9710112629154244E-21   2.0360354766389894E+03
   1.2956770000000000E+09   8.4529523043335081E+04   6.2598220529982039E-11   5.9198682712423894E-21   2.0342157678984277E+03
   1.2976770000000000E+09   8.4837172588937945E+04   6.2008829511761023E-11   5.8692900923065091E-21   2.0324273471121423E+03
   1.2996770000000000E+09   8.5145084590103128E+04   6.1427208500749195E-11   5.8192691006187688E-21   2.0306702693539135E+03
   1.3016770000000000E+09   8.5453253839772617E+04   6.0853240388367396E-11   5.7697978030475736E-21   2.0289445892111776E+03
   1.3036770000000000E+09   8.5761674652136106E+04   6.0286810185966680E-11   5.7208688377446318E-21   2.0272503607104131E+03
   1.3056770000000000E+09   8.6070340812642477E+04   5.9727804996949684E-11   5.6724749732048507E-21   2.0255876372384296E+03
   1.3076770000000000E+09   8.6379245523511127E+04   5.9176113989831135E-11   5.6246091073874840E-21   2.0239564714592800E+03
   1.3096770000000000E+09   8.6688381350159892E+04   5.8631628370727259E-11   5.5772642667552904E-21   2.0223569152266966E+03
   1.3116770000000000E+09   8.6997740178027874E+04   5.8094241352816399E-11   5.5304336049962699E-21   2.0207890194923586E+03
   1.3136770000000000E+09   8.7307313194030110E+04   5.7563848119240946E-11   5.4841104010877169E-21   2.0192528342107971E+03
   1.3156770000000000E+09   8.7617090911461724E+04   5.7040345774959249E-11   5.4382880562665522E-21   2.0177484082426188E+03
   1.3176770000000000E+09   8.7927063260041585E+04   5.6523633282587398E-11   5.3929600894206656E-21   2.0162757892587040E+03
   1.3196770000000000E+09   8.8237219761978587E+04   5.6013611377763220E-11   5.3481201304583317E-21   2.0148350236491012E+03
   1.3216770000000000E+09   8.8547549808253039E+04   5.5510182461516497E-11   5.3037619113957219E-21   2.0134261564412527E+03
   1.3236770000000000E+09   8.8858043035131166E+04   5.5013250470861249E-11   5.2598792552583572E-21   2.0120492312326439E+03
   1.3256770000000000E+09   8.9168689779244713E+04   5.4522720734232081E-11   5.2164660634131340E-21   2.0107042901425211E+03
   1.3276770000000000E+09   8.9479481562944362E+04   5.4038499824750047E-11   5.1735163025655918E-21   2.0093913737857833E+03
   1.3296770000000000E+09   8.9790411536009648E+04   5.3560495430087792E-11   5.1310239932261281E-21   2.0081105212692348E+03
   1.3316770000000000E+09   9.0101474783860307E+04   5.3088616260811479E-11   5.0889832017658952E-21   2.0068617702063939E+03
   1.3336770000000000E+09   9.0412668415874199E+04   5.2622772017252751E-11   5.0473880380281293E-21   2.0056451567426459E+03
   1.3356770000000000E+09   9.0723991377370636E+04   5.2162873426717451E-11   5.0062326596851043E-21   2.0044607155786473E+03
   1.3376770000000000E+09   9.1035443985358259E+04   5.1708832348434562E-11   4.9655112831533347E-21   2.0033084799780556E+03
   1.3396770000000000E+09   9.1347027260904404E+04   5.1260561925876301E-11   4.9252181991629962E-21   2.0021884817468263E+03
   1.3416770000000000E+09   9.1658742198999273E+04   5.0817976750133094E-11   4.8853477895197219E-21   2.0011007511760781E+03
   1.3436770000000000E+09   9.1970589153263616E+04   5.0380992990283274E-11   4.8458945408157097E-21   2.0000453169481659E+03
   1.3456770000000000E+09   9.2282567495308496E+04   4.9949528452257735E-11   4.8068530513436145E-21   1.9990222060142637E+03
   1.3476770000000000E+09   9.2594675631157996E+04   4.9523502547517859E-11   4.7682180293464117E-21   1.9980314434586173E+03
   1.3496770000000000E+09   9.2906911339224855E+04   4.9102836181900247E-11   4.7299842835258478E-21   1.9970730523671236E+03
   1.3516770000000000E+09   9.3219272278807912E+04   4.8687451602775732E-11   4.6921467094287527E-21   1.9961470537144728E+03
   1.3536770000000000E+09   9.3531756456412942E+04   4.8277272257017517E-11   4.6547002767518396E-21   1.9952534662757748E+03
   1.3556770000000000E+09   9.3844362464247344E+04   4.7872222705173025E-11   4.6176400219645450E-21   1.9943923065583317E+03
   1.3576770000000000E+09   9.4157089416709467E+04   4.7472228610012943E-11   4.5809610480539992E-21   1.9935635887414312E+03
   1.3596770000000000E+09   9.4469936656814694E+04   4.7077216782278867E-11   4.5446585297891092E-21   1.9927673246102206E+03
   1.3616770000000000E+09   9.4782903410595944E+04   4.6687115240664804E-11   4.5087277203892257E-21   1.9920035234745797E+03
   1.3636770000000000E+09   9.5095988574557938E+04   4.6301853240799405E-11   4.4731639552278604E-21   1.9912721920728145E+03
   1.3656770000000000E+09   9.5409190724506596E+04   4.5921361250524171E-11   4.4379626503484488E-21   1.9905733344679802E+03
   1.3676770000000000E+09   9.5722508292698520E+04   4.5545570882430205E-11   4.4031192968146324E-21   1.9899069519472916E+03
   1.3696770000000000E+09   9.6035939764222479E+04   4.5174414818413021E-11   4.3686294542334495E-21   1.9892730429313767E+03
   1.3716770000000000E+09   9.6349483753940061E+04   4.4807826760233716E-11   4.3344887467419899E-21   1.9886716028928306E+03
   1.3736770000000000E+09   9.6663138929242748E+04   4.4445741416926522E-11   4.3006928625280540E-21   1.9881026242779490E+03
   1.3756770000000000E+09   9.6976903860497987E+04   4.4088094512452023E-11   4.2672375553006973E-21   1.9875660964250553E+03
   1.3776770000000000E+09   9.7290776922249657E+04   4.3734822785793276E-11   4.2341186450264494E-21   1.9870620054774574E+03
   1.3796770000000000E+09   9.7604756308245836E+04   4.3385863967697261E-11   4.2013320163919861E-21   1.9865903342944250E+03
   1.3816770000000000E+09   9.7918840119592467E+04   4.3041156741444217E-11   4.1688736156931159E-21   1.9861510623655690E+03
   1.3836770000000000E+09   9.8233026426298951E+04   4.2700640709215455E-11   4.1367394482330471E-21   1.9857441657312525E+03
   1.3856770000000000E+09   9.8547313223465389E+04   4.2364256381256712E-11   4.1049255779031450E-21   1.9853696169069124E+03
   1.3876770000000000E+09   9.8861698240386948E+04   4.2031945193806906E-11   4.0734281295403213E-21   1.9850273848056554E+03
   1.3896770000000000E+09   9.9176178470050509E+04   4.1703649571767514E-11   4.0422432956293605E-21   1.9847174346508557E+03
   1.3916770000000000E+09   9.9490748861967732E+04   4.1379313119703072E-11   4.0113673554921284E-21   1.9844397278608722E+03
   1.3936770000000000E+09   9.9805398480601405E+04   4.1058881209366268E-11   3.9807967330752866E-21   1.9841942218541601E+03
   1.3956770000000000E+09   1.0012009966071908E+05   4.0742302674752581E-11   3.9505281625812656E-21   1.9839808696297355E+03
   1.3976770000000000E+09   1.0043477926799448E+05   4.0429534349780087E-11   3.9205591309601705E-21   1.9837996187511546E+03
   1.3996770000000000E+09   1.0074924748483331E+05   4.0120552384476400E-11   3.8908889807265965E-21   1.9836504088499742E+03
   1.4016770000000000E+09   1.0106303405390796E+05   3.9815378437604870E-11   3.8615214622613997E-21   1.9835331656949750E+03
   1.4036770000000000E+09   1.0137504359938797E+05   3.9514135272653778E-11   3.8324701519496694E-21   1.9834477878594942E+03
   1.4056770000000000E+09   1.0168290523803222E+05   3.9217152861493181E-11   3.8037687959727996E-21   1.9833941187374473E+03
   1.4076770000000000E+09   1.0198190808255436E+05   3.8925144804602889E-11   3.7754885201603523E-21   1.9833718924038089E+03
   1.4096770000000000E+09   1.0226357857745946E+05   3.8639449585830959E-11   3.7477613960546246E-21   1.9833806385543460E+03
   1.4116770000000000E+09   1.0251433502801288E+05   3.8362267259983500E-11   3.7208036451451289E-21   1.9834195341780642E+03
   1.4136770000000000E+09   1.0271503366379792E+05   3.8096746005058079E-11   3.6949243482471645E-21   1.9834872040933512E+03
   1.4156770000000000E+09   1.0284173387831682E+05   3.7846819441461526E-11   3.6705099919022044E-21   1.9835814998684950E+03
   1.4176770000000000E+09   1.0286544637012514E+05   3.7617095197878474E-11   3.6480139176163311E-21   1.9836993048719480E+03
   1.4196770000000000E+09   1.0274511598745456E+05   3.7413789605488725E-11   3.6280471771835848E-21   1.9838363583235166E+03
   1.4216770000000000E+09   1.0241195026810723E+05   3.7247465427663625E-11   3.6116445231100041E-21   1.9839868944136952E+03
   1.4236770000000000E+09   1.0176669828804924E+05   3.7134749937782170E-11   3.6004325038501889E-21   1.9841426909351919E+03
   1.4256770000000000E+09   1.0073919677417011E+05   3.7090247445069749E-11   3.5958477372035187E-21   1.9842916669245437E+03
   1.4276770000000000E+09   9.9411390357195705E+04   3.7104338320043278E-11   3.5969838079248401E-21   1.9844185584221809E+03
   1.4296770000000000E+09   9.8046909909770256E+04   3.7130813325894062E-11   3.5993814371659313E-21   1.9845116885846617E+03
   1.4316770000000000E+09   9.6865349819946059E+04   3.7121568445550772E-11   3.5983766251000266E-21   1.9845715999974570E+03
   1.4336770000000000E+09   9.5845785529912697E+04   3.7080497410962242E-11   3.5943290456313637E-21   1.9846082408799455E+03
   1.4356770000000000E+09   9.4621964540901667E+04   3.7018250575078609E-11   3.5882609191301113E-21   1.9846272366719747E+03
   6.5767700000000000E+08  -3.6068858979334045E+03   4.9391113362011228E-13   5.0985291385509914E-24   1.1744688338584340E+03
   6.5967700000000000E+08  -3.1877374189559500E+03   7.6199926950899604E-13   7.4776810016776595E-24   1.2354500950394738E+03
   6.6167700000000000E+08  -2.7841790363662358E+03   1.0482934955103009E-12   9.8942512259461587E-24   1.2845101608465618E+03
   6.6367700000000000E+08  -2.3033348637242193E+03   1.3608996167098785E-12   1.2512141417107210E-23   1.3186575745560583E+03
   6.6567700000000000E+08  -1.5773361797120517E+03   1.6849236375670185E-12   1.5183980359228590E-23   1.3453403749782567E+03
   6.6767700000000000E+08  -7.5219476906090256E+02   2.0200128930824974E-12   1.7903952127863366E-23   1.3678636850765715E+03
   6.6967700000000000E+08  -1.5231752386150241E+01   2.3812483460680487E-12   2.0735061302164040E-23   1.3923132432053512E+03
   6.7167700000000000E+08   2.5337000147274895E+02   2.8129979296184881E-12   2.3711907621604956E-23   1.4382702736349961E+03
   6.7367700000000000E+08  -1.1434759290586644E+03   3.4240130807334411E-12   2.6129225943286923E-23   1.5887166869933337E+03
   6.7567700000000000E+08  -7.1457532496249578E+03   4.4615788209699124E-12   2.6922073300053654E-23   2.0091744828967303E+03
   6.7767700000000000E+08  -1.9765799422153021E+04   6.1154708367564661E-12   2.8326961975404900E-23   2.6173842588283728E+03
   6.7967700000000000E+08  -3.6728588510050606E+04   8.4461418447986427E-12   3.2591400134969198E-23   3.1419041996261999E+03
   6.8167700000000000E+08  -5.4370291695795066E+04   1.1699038188963869E-11   4.0937423896658764E-23   3.4647127557477716E+03
   6.8367700000000000E+08  -6.8472267859356609E+04   1.6282195147027759E-11   5.4923209345560234E-23   3.5941370658945534E+03
   6.8567700000000000E+08  -7.6352505896187387E+04   2.2689332524760308E-11   7.6627703524648211E-23   3.5898268045888981E+03
   6.8767700000000000E+08  -7.7931140467543868E+04   3.1437493093140883E-11   1.0846775474469064E-22   3.5138631440865470E+03
   6.8967700000000000E+08  -7.4831880986572069E+04   4.2994037509649145E-11   1.5279960945284920E-22   3.4113287398559942E+03
   6.9167700000000000E+08  -6.9056194126173243E+04   5.7681836980247504E-11   2.1134019040275652E-22   3.3089832956507171E+03
   6.9367700000000000E+08  -6.2190355305480385E+04   7.5574194410300759E-11   2.8455148191039662E-22   3.2199584013914182E+03
   6.9567700000000000E+08  -5.5171465436440281E+04   9.6418868021928178E-11   3.7123418538785239E-22   3.1488476810297825E+03
   6.9767700000000000E+08  -4.8384695360262631E+04   1.1963853370269124E-10   4.6855134672143857E-22   3.0956473259623226E+03
   6.9967700000000000E+08  -4.1875067417565035E+04   1.4442066654069944E-10   5.7250606560595068E-22   3.0583475643280303E+03
   7.0167700000000000E+08  -3.5535823797057703E+04   1.6986136466534418E-10   6.7867413729148749E-22   3.0343864869580661E+03
   7.0367700000000000E+08  -2.9227419572709859E+04   1.9510672069358420E-10   7.8291043864826697E-22   3.0213270028383658E+03
   7.0567700000000000E+08  -2.2836150515976900E+04   2.1944968997066879E-10   8.8182757051126266E-22   3.0170943039979120E+03
   7.0767700000000000E+08  -1.6294019819159865E+04   2.4236995947695368E-10   9.7299079851240387E-22   3.0200048704111414E+03
   7.0967700000000000E+08  -9.5773381315715451E+03   2.6352808731491439E-10   1.0548870513858773E-21   3.0287158811894178E+03
   7.1167700000000000E+08  -2.6959000538827627E+03   2.8273456012935669E-10   1.1267691643630636E-21   3.0421563509058710E+03
   7.1367700000000000E+08   4.3252229188219935E+03   2.9991639542851384E-10   1.1884814874553259E-21   3.0594641800926133E+03
   7.1567700000000000E+08   1.1457202891528597E+04   3.1508250680242108E-10   1.2402799044467780E-21   3.0799393980261493E+03
   7.1767700000000000E+08   1.8618779822056822E+04   3.2821502322872124E-10   1.2823305152002561E-21   3.1031020990527677E+03
   7.1967700000000000E+08   2.5734151481493413E+04   3.3945029087794929E-10   1.3155218277763884E-21   3.1283527154283261E+03
   7.2167700000000000E+08   3.2779459369789918E+04   3.4890055269195195E-10   1.3406424430148409E-21   3.1551955391326128E+03
   7.2367700000000000E+08   3.9733596855036696E+04   3.5667676539316098E-10   1.3584498362647316E-21   3.1832357238021018E+03
   7.2567700000000000E+08   4.6579098864638232E+04   3.6288889710793456E-10   1.3696666229189379E-21   3.2121542662450147E+03
   7.2767700000000000E+08   5.3303536711063804E+04   3.6764580295694681E-10   1.3749773057721997E-21   3.2416913982870738E+03
   7.2967700000000000E+08   5.9900024469824908E+04   3.7105574815441250E-10   1.3750291079717043E-21   3.2716350951515133E+03
   7.3167700000000000E+08   6.6367126676176544E+04   3.7322696912285903E-10   1.3704341069803981E-21   3.3018127912006562E+03
   7.3367700000000000E+08   7.2708317765753978E+04   3.7426786148639230E-10   1.3617708767719703E-21   3.3320850650842467E+03
   7.3567700000000000E+08   7.8931131085265763E+04   3.7428661170729556E-10   1.3495848218273385E-21   3.3623405142675497E+03
   7.3767700000000000E+08   8.5046141269896136E+04   3.7339028658172755E-10   1.3343871513318641E-21   3.3924913637308100E+03
   7.3967700000000000E+08   9.1065917970569339E+04   3.7168353486963337E-10   1.3166529388084916E-21   3.4224695769272225E+03
   7.4167700000000000E+08   9.7004067706549584E+04   3.6926712651409142E-10   1.2968189384646954E-21   3.4522233763233944E+03
   7.4367700000000000E+08   1.0287443823306412E+05   3.6623655754918099E-10   1.2752818141539423E-21   3.4817141533072613E+03
   7.4567700000000000E+08   1.0869051923500870E+05   3.6268089813013058E-10   1.2523972502284345E-21   3.5109137729009312E+03
   7.4767700000000000E+08   1.1446503678661321E+05   3.5868198688096921E-10   1.2284801654112955E-21   3.5398022765120859E+03
   7.4967700000000000E+08   1.2020971545429032E+05   3.5431400035649770E-10   1.2038060190955136E-21   3.5683659713780676E+03
   7.5167700000000000E+08   1.2593517081041614E+05   3.4964336878960797E-10   1.1786130351312249E-21   3.5965958790672639E+03
   7.5367700000000000E+08   1.3165089399979170E+05   3.4472897457271923E-10   1.1531050841151316E-21   3.6244865031156755E+03
   7.5567700000000000E+08   1.3736529492996106E+05   3.3962255654885798E-10   1.1274549499489015E-21   3.6520348695053272E+03
   7.5767700000000000E+08   1.4308577817162612E+05   3.3436924544609804E-10   1.1018077371383557E-21   3.6792397927934753E+03
   7.5967700000000000E+08   1.4881883333182932E+05   3.2900816709552221E-10   1.0762842287544308E-21   3.7061013237766801E+03
   7.6167700000000000E+08   1.5457012819846283E+05   3.2357306491952609E-10   1.0509840633422507E-21   3.7326203399400774E+03
   7.6367700000000000E+08   1.6034459789319662E+05   3.1809290785862985E-10   1.0259886514492871E-21   3.7587982461998363E+03
   7.6567700000000000E+08   1.6614652666377719E+05   3.1259246243394768E-10   1.0013637939095820E-21   3.7846367596319205E+03
   7.6767700000000000E+08   1.7197962108215236E+05   3.0709281730821917E-10   9.7716199370169246E-22   3.8101377574408689E+03
   7.6967700000000000E+08   1.7784707463458992E+05   3.0161185557889868E-10   9.5342447246714473E-22   3.8353031721207303E+03
   7.7167700000000000E+08   1.8375162430105126E+05   2.9616467455792664E-10   9.3018291389439132E-22   3.8601349215623513E+03
   7.7367700000000000E+08   1.8969559996122320E+05   2.9076395552237565E-10   9.0746096146414012E-22   3.8846348648457592E+03
   7.7567700000000000E+08   1.9568096750017165E+05   2.8542028738207183E-10   8.8527549949978292E-22   3.9088047767503831E+03
   7.7767700000000000E+08   2.0170936642451247E+05   2.8014244883223137E-10   8.6363774558763395E-22   3.9326463357554380E+03
   7.7967700000000000E+08   2.0778214270336815E+05   2.7493765365988255E-10   8.4255418029261365E-22   3.9561611216123133E+03
   7.8167700000000000E+08   2.1390037745051933E+05   2.6981176367437392E-10   8.2202733739599509E-22   3.9793506195541645E+03
   7.8367700000000000E+08   2.2006491197974925E+05   2.6476947338030886E-10   8.0205647505082040E-22   4.0022162289475696E+03
   7.8567700000000000E+08   2.2627636969816522E+05   2.5981447009643687E-10   7.8263814552891199E-22   4.0247592747497633E+03
   7.8767700000000000E+08   2.3253517525065978E+05   2.5494957279932889E-10   7.6376667874132057E-22   4.0469810205589097E+03
   7.8967700000000000E+08   2.3884157128859169E+05   2.5017685256494195E-10   7.4543459249870706E-22   4.0688826823686086E+03
   7.9167700000000000E+08   2.4519563320300740E+05   2.4549773710828834E-10   7.2763294054486641E-22   4.0904654423852676E+03
   7.9367700000000000E+08   2.5159728213355408E+05   2.4091310158670008E-10   7.1035160772924973E-22   4.1117304624568042E+03
   7.9567700000000000E+08   2.5804629653616602E+05   2.3642334753603619E-10   6.9357956025711010E-22   4.1326788968058781E+03
   7.9767700000000000E+08   2.6454232256407209E+05   2.3202847154975085E-10   6.7730505774029863E-22   4.1533119038706718E+03
   7.9967700000000000E+08   2.7108488348717277E+05   2.2772812508494627E-10   6.6151583273972073E-22   4.1736306571384885E+03
   8.0167700000000000E+08   2.7767338834449893E+05   2.2352166658405989E-10   6.4619924261653064E-22   4.1936363549180114E+03
   8.0367700000000000E+08   2.8430713999394444E+05   2.1940820693225675E-10   6.3134239777028984E-22   4.2133302290395759E+03
   8.0567700000000000E+08   2.9098534269352985E+05   2.1538664912573909E-10   6.1693226971862534E-22   4.2327135525031745E+03
   8.0767700000000000E+08   2.9770710932005214E+05   2.1145572290208814E-10   6.0295578194704104E-22   4.2517876461139931E+03
   8.0967700000000000E+08   3.0447146830480138E+05   2.0761401497770130E-10   5.8939988601443863E-22   4.2705538841578900E+03
   8.1167700000000000E+08   3.1127737034277484E+05   2.0385999544696866E-10   5.7625162502681647E-22   4.2890136991760028E+03
   8.1367700000000000E+08   3.1812369491184363E+05   2.0019204082084412E-10   5.6349818627740200E-22   4.3071685859007839E+03
   8.1567700000000000E+08   3.2500925662186317E+05   1.9660845411699005E-10   5.5112694458684736E-22   4.3250201044158812E+03
   8.1767700000000000E+08   3.3193281140079501E+05   1.9310748235800149E-10   5.3912549765400797E-22   4.3425698826009502E+03
   8.1967700000000000E+08   3.3889306251534790E+05   1.8968733178686754E-10   5.2748169453953448E-22   4.3598196179200704E+03
   8.2167700000000000E+08   3.4588866641725675E+05   1.8634618106853713E-10   5.1618365824537987E-22   4.3767710786096186E+03
   8.2367700000000000E+08   3.5291823840266233E+05   1.8308219271213732E-10   5.0521980321862820E-22   4.3934261043185397E+03
   8.2567700000000000E+08   3.5998035807078617E+05   1.7989352291912129E-10   4.9457884849383887E-22   4.4097866062511966E+03
   8.2767700000000000E+08   3.6707357456871041E+05   1.7677833003764462E-10   4.8424982709116213E-22   4.4258545668604356E+03
   8.2967700000000000E+08   3.7419641161116940E+05   1.7373478178211322E-10   4.7422209220503876E-22   4.4416320391361924E+03
   8.3167700000000000E+08   3.8134737226725573E+05   1.7076106135859836E-10   4.6448532064817705E-22   4.4571211455329494E+03
   8.3367700000000000E+08   3.8852494350953394E+05   1.6785537262117681E-10   4.5502951395572698E-22   4.4723240765773962E+03
   8.3567700000000000E+08   3.9572760052472120E+05   1.6501594437086172E-10   4.4584499750361247E-22   4.4872430891958356E+03
   8.3767700000000000E+08   4.0295381078855286E+05   1.6224103389726219E-10   4.3692241795138372E-22   4.5018805047990709E+03
   8.3967700000000000E+08   4.1020203791033977E+05   1.5952892985316185E-10   4.2825273928259350E-22   4.5162387071604007E+03
   8.4167700000000000E+08   4.1747074525490211E+05   1.5687795454355129E-10   4.1982723768346763E-22   4.5303201401204233E+03
   8.4367700000000000E+08   4.2475839935084380E+05   1.5428646570302942E-10   4.1163749547265047E-22   4.5441273051498110E+03
   8.4567700000000000E+08   4.3206347309450229E+05   1.5175285782870506E-10   4.0367539427025682E-22   4.5576627587987978E+03
   8.4767700000000000E+08   4.3938444875839027E+05   1.4927556312957374E-10   3.9593310757266176E-22   4.5709291100593264E+03
   8.4967700000000000E+08   4.4671982081169717E+05   1.4685305214765732E-10   3.8840309287982994E-22   4.5839290176628574E+03
   8.5167700000000000E+08   4.5406809855859372E+05   1.4448383410085770E-10   3.8107808350408225E-22   4.5966651873338815E+03
   8.5367700000000000E+08   4.6142780859791307E+05   1.4216645699238898E-10   3.7395108017266452E-22   4.6091403690161796E+03
   8.5567700000000000E+08   4.6879749710557726E+05   1.3989950752675390E-10   3.6701534252105530E-22   4.6213573540859725E+03
   8.5767700000000000E+08   4.7617573193908273E+05   1.3768161086749817E-10   3.6026438055951677E-22   4.6333189725633256E+03
   8.5967700000000000E+08   4.8356110456173052E+05   1.3551143026741032E-10   3.5369194618185240E-22   4.6450280903308294E+03
   8.6167700000000000E+08   4.9095223178323748E+05   1.3338766659745682E-10   3.4729202477272666E-22   4.6564876063663496E+03
   8.6367700000000000E+08   4.9834775731307629E+05   1.3130905779659153E-10   3.4105882695823348E-22   4.6677004499950244E+03
   8.6567700000000000E+08   5.0574635312333453E+05   1.2927437826071346E-10   3.3498678053379877E-22   4.6786695781643211E+03
   8.6767700000000000E+08   5.1314672061911167E+05   1.2728243818550789E-10   3.2907052259401246E-22   4.6893979727451087E+03
   8.6967700000000000E+08   5.2054759161635657E+05   1.2533208287475202E-10   3.2330489188071798E-22   4.6998886378611960E+03
   8.7167700000000000E+08   5.2794772912946704E+05   1.2342219202292371E-10   3.1768492135866221E-22   4.7101445972496931E+03
   8.7367700000000000E+08   5.3534592797370616E+05   1.2155167897865225E-10   3.1220583102228218E-22   4.7201688916546282E+03
   8.7567700000000000E+08   5.4274101519039925E+05   1.1971948999369074E-10   3.0686302093271222E-22   4.7299645762566879E+03
   8.7767700000000000E+08   5.5013185030566354E+05   1.1792460346065946E-10   3.0165206448079939E-22   4.7395347181423822E+03
   8.7967700000000000E+08   5.5751732543598884E+05   1.1616602914178433E-10   2.9656870186970169E-22   4.7488823938165697E+03
   8.8167700000000000E+08   5.6489636525611021E+05   1.1444280739017239E-10   2.9160883380935947E-22   4.7580106867627046E+03
   8.8367700000000000E+08   5.7226792684640246E+05   1.1275400836477623E-10   2.8676851541459087E-22   4.7669226850557679E+03
   8.8567700000000000E+08   5.7963099943846429E+05   1.1109873123999907E-10   2.8204395029852853E-22   4.7756214790331151E+03
   8.8767700000000000E+08   5.8698460407955351E+05   1.0947610341074820E-10   2.7743148485320604E-22   4.7841101590287817E+03
   8.8967700000000000E+08   5.9432779324038932E+05   1.0788527969343012E-10   2.7292760270875655E-22   4.7923918131770524E+03
   8.9167700000000000E+08   6.0165965040055197E+05   1.0632544152244692E-10   2.6852891936075892E-22   4.8004695252914480E+03
   8.9367700000000000E+08   6.0897928966895409E+05   1.0479579613939647E-10   2.6423217694973871E-22   4.8083463728262068E+03
   8.9567700000000000E+08   6.1628585554849613E+05   1.0329557576697217E-10   2.6003423916413353E-22   4.8160254249294258E+03
   8.9767700000000000E+08   6.2357852305894485E+05   1.0182403674931216E-10   2.5593208621272556E-22   4.8235097406011637E+03
   8.9967700000000000E+08   6.3085649862180545E+05   1.0038045862287645E-10   2.5192280976875193E-22   4.8308023669774429E+03
   9.0167700000000000E+08   6.3811902240388759E+05   9.8964143056476280E-11   2.4800360772495285E-22   4.8379063377726679E+03
   9.0367700000000000E+08   6.4536537315629038E+05   9.7574412573446869E-11   2.4417177853597913E-22   4.8448246719284261E+03
   9.0567700000000000E+08   6.5259487672193907E+05   9.6210608969126976E-11   2.4042471492691507E-22   4.8515603725315250E+03
   9.0767700000000000E+08   6.5980691871482984E+05   9.4872091418695720E-11   2.3675989695311885E-22   4.8581164260704491E+03
   9.0967700000000000E+08   6.6700095940728823E+05   9.3558234516733395E-11   2.3317488501119344E-22   4.8644958020838294E+03
   9.1167700000000000E+08   6.7417654368299153E+05   9.2268426960214769E-11   2.2966731456785583E-22   4.8707014531990990E+03
   9.1367700000000000E+08   6.8133329163211340E+05   9.1002072186213416E-11   2.2623489585228056E-22   4.8767363154358709E+03
   9.1567700000000000E+08   6.8847085046050069E+05   8.9758592567768252E-11   2.2287542246407640E-22   4.8826033084020182E+03
   9.1767700000000000E+08   6.9558879548829282E+05   8.8537437921624385E-11   2.1958679072781681E-22   4.8883053345573135E+03
   9.1967700000000000E+08   7.0268649739817693E+05   8.7338096320460928E-11   2.1636702480066100E-22   4.8938452760770906E+03
   9.2167700000000000E+08   7.0976302160059894E+05   8.6160101037070865E-11   2.1321429229689723E-22   4.8992259874279025E+03
   9.2367700000000000E+08   7.1681715889991447E+05   8.5003025087314560E-11   2.1012688943262282E-22   4.9044502829543326E+03
   9.2567700000000000E+08   7.2384764760061470E+05   8.3866459013577700E-11   2.0710318500174575E-22   4.9095209226677425E+03
   9.2767700000000000E+08   7.3085350730014767E+05   8.2749980260866929E-11   2.0414154366573654E-22   4.9144406057081505E+03
   9.2967700000000000E+08   7.3783425675874669E+05   8.1653134471657943E-11   2.0124027829228814E-22   4.9192119836388374E+03
   9.3167700000000000E+08   7.4478986735889968E+05   8.0575439784600268E-11   1.9839765862162845E-22   4.9238376900184603E+03
   9.3367700000000000E+08   7.5172060848270857E+05   7.9516398126060246E-11   1.9561193713601042E-22   4.9283203713832563E+03
   9.3567700000000000E+08   7.5862728895001218E+05   7.8475458039255121E-11   1.9288125608649784E-22   4.9326627105103735E+03
   9.3767700000000000E+08   7.6551270100246812E+05   7.7451832356807174E-11   1.9020320048819363E-22   4.9368674009261749E+03
   9.3967700000000000E+08   7.7238416436360765E+05   7.6444202003155001E-11   1.8757407504427185E-22   4.9409370887347150E+03
   9.4167700000000000E+08   7.7925445644655440E+05   7.5450662240158426E-11   1.8498877238828310E-22   4.9448744793044698E+03
   9.4367700000000000E+08   7.8613770836278447E+05   7.4469288881505407E-11   1.8244215121192747E-22   4.9486827000545773E+03
   9.4567700000000000E+08   7.9304122350777069E+05   7.3499106990463615E-11   1.7993139794623174E-22   4.9523655587852436E+03
   9.4767700000000000E+08   7.9995945101887337E+05   7.2540674407870770E-11   1.7745745671978308E-22   4.9559272455437940E+03
   9.4967700000000000E+08   8.0687562583788310E+05   7.1595724898059565E-11   1.7502417148928042E-22   4.9593715512594699E+03
   9.5167700000000000E+08   8.1376994215644081E+05   7.0666157737628332E-11   1.7263584190037923E-22   4.9627008600406625E+03
   9.5367700000000000E+08   8.2063193468206434E+05   6.9753536532219875E-11   1.7029590208316288E-22   4.9659188726613793E+03
   9.5567700000000000E+08   8.2741790696640895E+05   6.8861000754044590E-11   1.6801201145359436E-22   4.9690181727498566E+03
   9.5767700000000000E+08   8.3407381367881736E+05   6.7993776355199431E-11   1.6579583492415343E-22   4.9720230418379178E+03
   9.5967700000000000E+08   8.4067395452270657E+05   6.7143461096118815E-11   1.6362756546790909E-22   4.9749055726604583E+03
   9.6167700000000000E+08   8.4723701199344872E+05   6.6307833369747405E-11   1.6150105590800720E-22   4.9776809618818716E+03
   9.6367700000000000E+08   8.5376911486122746E+05   6.5485980641366137E-11   1.5941384185970332E-22   4.9803503318975245E+03
   9.6567700000000000E+08   8.6027194771297893E+05   6.4677459093447618E-11   1.5736460005234572E-22   4.9829151726611490E+03
   9.6767700000000000E+08   8.6674598752777686E+05   6.3881951354463124E-11   1.5535231123448947E-22   4.9853774076540140E+03
   9.6967700000000000E+08   8.7319136087099160E+05   6.3099179788872358E-11   1.5337605913994829E-22   4.9877390693183861E+03
   9.7167700000000000E+08   8.7960808008497430E+05   6.2328884803671786E-11   1.5143498059674356E-22   4.9900021940977967E+03
   9.7367700000000000E+08   8.8599612280435523E+05   6.1570817543866316E-11   1.4952824808889384E-22   4.9921687978513182E+03
   9.7567700000000000E+08   8.9235546375066810E+05   6.0824736548691929E-11   1.4765506137497099E-22   4.9942408704917580E+03
   9.7767700000000000E+08   8.9868608774927200E+05   6.0090406233852190E-11   1.4581464344268992E-22   4.9962203748034135E+03
   9.7967700000000000E+08   9.0498799439869414E+05   5.9367596335707561E-11   1.4400623879278971E-22   4.9981092462063380E+03
   9.8167700000000000E+08   9.1126119904936163E+05   5.8656081764852386E-11   1.4222911272704844E-22   4.9999093927610711E+03
   9.8367700000000000E+08   9.1750573190835386E+05   5.7955642597792188E-11   1.4048255098237341E-22   5.0016226953281621E+03
   9.8567700000000000E+08   9.2372163623090158E+05   5.7266064091853291E-11   1.3876585943424987E-22   5.0032510077841525E+03
   9.8767700000000000E+08   9.2990896650020441E+05   5.6587136663752377E-11   1.3707836372851421E-22   5.0047961571534452E+03
   9.8967700000000000E+08   9.3606778663997829E+05   5.5918655852740207E-11   1.3541940889134777E-22   5.0062599436627224E+03
   9.9167700000000000E+08   9.4219816682988836E+05   5.5260422395545060E-11   1.3378835922224562E-22   5.0076441408155315E+03
   9.9367700000000000E+08   9.4830017656320962E+05   5.4612242584588082E-11   1.3218459888229490E-22   5.0089504955523762E+03
   9.9567700000000000E+08   9.5437387220254808E+05   5.3973928987265828E-11   1.3060753336410330E-22   5.0101807285155555E+03
   9.9767700000000000E+08   9.6041928038597933E+05   5.3345301333494573E-11   1.2905659137828571E-22   5.0113365343125079E+03
   9.9967700000000000E+08   9.6643638388761925E+05   5.2726187014292606E-11   1.2753122581665892E-22   5.0124195814437462E+03
   1.0016770000000000E+09   9.7242512051367236E+05   5.2116420457212883E-11   1.2603091201822909E-22   5.0134315118651593E+03
   1.0036770000000000E+09   9.7838540736813354E+05   5.1515840698196494E-11   1.2455514170730778E-22   5.0143739397109193E+03
   1.0056770000000000E+09   9.8431719404717174E+05   5.0924287220271951E-11   1.2310341275704010E-22   5.0152484499804577E+03
   1.0076770000000000E+09   9.9022053404651245E+05   5.0341595122489655E-11   1.2167521732055712E-22   5.0160565984560681E+03
   1.0096770000000000E+09   9.9609565282657510E+05   4.9767591245494002E-11   1.2027003224747014E-22   5.0167999134300653E+03
   1.0116770000000000E+09   1.0019429869197397E+06   4.9202092797602483E-11   1.1888731550143119E-22   5.0174798997797498E+03
   1.0136770000000000E+09   1.0077631785784459E+06   4.8644908999824188E-11   1.1752650984044120E-22   5.0180980448544988E+03
   1.0156770000000000E+09   1.0135570364792086E+06   4.8095844926540093E-11   1.1618705193526927E-22   5.0186558189327789E+03
   1.0176770000000000E+09   1.0193254431449553E+06   4.7554708502083597E-11   1.1486838899613299E-22   5.0191546805626222E+03
   1.0196770000000000E+09   1.0250692234386025E+06   4.7021318783657737E-11   1.1356999850436753E-22   5.0195960821093622E+03
   1.0216770000000000E+09   1.0307890386851797E+06   4.6495511628118307E-11   1.1229140189627077E-22   5.0199814634447821E+03
   1.0236770000000000E+09   1.0364853196257730E+06   4.5977142529469596E-11   1.1103217136316593E-22   5.0203122476622984E+03
   1.0256770000000000E+09   1.0421582420869455E+06   4.5466086545112801E-11   1.0979192962116589E-22   5.0205898368968183E+03
   1.0276770000000000E+09   1.0478077462956427E+06   4.4962235630743302E-11   1.0857034344694661E-22   5.0208156073183509E+03
   1.0296770000000000E+09   1.0534335886062447E+06   4.4465494346535439E-11   1.0736711325884349E-22   5.0209909054018135E+03
   1.0316770000000000E+09   1.0590354097352910E+06   4.3975775023026017E-11   1.0618196136427855E-22   5.0211170458675488E+03
   1.0336770000000000E+09   1.0646128040714245E+06   4.3492993308366508E-11   1.0501462110073850E-22   5.0211953112332121E+03
   1.0356770000000000E+09   1.0701653786101581E+06   4.3017064685950627E-11   1.0386482829941386E-22   5.0212269526428772E+03
   1.0376770000000000E+09   1.0756927954003431E+06   4.2547902193374498E-11   1.0273231563825513E-22   5.0212131915174123E+03
   1.0396770000000000E+09   1.0811947962987283E+06   4.2085415287438099E-11   1.0161680975955504E-22   5.0211552215867205E+03
   1.0416770000000000E+09   1.0866712122769423E+06   4.1629509627200048E-11   1.0051803060807728E-22   5.0210542109665166E+03
   1.0436770000000000E+09   1.0921219612540761E+06   4.1180087483762402E-11   9.9435692290267555E-23   5.0209113040702550E+03
   1.0456770000000000E+09   1.0975470387360684E+06   4.0737048500891376E-11   9.8369504790178882E-23   5.0207276232562544E+03
   1.0476770000000000E+09   1.1029465049573923E+06   4.0300290588064616E-11   9.7319176015079687E-23   5.0205042701843349E+03
   1.0496770000000000E+09   1.1083204712397903E+06   3.9869710797348952E-11   9.6284413811406624E-23   5.0202423269002584E+03
   1.0516770000000000E+09   1.1136690872711809E+06   3.9445206098832265E-11   9.5264927744179926E-23   5.0199428566875458E+03
   1.0536770000000000E+09   1.1189925301748849E+06   3.9026674017368873E-11   9.4260430548887673E-23   5.0196069047305200E+03
   1.0556770000000000E+09   1.1242909956545737E+06   3.8614013124912518E-11   9.3270639240994559E-23   5.0192354986292266E+03
   1.0576770000000000E+09   1.1295646911449104E+06   3.8207123400529095E-11   9.2295275911355849E-23   5.0188296488017704E+03
   1.0596770000000000E+09   1.1348138307191900E+06   3.7805906478209783E-11   9.1334068255336133E-23   5.0183903488032965E+03
   1.0616770000000000E+09   1.1400386314433923E+06   3.7410265804541249E-11   9.0386749888236093E-23   5.0179185755850913E+03
   1.0636770000000000E+09   1.1452393108694055E+06   3.7020106726984640E-11   8.9453060496593067E-23   5.0174152897124859E+03
   1.0656770000000000E+09   1.1504160853942598E+06   3.6635336530773163E-11   8.8532745868403739E-23   5.0168814355560080E+03
   1.0676770000000000E+09   1.1555691692563144E+06   3.6255864439298682E-11   8.7625557837826828E-23   5.0163179414666774E+03
   1.0696770000000000E+09   1.1606987739827922E+06   3.5881601589835466E-11   8.6731254172701950E-23   5.0157257199432916E+03
   1.0716770000000000E+09   1.1658051081422246E+06   3.5512460993737332E-11   8.5849598426734069E-23   5.0151056677972565E+03
   1.0736770000000000E+09   1.1708883772898421E+06   3.5148357487882930E-11   8.4980359772546386E-23   5.0144586663181790E+03
   1.0756770000000000E+09   1.1759487840237250E+06   3.4789207682151628E-11   8.4123312827029190E-23   5.0137855814421218E+03
   1.0776770000000000E+09   1.1809865280950747E+06   3.4434929906075975E-11   8.3278237476493460E-23   5.0130872639230583E+03
   1.0796770000000000E+09   1.1860018065366915E+06   3.4085444156551171E-11   8.2444918706095699E-23   5.0123645495075334E+03
   1.0816770000000000E+09   1.1909948137893460E+06   3.3740672047571769E-11   8.1623146435815063E-23   5.0116182591121178E+03
   1.0836770000000000E+09   1.1959657418162073E+06   3.3400536762378154E-11   8.0812715363848675E-23   5.0108491990031198E+03
   1.0856770000000000E+09   1.2009147802014705E+06   3.3064963008069059E-11   8.0013424817502437E-23   5.0100581609782575E+03
   1.0876770000000000E+09   1.2058421162320855E+06   3.2733876972587230E-11   7.9225078611300810E-23   5.0092459225497114E+03
   1.0896770000000000E+09   1.2107479349624813E+06   3.2407206283938816E-11   7.8447484911923252E-23   5.0084132471283665E+03
   1.0916770000000000E+09   1.2156324192624604E+06   3.2084879971503815E-11   7.7680456109573777E-23   5.0075608842087750E+03
   1.0936770000000000E+09   1.2204957498489539E+06   3.1766828429295476E-11   7.6923808695392102E-23   5.0066895695544481E+03
   1.0956770000000000E+09   1.2253381053029853E+06   3.1452983381024705E-11   7.6177363144513249E-23   5.0058000253830542E+03
   1.0976770000000000E+09   1.2301596620740839E+06   3.1143277846818010E-11   7.5440943804365252E-23   5.0048929605511194E+03
   1.0996770000000000E+09   1.2349605944751319E+06   3.0837646111431670E-11   7.4714378787781812E-23   5.0039690707378759E+03
   1.1016770000000000E+09   1.2397410746709784E+06   3.0536023693807914E-11   7.3997499870513831E-23   5.0030290386279830E+03
   1.1036770000000000E+09   1.2445012726640375E+06   3.0238347317832705E-11   7.3290142392758045E-23   5.0020735340929496E+03
   1.1056770000000000E+09   1.2492413562795985E+06   2.9944554884172737E-11   7.2592145164365448E-23   5.0011032143710872E+03
   1.1076770000000000E+09   1.2539614911527871E+06   2.9654585443093156E-11   7.1903350373450404E-23   5.0001187242459200E+03
   1.1096770000000000E+09   1.2586618407182263E+06   2.9368379168180274E-11   7.1223603498177593E-23   4.9991206962230090E+03
   1.1116770000000000E+09   1.2633425662026452E+06   2.9085877330911062E-11   7.0552753221548859E-23   4.9981097507050936E+03
   1.1136770000000000E+09   1.2680038266199802E+06   2.8807022276026424E-11   6.9890651349048698E-23   4.9970864961655525E+03
   1.1156770000000000E+09   1.2726457787680544E+06   2.8531757397673655E-11   6.9237152729030216E-23   4.9960515293201115E+03
   1.1176770000000000E+09   1.2772685772256213E+06   2.8260027116289985E-11   6.8592115175741475E-23   4.9950054352966617E+03
   1.1196770000000000E+09   1.2818723743484386E+06   2.7991776856202399E-11   6.7955399394898926E-23   4.9939487878032351E+03
   1.1216770000000000E+09   1.2864573202630745E+06   2.7726953023920871E-11   6.7326868911723051E-23   4.9928821492939978E+03
   1.1236770000000000E+09   1.2910235628573045E+06   2.7465502987101920E-11   6.6706390001352006E-23   4.9918060711331300E+03
   1.1256770000000000E+09   1.2955712477661744E+06   2.7207375054160742E-11   6.6093831621552133E-23   4.9907210937565778E+03
   1.1276770000000000E+09   1.3001005183530711E+06   2.6952518454510179E-11   6.5489065347645187E-23   4.9896277468316284E+03
   1.1296770000000000E+09   1.3046115156855630E+06   2.6700883319400599E-11   6.4891965309566765E-23   4.9885265494140376E+03
   1.1316770000000000E+09   1.3091043785060626E+06   2.6452420663337495E-11   6.4302408130971227E-23   4.9874180101028851E+03
   1.1336770000000000E+09   1.3135792431978283E+06   2.6207082366046861E-11   6.3720272870289981E-23   4.9863026271928802E+03
   1.1356770000000000E+09   1.3180362437472378E+06   2.5964821154957212E-11   6.3145440963642220E-23   4.9851808888242003E+03
   1.1376770000000000E+09   1.3224755117037208E+06   2.5725590588162169E-11   6.2577796169489466E-23   4.9840532731297299E+03
   1.1396770000000000E+09   1.3268971761391531E+06   2.5489345037824052E-11   6.2017224514914971E-23   4.9829202483797735E+03
   1.1416770000000000E+09   1.3313013636089824E+06   2.5256039673973538E-11   6.1463614243398265E-23   4.9817822731241531E+03
   1.1436770000000000E+09   1.3356881981177179E+06   2.5025630448658196E-11   6.0916855763947957E-23   4.9806397963318432E+03
   1.1456770000000000E+09   1.3400578010918533E+06   2.4798074080387400E-11   6.0376841601446148E-23   4.9794932575280545E+03
   1.1476770000000000E+09   1.3444102913635152E+06   2.4573328038821881E-11   5.9843466348056408E-23   4.9783430869290241E+03
   1.1496770000000000E+09   1.3487457851683861E+06   2.4351350529654260E-11   5.9316626615545882E-23   4.9771897055745312E+03
   1.1516770000000000E+09   1.3530643961615940E+06   2.4132100479628334E-11   5.8796220988374245E-23   4.9760335254583342E+03
   1.1536770000000000E+09   1.3573662354551700E+06   2.3915537521650046E-11   5.8282149977414646E-23   4.9748749496567852E+03
   1.1556770000000000E+09   1.3616514116805869E+06   2.3701621979947351E-11   5.7774315974184305E-23   4.9737143724557427E+03
   1.1576770000000000E+09   1.3659200310794832E+06   2.3490314855245460E-11   5.7272623205482985E-23   4.9725521794761553E+03
   1.1596770000000000E+09   1.3701721976251714E+06   2.3281577809934839E-11   5.6776977688366118E-23   4.9713887477985500E+03
   1.1616770000000000E+09   1.3744080131768063E+06   2.3075373153220969E-11   5.6287287185407710E-23   4.9702244460867460E+03
   1.1636770000000000E+09   1.3786275776671097E+06   2.2871663826261287E-11   5.5803461160248504E-23   4.9690596347111332E+03
   1.1656770000000000E+09   1.3828309893234600E+06   2.2670413387309835E-11   5.5325410733462918E-23   4.9678946658718314E+03
   1.1676770000000000E+09   1.3870183449208646E+06   2.2471585996906986E-11   5.4853048638820378E-23   4.9667298837220351E+03
   1.1696770000000000E+09   1.3911897400639304E+06   2.2275146403168922E-11   5.4386289180059182E-23   4.9655656244918937E+03
   1.1716770000000000E+09   1.3953452694934478E+06   2.2081059927248306E-11   5.3925048188334252E-23   4.9644022166131654E+03
   1.1736770000000000E+09   1.3994850274118038E+06   2.1889292449050208E-11   5.3469242980531261E-23   4.9632399808449263E+03
   1.1756770000000000E+09   1.4036091078200615E+06   2.1699810393298897E-11   5.3018792318671802E-23   4.9620792304003699E+03
   1.1776770000000000E+09   1.4077176048583046E+06   2.1512580716060496E-11   5.2573616370653778E-23   4.9609202710750687E+03
   1.1796770000000000E+09   1.4118106131400757E+06   2.1327570891824343E-11   5.2133636672575101E-23   4.9597634013764018E+03
   1.1816770000000000E+09   1.4158882280710307E+06   2.1144748901248405E-11   5.1698776092888929E-23   4.9586089126543711E+03
   1.1836770000000000E+09   1.4199505461419101E+06   2.0964083219661026E-11   5.1268958798614301E-23   4.9574570892334777E+03
   1.1856770000000000E+09   1.4239976651862212E+06   2.0785542806399230E-11   5.0844110223794598E-23   4.9563082085455180E+03
   1.1876770000000000E+09   1.4280296845938042E+06   2.0609097095044541E-11   5.0424157040352583E-23   4.9551625412628782E+03
   1.1896770000000000E+09   1.4320467054727362E+06   2.0434715984592723E-11   5.0009027131429935E-23   4.9540203514320328E+03
   1.1916770000000000E+09   1.4360488307536894E+06   2.0262369831567989E-11   4.9598649567238438E-23   4.9528818966066910E+03
   1.1936770000000000E+09   1.4400361652328330E+06   2.0092029443063576E-11   4.9192954583379634E-23   4.9517474279800608E+03
   1.1956770000000000E+09   1.4440088155515550E+06   1.9923666070663181E-11   4.8791873561522153E-23   4.9506171905157453E+03
   1.1976770000000000E+09   1.4479668901135896E+06   1.9757251405170652E-11   4.8395339012260056E-23   4.9494914230766735E+03
   1.1996770000000000E+09   1.4519104989424001E+06   1.9592757572052061E-11   4.8003284559918403E-23   4.9483703585514777E+03
   1.2016770000000000E+09   1.4558397534837786E+06   1.9430157127475904E-11   4.7615644929024213E-23   4.9472542239779350E+03
   1.2036770000000000E+09   1.4597547663605178E+06   1.9269423054822088E-11   4.7232355932125941E-23   4.9461432406628746E+03
   1.2056770000000000E+09   1.4636556510875577E+06   1.9110528761523032E-11   4.6853354458622812E-23   4.9450376242982638E+03
   1.2076770000000000E+09   1.4675425217572027E+06   1.8953448076096826E-11   4.6478578464256086E-23   4.9439375850732276E+03
   1.2096770000000000E+09   1.4714154927047906E+06   1.8798155245234463E-11   4.6107966960920619E-23   4.9428433277815939E+03
   1.2116770000000000E+09   1.4752746781655448E+06   1.8644624930812297E-11   4.5741460006470967E-23   4.9417550519251818E+03
   1.2136770000000000E+09   1.4791201919333423E+06   1.8492832206709952E-11   4.5378998694224157E-23   4.9406729518124157E+03
   1.2156770000000000E+09   1.4829521470316565E+06   1.8342752555332086E-11   4.5020525141897329E-23   4.9395972166527672E+03
   1.2176770000000000E+09   1.4867706554061566E+06   1.8194361863748498E-11   4.4665982479764599E-23   4.9385280306467466E+03
   1.2196770000000000E+09   1.4905758276472241E+06   1.8047636419390378E-11   4.4315314837866626E-23   4.9374655730720997E+03
   1.2216770000000000E+09   1.4943677727492207E+06   1.7902552905260618E-11   4.3968467332162729E-23   4.9364100183660794E+03
   1.2236770000000000E+09   1.4981465979114925E+06   1.7759088394643174E-11   4.3625386049574006E-23   4.9353615362045848E+03
   1.2256770000000000E+09   1.5019124083842337E+06   1.7617220345316390E-11   4.3286018031922762E-23   4.9343202915781258E+03
   1.2276770000000000E+09   1.5056653073601928E+06   1.7476926593302035E-11   4.2950311258831809E-23   4.9332864448654582E+03
   1.2296770000000000E+09   1.5094053959112873E+06   1.7338185346197974E-11   4.2618214629695213E-23   4.9322601519049231E+03
   1.2316770000000000E+09   1.5131327729673204E+06   1.7200975176161951E-11   4.2289677944874120E-23   4.9312415640642130E+03
   1.2336770000000000E+09   1.5168475353324988E+06   1.7065275012623657E-11   4.1964651886300926E-23   4.9302308283087732E+03
   1.2356770000000000E+09   1.5205497777343462E+06   1.6931064134809667E-11   4.1643087997691607E-23   4.9292280872692527E+03
   1.2376770000000000E+09   1.5242395928989602E+06   1.6798322164165518E-11   4.1324938664568726E-23   4.9282334793081509E+03
   1.2396770000000000E+09   1.5279170716464240E+06   1.6667029056756038E-11   4.1010157094287815E-23   4.9272471385860699E+03
   1.2416770000000000E+09   1.5315823030003745E+06   1.6537165095715709E-11   4.0698697296242110E-23   4.9262691951274537E+03
   1.2436770000000000E+09   1.5352353743063153E+06   1.6408710883810974E-11   4.0390514062393571E-23   4.9252997748860671E+03
   1.2456770000000000E+09   1.5388763713539587E+06   1.6281647336164238E-11   4.0085562948250593E-23   4.9243389998102266E+03
   1.2476770000000000E+09   1.5425053784997303E+06   1.6155955673177012E-11   3.9783800254383932E-23   4.9233869879076610E+03
   1.2496770000000000E+09   1.5461224787862995E+06   1.6031617413680254E-11   3.9485183008547038E-23   4.9224438533101584E+03
   1.2516770000000000E+09   1.5497277540567843E+06   1.5908614368329408E-11   3.9189668948443765E-23   4.9215097063378635E+03
   1.2536770000000000E+09   1.5533212850618269E+06   1.5786928633255089E-11   3.8897216505169084E-23   4.9205846535632327E+03
   1.2556770000000000E+09   1.5569031515583224E+06   1.5666542583973466E-11   3.8607784787332559E-23   4.9196687978745285E+03
   1.2576770000000000E+09   1.5604734323989518E+06   1.5547438869556673E-11   3.8321333565863310E-23   4.9187622385389786E+03
   1.2596770000000000E+09   1.5640322056121128E+06   1.5429600407058359E-11   3.8037823259484741E-23   4.9178650712654180E+03
   1.2616770000000000E+09   1.5675795484720792E+06   1.5313010376186694E-11   3.7757214920840454E-23   4.9169773882662430E+03
   1.2636770000000000E+09   1.5711155375593901E+06   1.5197652214217563E-11   3.7479470223249941E-23   4.9160992783189695E+03
   1.2656770000000000E+09   1.5746402488116520E+06   1.5083509611135991E-11   3.7204551448066755E-23   4.9152308268270008E+03
   1.2676770000000000E+09   1.5781537575648981E+06   1.4970566504996819E-11   3.6932421472614889E-23   4.9143721158797143E+03
   1.2696770000000000E+09   1.5816561385856494E+06   1.4858807077494352E-11   3.6663043758676912E-23   4.9135232243119026E+03
   1.2716770000000000E+09   1.5851474660937737E+06   1.4748215749731295E-11   3.6396382341510373E-23   4.9126842277623446E+03
   1.2736770000000000E+09   1.5886278137761785E+06   1.4638777178178186E-11   3.6132401819368405E-23   4.9118551987317041E+03
   1.2756770000000000E+09   1.5920972547913666E+06   1.4530476250813946E-11   3.5871067343501509E-23   4.9110362066395928E+03
   1.2776770000000000E+09   1.5955558617649556E+06   1.4423298083437520E-11   3.5612344608614906E-23   4.9102273178807618E+03
   1.2796770000000000E+09   1.5990037067762918E+06   1.4317228016140487E-11   3.5356199843755335E-23   4.9094285958804458E+03
   1.2816770000000000E+09   1.6024408613363863E+06   1.4212251609929627E-11   3.5102599803599302E-23   4.9086401011488260E+03
   1.2836770000000000E+09   1.6058673963574853E+06   1.4108354643487160E-11   3.4851511760112942E-23   4.9078618913343735E+03
   1.2856770000000000E+09   1.6092833821145883E+06   1.4005523110058134E-11   3.4602903494553406E-23   4.9070940212765272E+03
   1.2876770000000000E+09   1.6126888881993326E+06   1.3903743214451373E-11   3.4356743289781556E-23   4.9063365430570630E+03
   1.2896770000000000E+09   1.6160839834665202E+06   1.3803001370144287E-11   3.4112999922858013E-23   4.9055895060505736E+03
   1.2916770000000000E+09   1.6194687359735209E+06   1.3703284196481197E-11   3.3871642657896864E-23   4.9048529569739248E+03
   1.2936770000000000E+09   1.6228432129125930E+06   1.3604578515956888E-11   3.3632641239156281E-23   4.9041269399345747E+03
   1.2956770000000000E+09   1.6262074805359056E+06   1.3506871351580072E-11   3.3395965884350741E-23   4.9034114964779155E+03
   1.2976770000000000E+09   1.6295616040728271E+06   1.3410149924313096E-11   3.3161587278175581E-23   4.9027066656335219E+03
   1.2996770000000000E+09   1.6329056476388569E+06   1.3314401650587088E-11   3.2929476566038919E-23   4.9020124839605969E+03
   1.3016770000000000E+09   1.6362396741358733E+06   1.3219614139889125E-11   3.2699605347992143E-23   4.9013289855925386E+03
   1.3036770000000000E+09   1.6395637451442245E+06   1.3125775192413498E-11   3.2471945672836353E-23   4.9006562022809521E+03
   1.3056770000000000E+09   1.6428779208092033E+06   1.3032872796755208E-11   3.2246470032349121E-23   4.8999941634392153E+03
   1.3076770000000000E+09   1.6461822597278012E+06   1.2940895127601772E-11   3.2023151355520939E-23   4.8993428961857853E+03
   1.3096770000000000E+09   1.6494768188467012E+06   1.2849830543345654E-11   3.1801963002609007E-23   4.8987024253871487E+03
   1.3116770000000000E+09   1.6527616533888211E+06   1.2759667583499640E-11   3.1582878758716631E-23   4.8980727737003208E+03
   1.3136770000000000E+09   1.6560368168327773E+06   1.2670394965753653E-11   3.1365872826501733E-23   4.8974539616142156E+03
   1.3156770000000000E+09   1.6593023609755300E+06   1.2582001582479386E-11   3.1150919817538655E-23   4.8968460074890418E+03
   1.3176770000000000E+09   1.6625583361106610E+06   1.2494476496484766E-11   3.0937994741848041E-23   4.8962489275925955E+03
   1.3196770000000000E+09   1.6658047913501898E+06   1.2407808935863153E-11   3.0727072995214976E-23   4.8956627361322981E+03
   1.3216770000000000E+09   1.6690417751032729E+06   1.2321988287892843E-11   3.0518130344184241E-23   4.8950874452826338E+03
   1.3236770000000000E+09   1.6722693356991217E+06   1.2237004092125884E-11   3.0311142909068131E-23   4.8945230652088785E+03
   1.3256770000000000E+09   1.6754875221053341E+06   1.2152846033046610E-11   3.0106087145889841E-23   4.8939696040898443E+03
   1.3276770000000000E+09   1.6786963846522158E+06   1.2069503932939306E-11   2.9902939828813576E-23   4.8934270681449134E+03
   1.3296770000000000E+09   1.6818959756394299E+06   1.1986967745801699E-11   2.9701678035096377E-23   4.8928954616719548E+03
   1.3316770000000000E+09   1.6850863496872857E+06   1.1905227553189126E-11   2.9502279134721193E-23   4.8923747871025071E+03
   1.3336770000000000E+09   1.6882675637147499E+06   1.1824273562690322E-11   2.9304720786434903E-23   4.8918650450778823E+03
   1.3356770000000000E+09   1.6914396764872242E+06   1.1744096109285693E-11   2.9108980940838444E-23   4.8913662345436260E+03
   1.3376770000000000E+09   1.6946027477737200E+06   1.1664685659177850E-11   2.8915037849586039E-23   4.8908783528514177E+03
   1.3396770000000000E+09   1.6977568372634170E+06   1.1586032814976465E-11   2.8722870078031702E-23   4.8904013958506121E+03
   1.3416770000000000E+09   1.7009020034804121E+06   1.1508128320597761E-11   2.8532456517378151E-23   4.8899353579484296E+03
   1.3436770000000000E+09   1.7040383029630857E+06   1.1430963064157227E-11   2.8343776392138363E-23   4.8894802321234665E+03
   1.3456770000000000E+09   1.7071657899151200E+06   1.1354528077626868E-11   2.8156809259850484E-23   4.8890360098917754E+03
   1.3476770000000000E+09   1.7102845163931602E+06   1.1278814533024533E-11   2.7971535002344087E-23   4.8886026812443097E+03
   1.3496770000000000E+09   1.7133945329139442E+06   1.1203813736088609E-11   2.7787933810708748E-23   4.8881802345910355E+03
   1.3516770000000000E+09   1.7164958892129227E+06   1.1129517119290486E-11   2.7605986168337526E-23   4.8877686567508526E+03
   1.3536770000000000E+09   1.7195886348381359E+06   1.1055916236214594E-11   2.7425672836961828E-23   4.8873679330105097E+03
   1.3556770000000000E+09   1.7226728193509520E+06   1.0983002758637188E-11   2.7246974849043858E-23   4.8869780472446964E+03
   1.3576770000000000E+09   1.7257484920981780E+06   1.0910768476329663E-11   2.7069873506837743E-23   4.8865989820561217E+03
   1.3596770000000000E+09   1.7288157017269775E+06   1.0839205298327077E-11   2.6894350385312662E-23   4.8862307188792392E+03
   1.3616770000000000E+09   1.7318744957267491E+06   1.0768305253812712E-11   2.6720387334563983E-23   4.8858732380069241E+03
   1.3636770000000000E+09   1.7349249202371701E+06   1.0698060491204649E-11   2.6547966478174718E-23   4.8855265185416429E+03
   1.3656770000000000E+09   1.7379670201855346E+06   1.0628463275229944E-11   2.6377070206717331E-23   4.8851905383187141E+03
   1.3676770000000000E+09   1.7410008396184612E+06   1.0559505982985292E-11   2.6207681168513861E-23   4.8848652738673673E+03
   1.3696770000000000E+09   1.7440264219981306E+06   1.0491181100449291E-11   2.6039782261080387E-23   4.8845507004506608E+03
   1.3716770000000000E+09   1.7470438102980454E+06   1.0423481220365905E-11   2.5873356625633459E-23   4.8842467921700509E+03
   1.3736770000000000E+09   1.7500530469014549E+06   1.0356399041320794E-11   2.5708387644547429E-23   4.8839535220747757E+03
   1.3756770000000000E+09   1.7530541734471086E+06   1.0289927367024291E-11   2.5544858939638006E-23   4.8836708622145115E+03
   1.3776770000000000E+09   1.7560472307776075E+06   1.0224059104883347E-11   2.5382754369055545E-23   4.8833987836208335E+03
   1.3796770000000000E+09   1.7590322590300792E+06   1.0158787263741378E-11   2.5222058022252524E-23   4.8831372562596289E+03
   1.3816770000000000E+09   1.7620092977741968E+06   1.0094104951452811E-11   2.5062754214375010E-23   4.8828862490126367E+03
   1.3836770000000000E+09   1.7649783860594053E+06   1.0030005373080289E-11   2.4904827481971115E-23   4.8826457297019369E+03
   1.3856770000000000E+09   1.7679395622861416E+06   9.9664818299980866E-12   2.4748262581081457E-23   4.8824156650882032E+03
   1.3876770000000000E+09   1.7708928638300058E+06   9.9035277198676555E-12   2.4593044488408930E-23   4.8821960206864906E+03
   1.3896770000000000E+09   1.7738383260916683E+06   9.8411365384450222E-12   2.4439158409303467E-23   4.8819867601215637E+03
   1.3916770000000000E+09   1.7767759797684180E+06   9.7793018878979825E-12   2.4286589806876620E-23   4.8817878434609174E+03
   1.3936770000000000E+09   1.7797058429102190E+06   9.7180175058062206E-12   2.4135324493161698E-23   4.8815992233263360E+03
   1.3956770000000000E+09   1.7826278989922246E+06   9.6572773523290699E-12   2.3985348886121906E-23   4.8814208365133072E+03
   1.3976770000000000E+09   1.7855420402299259E+06   9.5970758478274422E-12   2.3836650677166226E-23   4.8812525877711896E+03
   1.3996770000000000E+09   1.7884479309610340E+06   9.5374084695489405E-12   2.3689220438772815E-23   4.8810943230691109E+03
   1.4016770000000000E+09   1.7913447036196648E+06   9.4782731263476565E-12   2.3543055192496607E-23   4.8809457961746612E+03
   1.4036770000000000E+09   1.7942303439230323E+06   9.4196730224974225E-12   2.3398165598016285E-23   4.8808066503794735E+03
   1.4056770000000000E+09   1.7971005882185947E+06   9.3616219205664223E-12   2.3254588785774214E-23   4.8806764660956460E+03
   1.4076770000000000E+09   1.7999472389665253E+06   9.3041523149209592E-12   2.3112407825923996E-23   4.8805549360580571E+03
   1.4096770000000000E+09   1.8027561404395131E+06   9.2473252332275859E-12   2.2971774808296892E-23   4.8804421394913261E+03
   1.4116770000000000E+09   1.8055056439466008E+06   9.1912370247842305E-12   2.2832927526204505E-23   4.8803385937688790E+03
   1.4136770000000000E+09   1.8081666442985060E+06   9.1360165993996831E-12   2.2696186639064649E-23   4.8802444039430666E+03
   1.4156770000000000E+09   1.8107036749394671E+06   9.0818149030517682E-12   2.2561938611432659E-23   4.8801572855644217E+03
   1.4176770000000000E+09   1.8130720513874006E+06   9.0288147866602644E-12   2.2430662553737722E-23   4.8800719889252214E+03
   1.4196770000000000E+09   1.8152032577946160E+06   8.9773108182186266E-12   2.2303094519521947E-23   4.8799876540047962E+03
   1.4216770000000000E+09   1.8169848388107682E+06   8.9278368536275039E-12   2.2180466240698143E-23   4.8799251512838591E+03
   1.4236770000000000E+09   1.8182812073732011E+06   8.8810850561344575E-12   2.2064292230133079E-23   4.8799302531883168E+03
   1.4256770000000000E+09   1.8190549113477848E+06   8.8372520963120966E-12   2.1955001021188107E-23   4.8800173804448032E+03
   1.4276770000000000E+09   1.8195172024958127E+06   8.7951857667658873E-12   2.1850173981171320E-23   4.8800885649296970E+03
   1.4296770000000000E+09   1.8200502327144819E+06   8.7528398563205646E-12   2.1745365935706918E-23   4.8800002972324492E+03
   1.4316770000000000E+09   1.8208412300888158E+06   8.7093930279340945E-12   2.1638339998621810E-23   4.8797945224118193E+03
   1.4336770000000000E+09   1.8218342360010401E+06   8.6651487536160978E-12   2.1529715731672530E-23   4.8794998981669751E+03
   1.4356770000000000E+09   1.8222525140440494E+06   8.6249061960963522E-12   2.1428652174145462E-23   4.8797448142793419E+03
   6.5767700000000000E+08  -2.0449700782129303E+03   2.3751572337035472E-15   1.0124539462860480E-25   1.1294038354712054E+03
   6.5967700000000000E+08  -2.1002450796836138E+03   3.9906369580412736E-15   1.6385051347851836E-25   1.1725370768836706E+03
   6.6167700000000000E+08  -2.1506707579732010E+03   6.5039235507020266E-15   2.6021679568523510E-25   1.2032954485323664E+03
   6.6367700000000000E+08  -2.1853845628974445E+03   1.0394707552451276E-14   4.0839924395094506E-25   1.2253481987794032E+03
   6.6567700000000000E+08  -2.1245339598485562E+03   1.6442714982117404E-14   6.3716638671364024E-25   1.2423753983144927E+03
   6.6767700000000000E+08  -2.1017790385633812E+03   2.6047267467006385E-14   9.9694728278648195E-25   1.2578305727929956E+03
   6.6967700000000000E+08  -2.2837890879671772E+03   4.2161723797998836E-14   1.5920715978037262E-24   1.2749346809590991E+03
   6.7167700000000000E+08  -2.6636878591297668E+03   7.1381908811145309E-14   2.6575217964192944E-24   1.2931338874362614E+03
   6.7367700000000000E+08  -2.8606254511826050E+03   1.2635968982143589E-13   4.6580005692958017E-24   1.3059940091453041E+03
   6.7567700000000000E+08  -2.5046682029901544E+03   2.2486924321314602E-13   8.2703224117093846E-24   1.3090004283552787E+03
   6.7767700000000000E+08  -1.6488422116187126E+03   3.8217737369002924E-13   1.4098949294634778E-23   1.3049996460010982E+03
   6.7967700000000000E+08  -5.5513903966340058E+02   5.9979573368462255E-13   2.2224725180549329E-23   1.2992692012763871E+03
   6.8167700000000000E+08   5.7348654634306388E+02   8.5999975982841497E-13   3.1957656142191233E-23   1.2955541842732880E+03
   6.8367700000000000E+08   1.6364934772679292E+03   1.1322234439053599E-12   4.2040827151835359E-23   1.2965613218366241E+03
   6.8567700000000000E+08   2.5977556267336399E+03   1.3868923826116963E-12   5.1135257511192733E-23   1.3057333190342656E+03
   6.8767700000000000E+08   3.4384740428924802E+03   1.6068208205772810E-12   5.8239113415848320E-23   1.3282654199416031E+03
   6.8967700000000000E+08   4.1182873733383312E+03   1.7897591140534181E-12   6.2896270604871782E-23   1.3699409841827639E+03
   6.9167700000000000E+08   4.5914595710983922E+03   1.9428094482944323E-12   6.5213924727618264E-23   1.4342406914044591E+03
   6.9367700000000000E+08   4.8640454748977781E+03   2.0745200819279817E-12   6.5715165832152431E-23   1.5197921814751305E+03
   6.9567700000000000E+08   5.0262524885216835E+03   2.1892682472672273E-12   6.5022294322252221E-23   1.6209471660350334E+03
   6.9767700000000000E+08   5.2269196511820955E+03   2.2878787617346437E-12   6.3650588355950061E-23   1.7304647428296178E+03
   6.9967700000000000E+08   5.6264639109032050E+03   2.3702572833123219E-12   6.1957213667374250E-23   1.8417716434099493E+03
   7.0167700000000000E+08   6.3582943312219650E+03   2.4368861591216792E-12   6.0157596158940084E-23   1.9501900585706201E+03
   7.0367700000000000E+08   7.5086111846173872E+03   2.4890987742444514E-12   5.8369836589455230E-23   2.0529852273655247E+03
   7.0567700000000000E+08   9.1123515667712982E+03   2.5287172524961441E-12   5.6652312337425815E-23   2.1488930516550577E+03
   7.0767700000000000E+08   1.1158939867906931E+04   2.5576015794344846E-12   5.5028223159650984E-23   2.2375851570372629E+03
   7.0967700000000000E+08   1.3603115738247403E+04   2.5773540810930472E-12   5.3500548644983252E-23   2.3192524384732637E+03
   7.1167700000000000E+08   1.6377404689617417E+04   2.5892096764926711E-12   5.2061291870094496E-23   2.3943324506557046E+03
   7.1367700000000000E+08   1.9404012683401928E+04   2.5940579883244046E-12   5.0697384839771915E-23   2.4633509734838754E+03
   7.1567700000000000E+08   2.2603433364932778E+04   2.5925185180286946E-12   4.9394263808827956E-23   2.5268387080283883E+03
   7.1767700000000000E+08   2.5898787334943354E+04   2.5850145088273798E-12   4.8137758629535051E-23   2.5852901462158925E+03
   7.1967700000000000E+08   2.9221052849647429E+04   2.5718547368985493E-12   4.6915358652090234E-23   2.6391469047864980E+03
   7.2167700000000000E+08   3.2513061347231054E+04   2.5533157883169421E-12   4.5717095402676630E-23   2.6887973503271423E+03
   7.2367700000000000E+08   3.5729599877348766E+04   2.5296941594152907E-12   4.4535762554401574E-23   2.7345841741711042E+03
   7.2567700000000000E+08   3.8837396658448059E+04   2.5013313140248381E-12   4.3366746156824446E-23   2.7768124830472020E+03
   7.2767700000000000E+08   4.1814327093272717E+04   2.4686241773997742E-12   4.2207716357707301E-23   2.8157577856168455E+03
   7.2967700000000000E+08   4.4648209026798460E+04   2.4320237031906154E-12   4.1058231588852939E-23   2.8516730691369021E+03
   7.3167700000000000E+08   4.7335329516439837E+04   2.3920249143451323E-12   3.9919305361535450E-23   2.8847945848133131E+03
   7.3367700000000000E+08   4.9878816821047818E+04   2.3491513152134887E-12   3.8792970660477685E-23   2.9153461304813841E+03
   7.3567700000000000E+08   5.2286968162086683E+04   2.3039364121497111E-12   3.7681870668563137E-23   2.9435417818754818E+03
   7.3767700000000000E+08   5.4571642426462720E+04   2.2569049191304700E-12   3.6588899944577753E-23   2.9695871925864485E+03
   7.3967700000000000E+08   5.6746815028605088E+04   2.2085558361181407E-12   3.5516913500082911E-23   2.9936797297436497E+03
   7.4167700000000000E+08   5.8827368212134446E+04   2.1593489664921706E-12   3.4468512588103737E-23   3.0160078058683016E+03
   7.4367700000000000E+08   6.0828152739247620E+04   2.1096956897618233E-12   3.3445906881383962E-23   3.0367497902788896E+03
   7.4567700000000000E+08   6.2763322243854585E+04   2.0599540654023242E-12   3.2450844672443341E-23   3.0560728413630241E+03
   7.4767700000000000E+08   6.4645912766321628E+04   2.0104277771257894E-12   3.1484597599388712E-23   3.0741319165316977E+03
   7.4967700000000000E+08   6.6487622853334105E+04   1.9613680897536264E-12   3.0547984405733743E-23   3.0910691160077190E+03
   7.5167700000000000E+08   6.8298743582084673E+04   1.9129778809618548E-12   2.9641418960326987E-23   3.1070134228117540E+03
   7.5367700000000000E+08   7.0088190512395522E+04   1.8654168714497507E-12   2.8764970220947766E-23   3.1220808285264879E+03
   7.5567700000000000E+08   7.1863597343518093E+04   1.8188073377641977E-12   2.7918425017349487E-23   3.1363747876918510E+03
   7.5767700000000000E+08   7.3631440781453784E+04   1.7732397876653797E-12   2.7101347672984696E-23   3.1499869211622945E+03
   7.5967700000000000E+08   7.5397175552672750E+04   1.7287782638019940E-12   2.6313133118154626E-23   3.1629978848357782E+03
   7.6167700000000000E+08   7.7165366396112353E+04   1.6854650937677461E-12   2.5553052096012514E-23   3.1754783282012800E+03
   7.6367700000000000E+08   7.8939809801708238E+04   1.6433250159521504E-12   2.4820288347123855E-23   3.1874898812376687E+03
   7.6567700000000000E+08   8.0723642329335533E+04   1.6023686837713744E-12   2.4113968399110485E-23   3.1990861239557394E+03
   7.6767700000000000E+08   8.2519434876604369E+04   1.5625955934129787E-12   2.3433184935862864E-23   3.2103135075717551E+03
   7.6967700000000000E+08   8.4329273674488912E+04   1.5239965007509776E-12   2.2777014814375089E-23   3.2212122085628539E+03
   7.7167700000000000E+08   8.6154829447406388E+04   1.4865553992299955E-12   2.2144532744860946E-23   3.2318169062661586E+03
   7.7367700000000000E+08   8.7997416371408384E+04   1.4502511281945730E-12   2.1534821527019503E-23   3.2421574814009223E+03
   7.7567700000000000E+08   8.9858042408112742E+04   1.4150586744867135E-12   2.0946979589626807E-23   3.2522596373478073E+03
   7.7767700000000000E+08   9.1737452417785069E+04   1.3809502217964610E-12   2.0380126438661722E-23   3.2621454487244323E+03
   7.7967700000000000E+08   9.3636165242754214E+04   1.3478959937706735E-12   1.9833406493662167E-23   3.2718338432335904E+03
   7.8167700000000000E+08   9.5554505745105067E+04   1.3158649290625148E-12   1.9305991687229360E-23   3.2813410233330496E+03
   7.8367700000000000E+08   9.7492632599828954E+04   1.2848252196743359E-12   1.8797083118266955E-23   3.2906808342937838E+03
   7.8567700000000000E+08   9.9450562492365338E+04   1.2547447381798682E-12   1.8305911983248314E-23   3.2998650849015908E+03
   7.8767700000000000E+08   1.0142819124687515E+05   1.2255913746421988E-12   1.7831739958450156E-23   3.3089038265694294E+03
   7.8967700000000000E+08   1.0342531231470783E+05   1.1973333001482285E-12   1.7373859166631379E-23   3.3178055960658799E+03
   7.9167700000000000E+08   1.0544163297663558E+05   1.1699391707198988E-12   1.6931591831420047E-23   3.3265776264908804E+03
   7.9367700000000000E+08   1.0747678855302082E+05   1.1433782828063011E-12   1.6504289699526660E-23   3.3352260305796708E+03
   7.9567700000000000E+08   1.0953035486934995E+05   1.1176206894943579E-12   1.6091333293124076E-23   3.3437559599084861E+03
   7.9767700000000000E+08   1.1160185918746924E+05   1.0926372849030234E-12   1.5692131041014773E-23   3.3521717431189140E+03
   7.9967700000000000E+08   1.1369078978302721E+05   1.0683998628690018E-12   1.5306118326562632E-23   3.3604770058729418E+03
   8.0167700000000000E+08   1.1579660432535592E+05   1.0448811549281209E-12   1.4932756482055965E-23   3.3686747748962871E+03
   8.0367700000000000E+08   1.1791873719593391E+05   1.0220548516958560E-12   1.4571531752646592E-23   3.3767675681582036E+03
   8.0567700000000000E+08   1.2005660586479293E+05   9.9989561101334955E-13   1.4221954247855577E-23   3.3847574729681492E+03
   8.0767700000000000E+08   1.2220961642996254E+05   9.7837905562053472E-13   1.3883556894551831E-23   3.3926462135373531E+03
   8.0967700000000000E+08   1.2437716841282864E+05   9.5748176262010828E-13   1.3555894402048569E-23   3.4004352093528396E+03
   8.1167700000000000E+08   1.2655865889161456E+05   9.3718124658619226E-13   1.3238542247366554E-23   3.4081256255375715E+03
   8.1367700000000000E+08   1.2875348604597685E+05   9.1745593783222923E-13   1.2931095686622521E-23   3.4157184162201861E+03
   8.1567700000000000E+08   1.3096105217751763E+05   8.9828515707240891E-13   1.2633168796831629E-23   3.4232143618075102E+03
   8.1767700000000000E+08   1.3318076626376313E+05   8.7964908747922009E-13   1.2344393551079571E-23   3.4306141009400126E+03
   8.1967700000000000E+08   1.3541204609682292E+05   8.6152874494763429E-13   1.2064418928951850E-23   3.4379181578120670E+03
   8.2167700000000000E+08   1.3765432005229325E+05   8.4390594721806990E-13   1.1792910063266266E-23   3.4451269654536277E+03
   8.2367700000000000E+08   1.3990702852902547E+05   8.2676328237982500E-13   1.1529547423497928E-23   3.4522408854953655E+03
   8.2567700000000000E+08   1.4216962509611336E+05   8.1008407716947578E-13   1.1274026035778600E-23   3.4592602248747080E+03
   8.2767700000000000E+08   1.4444157737973169E+05   7.9385236539160567E-13   1.1026054738977848E-23   3.4661852498836561E+03
   8.2967700000000000E+08   1.4672236771937055E+05   7.7805285671839681E-13   1.0785355476100530E-23   3.4730161979101499E+03
   8.3167700000000000E+08   1.4901149362034659E+05   7.6267090606810785E-13   1.0551662620055754E-23   3.4797532871818826E+03
   8.3367700000000000E+08   1.5130846802736967E+05   7.4769248371703895E-13   1.0324722332737026E-23   3.4863967247841570E+03
   8.3567700000000000E+08   1.5361281944206735E+05   7.3310414626449067E-13   1.0104291956304587E-23   3.4929467131909360E+03
   8.3767700000000000E+08   1.5592409190600173E+05   7.1889300854174468E-13   9.8901394355398002E-24   3.4994034555197436E+03
   8.3967700000000000E+08   1.5824184486927796E+05   7.0504671653499130E-13   9.6820427701668029E-24   3.5057671596963964E+03
   8.4167700000000000E+08   1.6056565296389029E+05   6.9155342137398156E-13   9.4797894960567461E-24   3.5120380416938169E+03
   8.4367700000000000E+08   1.6289510569960528E+05   6.7840175442504754E-13   9.2831761942806477E-24   3.5182163279898591E+03
   8.4567700000000000E+08   1.6522980709921152E+05   6.6558080351468965E-13   9.0920080270034140E-24   3.5243022573722060E+03
   8.4767700000000000E+08   1.6756937528861276E+05   6.5308009029975528E-13   8.9060982992427295E-24   3.5302960822029986E+03
   8.4967700000000000E+08   1.6991344205585559E+05   6.4088954879059394E-13   8.7252680455313340E-24   3.5361980692421835E+03
   8.5167700000000000E+08   1.7226165239172679E+05   6.2899950502383991E-13   8.5493456405160171E-24   3.5420085001159123E+03
   8.5367700000000000E+08   1.7461366402281291E+05   6.1740065787243455E-13   8.3781664325144644E-24   3.5477276715049170E+03
   8.5567700000000000E+08   1.7696914694623448E+05   6.0608406097097411E-13   8.2115723990191079E-24   3.5533558951170539E+03
   8.5767700000000000E+08   1.7932778297338667E+05   5.9504110572569612E-13   8.0494118231034004E-24   3.5588934974985464E+03
   8.5967700000000000E+08   1.8168926528837043E+05   5.8426350536928507E-13   7.8915389896379150E-24   3.5643408197293475E+03
   8.6167700000000000E+08   1.8405329802488256E+05   5.7374328001345042E-13   7.7378139001924377E-24   3.5696982170398742E+03
   8.6367700000000000E+08   1.8641959586392815E+05   5.6347274264492092E-13   7.5881020054606018E-24   3.5749660583788659E+03
   8.6567700000000000E+08   1.8878788365325009E+05   5.5344448600533833E-13   7.4422739540260078E-24   3.5801447259553988E+03
   8.6767700000000000E+08   1.9115789604831344E+05   5.4365137029140310E-13   7.3002053562786695E-24   3.5852346147724102E+03
   8.6967700000000000E+08   1.9352937717364298E+05   5.3408651160994730E-13   7.1617765623084212E-24   3.5902361321638223E+03
   8.7167700000000000E+08   1.9590208030281478E+05   5.2474327112197344E-13   7.0268724526277946E-24   3.5951496973433627E+03
   8.7367700000000000E+08   1.9827576755496432E+05   5.1561524481121018E-13   6.8953822406273582E-24   3.5999757409696226E+03
   8.7567700000000000E+08   2.0065020960548669E+05   5.0669625381586637E-13   6.7671992857339069E-24   3.6047147047293424E+03
   8.7767700000000000E+08   2.0302518540873000E+05   4.9798033526632271E-13   6.6422209163179889E-24   3.6093670409388901E+03
   8.7967700000000000E+08   2.0540048193062845E+05   4.8946173357689047E-13   6.5203482614874363E-24   3.6139332121626298E+03
   8.8167700000000000E+08   2.0777589388937355E+05   4.8113489214611273E-13   6.4014860910036402E-24   3.6184136908459614E+03
   8.8367700000000000E+08   2.1015122350291337E+05   4.7299444542569973E-13   6.2855426626445572E-24   3.6228089589605788E+03
   8.8567700000000000E+08   2.1252628024232510E+05   4.6503521132496487E-13   6.1724295764393502E-24   3.6271195076593654E+03
   8.8767700000000000E+08   2.1490088059107075E+05   4.5725218392302702E-13   6.0620616352796975E-24   3.6313458369387736E+03
   8.8967700000000000E+08   2.1727484781182618E+05   4.4964052646540432E-13   5.9543567114778345E-24   3.6354884553071843E+03
   8.9167700000000000E+08   2.1964801172628949E+05   4.4219556462371149E-13   5.8492356188740366E-24   3.6395478794592427E+03
   8.9367700000000000E+08   2.2202020852215437E+05   4.3491277999433958E-13   5.7466219900615369E-24   3.6435246339591063E+03
   8.9567700000000000E+08   2.2439128062107853E+05   4.2778780380001894E-13   5.6464421581366987E-24   3.6474192509419349E+03
   8.9767700000000000E+08   2.2676107668281306E+05   4.2081641072926840E-13   5.5486250419906230E-24   3.6512322698566850E+03
   8.9967700000000000E+08   2.2912945189933927E+05   4.1399451279290950E-13   5.4531020333968190E-24   3.6549642373012771E+03
   9.0167700000000000E+08   2.3149626886442592E+05   4.0731815298545373E-13   5.3598068828953803E-24   3.6586157070544400E+03
   9.0367700000000000E+08   2.3386139947946605E+05   4.0078349842582409E-13   5.2686755798982477E-24   3.6621872404988180E+03
   9.0567700000000000E+08   2.3622472849235267E+05   3.9438683258576672E-13   5.1796462214574787E-24   3.6656794077599566E+03
   9.0767700000000000E+08   2.3858615912043859E+05   3.8812454637757891E-13   5.0926588661836926E-24   3.6690927900234615E+03
   9.0967700000000000E+08   2.4094562032478585E+05   3.8199312858397473E-13   5.0076553791711081E-24   3.6724279835283210E+03
   9.1167700000000000E+08   2.4330307314037421E+05   3.7598915770948902E-13   4.9245792951119388E-24   3.6756856054428290E+03
   9.1367700000000000E+08   2.4565850998793344E+05   3.7010929973405373E-13   4.8433757592539323E-24   3.6788663008987437E+03
   9.1567700000000000E+08   2.4801193770807324E+05   3.6435031817467240E-13   4.7639916327656004E-24   3.6819707487006453E+03
   9.1767700000000000E+08   2.5036333645234292E+05   3.5870910122909374E-13   4.6863758295783993E-24   3.6849996610419939E+03
   9.1967700000000000E+08   2.5271259823611964E+05   3.5318270176503456E-13   4.6104798344327576E-24   3.6879537714698695E+03
   9.2167700000000000E+08   2.5505947207013806E+05   3.4776836928272457E-13   4.5362581313184714E-24   3.6908338078922548E+03
   9.2367700000000000E+08   2.5740356381395599E+05   3.4246353861589170E-13   4.4636680759800410E-24   3.6936404554483383E+03
   9.2567700000000000E+08   2.5974443025215933E+05   3.3726574794896978E-13   4.3926688382501749E-24   3.6963743252361046E+03
   9.2767700000000000E+08   2.6208174540731296E+05   3.3217250546280711E-13   4.3232196459054537E-24   3.6990359505980082E+03
   9.2967700000000000E+08   2.6441543253773771E+05   3.2718118491340234E-13   4.2552783684082331E-24   3.7016258221280241E+03
   9.3167700000000000E+08   2.6674564540886984E+05   3.2228904450512466E-13   4.1888016871151859E-24   3.7041444458091341E+03
   9.3367700000000000E+08   2.6907258225365850E+05   3.1749340188543470E-13   4.1237473153002196E-24   3.7065923862162117E+03
   9.3567700000000000E+08   2.7139626398563164E+05   3.1279183210594434E-13   4.0600765633409713E-24   3.7089702627102852E+03
   9.3767700000000000E+08   2.7371649356771196E+05   3.0818214521761286E-13   3.9977540799818444E-24   3.7112787042853429E+03
   9.3967700000000000E+08   2.7603306539300567E+05   3.0366217642979318E-13   3.9367451554941521E-24   3.7135183095687375E+03
   9.4167700000000000E+08   2.7834598111847864E+05   2.9922980137101220E-13   3.8770158993704597E-24   3.7156896534248804E+03
   9.4367700000000000E+08   2.8065539458032016E+05   2.9488330845557254E-13   3.8185380108696684E-24   3.7177933246110924E+03
   9.4567700000000000E+08   2.8296135132515628E+05   2.9062159684769859E-13   3.7612913030886500E-24   3.7198299412540005E+03
   9.4767700000000000E+08   2.8526361125929485E+05   2.8644372564550862E-13   3.7052578742242906E-24   3.7218001216370922E+03
   9.4967700000000000E+08   2.8756168448036595E+05   2.8234809247761392E-13   3.6504115213160542E-24   3.7237044383490256E+03
   9.5167700000000000E+08   2.8985493949987204E+05   2.7833191608016969E-13   3.5967110917359296E-24   3.7255433915536933E+03
   9.5367700000000000E+08   2.9214271413403563E+05   2.7439142663919573E-13   3.5441029704175275E-24   3.7273174040826457E+03
   9.5567700000000000E+08   2.9442540706706431E+05   2.7052296307905358E-13   3.4925352573360764E-24   3.7290268250440981E+03
   9.5767700000000000E+08   2.9670430668823159E+05   2.6672454024274839E-13   3.4419777930338690E-24   3.7306721238864420E+03
   9.5967700000000000E+08   2.9897981277816620E+05   2.6299547619790485E-13   3.3924171856221152E-24   3.7322540197683088E+03
   9.6167700000000000E+08   3.0125167547421984E+05   2.5933488835061199E-13   3.3438375699629859E-24   3.7337732868162657E+03
   9.6367700000000000E+08   3.0351974427532364E+05   2.5574151533558190E-13   3.2962184069399531E-24   3.7352306512962382E+03
   9.6567700000000000E+08   3.0578392766690662E+05   2.5221395476616122E-13   3.2495375232820378E-24   3.7366268197213017E+03
   9.6767700000000000E+08   3.0804416764148982E+05   2.4875076575600055E-13   3.2037724219698516E-24   3.7379624864347461E+03
   9.6967700000000000E+08   3.1030042104742868E+05   2.4535051225563644E-13   3.1589008296692477E-24   3.7392383395161896E+03
   9.7167700000000000E+08   3.1255264630177891E+05   2.4201178439325115E-13   3.1149009634269489E-24   3.7404550631220877E+03
   9.7367700000000000E+08   3.1480079234270449E+05   2.3873321206352972E-13   3.0717516994053365E-24   3.7416133374410797E+03
   9.7567700000000000E+08   3.1704479006790725E+05   2.3551347374149469E-13   3.0294326815789076E-24   3.7427138368263936E+03
   9.7767700000000000E+08   3.1928454826091608E+05   2.3235129980718503E-13   2.9879243607371081E-24   3.7437572267291494E+03
   9.7967700000000000E+08   3.2151995625942573E+05   2.2924546927775766E-13   2.9472079489843795E-24   3.7447441603201005E+03
   9.8167700000000000E+08   3.2375089351446612E+05   2.2619480063238780E-13   2.9072652978153140E-24   3.7456752759266756E+03
   9.8367700000000000E+08   3.2597724297874537E+05   2.2319813982856488E-13   2.8680787390031933E-24   3.7465511962741275E+03
   9.8567700000000000E+08   3.2819890367049788E+05   2.2025434958320566E-13   2.8296309405032467E-24   3.7473725299064736E+03
   9.8767700000000000E+08   3.3041579869547160E+05   2.1736230292573996E-13   2.7919048163598723E-24   3.7481398744072098E+03
   9.8967700000000000E+08   3.3262787723302323E+05   2.1452088194952914E-13   2.7548835031597661E-24   3.7488538205391815E+03
   9.9167700000000000E+08   3.3483511120436917E+05   2.1172898071667557E-13   2.7185503902664071E-24   3.7495149563171422E+03
   9.9367700000000000E+08   3.3703748889999080E+05   2.0898550996579839E-13   2.6828891741164044E-24   3.7501238702502933E+03
   9.9567700000000000E+08   3.3923500835207361E+05   2.0628940094050338E-13   2.6478839023029094E-24   3.7506811534120588E+03
   9.9767700000000000E+08   3.4142767304946552E+05   2.0363960614755073E-13   2.6135189791586860E-24   3.7511874004872352E+03
   9.9967700000000000E+08   3.4361549811363517E+05   2.0103509173692071E-13   2.5797790637936925E-24   3.7516432111124200E+03
   1.0016770000000000E+09   3.4579865060095262E+05   1.9847473501600274E-13   2.5466477456229649E-24   3.7520491993589276E+03
   1.0036770000000000E+09   3.4797907933160855E+05   1.9595616539967781E-13   2.5140926589275541E-24   3.7524060132466579E+03
   1.0056770000000000E+09   3.5016378139011539E+05   1.9347353585442866E-13   2.4820367793506081E-24   3.7527145140870098E+03
   1.0076770000000000E+09   3.5235807340231375E+05   1.9102243290140285E-13   2.4504209216512982E-24   3.7529765525452367E+03
   1.0096770000000000E+09   3.5455886718096124E+05   1.8860448099571505E-13   2.4192630146351810E-24   3.7531946760757778E+03
   1.0116770000000000E+09   3.5675864943010855E+05   1.8622487495386552E-13   2.3886272592396307E-24   3.7533708603428104E+03
   1.0136770000000000E+09   3.5895379911915929E+05   1.8388786728772660E-13   2.3585664860584508E-24   3.7535060795848844E+03
   1.0156770000000000E+09   3.6112588950585021E+05   1.8159916762231965E-13   2.3291530553000019E-24   3.7536000500030245E+03
   1.0176770000000000E+09   3.6327919630465482E+05   1.7935686549949820E-13   2.3003608574941258E-24   3.7536537317093575E+03
   1.0196770000000000E+09   3.6542480838514993E+05   1.7715303339079332E-13   2.2720883814000225E-24   3.7536652784799953E+03
   1.0216770000000000E+09   3.6756461960206192E+05   1.7498579532509008E-13   2.2443103056532988E-24   3.7536351985769743E+03
   1.0236770000000000E+09   3.6969900533490040E+05   1.7285421302934303E-13   2.2170134525677138E-24   3.7535638834243568E+03
   1.0256770000000000E+09   3.7182804708811251E+05   1.7075754025863145E-13   2.1901870973928031E-24   3.7534518145419288E+03
   1.0276770000000000E+09   3.7395176191060699E+05   1.6869507376161658E-13   2.1638210992398018E-24   3.7532994927091240E+03
   1.0296770000000000E+09   3.7607015830520843E+05   1.6666611462212829E-13   2.1379054121910175E-24   3.7531074240275984E+03
   1.0316770000000000E+09   3.7818325525860500E+05   1.6466995967346821E-13   2.1124299748971009E-24   3.7528761177619435E+03
   1.0336770000000000E+09   3.8029109216154518E+05   1.6270590135555147E-13   2.0873847067630071E-24   3.7526060871009795E+03
   1.0356770000000000E+09   3.8239374247923185E+05   1.6077322529265124E-13   2.0627594743452118E-24   3.7522978509941995E+03
   1.0376770000000000E+09   3.8449133643828618E+05   1.5887120181578079E-13   2.0385439794067122E-24   3.7519519373019548E+03
   1.0396770000000000E+09   3.8658408483248146E+05   1.5699907622580872E-13   2.0147276296609338E-24   3.7515688882046770E+03
   1.0416770000000000E+09   3.8867228472432110E+05   1.5515606884577980E-13   1.9912995340411224E-24   3.7511492679043281E+03
   1.0436770000000000E+09   3.9075628975430381E+05   1.5334139398189903E-13   1.9682487408278946E-24   3.7506936705046523E+03
   1.0456770000000000E+09   3.9283644466286158E+05   1.5155429681828143E-13   1.9455647083401855E-24   3.7502027242073827E+03
   1.0476770000000000E+09   3.9491300431496464E+05   1.4979409603544056E-13   1.9232378533668173E-24   3.7496770882465194E+03
   1.0496770000000000E+09   3.9698606761130434E+05   1.4806021549376147E-13   1.9012599638329347E-24   3.7491174414894026E+03
   1.0516770000000000E+09   3.9905555024161382E+05   1.4635219312458838E-13   1.8796243219102993E-24   3.7485244649515462E+03
   1.0536770000000000E+09   4.0112120280674862E+05   1.4466966533362269E-13   1.8583255130638302E-24   3.7478988227501827E+03
   1.0556770000000000E+09   4.0318266331885580E+05   1.4301233447908640E-13   1.8373590154643134E-24   3.7472411462467317E+03
   1.0576770000000000E+09   4.0523952375900507E+05   1.4137993115568052E-13   1.8167207188025716E-24   3.7465520245538746E+03
   1.0596770000000000E+09   4.0729139102989144E+05   1.3977218169934021E-13   1.7964065060508797E-24   3.7458320022578673E+03
   1.0616770000000000E+09   4.0933792988416081E+05   1.3818878681036621E-13   1.7764119748164320E-24   3.7450815832078774E+03
   1.0636770000000000E+09   4.1137888421847334E+05   1.3662941230864851E-13   1.7567323127228730E-24   3.7443012381452099E+03
   1.0656770000000000E+09   4.1341407980473642E+05   1.3509368964859159E-13   1.7373622977202005E-24   3.7434914138187551E+03
   1.0676770000000000E+09   4.1544341472637962E+05   1.3358122244582005E-13   1.7182963761743674E-24   3.7426525417420230E+03
   1.0696770000000000E+09   4.1746684398371854E+05   1.3209159546755747E-13   1.6995287736827294E-24   3.7417850454939876E+03
   1.0716770000000000E+09   4.1948436321065732E+05   1.3062438354406957E-13   1.6810536060819533E-24   3.7408893461509479E+03
   1.0736770000000000E+09   4.2149599443100957E+05   1.2917915901004147E-13   1.6628649726548743E-24   3.7399658659143111E+03
   1.0756770000000000E+09   4.2350177505262801E+05   1.2775549720408612E-13   1.6449570252389344E-24   3.7390150302508769E+03
   1.0776770000000000E+09   4.2550175014942634E+05   1.2635298012533127E-13   1.6273240142550657E-24   3.7380372689385445E+03
   1.0796770000000000E+09   4.2749596749892045E+05   1.2497119860850879E-13   1.6099603160847912E-24   3.7370330163806907E+03
   1.0816770000000000E+09   4.2948447466368473E+05   1.2360975343553195E-13   1.5928604470049160E-24   3.7360027114767508E+03
   1.0836770000000000E+09   4.3146731745417340E+05   1.2226825574997474E-13   1.5760190682795211E-24   3.7349467972528514E+03
   1.0856770000000000E+09   4.3344453925246664E+05   1.2094632705139260E-13   1.5594309859012742E-24   3.7338657203846928E+03
   1.0876770000000000E+09   4.3541618083110638E+05   1.1964359895826686E-13   1.5430911473707243E-24   3.7327599306915613E+03
   1.0896770000000000E+09   4.3738228043092933E+05   1.1835971285797526E-13   1.5269946370167154E-24   3.7316298806441578E+03
   1.0916770000000000E+09   4.3934287395655736E+05   1.1709431951263415E-13   1.5111366707351788E-24   3.7304760249066730E+03
   1.0936770000000000E+09   4.4129799521090294E+05   1.1584707865793205E-13   1.4955125906218201E-24   3.7292988199205188E+03
   1.0956770000000000E+09   4.4324767612886598E+05   1.1461765861318221E-13   1.4801178597342597E-24   3.7280987235303132E+03
   1.0976770000000000E+09   4.4519194699208369E+05   1.1340573591070840E-13   1.4649480570903356E-24   3.7268761946495424E+03
   1.0996770000000000E+09   4.4713083661866526E+05   1.1221099494739400E-13   1.4499988729416883E-24   3.7256316929619798E+03
   1.1016770000000000E+09   4.4906437252735888E+05   1.1103312765895617E-13   1.4352661043324243E-24   3.7243656786548049E+03
   1.1036770000000000E+09   4.5099258107815962E+05   1.0987183321650911E-13   1.4207456509396054E-24   3.7230786121795431E+03
   1.1056770000000000E+09   4.5291548759212682E+05   1.0872681774462703E-13   1.4064335111874399E-24   3.7217709540373689E+03
   1.1076770000000000E+09   4.5483311645325139E+05   1.0759779405995662E-13   1.3923257786246998E-24   3.7204431645857649E+03
   1.1096770000000000E+09   4.5674549119482306E+05   1.0648448142934826E-13   1.3784186385535869E-24   3.7190957038639353E+03
   1.1116770000000000E+09   4.5865263457229920E+05   1.0538660534639782E-13   1.3647083648970597E-24   3.7177290314347006E+03
   1.1136770000000000E+09   4.6055456862442306E+05   1.0430389732512418E-13   1.3511913172892842E-24   3.7163436062408909E+03
   1.1156770000000000E+09   4.6245131472369772E+05   1.0323609470951780E-13   1.3378639383738236E-24   3.7149398864745312E+03
   1.1176770000000000E+09   4.6434289361701696E+05   1.0218294049762006E-13   1.3247227512930807E-24   3.7135183294572707E+03
   1.1196770000000000E+09   4.6622932545699895E+05   1.0114418317874982E-13   1.3117643573518369E-24   3.7120793915305721E+03
   1.1216770000000000E+09   4.6811062982425216E+05   1.0011957658252967E-13   1.2989854338380463E-24   3.7106235279544585E+03
   1.1236770000000000E+09   4.6998682574057014E+05   9.9108879738411811E-14   1.2863827319846120E-24   3.7091511928135196E+03
   1.1256770000000000E+09   4.7185793167316628E+05   9.8111856744381246E-14   1.2739530750554743E-24   3.7076628389290277E+03
   1.1276770000000000E+09   4.7372396552974766E+05   9.7128276643679001E-14   1.2616933565413944E-24   3.7061589177760720E+03
   1.1296770000000000E+09   4.7558494464458944E+05   9.6157913308359613E-14   1.2496005384503859E-24   3.7046398794046327E+03
   1.1316770000000000E+09   4.7744088575571257E+05   9.5200545328655695E-14   1.2376716496797141E-24   3.7031061723636062E+03
   1.1336770000000000E+09   4.7929180497370550E+05   9.4255955907136231E-14   1.2259037844565069E-24   3.7015582436268187E+03
   1.1356770000000000E+09   4.8113771774285054E+05   9.3323932756806759E-14   1.2142941008360219E-24   3.6999965385201858E+03
   1.1376770000000000E+09   4.8297863879570132E+05   9.2404268002354823E-14   1.2028398192472729E-24   3.6984215006492536E+03
   1.1396770000000000E+09   4.8481458210259496E+05   9.1496758083871557E-14   1.1915382210772854E-24   3.6968335718264966E+03
   1.1416770000000000E+09   4.8664556081811676E+05   9.0601203662447035E-14   1.1803866472860657E-24   3.6952331919978360E+03
   1.1436770000000000E+09   4.8847158722681738E+05   8.9717409527181620E-14   1.1693824970461406E-24   3.6936207991681035E+03
   1.1456770000000000E+09   4.9029267269104079E+05   8.8845184503198825E-14   1.1585232264010348E-24   3.6919968293252946E+03
   1.1476770000000000E+09   4.9210882760381507E+05   8.7984341360392874E-14   1.1478063469388930E-24   3.6903617163636995E+03
   1.1496770000000000E+09   4.9392006135029264E+05   8.7134696722639015E-14   1.1372294244773273E-24   3.6887158920061884E+03
   1.1516770000000000E+09   4.9572638228106400E+05   8.6296070977324997E-14   1.1267900777571910E-24   3.6870597857262110E+03
   1.1536770000000000E+09   4.9752779770086095E+05   8.5468288185057763E-14   1.1164859771428838E-24   3.6853938246702292E+03
   1.1556770000000000E+09   4.9932431387568539E+05   8.4651175989516645E-14   1.1063148433282711E-24   3.6837184335815587E+03
   1.1576770000000000E+09   5.0111593606138503E+05   8.3844565527361622E-14   1.0962744460464481E-24   3.6820340347267702E+03
   1.1596770000000000E+09   5.0290266855581402E+05   8.3048291338240782E-14   1.0863626027833414E-24   3.6803410478259366E+03
   1.1616770000000000E+09   5.0468451477624493E+05   8.2262191274908052E-14   1.0765771774946965E-24   3.6786398899881651E+03
   1.1636770000000000E+09   5.0646147736271116E+05   8.1486106413547855E-14   1.0669160793271422E-24   3.6769309756538810E+03
   1.1656770000000000E+09   5.0823355830715649E+05   8.0719880964414521E-14   1.0573772613442030E-24   3.6752147165453543E+03
   1.1676770000000000E+09   5.1000075910711859E+05   7.9963362182975689E-14   1.0479587192592458E-24   3.6734915216269128E+03
   1.1696770000000000E+09   5.1176308094175434E+05   7.9216400281786903E-14   1.0386584901779132E-24   3.6717617970761667E+03
   1.1716770000000000E+09   5.1352052486691403E+05   7.8478848343393906E-14   1.0294746513535993E-24   3.6700259462673880E+03
   1.1736770000000000E+09   5.1527309202512319E+05   7.7750562234605097E-14   1.0204053189602062E-24   3.6682843697680069E+03
   1.1756770000000000E+09   5.1702078386548278E+05   7.7031400522524527E-14   1.0114486468871810E-24   3.6665374653488461E+03
   1.1776770000000000E+09   5.1876360236785898E+05   7.6321224392776562E-14   1.0026028255624711E-24   3.6647856280084475E+03
   1.1796770000000000E+09   5.2050155026530742E+05   7.5619897570365932E-14   9.9386608080932575E-25   3.6630292500114761E+03
   1.1816770000000000E+09   5.2223463125851005E+05   7.4927286243608880E-14   9.8523667274288363E-25   3.6612687209408386E+03
   1.1836770000000000E+09   5.2396285021592589E+05   7.4243258991577838E-14   9.7671289471268665E-25   3.6595044277627962E+03
   1.1856770000000000E+09   5.2568621335390082E+05   7.3567686715401151E-14   9.6829307229604771E-25   3.6577367549039336E+03
   1.1876770000000000E+09   5.2740472839129134E+05   7.2900442573753714E-14   9.5997556234718377E-25   3.6559660843386482E+03
   1.1896770000000000E+09   5.2911840467414085E+05   7.2241401922745744E-14   9.5175875210543494E-25   3.6541927956853815E+03
   1.1916770000000000E+09   5.3082725326688006E+05   7.1590442260332363E-14   9.4364105836478378E-25   3.6524172663097502E+03
   1.1936770000000000E+09   5.3253128700755385E+05   7.0947443175286007E-14   9.3562092670588850E-25   3.6506398714323705E+03
   1.1956770000000000E+09   5.3423052052615525E+05   7.0312286300590069E-14   9.2769683078938237E-25   3.6488609842392552E+03
   1.1976770000000000E+09   5.3592497022591019E+05   6.9684855271118748E-14   9.1986727170926695E-25   3.6470809759925146E+03
   1.1996770000000000E+09   5.3761465422914363E+05   6.9065035685251340E-14   9.1213077740232283E-25   3.6453002161391641E+03
   1.2016770000000000E+09   5.3929959229007352E+05   6.8452715070089078E-14   9.0448590210962829E-25   3.6435190724159975E+03
   1.2036770000000000E+09   5.4097980567829381E+05   6.7847782849787654E-14   8.9693122588417874E-25   3.6417379109485528E+03
   1.2056770000000000E+09   5.4265531703721790E+05   6.7250130316554665E-14   8.8946535413892750E-25   3.6399570963426054E+03
   1.2076770000000000E+09   5.4432615022272710E+05   6.6659650603763759E-14   8.8208691722822291E-25   3.6381769917666948E+03
   1.2096770000000000E+09   5.4599233012756542E+05   6.6076238660670279E-14   8.7479457005589505E-25   3.6363979590246900E+03
   1.2116770000000000E+09   5.4765388249732391E+05   6.5499791228209790E-14   8.6758699170313150E-25   3.6346203586175470E+03
   1.2136770000000000E+09   5.4931083374392032E+05   6.4930206815386632E-14   8.6046288506948100E-25   3.6328445497938910E+03
   1.2156770000000000E+09   5.5096321076228283E+05   6.4367385675808522E-14   8.5342097652088658E-25   3.6310708905893225E+03
   1.2176770000000000E+09   5.5261104075564456E+05   6.3811229783964712E-14   8.4646001553912061E-25   3.6292997378546424E+03
   1.2196770000000000E+09   5.5425435107408545E+05   6.3261642810953688E-14   8.3957877436834378E-25   3.6275314472735158E+03
   1.2216770000000000E+09   5.5589316907043953E+05   6.2718530099399878E-14   8.3277604765490682E-25   3.6257663733703312E+03
   1.2236770000000000E+09   5.5752752197663509E+05   6.2181798637408950E-14   8.2605065207793689E-25   3.6240048695091955E+03
   1.2256770000000000E+09   5.5915743680235487E+05   6.1651357031530376E-14   8.1940142596979874E-25   3.6222472878852245E+03
   1.2276770000000000E+09   5.6078294025702972E+05   6.1127115478734953E-14   8.1282722892606090E-25   3.6204939795092823E+03
   1.2296770000000000E+09   5.6240405869479466E+05   6.0608985737552085E-14   8.0632694140641801E-25   3.6187452941874399E+03
   1.2316770000000000E+09   5.6402081808120641E+05   6.0096881098538134E-14   7.9989946432842254E-25   3.6170015804963418E+03
   1.2336770000000000E+09   5.6563324397940352E+05   5.9590716354346523E-14   7.9354371865723138E-25   3.6152631857556639E+03
   1.2356770000000000E+09   5.6724136155298993E+05   5.9090407769646475E-14   7.8725864499434589E-25   3.6135304559985934E+03
   1.2376770000000000E+09   5.6884519558227644E+05   5.8595873051190487E-14   7.8104320316905052E-25   3.6118037359413038E+03
   1.2396770000000000E+09   5.7044477049059619E+05   5.8107031318276310E-14   7.7489637183565048E-25   3.6100833689519950E+03
   1.2416770000000000E+09   5.7204011037738633E+05   5.7623803073835489E-14   7.6881714807943592E-25   3.6083696970201149E+03
   1.2436770000000000E+09   5.7363123905504856E+05   5.7146110176328936E-14   7.6280454703369445E-25   3.6066630607260854E+03
   1.2456770000000000E+09   5.7521818008709117E+05   5.6673875812566222E-14   7.5685760150929599E-25   3.6049637992116923E+03
   1.2476770000000000E+09   5.7680095682535029E+05   5.6207024471542048E-14   7.5097536163805539E-25   3.6032722501513372E+03
   1.2496770000000000E+09   5.7837959244470636E+05   5.5745481919309023E-14   7.4515689453017071E-25   3.6015887497240210E+03
   1.2516770000000000E+09   5.7995410997394042E+05   5.5289175174900169E-14   7.3940128394592727E-25   3.5999136325860486E+03
   1.2536770000000000E+09   5.8152453232186998E+05   5.4838032487261809E-14   7.3370762998118933E-25   3.5982472318442710E+03
   1.2556770000000000E+09   5.8309088229804079E+05   5.4391983313161843E-14   7.2807504876625882E-25   3.5965898790296897E+03
   1.2576770000000000E+09   5.8465318262762576E+05   5.3950958296006831E-14   7.2250267217725100E-25   3.5949419040712246E+03
   1.2596770000000000E+09   5.8621145596032799E+05   5.3514889245496373E-14   7.1698964755908966E-25   3.5933036352693716E+03
   1.2616770000000000E+09   5.8776572487327072E+05   5.3083709118039322E-14   7.1153513745913101E-25   3.5916753992696122E+03
   1.2636770000000000E+09   5.8931601186796592E+05   5.2657351997853311E-14   7.0613831937042397E-25   3.5900575210352426E+03
   1.2656770000000000E+09   5.9086233936159860E+05   5.2235753078662522E-14   7.0079838548347540E-25   3.5884503238194980E+03
   1.2676770000000000E+09   5.9240472967282112E+05   5.1818848645923184E-14   6.9551454244559989E-25   3.5868541291367533E+03
   1.2696770000000000E+09   5.9394320500247087E+05   5.1406576059482917E-14   6.9028601112662169E-25   3.5852692567325503E+03
   1.2716770000000000E+09   5.9547778740935656E+05   5.0998873736622894E-14   6.8511202639022133E-25   3.5836960245524187E+03
   1.2736770000000000E+09   5.9700849878155661E+05   5.0595681135396667E-14   6.7999183686979900E-25   3.5821347487092003E+03
   1.2756770000000000E+09   5.9853536080357037E+05   5.0196938738199544E-14   6.7492470474793491E-25   3.5805857434488571E+03
   1.2776770000000000E+09   6.0005839491983003E+05   4.9802588035488821E-14   6.6990990553838441E-25   3.5790493211145408E+03
   1.2796770000000000E+09   6.0157762229508033E+05   4.9412571509586391E-14   6.6494672786964274E-25   3.5775257921089474E+03
   1.2816770000000000E+09   6.0309306377225684E+05   4.9026832618485134E-14   6.6003447326901858E-25   3.5760154648547609E+03
   1.2836770000000000E+09   6.0460473982863280E+05   4.8645315779576887E-14   6.5517245594606720E-25   3.5745186457531900E+03
   1.2856770000000000E+09   6.0611267053085577E+05   4.8267966353247280E-14   6.5036000257460361E-25   3.5730356391405867E+03
   1.2876770000000000E+09   6.0761687548965856E+05   4.7894730626267710E-14   6.4559645207232907E-25   3.5715667472430532E+03
   1.2896770000000000E+09   6.0911737381472916E+05   4.7525555794962049E-14   6.4088115537769857E-25   3.5701122701291702E+03
   1.2916770000000000E+09   6.1061418407028541E+05   4.7160389948118269E-14   6.3621347522360043E-25   3.5686725056607575E+03
   1.2936770000000000E+09   6.1210732423153229E+05   4.6799182049659932E-14   6.3159278590798189E-25   3.5672477494417981E+03
   1.2956770000000000E+09   6.1359681164185260E+05   4.6441881921128498E-14   6.2701847306207157E-25   3.5658382947655145E+03
   1.2976770000000000E+09   6.1508266297044163E+05   4.6088440224034811E-14   6.2248993341693813E-25   3.5644444325596673E+03
   1.2996770000000000E+09   6.1656489416965866E+05   4.5738808442188423E-14   6.1800657456982139E-25   3.5630664513300917E+03
   1.3016770000000000E+09   6.1804352043138619E+05   4.5392938864113311E-14   6.1356781475167510E-25   3.5617046371024658E+03
   1.3036770000000000E+09   6.1951855614211573E+05   4.5050784565636738E-14   6.0917308259707850E-25   3.5603592733623082E+03
   1.3056770000000000E+09   6.2099001483728888E+05   4.4712299392707772E-14   6.0482181691727235E-25   3.5590306409931554E+03
   1.3076770000000000E+09   6.2245790915755497E+05   4.4377437944368731E-14   6.0051346647526255E-25   3.5577190182129502E+03
   1.3096770000000000E+09   6.2392225081235915E+05   4.4046155555663439E-14   5.9624748976004489E-25   3.5564246805086923E+03
   1.3116770000000000E+09   6.2538305056022538E+05   4.3718408280046768E-14   5.9202335475396781E-25   3.5551479005697406E+03
   1.3136770000000000E+09   6.2684031821943028E+05   4.3394152870633143E-14   5.8784053868414921E-25   3.5538889482202630E+03
   1.3156770000000000E+09   6.2829406272671628E+05   4.3073346759422424E-14   5.8369852774602861E-25   3.5526480903520419E+03
   1.3176770000000000E+09   6.2974429226347001E+05   4.2755948033571171E-14   5.7959681678609954E-25   3.5514255908592218E+03
   1.3196770000000000E+09   6.3119101446671458E+05   4.2441915407926003E-14   5.7553490893273420E-25   3.5502217105774284E+03
   1.3216770000000000E+09   6.3263423673433613E+05   4.2131208193480118E-14   5.7151231516999230E-25   3.5490367072299623E+03
   1.3236770000000000E+09   6.3407396661870310E+05   4.1823786262265705E-14   5.6752855386077579E-25   3.5478708353844413E+03
   1.3256770000000000E+09   6.3551021228135051E+05   4.1519610010317338E-14   5.6358315024107593E-25   3.5467243464226590E+03
   1.3276770000000000E+09   6.3694298295653565E+05   4.1218640321605943E-14   5.5967563592441773E-25   3.5455974885257792E+03
   1.3296770000000000E+09   6.3837228934935690E+05   4.0920838536911005E-14   5.5580554847053498E-25   3.5444905066750630E+03
   1.3316770000000000E+09   6.3979814388399932E+05   4.0626166431951544E-14   5.5197243107760509E-25   3.5434036426659250E+03
   1.3336770000000000E+09   6.4122056072696880E+05   4.0334586208431141E-14   5.4817583244889475E-25   3.5423371351302249E+03
   1.3356770000000000E+09   6.4263955554517324E+05   4.0046060499630488E-14   5.4441530685760810E-25   3.5412912195592430E+03
   1.3376770000000000E+09   6.4405514501629362E+05   3.9760552389062861E-14   5.4069041439153109E-25   3.5402661283182615E+03
   1.3396770000000000E+09   6.4546734617670754E+05   3.9478025437200883E-14   5.3700072131109392E-25   3.5392620906443763E+03
   1.3416770000000000E+09   6.4687617574967456E+05   3.9198443708438154E-14   5.3334580041512603E-25   3.5382793326218775E+03
   1.3436770000000000E+09   6.4828164961816708E+05   3.8921771789610572E-14   5.2972523129611719E-25   3.5373180771344896E+03
   1.3456770000000000E+09   6.4968378257613117E+05   3.8647974793289820E-14   5.2613860039139876E-25   3.5363785437994889E+03
   1.3476770000000000E+09   6.5108258840899623E+05   3.8377018343583082E-14   5.2258550079740671E-25   3.5354609488933970E+03
   1.3496770000000000E+09   6.5247808024305489E+05   3.8108868547992480E-14   5.1906553189317530E-25   3.5345655052811690E+03
   1.3516770000000000E+09   6.5387027100723400E+05   3.7843491963700479E-14   5.1557829888536825E-25   3.5336924223583355E+03
   1.3536770000000000E+09   6.5525917381357029E+05   3.7580855568339396E-14   5.1212341241127112E-25   3.5328419060104820E+03
   1.3556770000000000E+09   6.5664480210937234E+05   3.7320926742651594E-14   5.0870048830143610E-25   3.5320141585867382E+03
   1.3576770000000000E+09   6.5802716956812085E+05   3.7063673266511050E-14   5.0530914752362949E-25   3.5312093788788020E+03
   1.3596770000000000E+09   6.5940628981522180E+05   3.6809063323240888E-14   5.0194901624077528E-25   3.5304277620953903E+03
   1.3616770000000000E+09   6.6078217616043822E+05   3.6557065503510967E-14   4.9861972586503042E-25   3.5296694998258367E+03
   1.3636770000000000E+09   6.6215484148915356E+05   3.6307648801293365E-14   4.9532091300519774E-25   3.5289347799933403E+03
   1.3656770000000000E+09   6.6352429835991818E+05   3.6060782599777135E-14   4.9205221927763992E-25   3.5282237868047505E+03
   1.3676770000000000E+09   6.6489055923088023E+05   3.5816436651431702E-14   4.8881329103647743E-25   3.5275367007053696E+03
   1.3696770000000000E+09   6.6625363667059992E+05   3.5574581059747614E-14   4.8560377912505837E-25   3.5268736983440190E+03
   1.3716770000000000E+09   6.6761354344071355E+05   3.5335186268531212E-14   4.8242333872922258E-25   3.5262349525470790E+03
   1.3736770000000000E+09   6.6897029243952746E+05   3.5098223059538155E-14   4.7927162934413042E-25   3.5256206322952594E+03
   1.3756770000000000E+09   6.7032389658864844E+05   3.4863662554528334E-14   4.7614831480212263E-25   3.5250309026970654E+03
   1.3776770000000000E+09   6.7167436876174517E+05   3.4631476216759702E-14   4.7305306329385116E-25   3.5244659249570059E+03
   1.3796770000000000E+09   6.7302172179027123E+05   3.4401635849818131E-14   4.6998554735342046E-25   3.5239258563420990E+03
   1.3816770000000000E+09   6.7436596849878342E+05   3.4174113595426202E-14   4.6694544382933284E-25   3.5234108501511123E+03
   1.3836770000000000E+09   6.7570712169124291E+05   3.3948881933286629E-14   4.6393243388278786E-25   3.5229210556880530E+03
   1.3856770000000000E+09   6.7704519403931254E+05   3.3725913684503256E-14   4.6094620303499884E-25   3.5224566182358235E+03
   1.3876770000000000E+09   6.7838019783663284E+05   3.3505182019078756E-14   4.5798644127135575E-25   3.5220176790225273E+03
   1.3896770000000000E+09   6.7971214444112941E+05   3.3286660473031725E-14   4.5505284327969836E-25   3.5216043751687371E+03
   1.3916770000000000E+09   6.8104104272365803E+05   3.3070322999408067E-14   4.5214510915770488E-25   3.5212168395912099E+03
   1.3936770000000000E+09   6.8236689455247915E+05   3.2856144124653224E-14   4.4926294657487915E-25   3.5208552007985045E+03
   1.3956770000000000E+09   6.8368968226150773E+05   3.2644099393675974E-14   4.4640607691625304E-25   3.5205195824220659E+03
   1.3976770000000000E+09   6.8500933607182431E+05   3.2434166541054225E-14   4.4357425143306924E-25   3.5202101021494786E+03
   1.3996770000000000E+09   6.8632565510791517E+05   3.2226328352148654E-14   4.4076729066190966E-25   3.5199268694336356E+03
   1.4016770000000000E+09   6.8763813040469296E+05   3.2020579116535483E-14   4.3798517326502891E-25   3.5196699809458300E+03
   1.4036770000000000E+09   6.8894558385713433E+05   3.1816937881638975E-14   4.3522821835928505E-25   3.5194395123010149E+03
   1.4056770000000000E+09   6.9024551323659183E+05   3.1615472674743412E-14   4.3249741859173404E-25   3.5192355041558194E+03
   1.4076770000000000E+09   6.9153307528007682E+05   3.1416338411326083E-14   4.2979496148902200E-25   3.5190579398244490E+03
   1.4096770000000000E+09   6.9279983113849454E+05   3.1219823997436914E-14   4.2712487837787777E-25   3.5189067078576636E+03
   1.4116770000000000E+09   6.9403273601203447E+05   3.1026390027533247E-14   4.2449356830162717E-25   3.5187815329356199E+03
   1.4136770000000000E+09   6.9521405860061571E+05   3.0836668564976776E-14   4.2190981013566189E-25   3.5186818451168697E+03
   1.4156770000000000E+09   6.9632206995508133E+05   3.0651424954466945E-14   4.1938426332696619E-25   3.5186065744369935E+03
   1.4176770000000000E+09   6.9732967842272937E+05   3.0471583750180645E-14   4.1692984090568880E-25   3.5185539787324560E+03
   1.4196770000000000E+09   6.9819609602244245E+05   3.0298521292822179E-14   4.1456568879918394E-25   3.5185218238569873E+03
   1.4216770000000000E+09   6.9885402205305279E+05   3.0134591842532124E-14   4.1232430138729566E-25   3.5185080792975159E+03
   1.4236770000000000E+09   6.9921875829413359E+05   2.9982945898109200E-14   4.1024903683648620E-25   3.5185109088926447E+03
   1.4256770000000000E+09   6.9925775768912665E+05   2.9845048282046730E-14   4.0836054168291732E-25   3.5185253589417366E+03
   1.4276770000000000E+09   6.9908681578964333E+05   2.9716801856192525E-14   4.0660418153021007E-25   3.5185392396905472E+03
   1.4296770000000000E+09   6.9893807958389609E+05   2.9589219915209164E-14   4.0485844750657574E-25   3.5185399068892725E+03
   1.4316770000000000E+09   6.9893977138803364E+05   2.9456965172972387E-14   4.0304956905896864E-25   3.5185336677005007E+03
   1.4336770000000000E+09   6.9906501358261239E+05   2.9320712070983995E-14   4.0118755329382526E-25   3.5185135944275785E+03
   1.4356770000000000E+09   6.9880669523157959E+05   2.9202262626024995E-14   3.9956263512807307E-25   3.5185506296176864E+03
   6.5767700000000000E+08  -9.5897574141049040E+02   4.2358711179306571E-08   1.5269823152990057E-22   1.8303090763692792E+03
   6.5967700000000000E+08  -9.1735758279348033E+02   5.8742948146761351E-08   1.7538649488774493E-22   2.2099513457459311E+03
   6.6167700000000000E+08  -8.4750209831513928E+02   6.7024236254019901E-08   1.7863444330833021E-22   2.4756810327096764E+03
   6.6367700000000000E+08  -7.4901132993174292E+02   7.0512562742912630E-08   1.7331790456424809E-22   2.6844491129611806E+03
   6.6567700000000000E+08  -5.2405714586324655E+02   6.9957184048425987E-08   1.6148976638702141E-22   2.8583998202996418E+03
   6.6767700000000000E+08  -1.9873256988230230E+02   6.6783105468353137E-08   1.4647827767471886E-22   3.0083708728587635E+03
   6.6967700000000000E+08   1.9730936151137368E+02   6.2290542778889575E-08   1.3087440711110221E-22   3.1405522449821146E+03
   6.7167700000000000E+08   6.3767115876777302E+02   5.7382305372095140E-08   1.1618448810951135E-22   3.2588740937757639E+03
   6.7367700000000000E+08   1.1024240085145886E+03   5.2575310283794927E-08   1.0306237419464554E-22   3.3660262171430045E+03
   6.7567700000000000E+08   1.5718863827645027E+03   4.8121424981598994E-08   9.1664259549158506E-23   3.4639513216383830E+03
   6.7767700000000000E+08   2.0204066229687944E+03   4.4119889998764184E-08   8.1909559146074764E-23   3.5541082274698520E+03
   6.7967700000000000E+08   2.4167089153000738E+03   4.0587872989601521E-08   7.3621880165715877E-23   3.6376247162458776E+03
   6.8167700000000000E+08   2.7347712297529069E+03   3.7498723939161675E-08   6.6594484662125024E-23   3.7153928916949599E+03
   6.8367700000000000E+08   2.9639286950409446E+03   3.4798335700893886E-08   6.0611959375973515E-23   3.7881322262881949E+03
   6.8567700000000000E+08   3.1049549333366913E+03   3.2416570354370084E-08   5.5463259737868599E-23   3.8564325333299230E+03
   6.8767700000000000E+08   3.1447705804626544E+03   3.0273243307604518E-08   5.0945974310134827E-23   3.9207840588559966E+03
   6.8967700000000000E+08   3.0316367923065091E+03   2.8299202838884552E-08   4.6896540337460855E-23   3.9815979453565656E+03
   6.9167700000000000E+08   2.7085721744484949E+03   2.6456461907803971E-08   4.3217322078491648E-23   4.0392219532563618E+03
   6.9367700000000000E+08   2.1816297901999692E+03   2.4743588443618217E-08   3.9878804135022387E-23   4.0939543764880759E+03
   6.9567700000000000E+08   1.5591080272515983E+03   2.3180184194280035E-08   3.6889364941865571E-23   4.1460560570980306E+03
   6.9767700000000000E+08   1.0246199406290430E+03   2.1785435404142285E-08   3.4258679857865506E-23   4.1957590423086585E+03
   6.9967700000000000E+08   7.7227625723368419E+02   2.0565897177982137E-08   3.1978351124730350E-23   4.2432714646016830E+03
   7.0167700000000000E+08   9.4892799126145280E+02   1.9514084674450608E-08   3.0020467936094192E-23   4.2887797881633760E+03
   7.0367700000000000E+08   1.6253834696299082E+03   1.8612429266939885E-08   2.8344349089266802E-23   4.3324499736789803E+03
   7.0567700000000000E+08   2.7959838239720621E+03   1.7838214719823636E-08   2.6904302634565292E-23   4.3744285996395492E+03
   7.0767700000000000E+08   4.3960299717861644E+03   1.7167601965979399E-08   2.5655574029836654E-23   4.4148443472460513E+03
   7.0967700000000000E+08   6.3255368559239205E+03   1.6578275577022782E-08   2.4557959726659833E-23   4.4538098460205347E+03
   7.1167700000000000E+08   8.4711549004177650E+03   1.6050855717467548E-08   2.3577468144800094E-23   4.4914237086117573E+03
   7.1367700000000000E+08   1.0722658426642449E+04   1.5569423526493443E-08   2.2686658438756749E-23   4.5277725675674974E+03
   7.1567700000000000E+08   1.2982673008097388E+04   1.5121465803384565E-08   2.1864172583597439E-23   4.5629329693995060E+03
   7.1767700000000000E+08   1.5169920144068737E+04   1.4697421879858847E-08   2.1093755987303253E-23   4.5969730316183386E+03
   7.1967700000000000E+08   1.7223623902668882E+04   1.4290660297928572E-08   2.0363967757334325E-23   4.6299538679267116E+03
   7.2167700000000000E+08   1.9105287021461081E+04   1.3896767638032991E-08   1.9666956722442191E-23   4.6619308135951915E+03
   7.2367700000000000E+08   2.0794632125094649E+04   1.3513099201653197E-08   1.8997672881008031E-23   4.6929544251787538E+03
   7.2567700000000000E+08   2.2286559129909518E+04   1.3138323422171948E-08   1.8353116051007346E-23   4.7230712624690959E+03
   7.2767700000000000E+08   2.3587750994000471E+04   1.2772019937711447E-08   1.7731697347196783E-23   4.7523244987218486E+03
   7.2967700000000000E+08   2.4713237500371873E+04   1.2414338508340700E-08   1.7132714725580925E-23   4.7807543888780010E+03
   7.3167700000000000E+08   2.5683178600413714E+04   1.2065725013980168E-08   1.6555943454822181E-23   4.8083986240627955E+03
   7.3367700000000000E+08   2.6520078261653074E+04   1.1726716640383618E-08   1.6001337611374151E-23   4.8352925984897247E+03
   7.3567700000000000E+08   2.7246574687363369E+04   1.1397803517713210E-08   1.5468833079026036E-23   4.8614696120120161E+03
   7.3767700000000000E+08   2.7883868790343578E+04   1.1079348583781852E-08   1.4958236169116257E-23   4.8869610279991248E+03
   7.3967700000000000E+08   2.8450766781119641E+04   1.0771553999139607E-08   1.4469178508806260E-23   4.9117964020747304E+03
   7.4167700000000000E+08   2.8963247416689443E+04   1.0474460499459488E-08   1.4001117387969503E-23   4.9360035930927606E+03
   7.4367700000000000E+08   2.9434424278508624E+04   1.0187966854319109E-08   1.3553362848413223E-23   4.9596088638994970E+03
   7.4567700000000000E+08   2.9874766512671544E+04   9.9118588167362090E-09   1.3125116581555567E-23   4.9826369762943714E+03
   7.4767700000000000E+08   3.0292457186214884E+04   9.6458399709017724E-09   1.2715512303742696E-23   5.0051112823138601E+03
   7.4967700000000000E+08   3.0693797198775937E+04   9.3895598434716999E-09   1.2323651551443223E-23   5.0270538124910499E+03
   7.5167700000000000E+08   3.1083594195102509E+04   9.1426370562630068E-09   1.1948632196497278E-23   5.0484853609440961E+03
   7.5367700000000000E+08   3.1465503446081450E+04   8.9046769744141164E-09   1.1589569236295925E-23   5.0694255668267606E+03
   7.5567700000000000E+08   3.1842308066467023E+04   8.6752842882666858E-09   1.1245608682523233E-23   5.0898929916489578E+03
   7.5767700000000000E+08   3.2216138931805974E+04   8.4540714179392516E-09   1.0915935907596523E-23   5.1099051920983911E+03
   7.5967700000000000E+08   3.2588641537931588E+04   8.2406637311894218E-09   1.0599779880040246E-23   5.1294787881677184E+03
   7.6167700000000000E+08   3.2961099640824286E+04   8.0347024752279424E-09   1.0296414549416455E-23   5.1486295265578792E+03
   7.6367700000000000E+08   3.3334525526901372E+04   7.8358461534282761E-09   1.0005158379458112E-23   5.1673723394618291E+03
   7.6567700000000000E+08   3.3709725490032593E+04   7.6437708959334050E-09   9.7253727629360102E-24   5.1857213989267866E+03
   7.6767700000000000E+08   3.4087347378053739E+04   7.4581702128601333E-09   9.4564598253954524E-24   5.2036901670507586E+03
   7.6967700000000000E+08   3.4467915393238429E+04   7.2787543922195157E-09   9.1978599500915072E-24   5.2212914422981448E+03
   7.7167700000000000E+08   3.4851855904926015E+04   7.1052497118731586E-09   8.9490492307372441E-24   5.2385374022275482E+03
   7.7367700000000000E+08   3.5239516919206188E+04   6.9373975705293867E-09   8.7095369731806185E-24   5.2554396429197022E+03
   7.7567700000000000E+08   3.5631183030585504E+04   6.7749536002050444E-09   8.4788633116953852E-24   5.2720092153798960E+03
   7.7767700000000000E+08   3.6027087101628516E+04   6.6176867954856787E-09   8.2565969711982409E-24   5.2882566591715567E+03
   7.7967700000000000E+08   3.6427419520458207E+04   6.4653786782894308E-09   8.0423331863373785E-24   5.3041920335179057E+03
   7.8167700000000000E+08   3.6832335621043363E+04   6.3178225069889495E-09   7.8356917769486887E-24   5.3198249460888255E+03
   7.8367700000000000E+08   3.7241961676509440E+04   6.1748225331173500E-09   7.6363153733778360E-24   5.3351645796708508E+03
   7.8567700000000000E+08   3.7656399761157940E+04   6.0361933058012466E-09   7.4438677823727496E-24   5.3502197169002739E+03
   7.8767700000000000E+08   3.8075731701416684E+04   5.9017590224625517E-09   7.2580324832584925E-24   5.3649987632227294E+03
   7.8967700000000000E+08   3.8500022285387575E+04   5.7713529235651357E-09   7.0785112440746848E-24   5.3795097682275491E+03
   7.9167700000000000E+08   3.8929321865771053E+04   5.6448167288698786E-09   6.9050228477981221E-24   5.3937604454913762E+03
   7.9367700000000000E+08   3.9363668465851886E+04   5.5220001125862476E-09   6.7373019194206923E-24   5.4077581910532044E+03
   7.9567700000000000E+08   3.9803089479300586E+04   5.4027602148504382E-09   6.5750978453631968E-24   5.4215101006317473E+03
   7.9767700000000000E+08   4.0247603039569265E+04   5.2869611870561319E-09   6.4181737774080553E-24   5.4350229856859660E+03
   7.9967700000000000E+08   4.0697219122331328E+04   5.1744737686837272E-09   6.2663057139986128E-24   5.4483033884104962E+03
   8.0167700000000000E+08   4.1151940433977790E+04   5.0651748934011515E-09   6.1192816523679886E-24   5.4613575957494777E+03
   8.0367700000000000E+08   4.1611763130208303E+04   4.9589473223384844E-09   5.9769008055252896E-24   5.4741916525048446E+03
   8.0567700000000000E+08   4.2076677400989669E+04   4.8556793025668416E-09   5.8389728786449370E-24   5.4868113736085561E+03
   8.0767700000000000E+08   4.2546667951471551E+04   4.7552642489381806E-09   5.7053173998797215E-24   5.4992223556219969E+03
   8.0967700000000000E+08   4.3021714402749436E+04   4.6576004475662993E-09   5.5757631010536366E-24   5.5114299875205306E+03
   8.1167700000000000E+08   4.3501791631575063E+04   4.5625907793505828E-09   5.4501473440917379E-24   5.5234394608160292E+03
   8.1367700000000000E+08   4.3986870064182222E+04   4.4701424620615610E-09   5.3283155894122537E-24   5.5352557790658448E+03
   8.1567700000000000E+08   4.4476915936230303E+04   4.3801668096210440E-09   5.2101209028449758E-24   5.5468837668125834E+03
   8.1767700000000000E+08   4.4971891528400607E+04   4.2925790073181982E-09   5.0954234979501958E-24   5.5583280779953129E+03
   8.1967700000000000E+08   4.5471755385300436E+04   4.2072979018058766E-09   4.9840903108963176E-24   5.5695932038695655E+03
   8.2167700000000000E+08   4.5976462523951064E+04   4.1242458048174643E-09   4.8759946053124173E-24   5.5806834804703958E+03
   8.2367700000000000E+08   4.6485964637123543E+04   4.0433483096327138E-09   4.7710156047654618E-24   5.5916030956500072E+03
   8.2567700000000000E+08   4.7000210296043377E+04   3.9645341194010322E-09   4.6690381507217632E-24   5.6023560957189966E+03
   8.2767700000000000E+08   4.7519145156381768E+04   3.8877348865015164E-09   4.5699523840394482E-24   5.6129463917178309E+03
   8.2967700000000000E+08   4.8042712170906234E+04   3.8128850621810027E-09   4.4736534482043678E-24   5.6233777653433417E+03
   8.3167700000000000E+08   4.8570851811568515E+04   3.7399217557639333E-09   4.3800412126673024E-24   5.6336538745528360E+03
   8.3367700000000000E+08   4.9103502303107540E+04   3.6687846027726830E-09   4.2890200147681198E-24   5.6437782588668833E+03
   8.3567700000000000E+08   4.9640599869413134E+04   3.5994156413339139E-09   4.2004984188437286E-24   5.6537543443901905E+03
   8.3767700000000000E+08   5.0182078992909126E+04   3.5317591962775127E-09   4.1143889912143888E-24   5.6635854485684813E+03
   8.3967700000000000E+08   5.0727872686100258E+04   3.4657617703614164E-09   4.0306080898298796E-24   5.6732747846980301E+03
   8.4167700000000000E+08   5.1277912773245574E+04   3.4013719420792965E-09   3.9490756674351377E-24   5.6828254662032505E+03
   8.4367700000000000E+08   5.1832130178925850E+04   3.3385402695313564E-09   3.8697150871880341E-24   5.6922405106965680E+03
   8.4567700000000000E+08   5.2390455219168012E+04   3.2772191998619702E-09   3.7924529497310006E-24   5.7015228438338727E+03
   8.4767700000000000E+08   5.2952817889849292E+04   3.2173629837940642E-09   3.7172189307864167E-24   5.7106753029778247E+03
   8.4967700000000000E+08   5.3519148146425716E+04   3.1589275948189588E-09   3.6439456284137012E-24   5.7197006406803966E+03
   8.5167700000000000E+08   5.4089376168674724E+04   3.1018706526331714E-09   3.5725684191349107E-24   5.7286015279953408E+03
   8.5367700000000000E+08   5.4663432604155845E+04   3.0461513504500010E-09   3.5030253222061248E-24   5.7373805576303994E+03
   8.5567700000000000E+08   5.5241248784508236E+04   2.9917303858528703E-09   3.4352568713822922E-24   5.7460402469484852E+03
   8.5767700000000000E+08   5.5822756909482603E+04   2.9385698948992967E-09   3.3692059935945347E-24   5.7545830408264237E+03
   8.5967700000000000E+08   5.6407890194731888E+04   2.8866333892262387E-09   3.3048178940275668E-24   5.7630113143792287E+03
   8.6167700000000000E+08   5.6996582980757055E+04   2.8358856959497098E-09   3.2420399471517445E-24   5.7713273755574501E+03
   8.6367700000000000E+08   5.7588770801965627E+04   2.7862929001906792E-09   3.1808215933256263E-24   5.7795334676245066E+03
   8.6567700000000000E+08   5.8184390416411639E+04   2.7378222900953003E-09   3.1211142406408964E-24   5.7876317715206460E+03
   8.6767700000000000E+08   5.8783379798365735E+04   2.6904423042482350E-09   3.0628711717299002E-24   5.7956244081196519E+03
   8.6967700000000000E+08   5.9385678097296688E+04   2.6441224814029542E-09   3.0060474552966371E-24   5.8035134403839738E+03
   8.7167700000000000E+08   5.9991225568048394E+04   2.5988334124716300E-09   2.9505998621640464E-24   5.8113008754238617E+03
   8.7367700000000000E+08   6.0599963477900877E+04   2.5545466947294932E-09   2.8964867856542746E-24   5.8189886664654423E+03
   8.7567700000000000E+08   6.1211833996774621E+04   2.5112348881946468E-09   2.8436681661344243E-24   5.8265787147326018E+03
   8.7767700000000000E+08   6.1826780077043055E+04   2.4688714741452243E-09   2.7921054195695410E-24   5.8340728712471910E+03
   8.7967700000000000E+08   6.2444745329307545E+04   2.4274308157316650E-09   2.7417613699276618E-24   5.8414729385517639E+03
   8.8167700000000000E+08   6.3065673900042741E+04   2.3868881206349121E-09   2.6926001852809783E-24   5.8487806723588346E+03
   8.8367700000000000E+08   6.3689510356368366E+04   2.3472194057116808E-09   2.6445873174430047E-24   5.8559977831305068E+03
   8.8567700000000000E+08   6.4316199582398382E+04   2.3084014635568765E-09   2.5976894449756159E-24   5.8631259375918935E+03
   8.8767700000000000E+08   6.4945686690854272E+04   2.2704118309015221E-09   2.5518744193925669E-24   5.8701667601817780E+03
   8.8967700000000000E+08   6.5577916953223175E+04   2.2332287587502728E-09   2.5071112143758413E-24   5.8771218344436238E+03
   8.9167700000000000E+08   6.6212835752389103E+04   2.1968311841434089E-09   2.4633698778051036E-24   5.8839927043598800E+03
   8.9367700000000000E+08   6.6850388564903711E+04   2.1611987033930051E-09   2.4206214863661928E-24   5.8907808756324375E+03
   8.9567700000000000E+08   6.7490520988974240E+04   2.1263115465726627E-09   2.3788381024310010E-24   5.8974878169118265E+03
   8.9767700000000000E+08   6.8133178854736892E+04   2.0921505528958446E-09   2.3379927327447588E-24   5.9041149609777804E+03
   8.9967700000000000E+08   6.8778308494698940E+04   2.0586971463417427E-09   2.2980592881544057E-24   5.9106637058735523E+03
   9.0167700000000000E+08   6.9425857324857643E+04   2.0259333104201630E-09   2.2590125430985614E-24   5.9171354159964812E+03
   9.0367700000000000E+08   7.0075774991842423E+04   1.9938415603220013E-09   2.2208280928743829E-24   5.9235314231474458E+03
   9.0567700000000000E+08   7.0728015442045638E+04   1.9624049101501766E-09   2.1834823061048164E-24   5.9298530275418307E+03
   9.0767700000000000E+08   7.1382540242650284E+04   1.9316068332945424E-09   2.1469522702728348E-24   5.9361014987852204E+03
   9.0967700000000000E+08   7.2039323076615648E+04   1.9014312169379997E-09   2.1112157314742703E-24   5.9422780768165103E+03
   9.1167700000000000E+08   7.2698354197348046E+04   1.8718623192407104E-09   2.0762510379411104E-24   5.9483839728207095E+03
   9.1367700000000000E+08   7.3359641615777655E+04   1.8428847505229027E-09   2.0420371109698808E-24   5.9544203701107781E+03
   9.1567700000000000E+08   7.4023203610002849E+04   1.8144835127051416E-09   2.0085534809683408E-24   5.9603884249736129E+03
   9.1767700000000000E+08   7.4689047095642032E+04   1.7866441295037168E-09   1.9757804239405707E-24   5.9662892674699988E+03
   9.1967700000000000E+08   7.5357132005873267E+04   1.7593528616608697E-09   1.9436991910421547E-24   5.9721240021758576E+03
   9.2167700000000000E+08   7.6027334763722145E+04   1.7325969191805036E-09   1.9122922330185089E-24   5.9778937088594230E+03
   9.2367700000000000E+08   7.6699437900057979E+04   1.7063644961107697E-09   1.8815432271981469E-24   5.9835994431079835E+03
   9.2567700000000000E+08   7.7373171775885843E+04   1.6806444706459197E-09   1.8514367359670607E-24   5.9892422369436099E+03
   9.2767700000000000E+08   7.8048302373303508E+04   1.6554258151150501E-09   1.8219575495821923E-24   5.9948230994767546E+03
   9.2967700000000000E+08   7.8724709810450353E+04   1.6306970675192907E-09   1.7930901025564405E-24   6.0003430176181064E+03
   9.3167700000000000E+08   7.9402392359403268E+04   1.6064463258266349E-09   1.7648184681435187E-24   6.0058029568146858E+03
   9.3367700000000000E+08   8.0081386996253990E+04   1.5826617332052474E-09   1.7371268900904265E-24   6.0112038617343042E+03
   9.3567700000000000E+08   8.0761683429619239E+04   1.5593318837270814E-09   1.7100002217649985E-24   6.0165466568442080E+03
   9.3767700000000000E+08   8.1443240239778359E+04   1.5364459831800108E-09   1.6834240933307579E-24   6.0218322469290206E+03
   9.3967700000000000E+08   8.2126081897057113E+04   1.5139939816482155E-09   1.6573850507609245E-24   6.0270615176495885E+03
   9.4167700000000000E+08   8.2810295263471635E+04   1.4919662237122183E-09   1.6318701731278809E-24   6.0322353361288833E+03
   9.4367700000000000E+08   8.3495851698648548E+04   1.4703521299904806E-09   1.6068656327458207E-24   6.0373545514207535E+03
   9.4567700000000000E+08   8.4182447889125731E+04   1.4491391397686542E-09   1.5823555366341156E-24   6.0424199948054829E+03
   9.4767700000000000E+08   8.4869588071302249E+04   1.4283137674225301E-09   1.5583230711538962E-24   6.0474324800616096E+03
   9.4967700000000000E+08   8.5556870936984764E+04   1.4078643264974331E-09   1.5347534650478610E-24   6.0523928039368639E+03
   9.5167700000000000E+08   8.6244241567913137E+04   1.3877827448844851E-09   1.5116359627678699E-24   6.0573017469330580E+03
   9.5367700000000000E+08   8.6932496066358333E+04   1.3680645264330233E-09   1.4889637564632671E-24   6.0621600742083383E+03
   9.5567700000000000E+08   8.7621989038168860E+04   1.3487097569430012E-09   1.4667350589801918E-24   6.0669685360705935E+03
   9.5767700000000000E+08   8.8313627575072445E+04   1.3297202202239265E-09   1.4449501302328120E-24   6.0717278681492589E+03
   9.5967700000000000E+08   8.9007059475393413E+04   1.3110798753378236E-09   1.4235898990512366E-24   6.0764387914187191E+03
   9.6167700000000000E+08   8.9701844716235224E+04   1.2927781879228343E-09   1.4026412201246900E-24   6.0811020123287590E+03
   9.6367700000000000E+08   9.0397818273534329E+04   1.2748064345584944E-09   1.3820930272713614E-24   6.0857182232531559E+03
   9.6567700000000000E+08   9.1094890681528443E+04   1.2571568209476999E-09   1.3619353341463533E-24   6.0902881029208438E+03
   9.6767700000000000E+08   9.1793000259793655E+04   1.2398220195130767E-09   1.3421587221699228E-24   6.0948123167986423E+03
   9.6967700000000000E+08   9.2492098900422934E+04   1.2227950118597236E-09   1.3227541647321270E-24   6.0992915174429163E+03
   9.7167700000000000E+08   9.3192147182488930E+04   1.2060690295372935E-09   1.3037129598350467E-24   6.1037263448311533E+03
   9.7367700000000000E+08   9.3893111708476659E+04   1.1896375221024654E-09   1.2850266929923846E-24   6.1081174266784892E+03
   9.7567700000000000E+08   9.4594963245688064E+04   1.1734941341809487E-09   1.2666872101569104E-24   6.1124653787420739E+03
   9.7767700000000000E+08   9.5297675289922976E+04   1.1576326888411597E-09   1.2486865976455010E-24   6.1167708051148456E+03
   9.7967700000000000E+08   9.6001223062680292E+04   1.1420471754943100E-09   1.2310171670893923E-24   6.1210342985096004E+03
   9.8167700000000000E+08   9.6705583040843630E+04   1.1267317400268011E-09   1.2136714429156505E-24   6.1252564405339617E+03
   9.8367700000000000E+08   9.7410732828924374E+04   1.1116806765695957E-09   1.1966421517051356E-24   6.1294378019569831E+03
   9.8567700000000000E+08   9.8116651095492300E+04   1.0968884212318354E-09   1.1799222137623216E-24   6.1335789429677961E+03
   9.8767700000000000E+08   9.8823317482981918E+04   1.0823495473582099E-09   1.1635047364071625E-24   6.1376804134266986E+03
   9.8967700000000000E+08   9.9530712463333388E+04   1.0680587614915956E-09   1.1473830080991107E-24   6.1417427531087596E+03
   9.9167700000000000E+08   1.0023881711506368E+05   1.0540108996810847E-09   1.1315504929973843E-24   6.1457664919404351E+03
   9.9367700000000000E+08   1.0094761300189314E+05   1.0402009242828969E-09   1.1160008261044845E-24   6.1497521502290847E+03
   9.9567700000000000E+08   1.0165708255336965E+05   1.0266239222107881E-09   1.1007278100089228E-24   6.1537002388860892E+03
   9.9767700000000000E+08   1.0236721027956795E+05   1.0132751065077125E-09   1.0857254152269239E-24   6.1576112596440180E+03
   9.9967700000000000E+08   1.0307798472340449E+05   1.0001498225556979E-09   1.0709877855508430E-24   6.1614857052686148E+03
   1.0016770000000000E+09   1.0378940039231519E+05   9.8724355716128109E-10   1.0565092465167029E-24   6.1653240597656295E+03
   1.0036770000000000E+09   1.0450145871557752E+05   9.7455194533749568E-10   1.0422843114505669E-24   6.1691267985826862E+03
   1.0056770000000000E+09   1.0521416681035025E+05   9.6207076418213175E-10   1.0283076737847283E-24   6.1728943888049271E+03
   1.0076770000000000E+09   1.0592753357597179E+05   9.4979591140789443E-10   1.0145741830560564E-24   6.1766272893433552E+03
   1.0096770000000000E+09   1.0664156378611740E+05   9.3772336763762187E-10   1.0010788036674883E-24   6.1803259511151464E+03
   1.0116770000000000E+09   1.0735625211731988E+05   9.2584915255100226E-10   9.8781656718044707E-25   6.1839908172161677E+03
   1.0136770000000000E+09   1.0807157888207932E+05   9.1416929176451304E-10   9.7478253617852756E-25   6.1876223230861960E+03
   1.0156770000000000E+09   1.0878750350129204E+05   9.0267980940638377E-10   9.6197179545851392E-25   6.1912208966687085E+03
   1.0176770000000000E+09   1.0950397385408268E+05   8.9137671657919256E-10   9.4937943951621257E-25   6.1947869585680237E+03
   1.0196770000000000E+09   1.1022092654065252E+05   8.8025604141099451E-10   9.3700060310949280E-25   6.1983209222050627E+03
   1.0216770000000000E+09   1.1093829654944215E+05   8.6931389362026083E-10   9.2483052967635099E-25   6.2018231939727393E+03
   1.0236770000000000E+09   1.1165602613518604E+05   8.5854650516318985E-10   9.1286461372063445E-25   6.2052941733915677E+03
   1.0256770000000000E+09   1.1237407124411402E+05   8.4795026345170866E-10   9.0109843532102885E-25   6.2087342532642106E+03
   1.0276770000000000E+09   1.1309240480323246E+05   8.3752172638938627E-10   8.8952777527767548E-25   6.2121438198274045E+03
   1.0296770000000000E+09   1.1381101667226660E+05   8.2725761853694884E-10   8.7814861020017375E-25   6.2155232528996657E+03
   1.0316770000000000E+09   1.1452991092161390E+05   8.1715481275351566E-10   8.6695709219351982E-25   6.2188729260236414E+03
   1.0336770000000000E+09   1.1524910157217909E+05   8.0721030404324854E-10   8.5594952032081271E-25   6.2221932066025156E+03
   1.0356770000000000E+09   1.1596860797524467E+05   7.9742118227934540E-10   8.4512231094403297E-25   6.2254844560306028E+03
   1.0376770000000000E+09   1.1668845073996125E+05   7.8778460875927313E-10   8.3447197220395040E-25   6.2287470298184489E+03
   1.0396770000000000E+09   1.1740864871872470E+05   7.7829779916529929E-10   8.2399508536203361E-25   6.2319812777133748E+03
   1.0416770000000000E+09   1.1812921718681463E+05   7.6895801333044527E-10   8.1368829341425168E-25   6.2351875438160305E+03
   1.0436770000000000E+09   1.1885016708170595E+05   7.5976255074952837E-10   8.0354829583645367E-25   6.2383661666937533E+03
   1.0456770000000000E+09   1.1957150502518010E+05   7.5070875011890029E-10   7.9357184762782723E-25   6.2415174794910563E+03
   1.0476770000000000E+09   1.2029323382443631E+05   7.4179399115375521E-10   7.8375576078627159E-25   6.2446418100377687E+03
   1.0496770000000000E+09   1.2101535319446445E+05   7.3301569726433038E-10   7.7409690670627918E-25   6.2477394809548759E+03
   1.0516770000000000E+09   1.2173786051793754E+05   7.2437133814638567E-10   7.6459221849579951E-25   6.2508108097580489E+03
   1.0536770000000000E+09   1.2246075153330746E+05   7.1585843178677370E-10   7.5523869268270487E-25   6.2538561089591049E+03
   1.0556770000000000E+09   1.2318402090235335E+05   7.0747454571447748E-10   7.4603339013184191E-25   6.2568756861653064E+03
   1.0576770000000000E+09   1.2390766264830556E+05   6.9921729753096137E-10   7.3697343620954672E-25   6.2598698441763627E+03
   1.0596770000000000E+09   1.2463167047717223E+05   6.9108435485189157E-10   7.2805602033638501E-25   6.2628388810793449E+03
   1.0616770000000000E+09   1.2535603800398394E+05   6.8307343481627946E-10   7.1927839509403618E-25   6.2657830903413733E+03
   1.0636770000000000E+09   1.2608075890659440E+05   6.7518230330427216E-10   7.1063787503619089E-25   6.2687027609001298E+03
   1.0656770000000000E+09   1.2680582702665613E+05   6.6740877397516054E-10   7.0213183532163194E-25   6.2715981772523774E+03
   1.0676770000000000E+09   1.2753123643346531E+05   6.5975070720562702E-10   6.9375771025410490E-25   6.2744696195402230E+03
   1.0696770000000000E+09   1.2825698146248129E+05   6.5220600898303694E-10   6.8551299178666180E-25   6.2773173636355177E+03
   1.0716770000000000E+09   1.2898305673724996E+05   6.4477262978996713E-10   6.7739522802842909E-25   6.2801416812221796E+03
   1.0736770000000000E+09   1.2970945718108912E+05   6.3744856350333758E-10   6.6940202177808523E-25   6.2829428398765931E+03
   1.0756770000000000E+09   1.3043617802296788E+05   6.3023184632256507E-10   6.6153102909883846E-25   6.2857211031462084E+03
   1.0776770000000000E+09   1.3116321480045188E+05   6.2312055573421658E-10   6.5377995794239539E-25   6.2884767306262056E+03
   1.0796770000000000E+09   1.3189056336123022E+05   6.1611280951546289E-10   6.4614656682391756E-25   6.2912099780344261E+03
   1.0816770000000000E+09   1.3261821986371564E+05   6.0920676477475548E-10   6.3862866354590293E-25   6.2939210972846422E+03
   1.0836770000000000E+09   1.3334618077652639E+05   6.0240061702603938E-10   6.3122410396676245E-25   6.2966103365580020E+03
   1.0856770000000000E+09   1.3407444287639795E+05   5.9569259929225914E-10   6.2393079080923115E-25   6.2992779403729674E+03
   1.0876770000000000E+09   1.3480300324408311E+05   5.8908098123467989E-10   6.1674667250463193E-25   6.3019241496535697E+03
   1.0896770000000000E+09   1.3553185925802714E+05   5.8256406830585660E-10   6.0966974207036395E-25   6.3045492017961897E+03
   1.0916770000000000E+09   1.3626100858583389E+05   5.7614020092542961E-10   6.0269803601943714E-25   6.3071533307347327E+03
   1.0936770000000000E+09   1.3699044917370909E+05   5.6980775367877661E-10   5.9582963330176434E-25   6.3097367670044132E+03
   1.0956770000000000E+09   1.3772017923410051E+05   5.6356513453876635E-10   5.8906265427717154E-25   6.3122997378040955E+03
   1.0976770000000000E+09   1.3845019723167576E+05   5.5741078411063849E-10   5.8239525971987332E-25   6.3148424670571740E+03
   1.0996770000000000E+09   1.3918050186763506E+05   5.5134317489953039E-10   5.7582564985362676E-25   6.3173651754711727E+03
   1.1016770000000000E+09   1.3991109206220388E+05   5.4536081059967467E-10   5.6935206341628464E-25   6.3198680805960021E+03
   1.1036770000000000E+09   1.4064196693501162E+05   5.3946222540400990E-10   5.6297277675219199E-25   6.3223513968808638E+03
   1.1056770000000000E+09   1.4137312578297607E+05   5.3364598333292782E-10   5.5668610293082758E-25   6.3248153357300052E+03
   1.1076770000000000E+09   1.4210456805528357E+05   5.2791067758095002E-10   5.5049039089022304E-25   6.3272601055571740E+03
   1.1096770000000000E+09   1.4283629332503173E+05   5.2225492988048126E-10   5.4438402460403566E-25   6.3296859118388611E+03
   1.1116770000000000E+09   1.4356830125711864E+05   5.1667738988210078E-10   5.3836542227149107E-25   6.3320929571664610E+03
   1.1136770000000000E+09   1.4430059157199194E+05   5.1117673455106346E-10   5.3243303552966978E-25   6.3344814412972037E+03
   1.1156770000000000E+09   1.4503316400489007E+05   5.0575166758001077E-10   5.2658534868790993E-25   6.3368515612041174E+03
   1.1176770000000000E+09   1.4576601826025953E+05   5.0040091881790319E-10   5.2082087798418414E-25   6.3392035111246969E+03
   1.1196770000000000E+09   1.4649915396107224E+05   4.9512324371531522E-10   5.1513817086337050E-25   6.3415374826087364E+03
   1.1216770000000000E+09   1.4723257059283313E+05   4.8991742278616184E-10   5.0953580527734283E-25   6.3438536645649810E+03
   1.1236770000000000E+09   1.4796626744217408E+05   4.8478226108581237E-10   5.0401238900664241E-25   6.3461522433068258E+03
   1.1256770000000000E+09   1.4870024353001866E+05   4.7971658770546207E-10   4.9856655900342355E-25   6.3484334025971157E+03
   1.1276770000000000E+09   1.4943449753947640E+05   4.7471925528234671E-10   4.9319698075510203E-25   6.3506973236918220E+03
   1.1296770000000000E+09   1.5016902773877341E+05   4.6978913952525446E-10   4.8790234766795710E-25   6.3529441853828939E+03
   1.1316770000000000E+09   1.5090383189975243E+05   4.6492513875444945E-10   4.8268138046962306E-25   6.3551741640402333E+03
   1.1336770000000000E+09   1.5163890721268294E+05   4.6012617345487791E-10   4.7753282662917121E-25   6.3573874336526460E+03
   1.1356770000000000E+09   1.5237425019840192E+05   4.5539118584121624E-10   4.7245545979312039E-25   6.3595841658680920E+03
   1.1376770000000000E+09   1.5310985661906580E+05   4.5071913943298001E-10   4.6744807923543824E-25   6.3617645300328713E+03
   1.1396770000000000E+09   1.5384572138909248E+05   4.4610901863767510E-10   4.6250950931927575E-25   6.3639286932302257E+03
   1.1416770000000000E+09   1.5458183848816750E+05   4.4155982833960397E-10   4.5763859896789008E-25   6.3660768203179450E+03
   1.1436770000000000E+09   1.5531820087848150E+05   4.3707059349176239E-10   4.5283422114196263E-25   6.3682090739653577E+03
   1.1456770000000000E+09   1.5605480042863556E+05   4.3264035870800987E-10   4.4809527232033735E-25   6.3703256146893027E+03
   1.1476770000000000E+09   1.5679162784690110E+05   4.2826818785262027E-10   4.4342067198106129E-25   6.3724266008896257E+03
   1.1496770000000000E+09   1.5752867262670092E+05   4.2395316362424484E-10   4.3880936207960823E-25   6.3745121888838239E+03
   1.1516770000000000E+09   1.5826592300730367E+05   4.1969438713139920E-10   4.3426030652123022E-25   6.3765825329409699E+03
   1.1536770000000000E+09   1.5900336595276729E+05   4.1549097745677489E-10   4.2977249062458043E-25   6.3786377853149579E+03
   1.1556770000000000E+09   1.5974098715208046E+05   4.1134207120800280E-10   4.2534492057411255E-25   6.3806780962771290E+03
   1.1576770000000000E+09   1.6047877104326710E+05   4.0724682205293512E-10   4.2097662285921558E-25   6.3827036141482831E+03
   1.1596770000000000E+09   1.6121670086387865E+05   4.0320440023814092E-10   4.1666664369871231E-25   6.3847144853299442E+03
   1.1616770000000000E+09   1.6195475872982631E+05   3.9921399209004702E-10   4.1241404845009400E-25   6.3867108543350987E+03
   1.1636770000000000E+09   1.6269292574386447E+05   3.9527479949904929E-10   4.0821792100380020E-25   6.3886928638183908E+03
   1.1656770000000000E+09   1.6343118213426406E+05   3.9138603938790203E-10   4.0407736316387679E-25   6.3906606546056792E+03
   1.1676770000000000E+09   1.6416950742330714E+05   3.8754694316675638E-10   3.9999149401742143E-25   6.3926143657231178E+03
   1.1696770000000000E+09   1.6490788062420019E+05   3.8375675617835874E-10   3.9595944929641451E-25   6.3945541344256180E+03
   1.1716770000000000E+09   1.6564628046392123E+05   3.8001473713799430E-10   3.9198038073661064E-25   6.3964800962249665E+03
   1.1736770000000000E+09   1.6638468562836581E+05   3.7632015757380512E-10   3.8805345543926908E-25   6.3983923849172434E+03
   1.1756770000000000E+09   1.6712307502507488E+05   3.7267230127399109E-10   3.8417785524234938E-25   6.4002911326099302E+03
   1.1776770000000000E+09   1.6786142805777013E+05   3.6907046374811219E-10   3.8035277610854918E-25   6.4021764697485105E+03
   1.1796770000000000E+09   1.6859972490605913E+05   3.6551395171011111E-10   3.7657742753795182E-25   6.4040485251425416E+03
   1.1816770000000000E+09   1.6933794680299194E+05   3.6200208259080661E-10   3.7285103201314802E-25   6.4059074259914196E+03
   1.1836770000000000E+09   1.7007607630273150E+05   3.5853418408734866E-10   3.6917282448444196E-25   6.4077532979096841E+03
   1.1856770000000000E+09   1.7081409753051354E+05   3.5510959375647388E-10   3.6554205190205950E-25   6.4095862649517130E+03
   1.1876770000000000E+09   1.7155199640729325E+05   3.5172765865749957E-10   3.6195797280129734E-25   6.4114064496363508E+03
   1.1896770000000000E+09   1.7228976084207883E+05   3.4838773504954214E-10   3.5841985694511843E-25   6.4132139729708060E+03
   1.1916770000000000E+09   1.7302738088585524E+05   3.4508918814597087E-10   3.5492698502711034E-25   6.4150089544742459E+03
   1.1936770000000000E+09   1.7376484884224596E+05   3.4183139192721956E-10   3.5147864843580778E-25   6.4167915122010263E+03
   1.1956770000000000E+09   1.7450215933148153E+05   3.3861372901124904E-10   3.4807414907949648E-25   6.4185617627635766E+03
   1.1976770000000000E+09   1.7523930930589428E+05   3.3543559057900035E-10   3.4471279926863773E-25   6.4203198213545547E+03
   1.1996770000000000E+09   1.7597629801684571E+05   3.3229637635046304E-10   3.4139392165123368E-25   6.4220658017690876E+03
   1.2016770000000000E+09   1.7671312693467460E+05   3.2919549460533006E-10   3.3811684919486914E-25   6.4237998164261298E+03
   1.2036770000000000E+09   1.7744979962487734E+05   3.2613236224095368E-10   3.3488092520779689E-25   6.4255219763897048E+03
   1.2056770000000000E+09   1.7818632158514333E+05   3.2310640485931668E-10   3.3168550339048943E-25   6.4272323913896680E+03
   1.2076770000000000E+09   1.7892270004910784E+05   3.2011705687410815E-10   3.2852994790843582E-25   6.4289311698420515E+03
   1.2096770000000000E+09   1.7965894376365287E+05   3.1716376162873079E-10   3.2541363347671838E-25   6.4306184188690222E+03
   1.2116770000000000E+09   1.8039506274724801E+05   3.1424597151616717E-10   3.2233594544703815E-25   6.4322942443183138E+03
   1.2136770000000000E+09   1.8113106803723524E+05   3.1136314809205665E-10   3.1929627988827867E-25   6.4339587507826236E+03
   1.2156770000000000E+09   1.8186697143401697E+05   3.0851476217300089E-10   3.1629404365247193E-25   6.4356120416181875E+03
   1.2176770000000000E+09   1.8260278524988482E+05   3.0570029391317428E-10   3.1332865441904953E-25   6.4372542189632513E+03
   1.2196770000000000E+09   1.8333852206968682E+05   3.0291923285345042E-10   3.1039954071149441E-25   6.4388853837561310E+03
   1.2216770000000000E+09   1.8407419452968781E+05   3.0017107793869772E-10   3.0750614188198536E-25   6.4405056357528038E+03
   1.2236770000000000E+09   1.8480981511986730E+05   2.9745533750042635E-10   3.0464790806118046E-25   6.4421150735443516E+03
   1.2256770000000000E+09   1.8554539601355622E+05   2.9477152920358223E-10   3.0182430007197722E-25   6.4437137945738868E+03
   1.2276770000000000E+09   1.8628094892682304E+05   2.9211917995789836E-10   2.9903478930771313E-25   6.4453018951531267E+03
   1.2296770000000000E+09   1.8701648500844798E+05   2.8949782579577521E-10   2.9627885757686318E-25   6.4468794704789079E+03
   1.2316770000000000E+09   1.8775201475983206E+05   2.8690701171992786E-10   2.9355599691761592E-25   6.4484466146490986E+03
   1.2336770000000000E+09   1.8848754798282526E+05   2.8434629152517756E-10   2.9086570938681935E-25   6.4500034206784048E+03
   1.2356770000000000E+09   1.8922309375241183E+05   2.8181522759938906E-10   2.8820750682845239E-25   6.4515499805138243E+03
   1.2376770000000000E+09   1.8995866041042391E+05   2.7931339070895742E-10   2.8558091062715593E-25   6.4530863850498599E+03
   1.2396770000000000E+09   1.9069425557614700E+05   2.7684035977411326E-10   2.8298545145222475E-25   6.4546127241433314E+03
   1.2416770000000000E+09   1.9142988616961887E+05   2.7439572163903653E-10   2.8042066899713477E-25   6.4561290866282225E+03
   1.2436770000000000E+09   1.9216555844374406E+05   2.7197907084106765E-10   2.7788611171900358E-25   6.4576355603299753E+03
   1.2456770000000000E+09   1.9290127802179681E+05   2.6959000938263431E-10   2.7538133658164079E-25   6.4591322320796053E+03
   1.2476770000000000E+09   1.9363704993746677E+05   2.6722814650871439E-10   2.7290590880503960E-25   6.4606191877277979E+03
   1.2496770000000000E+09   1.9437287867522085E+05   2.6489309849186451E-10   2.7045940162337477E-25   6.4620965121584431E+03
   1.2516770000000000E+09   1.9510876820926811E+05   2.6258448842628132E-10   2.6804139605294489E-25   6.4635642893022950E+03
   1.2536770000000000E+09   1.9584472203995008E+05   2.6030194603170981E-10   2.6565148067089076E-25   6.4650226021499257E+03
   1.2556770000000000E+09   1.9658074322674665E+05   2.5804510746769516E-10   2.6328925140512205E-25   6.4664715327650665E+03
   1.2576770000000000E+09   1.9731683441746948E+05   2.5581361515820304E-10   2.6095431133548650E-25   6.4679111622972387E+03
   1.2596770000000000E+09   1.9805299787348878E+05   2.5360711762644277E-10   2.5864627050595809E-25   6.4693415709943383E+03
   1.2616770000000000E+09   1.9878923549105570E+05   2.5142526933951877E-10   2.5636474574742795E-25   6.4707628382151906E+03
   1.2636770000000000E+09   1.9952554881896131E+05   2.4926773056234931E-10   2.5410936051052785E-25   6.4721750424414431E+03
   1.2656770000000000E+09   2.0026193907282804E+05   2.4713416722033836E-10   2.5187974470788577E-25   6.4735782612898902E+03
   1.2676770000000000E+09   2.0099840714634632E+05   2.4502425077017749E-10   2.4967553456520805E-25   6.4749725715240356E+03
   1.2696770000000000E+09   2.0173495361970825E+05   2.4293765807830466E-10   2.4749637248064292E-25   6.4763580490657378E+03
   1.2716770000000000E+09   2.0247157876538986E+05   2.4087407130657603E-10   2.4534190689196524E-25   6.4777347690067181E+03
   1.2736770000000000E+09   2.0320828255132370E+05   2.3883317780479412E-10   2.4321179215120665E-25   6.4791028056196246E+03
   1.2756770000000000E+09   2.0394506464142655E+05   2.3681467000981708E-10   2.4110568840641437E-25   6.4804622323691601E+03
   1.2776770000000000E+09   2.0468192439339089E+05   2.3481824535096587E-10   2.3902326149024215E-25   6.4818131219229363E+03
   1.2796770000000000E+09   2.0541886085361397E+05   2.3284360616147214E-10   2.3696418281509211E-25   6.4831555461621329E+03
   1.2816770000000000E+09   2.0615587274913114E+05   2.3089045959569386E-10   2.3492812927450800E-25   6.4844895761920798E+03
   1.2836770000000000E+09   2.0689295847640332E+05   2.2895851755178886E-10   2.3291478315049943E-25   6.4858152823524324E+03
   1.2856770000000000E+09   2.0763011608675116E+05   2.2704749659958948E-10   2.3092383202649864E-25   6.4871327342275699E+03
   1.2876770000000000E+09   2.0836734326818411E+05   2.2515711791336349E-10   2.2895496870564598E-25   6.4884420006563578E+03
   1.2896770000000000E+09   2.0910463732325425E+05   2.2328710720926563E-10   2.2700789113415596E-25   6.4897431497422413E+03
   1.2916770000000000E+09   2.0984199514241764E+05   2.2143719468727744E-10   2.2508230232958181E-25   6.4910362488626697E+03
   1.2936770000000000E+09   2.1057941317218202E+05   2.1960711497761329E-10   2.2317791031390876E-25   6.4923213646788299E+03
   1.2956770000000000E+09   2.1131688737705810E+05   2.1779660709164163E-10   2.2129442805153924E-25   6.4935985631449475E+03
   1.2976770000000000E+09   2.1205441319405209E+05   2.1600541437756785E-10   2.1943157339239896E-25   6.4948679095174712E+03
   1.2996770000000000E+09   2.1279198547824225E+05   2.1423328448121108E-10   2.1758906902048550E-25   6.4961294683641700E+03
   1.3016770000000000E+09   2.1352959843803543E+05   2.1247996931216618E-10   2.1576664240814572E-25   6.4973833035730922E+03
   1.3036770000000000E+09   2.1426724555931916E+05   2.1074522501527916E-10   2.1396402577599766E-25   6.4986294783612639E+03
   1.3056770000000000E+09   2.1500491951927292E+05   2.0902881194649208E-10   2.1218095605751506E-25   6.4998680552833157E+03
   1.3076770000000000E+09   2.1574261209343380E+05   2.0733049465055450E-10   2.1041717486571738E-25   6.5010990962400383E+03
   1.3096770000000000E+09   2.1648031406410562E+05   2.0565004183566617E-10   2.0867242845694945E-25   6.5023226624866529E+03
   1.3116770000000000E+09   2.1721801514429838E+05   2.0398722633695298E-10   2.0694646768351426E-25   6.5035388146410487E+03
   1.3136770000000000E+09   2.1795570393861539E+05   2.0234182505704934E-10   2.0523904792327360E-25   6.5047476126917290E+03
   1.3156770000000000E+09   2.1869336796959586E+05   2.0071361886878227E-10   2.0354992897100082E-25   6.5059491160060097E+03
   1.3176770000000000E+09   2.1943099380269129E+05   1.9910239246320845E-10   2.0187887487457554E-25   6.5071433833376122E+03
   1.3196770000000000E+09   2.2016856730230403E+05   1.9750793412775976E-10   2.0022565370062215E-25   6.5083304728343701E+03
   1.3216770000000000E+09   2.2090607404175118E+05   1.9593003544552885E-10   1.9859003722061351E-25   6.5095104420460993E+03
   1.3236770000000000E+09   2.2164349986903582E+05   1.9436849091896167E-10   1.9697180052091067E-25   6.5106833479319430E+03
   1.3256770000000000E+09   2.2238083159763474E+05   1.9282309753920710E-10   1.9537072155839283E-25   6.5118492468679005E+03
   1.3276770000000000E+09   2.2311805775075447E+05   1.9129365434364437E-10   1.9378658070487192E-25   6.5130081946543660E+03
   1.3296770000000000E+09   2.2385516924744914E+05   1.8977996202371587E-10   1.9221916034326963E-25   6.5141602465234300E+03
   1.3316770000000000E+09   2.2459215989281086E+05   1.8828182265614430E-10   1.9066824458947361E-25   6.5153054571463299E+03
   1.3336770000000000E+09   2.2532902653718804E+05   1.8679903962526211E-10   1.8913361920823896E-25   6.5164438806406606E+03
   1.3356770000000000E+09   2.2606576881258277E+05   1.8533141777748666E-10   1.8761507176430937E-25   6.5175755705774736E+03
   1.3376770000000000E+09   2.2680238843919273E+05   1.8387876380153088E-10   1.8611239200181641E-25   6.5187005799885574E+03
   1.3396770000000000E+09   2.2753888820673010E+05   1.8244088676878104E-10   1.8462537238519623E-25   6.5198189613729674E+03
   1.3416770000000000E+09   2.2827527084224680E+05   1.8101759871467623E-10   1.8315380868073168E-25   6.5209307667039620E+03
   1.3436770000000000E+09   2.2901153803740101E+05   1.7960871511497588E-10   1.8169750043089854E-25   6.5220360474354229E+03
   1.3456770000000000E+09   2.2974768988737560E+05   1.7821405512795359E-10   1.8025625119134369E-25   6.5231348545080746E+03
   1.3476770000000000E+09   2.3048372487952068E+05   1.7683344153830951E-10   1.7882986846608204E-25   6.5242272383558156E+03
   1.3496770000000000E+09   2.3121964038930167E+05   1.7546670043463753E-10   1.7741816337373242E-25   6.5253132489118980E+03
   1.3516770000000000E+09   2.3195543345894237E+05   1.7411366074511331E-10   1.7602095017131793E-25   6.5263929356147901E+03
   1.3536770000000000E+09   2.3269110153062225E+05   1.7277415380495562E-10   1.7463804581120348E-25   6.5274663474142808E+03
   1.3556770000000000E+09   2.3342664283862145E+05   1.7144801310701473E-10   1.7326926968390815E-25   6.5285335327774383E+03
   1.3576770000000000E+09   2.3416205633179549E+05   1.7013507429741486E-10   1.7191444360883992E-25   6.5295945396945499E+03
   1.3596770000000000E+09   2.3489734122584976E+05   1.6883517536085555E-10   1.7057339201643704E-25   6.5306494156847029E+03
   1.3616770000000000E+09   2.3563249645824509E+05   1.6754815685381958E-10   1.6924594217820305E-25   6.5316982078013125E+03
   1.3636770000000000E+09   2.3636752034089764E+05   1.6627386203532134E-10   1.6793192433283469E-25   6.5327409626379076E+03
   1.3656770000000000E+09   2.3710241056259553E+05   1.6501213681884336E-10   1.6663117163175454E-25   6.5337777263333637E+03
   1.3676770000000000E+09   2.3783716447108440E+05   1.6376282958092844E-10   1.6534351994027693E-25   6.5348085445777624E+03
   1.3696770000000000E+09   2.3857177940483135E+05   1.6252579094146088E-10   1.6406880761078235E-25   6.5358334626180003E+03
   1.3716770000000000E+09   2.3930625284869282E+05   1.6130087362886890E-10   1.6280687534206168E-25   6.5368525252635482E+03
   1.3736770000000000E+09   2.4004058234454598E+05   1.6008793246691107E-10   1.6155756616148804E-25   6.5378657768924295E+03
   1.3756770000000000E+09   2.4077476527507312E+05   1.5888682442832002E-10   1.6032072547452166E-25   6.5388732614566488E+03
   1.3776770000000000E+09   2.4150879871430993E+05   1.5769740866288348E-10   1.5909620108827248E-25   6.5398750224869354E+03
   1.3796770000000000E+09   2.4224267945270779E+05   1.5651954644712928E-10   1.5788384315603331E-25   6.5408711030967761E+03
   1.3816770000000000E+09   2.4297640414077890E+05   1.5535310107988185E-10   1.5668350406752508E-25   6.5418615459849370E+03
   1.3836770000000000E+09   2.4370996939502092E+05   1.5419793779549221E-10   1.5549503835732938E-25   6.5428463934369829E+03
   1.3856770000000000E+09   2.4444337173760837E+05   1.5305392375236324E-10   1.5431830268947685E-25   6.5438256873269574E+03
   1.3876770000000000E+09   2.4517660730553765E+05   1.5192092811744550E-10   1.5315315593894973E-25   6.5447994691202321E+03
   1.3896770000000000E+09   2.4590967114249658E+05   1.5079882230185701E-10   1.5199945942592981E-25   6.5457677798804625E+03
   1.3916770000000000E+09   2.4664255525789459E+05   1.4968748063143385E-10   1.5085707758987344E-25   6.5467306602823428E+03
   1.3936770000000000E+09   2.4737524292404542E+05   1.4858678236060129E-10   1.4972588002136673E-25   6.5476881506307482E+03
   1.3956770000000000E+09   2.4810769250811939E+05   1.4749661743737610E-10   1.4860574728348958E-25   6.5486402908833234E+03
   1.3976770000000000E+09   2.4883979441788446E+05   1.4641690189502257E-10   1.4749658645346952E-25   6.5495871206665606E+03
   1.3996770000000000E+09   2.4957126386610791E+05   1.4534761619484732E-10   1.4639836982634434E-25   6.5505286792673733E+03
   1.4016770000000000E+09   2.5030139281515821E+05   1.4428889392379802E-10   1.4531122440533169E-25   6.5514650055755610E+03
   1.4036770000000000E+09   2.5102852408408441E+05   1.4324120998336000E-10   1.4423562166537560E-25   6.5523961379470120E+03
   1.4056770000000000E+09   2.5174904990483014E+05   1.4220573961898917E-10   1.4317273934411057E-25   6.5533221139671550E+03
   1.4076770000000000E+09   2.5245575254209319E+05   1.4118495524272614E-10   1.4212506235584348E-25   6.5542429701235487E+03
   1.4096770000000000E+09   2.5313554524499836E+05   1.4018344267961499E-10   1.4109720368758607E-25   6.5551587414561027E+03
   1.4116770000000000E+09   2.5376725987625390E+05   1.3920870326575151E-10   1.4009670938739154E-25   6.5560694613394080E+03
   1.4136770000000000E+09   2.5432077389927505E+05   1.3827145292807154E-10   1.3913435572797679E-25   6.5569751616147369E+03
   1.4156770000000000E+09   2.5475816970776304E+05   1.3738508877720074E-10   1.3822360984050361E-25   6.5578758731761818E+03
   1.4176770000000000E+09   2.5503376655235878E+05   1.3656533983699261E-10   1.3738028251257891E-25   6.5587716265476920E+03
   1.4196770000000000E+09   2.5508400596448019E+05   1.3583344197227220E-10   1.3662573421635357E-25   6.5596624507468514E+03
   1.4216770000000000E+09   2.5480271374304045E+05   1.3522533955076279E-10   1.3599612869557268E-25   6.5605483673886702E+03
   1.4236770000000000E+09   2.5403279779352291E+05   1.3479736674508667E-10   1.3554808193677305E-25   6.5614293781466795E+03
   1.4256770000000000E+09   2.5265352162765342E+05   1.3459896642520826E-10   1.3533110174990918E-25   6.5623054525758607E+03
   1.4276770000000000E+09   2.5077873660060938E+05   1.3459828329889223E-10   1.3531277702477961E-25   6.5631765436170390E+03
   1.4296770000000000E+09   2.4882693892340746E+05   1.3464097750878427E-10   1.3533773184248618E-25   6.5640426717990067E+03
   1.4316770000000000E+09   2.4717871145309234E+05   1.3456641844913433E-10   1.3524477727083884E-25   6.5649040665194052E+03
   1.4336770000000000E+09   2.4579920526545797E+05   1.3438684226671597E-10   1.3504658761073328E-25   6.5657611906510010E+03
   1.4356770000000000E+09   2.4430569471439923E+05   1.3414220735711877E-10   1.3478324623192707E-25   6.5666125004648020E+03
